RecordNo|Version|DateCompleted|qName|qCompany|qJobtitle|qEmail|qTelephone|qCountry|qCurrency|qCurrencyOther|q1|q2|q2other|q31_1|q31_2|q31_3|q31_4|q31_5|q31_6|q3ROW1_hidden|q32_1|q32_2|q32_3|q32_4|q32_5|q32_6|q3ROW2_hidden|q33_1|q33_2|q33_3|q33_4|q33_5|q33_6|q3ROW3_hidden|q34_1|q34_2|q34_3|q34_4|q34_5|q34_6|q3ROW4_hidden|q35_1|q35_2|q35_3|q35_4|q35_5|q35_6|q3ROW5_hidden|q36_1|q36_2|q36_3|q36_4|q36_5|q36_6|q3ROW6_hidden|q3COL1_hidden|q3COL2_hidden|q3COL3_hidden|q3COL4_hidden|q3COL5_hidden|q3COL6_hidden|q3GRANDTotal_hidden|q41_1|q41_2|q41_3|q41_4|q41_5|q41_6|q4ROW1_hidden|q42_1|q42_2|q42_3|q42_4|q42_5|q42_6|q4ROW2_hidden|q43_1|q43_2|q43_3|q43_4|q43_5|q43_6|q4ROW3_hidden|q44_1|q44_2|q44_3|q44_4|q44_5|q44_6|q4ROW4_hidden|q45_1|q45_2|q45_3|q45_4|q45_5|q45_6|q4ROW5_hidden|q46_1|q46_2|q46_3|q46_4|q46_5|q46_6|q4ROW6_hidden|q4COL1_hidden|q4COL2_hidden|q4COL3_hidden|q4COL4_hidden|q4COL5_hidden|q4COL6_hidden|q4GRANDTotal_hidden|Alert41_1|Alert41_2|Alert41_3|Alert41_4|Alert41_5|Alert41_6|Alert42_1|Alert42_2|Alert42_3|Alert42_4|Alert42_5|Alert42_6|Alert43_1|Alert43_2|Alert43_3|Alert43_4|Alert43_5|Alert43_6|Alert44_1|Alert44_2|Alert44_3|Alert44_4|Alert44_5|Alert44_6|Alert45_1|Alert45_2|Alert45_3|Alert45_4|Alert45_5|Alert45_6|Alert46_1|Alert46_2|Alert46_3|Alert46_4|Alert46_5|Alert46_6|q51_1|q51_2|q51_3|q51_4|q51_5|q51_6|q5ROW1_hidden|q52_1|q52_2|q52_3|q52_4|q52_5|q52_6|q5ROW2_hidden|q53_1|q53_2|q53_3|q53_4|q53_5|q53_6|q5ROW3_hidden|q54_1|q54_2|q54_3|q54_4|q54_5|q54_6|q5ROW4_hidden|q55_1|q55_2|q55_3|q55_4|q55_5|q55_6|q5ROW5_hidden|q56_1|q56_2|q56_3|q56_4|q56_5|q56_6|q5ROW6_hidden|q57_1|q57_2|q57_3|q57_4|q57_5|q57_6|q5ROW7_hidden|q5other|q58_1|q58_2|q58_3|q58_4|q58_5|q58_6|q5ROW8_hidden|q5COL1_hidden|q5COL2_hidden|q5COL3_hidden|q5COL4_hidden|q5COL5_hidden|q5COL6_hidden|q5GRANDTotal_hidden|q61_1|q61_2|q61_3|q61_4|q61_5|q61_6|q6ROW1_hidden|q62_1|q62_2|q62_3|q62_4|q62_5|q62_6|q6ROW2_hidden|q63_1|q63_2|q63_3|q63_4|q63_5|q63_6|q6ROW3_hidden|q64_1|q64_2|q64_3|q64_4|q64_5|q64_6|q6ROW4_hidden|q65_1|q65_2|q65_3|q65_4|q65_5|q65_6|q6ROW5_hidden|q6COL1_hidden|q6COL2_hidden|q6COL3_hidden|q6COL4_hidden|q6COL5_hidden|q6COL6_hidden|q6GRANDTotal_hidden|q7_1|q7_2|q7_3|q7other|q7_4|q8|q9|q91|ASIA PACIFIC_apac|q101_1_apac|q101_2_apac|q101_3_apac|q101_4_apac|q101_5_apac|q101_6_apac|q10ROW1_hidden_apac|q102_1_apac|q102_2_apac|q102_3_apac|q102_4_apac|q102_5_apac|q102_6_apac|q10ROW2_hidden_apac|q103_1_apac|q103_2_apac|q103_3_apac|q103_4_apac|q103_5_apac|q103_6_apac|q10ROW3_hidden_apac|q104_1_apac|q104_2_apac|q104_3_apac|q104_4_apac|q104_5_apac|q104_6_apac|q10ROW4_hidden_apac|q105_1_apac|q105_2_apac|q105_3_apac|q105_4_apac|q105_5_apac|q105_6_apac|q10ROW5_hidden_apac|q106_1_apac|q106_2_apac|q106_3_apac|q106_4_apac|q106_5_apac|q106_6_apac|q10ROW6_hidden_apac|q107_1_apac|q107_2_apac|q107_3_apac|q107_4_apac|q107_5_apac|q107_6_apac|q10ROW7_hidden_apac|q10other_apac|q108_1_apac|q108_2_apac|q108_3_apac|q108_4_apac|q108_5_apac|q108_6_apac|q10ROW8_hidden_apac|q10COL1_hidden_apac|q10COL2_hidden_apac|q10COL3_hidden_apac|q10COL4_hidden_apac|q10COL5_hidden_apac|q10COL6_hidden_apac|q10GRANDTotal_hidden_apac|q111_1_apac|q111_2_apac|q111_3_apac|q111_4_apac|q111_5_apac|q111_6_apac|q11ROW1_hidden_apac|q112_1_apac|q112_2_apac|q112_3_apac|q112_4_apac|q112_5_apac|q112_6_apac|q11ROW2_hidden_apac|q113_1_apac|q113_2_apac|q113_3_apac|q113_4_apac|q113_5_apac|q113_6_apac|q11ROW3_hidden_apac|q114_1_apac|q114_2_apac|q114_3_apac|q114_4_apac|q114_5_apac|q114_6_apac|q11ROW4_hidden_apac|q115_1_apac|q115_2_apac|q115_3_apac|q115_4_apac|q115_5_apac|q115_6_apac|q11ROW5_hidden_apac|q11COL1_hidden_apac|q11COL2_hidden_apac|q11COL3_hidden_apac|q11COL4_hidden_apac|q11COL5_hidden_apac|q11COL6_hidden_apac|q11GRANDTotal_hidden_apac|EUROPE_europe|q101_1_europe|q101_2_europe|q101_3_europe|q101_4_europe|q101_5_europe|q101_6_europe|q10ROW1_hidden_europe|q102_1_europe|q102_2_europe|q102_3_europe|q102_4_europe|q102_5_europe|q102_6_europe|q10ROW2_hidden_europe|q103_1_europe|q103_2_europe|q103_3_europe|q103_4_europe|q103_5_europe|q103_6_europe|q10ROW3_hidden_europe|q104_1_europe|q104_2_europe|q104_3_europe|q104_4_europe|q104_5_europe|q104_6_europe|q10ROW4_hidden_europe|q105_1_europe|q105_2_europe|q105_3_europe|q105_4_europe|q105_5_europe|q105_6_europe|q10ROW5_hidden_europe|q106_1_europe|q106_2_europe|q106_3_europe|q106_4_europe|q106_5_europe|q106_6_europe|q10ROW6_hidden_europe|q107_1_europe|q107_2_europe|q107_3_europe|q107_4_europe|q107_5_europe|q107_6_europe|q10ROW7_hidden_europe|q10other_europe|q108_1_europe|q108_2_europe|q108_3_europe|q108_4_europe|q108_5_europe|q108_6_europe|q10ROW8_hidden_europe|q10COL1_hidden_europe|q10COL2_hidden_europe|q10COL3_hidden_europe|q10COL4_hidden_europe|q10COL5_hidden_europe|q10COL6_hidden_europe|q10GRANDTotal_hidden_europe|q111_1_europe|q111_2_europe|q111_3_europe|q111_4_europe|q111_5_europe|q111_6_europe|q11ROW1_hidden_europe|q112_1_europe|q112_2_europe|q112_3_europe|q112_4_europe|q112_5_europe|q112_6_europe|q11ROW2_hidden_europe|q113_1_europe|q113_2_europe|q113_3_europe|q113_4_europe|q113_5_europe|q113_6_europe|q11ROW3_hidden_europe|q114_1_europe|q114_2_europe|q114_3_europe|q114_4_europe|q114_5_europe|q114_6_europe|q11ROW4_hidden_europe|q115_1_europe|q115_2_europe|q115_3_europe|q115_4_europe|q115_5_europe|q115_6_europe|q11ROW5_hidden_europe|q11COL1_hidden_europe|q11COL2_hidden_europe|q11COL3_hidden_europe|q11COL4_hidden_europe|q11COL5_hidden_europe|q11COL6_hidden_europe|q11GRANDTotal_hidden_europe|NORTH AMERICA_northamerica|q101_1_northamerica|q101_2_northamerica|q101_3_northamerica|q101_4_northamerica|q101_5_northamerica|q101_6_northamerica|q10ROW1_hidden_northamerica|q102_1_northamerica|q102_2_northamerica|q102_3_northamerica|q102_4_northamerica|q102_5_northamerica|q102_6_northamerica|q10ROW2_hidden_northamerica|q103_1_northamerica|q103_2_northamerica|q103_3_northamerica|q103_4_northamerica|q103_5_northamerica|q103_6_northamerica|q10ROW3_hidden_northamerica|q104_1_northamerica|q104_2_northamerica|q104_3_northamerica|q104_4_northamerica|q104_5_northamerica|q104_6_northamerica|q10ROW4_hidden_northamerica|q105_1_northamerica|q105_2_northamerica|q105_3_northamerica|q105_4_northamerica|q105_5_northamerica|q105_6_northamerica|q10ROW5_hidden_northamerica|q106_1_northamerica|q106_2_northamerica|q106_3_northamerica|q106_4_northamerica|q106_5_northamerica|q106_6_northamerica|q10ROW6_hidden_northamerica|q107_1_northamerica|q107_2_northamerica|q107_3_northamerica|q107_4_northamerica|q107_5_northamerica|q107_6_northamerica|q10ROW7_hidden_northamerica|q10other_northamerica|q108_1_northamerica|q108_2_northamerica|q108_3_northamerica|q108_4_northamerica|q108_5_northamerica|q108_6_northamerica|q10ROW8_hidden_northamerica|q10COL1_hidden_northamerica|q10COL2_hidden_northamerica|q10COL3_hidden_northamerica|q10COL4_hidden_northamerica|q10COL5_hidden_northamerica|q10COL6_hidden_northamerica|q10GRANDTotal_hidden_northamerica|q111_1_northamerica|q111_2_northamerica|q111_3_northamerica|q111_4_northamerica|q111_5_northamerica|q111_6_northamerica|q11ROW1_hidden_northamerica|q112_1_northamerica|q112_2_northamerica|q112_3_northamerica|q112_4_northamerica|q112_5_northamerica|q112_6_northamerica|q11ROW2_hidden_northamerica|q113_1_northamerica|q113_2_northamerica|q113_3_northamerica|q113_4_northamerica|q113_5_northamerica|q113_6_northamerica|q11ROW3_hidden_northamerica|q114_1_northamerica|q114_2_northamerica|q114_3_northamerica|q114_4_northamerica|q114_5_northamerica|q114_6_northamerica|q11ROW4_hidden_northamerica|q115_1_northamerica|q115_2_northamerica|q115_3_northamerica|q115_4_northamerica|q115_5_northamerica|q115_6_northamerica|q11ROW5_hidden_northamerica|q11COL1_hidden_northamerica|q11COL2_hidden_northamerica|q11COL3_hidden_northamerica|q11COL4_hidden_northamerica|q11COL5_hidden_northamerica|q11COL6_hidden_northamerica|q11GRANDTotal_hidden_northamerica|Global_global|q101_1_global|q101_2_global|q101_3_global|q101_4_global|q101_5_global|q101_6_global|q10ROW1_hidden_global|q102_1_global|q102_2_global|q102_3_global|q102_4_global|q102_5_global|q102_6_global|q10ROW2_hidden_global|q103_1_global|q103_2_global|q103_3_global|q103_4_global|q103_5_global|q103_6_global|q10ROW3_hidden_global|q104_1_global|q104_2_global|q104_3_global|q104_4_global|q104_5_global|q104_6_global|q10ROW4_hidden_global|q105_1_global|q105_2_global|q105_3_global|q105_4_global|q105_5_global|q105_6_global|q10ROW5_hidden_global|q106_1_global|q106_2_global|q106_3_global|q106_4_global|q106_5_global|q106_6_global|q10ROW6_hidden_global|q107_1_global|q107_2_global|q107_3_global|q107_4_global|q107_5_global|q107_6_global|q10ROW7_hidden_global|q10other_global|q108_1_global|q108_2_global|q108_3_global|q108_4_global|q108_5_global|q108_6_global|q10ROW8_hidden_global|q10COL1_hidden_global|q10COL2_hidden_global|q10COL3_hidden_global|q10COL4_hidden_global|q10COL5_hidden_global|q10COL6_hidden_global|q10GRANDTotal_hidden_global|q111_1_global|q111_2_global|q111_3_global|q111_4_global|q111_5_global|q111_6_global|q11ROW1_hidden_global|q112_1_global|q112_2_global|q112_3_global|q112_4_global|q112_5_global|q112_6_global|q11ROW2_hidden_global|q113_1_global|q113_2_global|q113_3_global|q113_4_global|q113_5_global|q113_6_global|q11ROW3_hidden_global|q114_1_global|q114_2_global|q114_3_global|q114_4_global|q114_5_global|q114_6_global|q11ROW4_hidden_global|q115_1_global|q115_2_global|q115_3_global|q115_4_global|q115_5_global|q115_6_global|q11ROW5_hidden_global|q11COL1_hidden_global|q11COL2_hidden_global|q11COL3_hidden_global|q11COL4_hidden_global|q11COL5_hidden_global|q11COL6_hidden_global|q11GRANDTotal_hidden_global|SOUTH AMERICA_southamerica|q101_1_southamerica|q101_2_southamerica|q101_3_southamerica|q101_4_southamerica|q101_5_southamerica|q101_6_southamerica|q10ROW1_hidden_southamerica|q102_1_southamerica|q102_2_southamerica|q102_3_southamerica|q102_4_southamerica|q102_5_southamerica|q102_6_southamerica|q10ROW2_hidden_southamerica|q103_1_southamerica|q103_2_southamerica|q103_3_southamerica|q103_4_southamerica|q103_5_southamerica|q103_6_southamerica|q10ROW3_hidden_southamerica|q104_1_southamerica|q104_2_southamerica|q104_3_southamerica|q104_4_southamerica|q104_5_southamerica|q104_6_southamerica|q10ROW4_hidden_southamerica|q105_1_southamerica|q105_2_southamerica|q105_3_southamerica|q105_4_southamerica|q105_5_southamerica|q105_6_southamerica|q10ROW5_hidden_southamerica|q106_1_southamerica|q106_2_southamerica|q106_3_southamerica|q106_4_southamerica|q106_5_southamerica|q106_6_southamerica|q10ROW6_hidden_southamerica|q107_1_southamerica|q107_2_southamerica|q107_3_southamerica|q107_4_southamerica|q107_5_southamerica|q107_6_southamerica|q10ROW7_hidden_southamerica|q10other_southamerica|q108_1_southamerica|q108_2_southamerica|q108_3_southamerica|q108_4_southamerica|q108_5_southamerica|q108_6_southamerica|q10ROW8_hidden_southamerica|q10COL1_hidden_southamerica|q10COL2_hidden_southamerica|q10COL3_hidden_southamerica|q10COL4_hidden_southamerica|q10COL5_hidden_southamerica|q10COL6_hidden_southamerica|q10GRANDTotal_hidden_southamerica|q111_1_southamerica|q111_2_southamerica|q111_3_southamerica|q111_4_southamerica|q111_5_southamerica|q111_6_southamerica|q11ROW1_hidden_southamerica|q112_1_southamerica|q112_2_southamerica|q112_3_southamerica|q112_4_southamerica|q112_5_southamerica|q112_6_southamerica|q11ROW2_hidden_southamerica|q113_1_southamerica|q113_2_southamerica|q113_3_southamerica|q113_4_southamerica|q113_5_southamerica|q113_6_southamerica|q11ROW3_hidden_southamerica|q114_1_southamerica|q114_2_southamerica|q114_3_southamerica|q114_4_southamerica|q114_5_southamerica|q114_6_southamerica|q11ROW4_hidden_southamerica|q115_1_southamerica|q115_2_southamerica|q115_3_southamerica|q115_4_southamerica|q115_5_southamerica|q115_6_southamerica|q11ROW5_hidden_southamerica|q11COL1_hidden_southamerica|q11COL2_hidden_southamerica|q11COL3_hidden_southamerica|q11COL4_hidden_southamerica|q11COL5_hidden_southamerica|q11COL6_hidden_southamerica|q11GRANDTotal_hidden_southamerica|AFRICA_africa|q101_1_africa|q101_2_africa|q101_3_africa|q101_4_africa|q101_5_africa|q101_6_africa|q10ROW1_hidden_africa|q102_1_africa|q102_2_africa|q102_3_africa|q102_4_africa|q102_5_africa|q102_6_africa|q10ROW2_hidden_africa|q103_1_africa|q103_2_africa|q103_3_africa|q103_4_africa|q103_5_africa|q103_6_africa|q10ROW3_hidden_africa|q104_1_africa|q104_2_africa|q104_3_africa|q104_4_africa|q104_5_africa|q104_6_africa|q10ROW4_hidden_africa|q105_1_africa|q105_2_africa|q105_3_africa|q105_4_africa|q105_5_africa|q105_6_africa|q10ROW5_hidden_africa|q106_1_africa|q106_2_africa|q106_3_africa|q106_4_africa|q106_5_africa|q106_6_africa|q10ROW6_hidden_africa|q107_1_africa|q107_2_africa|q107_3_africa|q107_4_africa|q107_5_africa|q107_6_africa|q10ROW7_hidden_africa|q10other_africa|q108_1_africa|q108_2_africa|q108_3_africa|q108_4_africa|q108_5_africa|q108_6_africa|q10ROW8_hidden_africa|q10COL1_hidden_africa|q10COL2_hidden_africa|q10COL3_hidden_africa|q10COL4_hidden_africa|q10COL5_hidden_africa|q10COL6_hidden_africa|q10GRANDTotal_hidden_africa|q111_1_africa|q111_2_africa|q111_3_africa|q111_4_africa|q111_5_africa|q111_6_africa|q11ROW1_hidden_africa|q112_1_africa|q112_2_africa|q112_3_africa|q112_4_africa|q112_5_africa|q112_6_africa|q11ROW2_hidden_africa|q113_1_africa|q113_2_africa|q113_3_africa|q113_4_africa|q113_5_africa|q113_6_africa|q11ROW3_hidden_africa|q114_1_africa|q114_2_africa|q114_3_africa|q114_4_africa|q114_5_africa|q114_6_africa|q11ROW4_hidden_africa|q115_1_africa|q115_2_africa|q115_3_africa|q115_4_africa|q115_5_africa|q115_6_africa|q11ROW5_hidden_africa|q11COL1_hidden_africa|q11COL2_hidden_africa|q11COL3_hidden_africa|q11COL4_hidden_africa|q11COL5_hidden_africa|q11COL6_hidden_africa|q11GRANDTotal_hidden_africa
121|ANREV|26/01/2017|Viola Chee|SilkRoad Property Partners|VP Financial Controller|viola.chee@silkroadpp.com|6569225560|Singapore|USD||1|||109||||||109|||||||0|||||||0|||||||0|||||||0|||||||0|109|0|0|0|0|0|109|2||||||2|||||||0|||||||0|||||||0|||||||0|||||||0|2|0|0|0|0|0|2|YES|NO|NO|NO|NO|NO|NO|NO|NO|NO|NO|NO|NO|NO|NO|NO|NO|NO|NO|NO|NO|NO|NO|NO|NO|NO|NO|NO|NO|NO|NO|NO|NO|NO|NO|NO|45||||||45|47||||||47|||||||0|||||||0|||||||0|||||||0|2||||||2|University|15||||||15|109|0|0|0|0|0|109|2||||||2|67||||||67|40||||||40|||||||0|||||||0|109|0|0|0|0|0|109|100|||||3|3|2|START Asia Pacific:|45||||||45|47||||||47|||||||0|||||||0|||||||0|||||||0|2||||||2||15||||||15|109|0|0|0|0|0|109|67||||||67|2||||||2|40||||||40|||||||0|||||||0|109|0|0|0|0|0|109|START Europe:|||||||||||||||||||||||||||||||||||||||||||||||||||||||||||||||||||||||||||||||||||||||||||||||||||||||||||START North America:|||||||||||||||||||||||||||||||||||||||||||||||||||||||||||||||||||||||||||||||||||||||||||||||||||||||||||START Global:|||||||||||||||||||||||||||||||||||||||||||||||||||||||||||||||||||||||||||||||||||||||||||||||||||||||||||START SOUTH America:|||||||||||||||||||||||||||||||||||||||||||||||||||||||||||||||||||||||||||||||||||||||||||||||||||||||||||START Africa:||||||||||||||||||||||||||||||||||||||||||||||||||||||||||||||||||||||||||||||||||||||||||||||||||||||||||
78|ANREV|14/02/2017|Sarah Berg|Heitman|Vice President|consultant.services@heitman.com|312-425-0432|United States|USD||1|||||||||0|152||||||152|911|742||||355|2008|||||||0|||||||0|||||||0|1063|742|0|0|0|355|2160|||||||0|1||||||1|1|3||||2|6|||||||0|||||||0|||||||0|2|3|0|0|0|2|7|NO|NO|NO|NO|NO|NO|YES|NO|NO|NO|NO|NO|YES|YES|NO|NO|NO|YES|NO|NO|NO|NO|NO|NO|NO|NO|NO|NO|NO|NO|NO|NO|NO|NO|NO|NO|99||||||99|64||||||64|409||||||409|294|742||||355|1391|10||||||10|134||||||134|||||||0|Taft-Hartley|53||||||53|1063|742|0|0|0|355|2160|400||||||400|186||||||186|477|742||||355|1574|||||||0|||||||0|1063|742|0|0|0|355|2160||5|50|new clients from prospecting|45|3|1|1|START Asia Pacific:|||||||||||||||||||||||||||||||||||||||||||||||||||||||||||||||||||||||||||||||||||||||||||||||||||||||||||START Europe:|||||||||||||||||||||||||||||||||||||||||||||||||||||||||||||||||||||||||||||||||||||||||||||||||||||||||||START North America:|||||||||||||||||||||||||||||||||||||||||||||||||||||||||||||||||||||||||||||||||||||||||||||||||||||||||||START Global:|||||||||||||||||||||||||||||||||||||||||||||||||||||||||||||||||||||||||||||||||||||||||||||||||||||||||||START SOUTH America:|||||||||||||||||||||||||||||||||||||||||||||||||||||||||||||||||||||||||||||||||||||||||||||||||||||||||||START Africa:||||||||||||||||||||||||||||||||||||||||||||||||||||||||||||||||||||||||||||||||||||||||||||||||||||||||||
161|ANREV|03/02/2017|Nick Thorn|BPEA Real Estate|Vice President - Investor Relations|nickthorn@bpeasia.com|85228439312|Hong Kong|USD||2|6|Not a fundraising year. Last fund closed in 2015.|||||||0|||||||0|||||||0|||||||0|||||||0|||||||0|0|0|0|0|0|0|0|||||||0|||||||0|||||||0|||||||0|||||||0|||||||0|0|0|0|0|0|0|0|NO|NO|NO|NO|NO|NO|NO|NO|NO|NO|NO|NO|NO|NO|NO|NO|NO|NO|NO|NO|NO|NO|NO|NO|NO|NO|NO|NO|NO|NO|NO|NO|NO|NO|NO|NO|||||||0|||||||0|||||||0|||||||0|||||||0|||||||0|||||||0||||||||0|0|0|0|0|0|0|0|||||||0|||||||0|||||||0|||||||0|||||||0|0|0|0|0|0|0|0||||||1|2|1|START Asia Pacific:|||||||||||||||||||||||||||||||||||||||||||||||||||||||||||||||||||||||||||||||||||||||||||||||||||||||||||START Europe:|||||||||||||||||||||||||||||||||||||||||||||||||||||||||||||||||||||||||||||||||||||||||||||||||||||||||||START North America:|||||||||||||||||||||||||||||||||||||||||||||||||||||||||||||||||||||||||||||||||||||||||||||||||||||||||||START Global:|||||||||||||||||||||||||||||||||||||||||||||||||||||||||||||||||||||||||||||||||||||||||||||||||||||||||||START SOUTH America:|||||||||||||||||||||||||||||||||||||||||||||||||||||||||||||||||||||||||||||||||||||||||||||||||||||||||||START Africa:||||||||||||||||||||||||||||||||||||||||||||||||||||||||||||||||||||||||||||||||||||||||||||||||||||||||||
217|ANREV|14/02/2017|Charter Hall Group|Charter Hall Group|Analyst |investor@charterhall.com.au|+61 2 8651 9412|Australia|AUD||1|||1004|||1017|||2021|||||||0|||||||0|||||||0|||||||0|||||||0|1004|0|0|1017|0|0|2021|6|||7|||13|||||||0|||||||0|||||||0|||||||0|||||||0|6|0|0|7|0|0|13|YES|NO|NO|YES|NO|NO|NO|NO|NO|NO|NO|NO|NO|NO|NO|NO|NO|NO|NO|NO|NO|NO|NO|NO|NO|NO|NO|NO|NO|NO|NO|NO|NO|NO|NO|NO|152|||596|||748|0|||92|||92|0|||5|||5|0||||||0|0||||||0|37|||76|||113|97|||0|||97|Companies|718|||248|||966|1004|0|0|1017|0|0|2021|1002|||595|||1597|2|||274|||276|0|||148|||148|0|||0|||0|0|||0|||0|1004|0|0|1017|0|0|2021|||100|||1|1|1|START Asia Pacific:|152|||596|||748|0|||92|||92|0|||5|||5|0|||0|||0|0|||0|||0|38|||76|||114|97|||0|||97|Companies|718|||247|||965|1005|0|0|1016|0|0|2021|2|||273|||275|1002|||596|||1598|0|||148|||148|0|||0|||0|0|||0|||0|1004|0|0|1017|0|0|2021|START Europe:|||||||||||||||||||||||||||||||||||||||||||||||||||||||||||||||||||||||||||||||||||||||||||||||||||||||||||START North America:|||||||||||||||||||||||||||||||||||||||||||||||||||||||||||||||||||||||||||||||||||||||||||||||||||||||||||START Global:|||||||||||||||||||||||||||||||||||||||||||||||||||||||||||||||||||||||||||||||||||||||||||||||||||||||||||START SOUTH America:|||||||||||||||||||||||||||||||||||||||||||||||||||||||||||||||||||||||||||||||||||||||||||||||||||||||||||START Africa:||||||||||||||||||||||||||||||||||||||||||||||||||||||||||||||||||||||||||||||||||||||||||||||||||||||||||
83|ANREV|26/01/2017|Lee, Joseph (Lee, Gyusung)|IGIS Asset Management|Senior Managing Director|joseph.lee@igisam.com|+82 2 6959 3102|Korea, Republic Of|KRW||||||||||||||||||||||||||||||||||||||||||||||||||||||||||||||||||||||||||||||||||||||||||||||||||||||||||||||||||||||||||||||||||||||||||||||||||||||||||||||||||||||||||||||||||||||||||||||||||||||||||||||||||||||||||||||||||||||||||||||||||||||||||||||||||||||||||||||||||||||||||||||||||||||||||||||||||||||||||||||||||||||||||||||||||||||||||||||||||||||||||||||||||||||||||||||||||||||||||||||||||||||||||||||||||||||||||||||||||||||||||||||||||||||||||||||||||||||||||||||||||||||||||||||||||||||||||||||||||||||||||||||||||||||||||||||||||||||||||||||||||||||||||||||||||||||||||||||||||||||||||||||||||||||||||||||||||||||||||||||||||||||||||||||||||||||||||||||||||||||||||||||||||||||||||||||||||||||||||||||||||||||||||||||||||||||||||||||||||||||||||||||||||||||||||||||||||||||||||||||||||||||||||||||||||||||||||||||||||||||||||||||||||||||||||||||||||||||||||||||||||||||||||||||
228|ANREV|14/02/2017|Wendy Lai|ESR Singapore Pte. Ltd.|Fund Controller|wlai@redwoodgroup.com|6568500454|Hong Kong|USD||1|||310.8|470||477.3|||1258.1|||||||0|||||||0|||||||0|||||||0|||||||0|310.8|470|0|477.3|0|0|1258.1|1|2||3|||6|||||||0|||||||0|||||||0|||||||0|||||||0|1|2|0|3|0|0|6|YES|YES|NO|YES|NO|NO|NO|NO|NO|NO|NO|NO|NO|NO|NO|NO|NO|NO|NO|NO|NO|NO|NO|NO|NO|NO|NO|NO|NO|NO|NO|NO|NO|NO|NO|NO|200|200|||||400||250||236.6|||486.6|||||||0|||||||0|||||||0|||||||0|||||||0|Institutional investor|110.8|20||240.7|||371.5|310.8|470|0|477.3|0|0|1258.1|300|265||477.3|||1042.3|10.8||||||10.8||205|||||205|||||||0|||||||0|310.8|470|0|477.3|0|0|1258.1|23.8||76.2|||1|1|2|START Asia Pacific:|200|200|||||400||250||236.6|||486.6|||||||0|||||||0|||||||0|||||||0|||||||0|Institutional investor|110.8|20||240.7|||371.5|310.8|470|0|477.3|0|0|1258.1|10.8||||||10.8|300|265||477.3|||1042.3||205|||||205|||||||0|||||||0|310.8|470|0|477.3|0|0|1258.1|START Europe:|||||||||||||||||||||||||||||||||||||||||||||||||||||||||||||||||||||||||||||||||||||||||||||||||||||||||||START North America:|||||||||||||||||||||||||||||||||||||||||||||||||||||||||||||||||||||||||||||||||||||||||||||||||||||||||||START Global:|||||||||||||||||||||||||||||||||||||||||||||||||||||||||||||||||||||||||||||||||||||||||||||||||||||||||||START SOUTH America:|||||||||||||||||||||||||||||||||||||||||||||||||||||||||||||||||||||||||||||||||||||||||||||||||||||||||||START Africa:||||||||||||||||||||||||||||||||||||||||||||||||||||||||||||||||||||||||||||||||||||||||||||||||||||||||||
122|ANREV|14/02/2017|Niklas Schelander|PAG Asia|Managing Director, Group Head|nschelander@pagasia.com|+852 3719 6383|Hong Kong|USD||1|||1150||||||1150|||||||0|||||||0|||||||0|||||||0|||||||0|1150|0|0|0|0|0|1150|1||||||1|||||||0|||||||0|||||||0|||||||0|||||||0|1|0|0|0|0|0|1|YES|NO|NO|NO|NO|NO|NO|NO|NO|NO|NO|NO|NO|NO|NO|NO|NO|NO|NO|NO|NO|NO|NO|NO|NO|NO|NO|NO|NO|NO|NO|NO|NO|NO|NO|NO|645||||||645|||||||0|375||||||375|||||||0|35||||||35|55||||||55|||||||0|Corporates + GP Commitment|35||||||35|1145|0|0|0|0|0|1145|430||||||430|35||||||35|680||||||680|||||||0|||||||0|1145|0|0|0|0|0|1145|33||67|||1|3|1|START Asia Pacific:|645||||||645|||||||0|375||||||375|||||||0|35||||||35|55||||||55|||||||0||35||||||35|1145|0|0|0|0|0|1145|35||||||35|430||||||430|680||||||680|||||||0|||||||0|1145|0|0|0|0|0|1145|START Europe:|||||||||||||||||||||||||||||||||||||||||||||||||||||||||||||||||||||||||||||||||||||||||||||||||||||||||||START North America:|||||||||||||||||||||||||||||||||||||||||||||||||||||||||||||||||||||||||||||||||||||||||||||||||||||||||||START Global:|||||||||||||||||||||||||||||||||||||||||||||||||||||||||||||||||||||||||||||||||||||||||||||||||||||||||||START SOUTH America:|||||||||||||||||||||||||||||||||||||||||||||||||||||||||||||||||||||||||||||||||||||||||||||||||||||||||||START Africa:||||||||||||||||||||||||||||||||||||||||||||||||||||||||||||||||||||||||||||||||||||||||||||||||||||||||||
162|ANREV|06/02/2017|Ingrid Nell|Macquarie|Senior Vice President|Ingrid.Nell@macquarie.com|3922-1994|Australia|USD||2|1||||||||0|||||||0|||||||0|||||||0|||||||0|||||||0|0|0|0|0|0|0|0|||||||0|||||||0|||||||0|||||||0|||||||0|||||||0|0|0|0|0|0|0|0|NO|NO|NO|NO|NO|NO|NO|NO|NO|NO|NO|NO|NO|NO|NO|NO|NO|NO|NO|NO|NO|NO|NO|NO|NO|NO|NO|NO|NO|NO|NO|NO|NO|NO|NO|NO|||||||0|||||||0|||||||0|||||||0|||||||0|||||||0|||||||0||||||||0|0|0|0|0|0|0|0|||||||0|||||||0|||||||0|||||||0|||||||0|0|0|0|0|0|0|0||||||1|2|2|START Asia Pacific:|||||||||||||||||||||||||||||||||||||||||||||||||||||||||||||||||||||||||||||||||||||||||||||||||||||||||||START Europe:|||||||||||||||||||||||||||||||||||||||||||||||||||||||||||||||||||||||||||||||||||||||||||||||||||||||||||START North America:|||||||||||||||||||||||||||||||||||||||||||||||||||||||||||||||||||||||||||||||||||||||||||||||||||||||||||START Global:|||||||||||||||||||||||||||||||||||||||||||||||||||||||||||||||||||||||||||||||||||||||||||||||||||||||||||START SOUTH America:|||||||||||||||||||||||||||||||||||||||||||||||||||||||||||||||||||||||||||||||||||||||||||||||||||||||||||START Africa:||||||||||||||||||||||||||||||||||||||||||||||||||||||||||||||||||||||||||||||||||||||||||||||||||||||||||
226|ANREV|14/02/2017|Paul Summer|J.P. Morgan Asset Management|Managing Director|paul.t.summer@jpmorgan.com|-2603|United States|USD||1|||500|||75|||575|||||||0|1377|||500|287|280|2444|||||||0|||||||0|||||||0|1877|0|0|575|287|280|3019|1|||1|||2|||||||0|3|||1|2|1|7|||||||0|||||||0|||||||0|4|0|0|2|2|1|9|YES|NO|NO|YES|NO|NO|NO|NO|NO|NO|NO|NO|YES|NO|NO|YES|YES|YES|NO|NO|NO|NO|NO|NO|NO|NO|NO|NO|NO|NO|NO|NO|NO|NO|NO|NO|1863|||575|287||2725|||||||0|||||||0|||||||0|6||||||6|8||||||8|||||||0|Corporation||||||280|280|1877|0|0|575|287|280|3019||||||280|280|50||||||50|1827|||575|287||2689|||||||0|||||||0|1877|0|0|575|287|280|3019||50|50|||1|1|1|START Asia Pacific:|500|||75|||575|||||||0|||||||0|||||||0|||||||0|||||||0|||||||0||||||||0|500|0|0|75|0|0|575|50||||||50|||||||0|450|||75|||525|||||||0|||||||0|500|0|0|75|0|0|575|START Europe:|||||||||||||||||||||||||||||||||||||||||||||||||||||||||||||||||||||||||||||||||||||||||||||||||||||||||||START North America:|1363|||500|287||2150|||||||0|||||||0|||||||0|6||||||6|8||||||8|||||||0|Corporation||||||280|280|1377|0|0|500|287|280|2444|||||||0||||||280|280|1377|||500|287||2164|||||||0|||||||0|1377|0|0|500|287|280|2444|START Global:|||||||||||||||||||||||||||||||||||||||||||||||||||||||||||||||||||||||||||||||||||||||||||||||||||||||||||START SOUTH America:|||||||||||||||||||||||||||||||||||||||||||||||||||||||||||||||||||||||||||||||||||||||||||||||||||||||||||START Africa:||||||||||||||||||||||||||||||||||||||||||||||||||||||||||||||||||||||||||||||||||||||||||||||||||||||||||
77|ANREV|12/01/2017|Don Tan|KaiLong Investments|VP, Fund Management|don.tan@kailongrei.com|85237982627|China|USD||2|6|We are still in investment period for our other Funds|||||||0|||||||0|||||||0|||||||0|||||||0|||||||0|0|0|0|0|0|0|0|||||||0|||||||0|||||||0|||||||0|||||||0|||||||0|0|0|0|0|0|0|0|NO|NO|NO|NO|NO|NO|NO|NO|NO|NO|NO|NO|NO|NO|NO|NO|NO|NO|NO|NO|NO|NO|NO|NO|NO|NO|NO|NO|NO|NO|NO|NO|NO|NO|NO|NO|||||||0|||||||0|||||||0|||||||0|||||||0|||||||0|||||||0||||||||0|0|0|0|0|0|0|0|||||||0|||||||0|||||||0|||||||0|||||||0|0|0|0|0|0|0|0||||||1|3|1|START Asia Pacific:|||||||||||||||||||||||||||||||||||||||||||||||||||||||||||||||||||||||||||||||||||||||||||||||||||||||||||START Europe:|||||||||||||||||||||||||||||||||||||||||||||||||||||||||||||||||||||||||||||||||||||||||||||||||||||||||||START North America:|||||||||||||||||||||||||||||||||||||||||||||||||||||||||||||||||||||||||||||||||||||||||||||||||||||||||||START Global:|||||||||||||||||||||||||||||||||||||||||||||||||||||||||||||||||||||||||||||||||||||||||||||||||||||||||||START SOUTH America:|||||||||||||||||||||||||||||||||||||||||||||||||||||||||||||||||||||||||||||||||||||||||||||||||||||||||||START Africa:||||||||||||||||||||||||||||||||||||||||||||||||||||||||||||||||||||||||||||||||||||||||||||||||||||||||||
117|ANREV|25/01/2017|Ho Liwen|SC Capital Partners|Director Investor Relations|liwen@recapinvestments.com|-14384|Singapore|USD||1|||280||||||280|||||||0|||||||0|||||||0|||||||0|||||||0|280|0|0|0|0|0|280|1||||||1|||||||0|||||||0|||||||0|||||||0|||||||0|1|0|0|0|0|0|1|YES|NO|NO|NO|NO|NO|NO|NO|NO|NO|NO|NO|NO|NO|NO|NO|NO|NO|NO|NO|NO|NO|NO|NO|NO|NO|NO|NO|NO|NO|NO|NO|NO|NO|NO|NO|158||||||158|18||||||18|100||||||100|||||||0|||||||0|||||||0|||||||0|GP Co invest|4||||||4|280|0|0|0|0|0|280|||||||0|88.5||||||88.5|191.5||||||191.5|||||||0|||||||0|280|0|0|0|0|0|280|31.6||68.4|||2|2|1|START Asia Pacific:|||||||||||||||||||||||||||||||||||||||||||||||||||||||||||||||||||||||||||||||||||||||||||||||||||||||||||START Europe:|||||||||||||||||||||||||||||||||||||||||||||||||||||||||||||||||||||||||||||||||||||||||||||||||||||||||||START North America:|||||||||||||||||||||||||||||||||||||||||||||||||||||||||||||||||||||||||||||||||||||||||||||||||||||||||||START Global:|||||||||||||||||||||||||||||||||||||||||||||||||||||||||||||||||||||||||||||||||||||||||||||||||||||||||||START SOUTH America:|||||||||||||||||||||||||||||||||||||||||||||||||||||||||||||||||||||||||||||||||||||||||||||||||||||||||||START Africa:||||||||||||||||||||||||||||||||||||||||||||||||||||||||||||||||||||||||||||||||||||||||||||||||||||||||||
168|ANREV|06/02/2017|Natalie Barrington|DEXUS Property Group|DWPF Investor Relations and Operations Manager|Natalie.Barrington@dexus.com|+61 290171295|Australia|AUD||2|1||||||||0|||||||0|||||||0|||||||0|||||||0|||||||0|0|0|0|0|0|0|0|||||||0|||||||0|||||||0|||||||0|||||||0|||||||0|0|0|0|0|0|0|0|NO|NO|NO|NO|NO|NO|NO|NO|NO|NO|NO|NO|NO|NO|NO|NO|NO|NO|NO|NO|NO|NO|NO|NO|NO|NO|NO|NO|NO|NO|NO|NO|NO|NO|NO|NO|||||||0|||||||0|||||||0|||||||0|||||||0|||||||0|||||||0||||||||0|0|0|0|0|0|0|0|||||||0|||||||0|||||||0|||||||0|||||||0|0|0|0|0|0|0|0||||||1|3|2|START Asia Pacific:|||||||||||||||||||||||||||||||||||||||||||||||||||||||||||||||||||||||||||||||||||||||||||||||||||||||||||START Europe:|||||||||||||||||||||||||||||||||||||||||||||||||||||||||||||||||||||||||||||||||||||||||||||||||||||||||||START North America:|||||||||||||||||||||||||||||||||||||||||||||||||||||||||||||||||||||||||||||||||||||||||||||||||||||||||||START Global:|||||||||||||||||||||||||||||||||||||||||||||||||||||||||||||||||||||||||||||||||||||||||||||||||||||||||||START SOUTH America:|||||||||||||||||||||||||||||||||||||||||||||||||||||||||||||||||||||||||||||||||||||||||||||||||||||||||||START Africa:||||||||||||||||||||||||||||||||||||||||||||||||||||||||||||||||||||||||||||||||||||||||||||||||||||||||||
170|ANREV|14/02/2017|Loretta Li|ARCH Capital Management Co Ltd|CFO|lli@archcapital.net|22644662|Hong Kong|USD||1|||12.5||||||12.5|||||||0|||||||0|||||||0|||||||0|||||||0|12.5|0|0|0|0|0|12.5|1||||||1|||||||0|||||||0|||||||0|||||||0|||||||0|1|0|0|0|0|0|1|YES|NO|NO|NO|NO|NO|NO|NO|NO|NO|NO|NO|NO|NO|NO|NO|NO|NO|NO|NO|NO|NO|NO|NO|NO|NO|NO|NO|NO|NO|NO|NO|NO|NO|NO|NO|||||||0|||||||0|||||||0|||||||0|||||||0|||||||0|12.5||||||12.5||||||||0|12.5|0|0|0|0|0|12.5|||||||0|12.5||||||12.5|||||||0|||||||0|||||||0|12.5|0|0|0|0|0|12.5|||100|||3|3|2|START Asia Pacific:|||||||0|||||||0|||||||0|||||||0|||||||0|||||||0|12.5||||||12.5||||||||0|12.5|0|0|0|0|0|12.5|12.5||||||12.5|||||||0|||||||0|||||||0|||||||0|12.5|0|0|0|0|0|12.5|START Europe:|||||||||||||||||||||||||||||||||||||||||||||||||||||||||||||||||||||||||||||||||||||||||||||||||||||||||||START North America:|||||||||||||||||||||||||||||||||||||||||||||||||||||||||||||||||||||||||||||||||||||||||||||||||||||||||||START Global:|||||||||||||||||||||||||||||||||||||||||||||||||||||||||||||||||||||||||||||||||||||||||||||||||||||||||||START SOUTH America:|||||||||||||||||||||||||||||||||||||||||||||||||||||||||||||||||||||||||||||||||||||||||||||||||||||||||||START Africa:||||||||||||||||||||||||||||||||||||||||||||||||||||||||||||||||||||||||||||||||||||||||||||||||||||||||||
236|ANREV|14/02/2017|Joel Oei|Ascendas-Singbridge|Manager, Fund Development|joel.oei@ascendas-singbridge.com|6565088808|Singapore|SGD||1||||||350|||350|||||||0|||||||0|||||||0|||||||0|||||||0|0|0|0|350|0|0|350||||1|||1|||||||0|||||||0|||||||0|||||||0|||||||0|0|0|0|1|0|0|1|NO|NO|NO|YES|NO|NO|NO|NO|NO|NO|NO|NO|NO|NO|NO|NO|NO|NO|NO|NO|NO|NO|NO|NO|NO|NO|NO|NO|NO|NO|NO|NO|NO|NO|NO|NO|||||||0|||||||0|||||||0|||||||0|||||||0|||||||0|||||||0|Corporate||||350|||350|0|0|0|350|0|0|350||||350|||350|||||||0|||||||0|||||||0|||||||0|0|0|0|350|0|0|350|||100|||1|2|1|START Asia Pacific:|||||||0|||||||0|||||||0|||||||0|||||||0|||||||0|||||||0|Corporate||||350|||350|0|0|0|350|0|0|350|||||||0||||350|||350|||||||0|||||||0|||||||0|0|0|0|350|0|0|350|START Europe:|||||||||||||||||||||||||||||||||||||||||||||||||||||||||||||||||||||||||||||||||||||||||||||||||||||||||||START North America:|||||||||||||||||||||||||||||||||||||||||||||||||||||||||||||||||||||||||||||||||||||||||||||||||||||||||||START Global:|||||||||||||||||||||||||||||||||||||||||||||||||||||||||||||||||||||||||||||||||||||||||||||||||||||||||||START SOUTH America:|||||||||||||||||||||||||||||||||||||||||||||||||||||||||||||||||||||||||||||||||||||||||||||||||||||||||||START Africa:||||||||||||||||||||||||||||||||||||||||||||||||||||||||||||||||||||||||||||||||||||||||||||||||||||||||||
115|ANREV|09/02/2017|Christine Ong|Mapletree Investments Pte Ltd|Head, Private Funds Management|christine.ong@mapletree.com.sg|6684-7781|Singapore|USD||2|||||||||0|||||||0|||||||0|||||||0|||||||0|||||||0|0|0|0|0|0|0|0|||||||0|||||||0|||||||0|||||||0|||||||0|||||||0|0|0|0|0|0|0|0|NO|NO|NO|NO|NO|NO|NO|NO|NO|NO|NO|NO|NO|NO|NO|NO|NO|NO|NO|NO|NO|NO|NO|NO|NO|NO|NO|NO|NO|NO|NO|NO|NO|NO|NO|NO|||||||0|||||||0|||||||0|||||||0|||||||0|||||||0|||||||0||||||||0|0|0|0|0|0|0|0|||||||0|||||||0|||||||0|||||||0|||||||0|0|0|0|0|0|0|0||||||1|2|2|START Asia Pacific:|||||||||||||||||||||||||||||||||||||||||||||||||||||||||||||||||||||||||||||||||||||||||||||||||||||||||||START Europe:|||||||||||||||||||||||||||||||||||||||||||||||||||||||||||||||||||||||||||||||||||||||||||||||||||||||||||START North America:|||||||||||||||||||||||||||||||||||||||||||||||||||||||||||||||||||||||||||||||||||||||||||||||||||||||||||START Global:|||||||||||||||||||||||||||||||||||||||||||||||||||||||||||||||||||||||||||||||||||||||||||||||||||||||||||START SOUTH America:|||||||||||||||||||||||||||||||||||||||||||||||||||||||||||||||||||||||||||||||||||||||||||||||||||||||||||START Africa:||||||||||||||||||||||||||||||||||||||||||||||||||||||||||||||||||||||||||||||||||||||||||||||||||||||||||
88|ANREV|14/02/2017|Serene Foong|Alpha Investment Partners Limited|SVP Finance|serene.foong@kepcapital.com|-68031736|Singapore|USD||1|||281.52|265|||||546.52|||||||0|||||||0|132.34||||||132.34|||||||0|||||||0|413.86|265|0|0|0|0|678.86|1|1|||||2|||||||0|||||||0|1||||||1|||||||0|||||||0|2|1|0|0|0|0|3|YES|YES|NO|NO|NO|NO|NO|NO|NO|NO|NO|NO|NO|NO|NO|NO|NO|NO|YES|NO|NO|NO|NO|NO|NO|NO|NO|NO|NO|NO|NO|NO|NO|NO|NO|NO|134|265|||||399|||||||0|||||||0|20||||||20|30||||||30|||||||0|||||||0|Corporates/Banks/Others|229.86||||||229.86|413.86|265|0|0|0|0|678.86|279.86||||||279.86|134|265|||||399|||||||0|||||||0|||||||0|413.86|265|0|0|0|0|678.86||100||||1|1|2|START Asia Pacific:|||||||||||||||||||||||||||||||||||||||||||||||||||||||||||||||||||||||||||||||||||||||||||||||||||||||||||START Europe:|||||||||||||||||||||||||||||||||||||||||||||||||||||||||||||||||||||||||||||||||||||||||||||||||||||||||||START North America:|||||||||||||||||||||||||||||||||||||||||||||||||||||||||||||||||||||||||||||||||||||||||||||||||||||||||||START Global:|||||||||||||||||||||||||||||||||||||||||||||||||||||||||||||||||||||||||||||||||||||||||||||||||||||||||||START SOUTH America:|||||||||||||||||||||||||||||||||||||||||||||||||||||||||||||||||||||||||||||||||||||||||||||||||||||||||||START Africa:||||||||||||||||||||||||||||||||||||||||||||||||||||||||||||||||||||||||||||||||||||||||||||||||||||||||||
114|ANREV|08/02/2017|David Muren|Angelo, Gordon & Co.|Director|dmuren@angelogordon.com|212-692-0209|United States|USD||1|||566||||||566|||||||0|||||||0|361||||||361|||||||0|||||||0|927|0|0|0|0|0|927|1||||||1|||||||0|||||||0|1||||||1|||||||0|||||||0|2|0|0|0|0|0|2|YES|NO|NO|NO|NO|NO|NO|NO|NO|NO|NO|NO|NO|NO|NO|NO|NO|NO|YES|NO|NO|NO|NO|NO|NO|NO|NO|NO|NO|NO|NO|NO|NO|NO|NO|NO|||||||0|||||||0|||||||0|||||||0|||||||0|||||||0|||||||0||||||||0|0|0|0|0|0|0|0|||||||0|||||||0|||||||0|||||||0|||||||0|0|0|0|0|0|0|0|3||97|||||1|START Asia Pacific:|||||||0|||||||0|||||||0|||||||0|||||||0|||||||0|||||||0||||||||0|0|0|0|0|0|0|0|||||||0|||||||0|||||||0|||||||0|||||||0|0|0|0|0|0|0|0|START Europe:|||||||||||||||||||||||||||||||||||||||||||||||||||||||||||||||||||||||||||||||||||||||||||||||||||||||||||START North America:|||||||||||||||||||||||||||||||||||||||||||||||||||||||||||||||||||||||||||||||||||||||||||||||||||||||||||START Global:|||||||0|||||||0|||||||0|||||||0|||||||0|||||||0|||||||0||||||||0|0|0|0|0|0|0|0|||||||0|||||||0|||||||0|||||||0|||||||0|0|0|0|0|0|0|0|START SOUTH America:|||||||||||||||||||||||||||||||||||||||||||||||||||||||||||||||||||||||||||||||||||||||||||||||||||||||||||START Africa:||||||||||||||||||||||||||||||||||||||||||||||||||||||||||||||||||||||||||||||||||||||||||||||||||||||||||
110|ANREV|25/01/2017|Tim Nation|AMP Capital|Head of Real Estate Capital|tim.nation@ampcapital.com|61292576129|Australia|AUD||1|||1408|30|||5||1443|||||||0|||||||0|||||||0|||||||0|||||||0|1408|30|0|0|5|0|1443|4|1|||1||6|||||||0|||||||0|||||||0|||||||0|||||||0|4|1|0|0|1|0|6|YES|YES|NO|NO|YES|NO|NO|NO|NO|NO|NO|NO|NO|NO|NO|NO|NO|NO|NO|NO|NO|NO|NO|NO|NO|NO|NO|NO|NO|NO|NO|NO|NO|NO|NO|NO|728.17||||||728.17|89.78||||||89.78|||||||0|116.05||||||116.05|||||||0|||||||0||30|||||30|Retail investors|474||||5||479|1408|30|0|0|5|0|1443|1108.74|30|||5||1143.74|299.26||||||299.26|||||||0|||||||0|||||||0|1408|30|0|0|5|0|1443||22|78|||3|3|1|START Asia Pacific:|728.17||||||728.17|89.78||||||89.78|||||||0|116.05||||||116.05|||||||0|||||||0||30|||||30|Retail investors|474||||5||479|1408|30|0|0|5|0|1443|299.26||||||299.26|1143.74||||||1143.74|||||||0|||||||0|||||||0|1443|0|0|0|0|0|1443|START Europe:|||||||||||||||||||||||||||||||||||||||||||||||||||||||||||||||||||||||||||||||||||||||||||||||||||||||||||START North America:|||||||||||||||||||||||||||||||||||||||||||||||||||||||||||||||||||||||||||||||||||||||||||||||||||||||||||START Global:|||||||||||||||||||||||||||||||||||||||||||||||||||||||||||||||||||||||||||||||||||||||||||||||||||||||||||START SOUTH America:|||||||||||||||||||||||||||||||||||||||||||||||||||||||||||||||||||||||||||||||||||||||||||||||||||||||||||START Africa:||||||||||||||||||||||||||||||||||||||||||||||||||||||||||||||||||||||||||||||||||||||||||||||||||||||||||
242|ANREV|14/02/2017|Nicholas|Investa Property Group|Senior Fund Analyst|nchui@investa.com.au|+61 2 8226 9916|Australia|AUD||1|||469||100||||569|||||||0|||||||0|||||||0|||||||0|||||||0|469|0|100|0|0|0|569|1||1||||2|||||||0|||||||0|||||||0|||||||0|||||||0|1|0|1|0|0|0|2|YES|NO|YES|NO|NO|NO|NO|NO|NO|NO|NO|NO|NO|NO|NO|NO|NO|NO|NO|NO|NO|NO|NO|NO|NO|NO|NO|NO|NO|NO|NO|NO|NO|NO|NO|NO|||||||0|||||||0|||||||0|||||||0|||||||0|||||||0|||||||0||||||||0|0|0|0|0|0|0|0|427.8||100||||527.8|40.5||||||40.5|||||||0|||||||0|||||||0|468.3|0|100|0|0|0|568.3||||||||1|START Asia Pacific:|||||||0|||||||0|||||||0|||||||0|||||||0|||||||0|||||||0||||||||0|0|0|0|0|0|0|0|40.5||100||||140.5|427.8||||||427.8|||||||0|||||||0|||||||0|468.3|0|100|0|0|0|568.3|START Europe:|||||||||||||||||||||||||||||||||||||||||||||||||||||||||||||||||||||||||||||||||||||||||||||||||||||||||||START North America:|||||||||||||||||||||||||||||||||||||||||||||||||||||||||||||||||||||||||||||||||||||||||||||||||||||||||||START Global:|||||||||||||||||||||||||||||||||||||||||||||||||||||||||||||||||||||||||||||||||||||||||||||||||||||||||||START SOUTH America:|||||||||||||||||||||||||||||||||||||||||||||||||||||||||||||||||||||||||||||||||||||||||||||||||||||||||||START Africa:||||||||||||||||||||||||||||||||||||||||||||||||||||||||||||||||||||||||||||||||||||||||||||||||||||||||||
237|ANREV|14/02/2017|Shawn Tsai|Gaw Capital Partners|Associate|shawntsai@gawcapital.com|25837774|Hong Kong|USD||1|||1252.2||||||1252.2|||||||0|||||||0|||||||0|||||||0|||||||0|1252.2|0|0|0|0|0|1252.2|2||||||2|||||||0|||||||0|||||||0|||||||0|||||||0|2|0|0|0|0|0|2|YES|NO|NO|NO|NO|NO|NO|NO|NO|NO|NO|NO|NO|NO|NO|NO|NO|NO|NO|NO|NO|NO|NO|NO|NO|NO|NO|NO|NO|NO|NO|NO|NO|NO|NO|NO|520||||||520|||||||0|460||||||460|||||||0|10||||||10|146.4||||||146.4|23||||||23|General Partner contribution,financial institution, corporate|92.8||||||92.8|1252.2|0|0|0|0|0|1252.2|589.3||||||589.3|297.9||||||297.9|365||||||365|||||||0|||||||0|1252.2|0|0|0|0|0|1252.2||||||1|2|1|START Asia Pacific:|520||||||520|||||||0|460||||||460|||||||0|10||||||10|146.4||||||146.4|23||||||23|General Partner contribution, corporates, financial institution|92.8||||||92.8|1252.2|0|0|0|0|0|1252.2|589.3||||||589.3|297.9||||||297.9|365||||||365|||||||0|||||||0|1252.2|0|0|0|0|0|1252.2|START Europe:|||||||||||||||||||||||||||||||||||||||||||||||||||||||||||||||||||||||||||||||||||||||||||||||||||||||||||START North America:|||||||||||||||||||||||||||||||||||||||||||||||||||||||||||||||||||||||||||||||||||||||||||||||||||||||||||START Global:|||||||||||||||||||||||||||||||||||||||||||||||||||||||||||||||||||||||||||||||||||||||||||||||||||||||||||START SOUTH America:|||||||||||||||||||||||||||||||||||||||||||||||||||||||||||||||||||||||||||||||||||||||||||||||||||||||||||START Africa:||||||||||||||||||||||||||||||||||||||||||||||||||||||||||||||||||||||||||||||||||||||||||||||||||||||||||
71|ANREV|13/02/2017|James Inwood|Goodman Group|Group Head of Investment Management|James.Inwood@goodman.com|9230 7417|Australia|AUD||1||||||1633.92|||1633.92||||684.11|||684.11|||||||0|||||||0|||||||0|||||||0|0|0|0|2318.03|0|0|2318.03||||3|||3||||1|||1|||||||0|||||||0|||||||0|||||||0|0|0|0|4|0|0|4|NO|NO|NO|YES|NO|NO|NO|NO|NO|YES|NO|NO|NO|NO|NO|NO|NO|NO|NO|NO|NO|NO|NO|NO|NO|NO|NO|NO|NO|NO|NO|NO|NO|NO|NO|NO||||2256.75|||2256.75|||||||0||||61.28|||61.28|||||||0|||||||0|||||||0|||||||0||||||||0|0|0|0|2318.03|0|0|2318.03|||||||0||||587.17|||587.17||||1730.86|||1730.86|||||||0|||||||0|0|0|0|2318.03|0|0|2318.03|||100|||3|3|1|START Asia Pacific:||||1572.64|||1572.64|||||||0||||61.28|||61.28|||||||0|||||||0|||||||0|||||||0||||||||0|0|0|0|1633.92|0|0|1633.92||||245.12|||245.12|||||||0||||1388.8|||1388.8|||||||0|||||||0|0|0|0|1633.92|0|0|1633.92|START Europe:||||684.11|||684.11|||||||0|||||||0|||||||0|||||||0|||||||0|||||||0||||||||0|0|0|0|684.11|0|0|684.11||||342.05|||342.05|||||||0||||342.06|||342.06|||||||0|||||||0|0|0|0|684.11|0|0|684.11|START North America:|||||||||||||||||||||||||||||||||||||||||||||||||||||||||||||||||||||||||||||||||||||||||||||||||||||||||||START Global:|||||||||||||||||||||||||||||||||||||||||||||||||||||||||||||||||||||||||||||||||||||||||||||||||||||||||||START SOUTH America:|||||||||||||||||||||||||||||||||||||||||||||||||||||||||||||||||||||||||||||||||||||||||||||||||||||||||||START Africa:||||||||||||||||||||||||||||||||||||||||||||||||||||||||||||||||||||||||||||||||||||||||||||||||||||||||||
184|ANREV|14/02/2017|Angel|CLSA|MD|angel.li@clsa.com   |na|Hong Kong|USD||2|||||||||0|||||||0|||||||0|||||||0|||||||0|||||||0|0|0|0|0|0|0|0|||||||0|||||||0|||||||0|||||||0|||||||0|||||||0|0|0|0|0|0|0|0|NO|NO|NO|NO|NO|NO|NO|NO|NO|NO|NO|NO|NO|NO|NO|NO|NO|NO|NO|NO|NO|NO|NO|NO|NO|NO|NO|NO|NO|NO|NO|NO|NO|NO|NO|NO|||||||0|||||||0|||||||0|||||||0|||||||0|||||||0|||||||0||||||||0|0|0|0|0|0|0|0|||||||0|||||||0|||||||0|||||||0|||||||0|0|0|0|0|0|0|0||||||||2|START Asia Pacific:|||||||||||||||||||||||||||||||||||||||||||||||||||||||||||||||||||||||||||||||||||||||||||||||||||||||||||START Europe:|||||||||||||||||||||||||||||||||||||||||||||||||||||||||||||||||||||||||||||||||||||||||||||||||||||||||||START North America:|||||||||||||||||||||||||||||||||||||||||||||||||||||||||||||||||||||||||||||||||||||||||||||||||||||||||||START Global:|||||||||||||||||||||||||||||||||||||||||||||||||||||||||||||||||||||||||||||||||||||||||||||||||||||||||||START SOUTH America:|||||||||||||||||||||||||||||||||||||||||||||||||||||||||||||||||||||||||||||||||||||||||||||||||||||||||||START Africa:||||||||||||||||||||||||||||||||||||||||||||||||||||||||||||||||||||||||||||||||||||||||||||||||||||||||||
76|ANREV|12/01/2017|Yosuke Fujioka|Global Logistic Properties Limited|Senior Vice President|yfujioka@glprop.com|+65 6672 5472|Singapore|USD||1||||||500|||500|||||||0|560||||||560|||||||0|||||||0|||||||0|560|0|0|500|0|0|1060||||1|||1|||||||0|1||||||1|||||||0|||||||0|||||||0|1|0|0|1|0|0|2|NO|NO|NO|YES|NO|NO|NO|NO|NO|NO|NO|NO|YES|NO|NO|NO|NO|NO|NO|NO|NO|NO|NO|NO|NO|NO|NO|NO|NO|NO|NO|NO|NO|NO|NO|NO|160|||500|||660|150||||||150|150||||||150|||||||0|||||||0|||||||0|||||||0|Corporations|100||||||100|560|0|0|500|0|0|1060|450||||||450|50||||||50|60|||500|||560|||||||0|||||||0|560|0|0|500|0|0|1060|100|||||1|3|1|START Asia Pacific:||||500|||500|||||||0|||||||0|||||||0|||||||0|||||||0|||||||0||||||||0|0|0|0|500|0|0|500|||||||0|||||||0||||500|||500|||||||0|||||||0|0|0|0|500|0|0|500|START Europe:|||||||||||||||||||||||||||||||||||||||||||||||||||||||||||||||||||||||||||||||||||||||||||||||||||||||||||START North America:|160||||||160|150||||||150|150||||||150|||||||0|||||||0|||||||0|||||||0|Corporations|100||||||100|560|0|0|0|0|0|560|50||||||50|450||||||450|60||||||60|||||||0|||||||0|560|0|0|0|0|0|560|START Global:|||||||||||||||||||||||||||||||||||||||||||||||||||||||||||||||||||||||||||||||||||||||||||||||||||||||||||START SOUTH America:|||||||||||||||||||||||||||||||||||||||||||||||||||||||||||||||||||||||||||||||||||||||||||||||||||||||||||START Africa:||||||||||||||||||||||||||||||||||||||||||||||||||||||||||||||||||||||||||||||||||||||||||||||||||||||||||
100|ANREV|17/01/2017|Simon Lockwood|Cromwell Property Group|Equity Manager|simon.lockwood@valad.co.uk|7974221882|United Kingdom|EUR||1|||||||||0|90|612|||||702|||||||0|||||||0|||||||0|||||||0|90|612|0|0|0|0|702|||||||0|1|9|||||10|||||||0|||||||0|||||||0|||||||0|1|9|0|0|0|0|10|NO|NO|NO|NO|NO|NO|YES|YES|NO|NO|NO|NO|NO|NO|NO|NO|NO|NO|NO|NO|NO|NO|NO|NO|NO|NO|NO|NO|NO|NO|NO|NO|NO|NO|NO|NO|90||||||90|||||||0|||||||0|||||||0|||||||0|||||||0|||||||0|Opp Funds / Inv Banks||612|||||612|90|612|0|0|0|0|702|||||||0|90|612|||||702|||||||0|||||||0|||||||0|90|612|0|0|0|0|702|||100|||1|3|1|START Asia Pacific:|||||||||||||||||||||||||||||||||||||||||||||||||||||||||||||||||||||||||||||||||||||||||||||||||||||||||||START Europe:|90||||||90|||||||0|||||||0|||||||0|||||||0|||||||0|||||||0|||612|||||612|90|612|0|0|0|0|702|90|612|||||702|||||||0|||||||0|||||||0|||||||0|90|612|0|0|0|0|702|START North America:|||||||||||||||||||||||||||||||||||||||||||||||||||||||||||||||||||||||||||||||||||||||||||||||||||||||||||START Global:|||||||||||||||||||||||||||||||||||||||||||||||||||||||||||||||||||||||||||||||||||||||||||||||||||||||||||START SOUTH America:|||||||||||||||||||||||||||||||||||||||||||||||||||||||||||||||||||||||||||||||||||||||||||||||||||||||||||START Africa:||||||||||||||||||||||||||||||||||||||||||||||||||||||||||||||||||||||||||||||||||||||||||||||||||||||||||
73|ANREV|24/01/2017|Kenji Kondo|Tokyo Tatemono Investment Advisors Co., Ltd.|Corporate Planning Department Senior Manager|kondokn@tt-ia.com|-6821|Japan|JPY||1|||6140|2622|||125||8887|||||||0|||||||0|||||||0|||||||0|||||||0|6140|2622|0|0|125|0|8887|1|1|||1||3|||||||0|||||||0|||||||0|||||||0|||||||0|1|1|0|0|1|0|3|YES|YES|NO|NO|YES|NO|NO|NO|NO|NO|NO|NO|NO|NO|NO|NO|NO|NO|NO|NO|NO|NO|NO|NO|NO|NO|NO|NO|NO|NO|NO|NO|NO|NO|NO|NO|||||||0|512||||||512|||||||0|||||||0|||||||0|||||||0|||||||0|Corporations/Banks|5628|2622|||125||8375|6140|2622|0|0|125|0|8887|6140|2622|||125||8887|||||||0|||||||0|||||||0|||||||0|6140|2622|0|0|125|0|8887|99||1|||3|3|1|START Asia Pacific:|||||||0|512||||||512|||||||0|||||||0|||||||0|||||||0|||||||0|Corporations/Banks|5628|2622|||125||8375|6140|2622|0|0|125|0|8887|||||||0|6140|2622|||125||8887|||||||0|||||||0|||||||0|6140|2622|0|0|125|0|8887|START Europe:|||||||||||||||||||||||||||||||||||||||||||||||||||||||||||||||||||||||||||||||||||||||||||||||||||||||||||START North America:|||||||||||||||||||||||||||||||||||||||||||||||||||||||||||||||||||||||||||||||||||||||||||||||||||||||||||START Global:|||||||||||||||||||||||||||||||||||||||||||||||||||||||||||||||||||||||||||||||||||||||||||||||||||||||||||START SOUTH America:|||||||||||||||||||||||||||||||||||||||||||||||||||||||||||||||||||||||||||||||||||||||||||||||||||||||||||START Africa:||||||||||||||||||||||||||||||||||||||||||||||||||||||||||||||||||||||||||||||||||||||||||||||||||||||||||
74|ANREV|14/02/2017|Nicholas Harris|The GPT Group|Head of Funds Management, Group Strategy & Research|nicholas.harris@gpt.com.au|61282393780|Australia|AUD||2|6|No new equity required in 2016|||||||0|||||||0|||||||0|||||||0|||||||0|||||||0|0|0|0|0|0|0|0|||||||0|||||||0|||||||0|||||||0|||||||0|||||||0|0|0|0|0|0|0|0|NO|NO|NO|NO|NO|NO|NO|NO|NO|NO|NO|NO|NO|NO|NO|NO|NO|NO|NO|NO|NO|NO|NO|NO|NO|NO|NO|NO|NO|NO|NO|NO|NO|NO|NO|NO|||||||0|||||||0|||||||0|||||||0|||||||0|||||||0|||||||0||||||||0|0|0|0|0|0|0|0|||||||0|||||||0|||||||0|||||||0|||||||0|0|0|0|0|0|0|0||||||1|2|1|START Asia Pacific:|||||||||||||||||||||||||||||||||||||||||||||||||||||||||||||||||||||||||||||||||||||||||||||||||||||||||||START Europe:|||||||||||||||||||||||||||||||||||||||||||||||||||||||||||||||||||||||||||||||||||||||||||||||||||||||||||START North America:|||||||||||||||||||||||||||||||||||||||||||||||||||||||||||||||||||||||||||||||||||||||||||||||||||||||||||START Global:|||||||||||||||||||||||||||||||||||||||||||||||||||||||||||||||||||||||||||||||||||||||||||||||||||||||||||START SOUTH America:|||||||||||||||||||||||||||||||||||||||||||||||||||||||||||||||||||||||||||||||||||||||||||||||||||||||||||START Africa:||||||||||||||||||||||||||||||||||||||||||||||||||||||||||||||||||||||||||||||||||||||||||||||||||||||||||
182|ANREV|08/02/2017|Chui Hong Tai|Chelsfield Asia|Investment manager|lchui@chlesfield.com|60888301|Hong Kong|USD||1|||100||||||100|||||||0|||||||0|||||||0|||||||0|||||||0|100|0|0|0|0|0|100|1||||||1|||||||0|||||||0|||||||0|||||||0|||||||0|1|0|0|0|0|0|1|YES|NO|NO|NO|NO|NO|NO|NO|NO|NO|NO|NO|NO|NO|NO|NO|NO|NO|NO|NO|NO|NO|NO|NO|NO|NO|NO|NO|NO|NO|NO|NO|NO|NO|NO|NO|||||||0|||||||0|||||||0|||||||0|||||||0|||||||0|100||||||100||||||||0|100|0|0|0|0|0|100|100||||||100|||||||0|||||||0|||||||0|||||||0|100|0|0|0|0|0|100|0|0|100|||2|3|1|START Asia Pacific:|||||||0|||||||0|||||||0|||||||0|||||||0|||||||0|100||||||100||||||||0|100|0|0|0|0|0|100|||||||0|100||||||100|||||||0|||||||0|||||||0|100|0|0|0|0|0|100|START Europe:|||||||||||||||||||||||||||||||||||||||||||||||||||||||||||||||||||||||||||||||||||||||||||||||||||||||||||START North America:|||||||||||||||||||||||||||||||||||||||||||||||||||||||||||||||||||||||||||||||||||||||||||||||||||||||||||START Global:|||||||||||||||||||||||||||||||||||||||||||||||||||||||||||||||||||||||||||||||||||||||||||||||||||||||||||START SOUTH America:|||||||||||||||||||||||||||||||||||||||||||||||||||||||||||||||||||||||||||||||||||||||||||||||||||||||||||START Africa:||||||||||||||||||||||||||||||||||||||||||||||||||||||||||||||||||||||||||||||||||||||||||||||||||||||||||
92|ANREV|07/02/2017|Simon Redman|Invesco Real Estate|MD, Global Head of Product Management|simon.redman@invesco.com|+44 2075 433 584|United States|USD||1|||95||||||95|748.56|742.38|||||1490.94|994.5|1644.25|||||2638.75|15|1101.34|||||1116.34|||||||0|||||||0|1853.06|3487.97|0|0|0|0|5341.03|1||||||1|3|7|||||10|3|9|||||12|1|2|||||3|||||||0|||||||0|8|18|0|0|0|0|26|YES|NO|NO|NO|NO|NO|YES|YES|NO|NO|NO|NO|YES|YES|NO|NO|NO|NO|YES|YES|NO|NO|NO|NO|NO|NO|NO|NO|NO|NO|NO|NO|NO|NO|NO|NO|1159.77|1702.36|||||2862.13|63.98||||||63.98|203.05|1639.05|||||1842.1|||||||0|27.57||||||27.57|259.04||||||259.04|3.5||||||3.5|incl. Corporate, Private Trust and Others|136.16|146.55|||||282.71|1853.07|3487.96|0|0|0|0|5341.03|382.04|1639.06|||||2021.1|916.52|753.22|||||1669.74|554.5|1095.69|||||1650.19|||||||0|||||||0|1853.06|3487.97|0|0|0|0|5341.03|0|0|100||0|1|2|1|START Asia Pacific:|50||||||50|||||||0|||||||0|||||||0|||||||0|20||||||20|||||||0|Corporate|25||||||25|95|0|0|0|0|0|95|75||||||75|||||||0|20||||||20|||||||0|||||||0|95|0|0|0|0|0|95|START Europe:|377.87|690.83|||||1068.7|61.98||||||61.98|53.04||||||53.04|||||||0|27.57||||||27.57|121.74||||||121.74|||||||0||106.36|51.55|||||157.91|748.56|742.38|0|0|0|0|1490.94|684.91|682.38|||||1367.29|47.04||||||47.04|16.61|60|||||76.61|||||||0|||||||0|748.56|742.38|0|0|0|0|1490.94|START North America:|716.9|940.69|||||1657.59|2||||||2|150|608.56|||||758.56|||||||0|||||||0|117.3||||||117.3|3.5||||||3.5||4.8|95|||||99.8|994.5|1644.25|0|0|0|0|2638.75|140||||||140|335|608.56|||||943.56|519.5|1035.69|||||1555.19|||||||0|||||||0|994.5|1644.25|0|0|0|0|2638.75|START Global:|15|70.84|||||85.84|||||||0||1030.5|||||1030.5|||||||0|||||||0|||||||0|||||||0||||||||0|15|1101.34|0|0|0|0|1116.34||70.84|||||70.84||1030.5|||||1030.5|15||||||15|||||||0|||||||0|15|1101.34|0|0|0|0|1116.34|START SOUTH America:|||||||||||||||||||||||||||||||||||||||||||||||||||||||||||||||||||||||||||||||||||||||||||||||||||||||||||START Africa:||||||||||||||||||||||||||||||||||||||||||||||||||||||||||||||||||||||||||||||||||||||||||||||||||||||||||
84|ANREV|14/02/2017|Martijn van Eldik|Morgan Stanley Real Estate Investing|na|martijn.van.eldik@morganstanley.com|+65 6834-6338|United States|USD||1|||258||||||258||746|||||746|1950||||||1950|||||||0|||||||0|||||||0|2208|746|0|0|0|0|2954|1||||||1||1|||||1|1||||||1|||||||0|||||||0|||||||0|2|1|0|0|0|0|3|YES|NO|NO|NO|NO|NO|NO|YES|NO|NO|NO|NO|YES|NO|NO|NO|NO|NO|NO|NO|NO|NO|NO|NO|NO|NO|NO|NO|NO|NO|NO|NO|NO|NO|NO|NO|800||||||800|68|107|||||175|||||||0|66|639|||||705|129||||||129|||||||0|||||||0||1145||||||1145|2208|746|0|0|0|0|2954|40|639|||||679|426|107|||||533|1742||||||1742|||||||0|||||||0|2208|746|0|0|0|0|2954|||100|||3|3|1|START Asia Pacific:|200||||||200|||||||0|||||||0|58||||||58|||||||0|||||||0|||||||0||||||||0|258|0|0|0|0|0|258|258||||||258|||||||0|||||||0|||||||0|||||||0|258|0|0|0|0|0|258|START Europe:|||||||0||107|||||107|||||||0||639|||||639|||||||0|||||||0|||||||0||||||||0|0|746|0|0|0|0|746||107|||||107||639|||||639|||||||0|||||||0|||||||0|0|746|0|0|0|0|746|START North America:|600||||||600|68||||||68|||||||0|8||||||8|129||||||129|||||||0|||||||0||1145||||||1145|1950|0|0|0|0|0|1950|168||||||168|40||||||40|1742||||||1742|||||||0|||||||0|1950|0|0|0|0|0|1950|START Global:|||||||||||||||||||||||||||||||||||||||||||||||||||||||||||||||||||||||||||||||||||||||||||||||||||||||||||START SOUTH America:|||||||||||||||||||||||||||||||||||||||||||||||||||||||||||||||||||||||||||||||||||||||||||||||||||||||||||START Africa:||||||||||||||||||||||||||||||||||||||||||||||||||||||||||||||||||||||||||||||||||||||||||||||||||||||||||
183|ANREV|08/02/2017|James Fung |CITIC Capital Holdings Limited  |Executive Director |jfung@citiccapital.com |37106834|Hong Kong|USD||1|||36||||||36|79||||||79|||||||0|||||||0|||||||0|||||||0|115|0|0|0|0|0|115|1||||||1|2||||||2|||||||0|||||||0|||||||0|||||||0|3|0|0|0|0|0|3|YES|NO|NO|NO|NO|NO|YES|NO|NO|NO|NO|NO|NO|NO|NO|NO|NO|NO|NO|NO|NO|NO|NO|NO|NO|NO|NO|NO|NO|NO|NO|NO|NO|NO|NO|NO|||||||0|25||||||25|||||||0|||||||0|||||||0|||||||0|||||||0|Corporations|90||||||90|115|0|0|0|0|0|115|115||||||115|||||||0|||||||0|||||||0|||||||0|115|0|0|0|0|0|115|||100|||1|2|1|START Asia Pacific:|||||||0|||||||0|||||||0|||||||0|||||||0|||||||0|||||||0|corporations|36||||||36|36|0|0|0|0|0|36|||||||0|36||||||36|||||||0|||||||0|||||||0|36|0|0|0|0|0|36|START Europe:|||||||||||||||||||||||||||||||||||||||||||||||||||||||||||||||||||||||||||||||||||||||||||||||||||||||||||START North America:|||||||||||||||||||||||||||||||||||||||||||||||||||||||||||||||||||||||||||||||||||||||||||||||||||||||||||START Global:|||||||||||||||||||||||||||||||||||||||||||||||||||||||||||||||||||||||||||||||||||||||||||||||||||||||||||START SOUTH America:|||||||||||||||||||||||||||||||||||||||||||||||||||||||||||||||||||||||||||||||||||||||||||||||||||||||||||START Africa:||||||||||||||||||||||||||||||||||||||||||||||||||||||||||||||||||||||||||||||||||||||||||||||||||||||||||
116|ANREV|25/01/2017|Cheah Ying Soon|ARA Asset Management Limited|Director, Portfolio Management|yingsooncheah@ara.com.hk|65 6835 9232|Singapore|USD||1||||497||1699|||2196|||||||0|||||||0|||||||0|||||||0|||||||0|0|497|0|1699|0|0|2196||1||1|||2|||||||0|||||||0|||||||0|||||||0|||||||0|0|1|0|1|0|0|2|NO|YES|NO|YES|NO|NO|NO|NO|NO|NO|NO|NO|NO|NO|NO|NO|NO|NO|NO|NO|NO|NO|NO|NO|NO|NO|NO|NO|NO|NO|NO|NO|NO|NO|NO|NO||497|||||497||||1274|||1274||||425|||425|||||||0|||||||0|||||||0|||||||0||||||||0|0|497|0|1699|0|0|2196||||1699|||1699|||||||0||497|||||497|||||||0|||||||0|0|497|0|1699|0|0|2196|||100|||1|3|1|START Asia Pacific:||497|||||497||||1274|||1274||||425|||425|||||||0|||||||0|||||||0|||||||0||||||||0|0|497|0|1699|0|0|2196|||||||0||||1699|||1699||497|||||497|||||||0|||||||0|0|497|0|1699|0|0|2196|START Europe:|||||||||||||||||||||||||||||||||||||||||||||||||||||||||||||||||||||||||||||||||||||||||||||||||||||||||||START North America:|||||||||||||||||||||||||||||||||||||||||||||||||||||||||||||||||||||||||||||||||||||||||||||||||||||||||||START Global:|||||||||||||||||||||||||||||||||||||||||||||||||||||||||||||||||||||||||||||||||||||||||||||||||||||||||||START SOUTH America:|||||||||||||||||||||||||||||||||||||||||||||||||||||||||||||||||||||||||||||||||||||||||||||||||||||||||||START Africa:||||||||||||||||||||||||||||||||||||||||||||||||||||||||||||||||||||||||||||||||||||||||||||||||||||||||||
85|ANREV|14/02/2017|Meghan Lakeland|PGIM Real Estate|Vice President, Business Development|meghan.lakeland@gmail.com|9737341461|United States|USD||1|||162|476|||||638|601|174||||694|1469|302|275|||||577|15||||||15|||||||0|||||||0|1080|925|0|0|0|694|2699|2|1|||||3|3|1||||2|6|3|1|||||4|1||||||1|||||||0|||||||0|9|3|0|0|0|2|14|YES|YES|NO|NO|NO|NO|YES|YES|NO|NO|NO|YES|YES|YES|NO|NO|NO|NO|YES|NO|NO|NO|NO|NO|NO|NO|NO|NO|NO|NO|NO|NO|NO|NO|NO|NO|360|245||||508|1113|164|228||||37|429|148|442||||104|694|||||||0|42|||||37|79|3|||||9|12|||||||0||372||||||372|1089|915|0|0|0|695|2699|137|34||||15|186|675|453.699914||||130|1274|277|413||||549|1239|||||||0|||||||0|1089|916|0|0|0|694|2699|0.5||99.5|||1|3|1|START Asia Pacific:|||||||||||||||||||||||||||||||||||||||||||||||||||||||||||||||||||||||||||||||||||||||||||||||||||||||||||START Europe:|||||||||||||||||||||||||||||||||||||||||||||||||||||||||||||||||||||||||||||||||||||||||||||||||||||||||||START North America:|||||||||||||||||||||||||||||||||||||||||||||||||||||||||||||||||||||||||||||||||||||||||||||||||||||||||||START Global:|||||||||||||||||||||||||||||||||||||||||||||||||||||||||||||||||||||||||||||||||||||||||||||||||||||||||||START SOUTH America:|||||||||||||||||||||||||||||||||||||||||||||||||||||||||||||||||||||||||||||||||||||||||||||||||||||||||||START Africa:||||||||||||||||||||||||||||||||||||||||||||||||||||||||||||||||||||||||||||||||||||||||||||||||||||||||||
91|ANREV|14/02/2017|Piramal Fund Management Pvt. Ltd|Piramal Fund Management Pvt. Ltd|Investor Relations|investors@piramal.com|2261513460|India|INR||1|||1420|840|||||2260|||||||0|||||||0|||||||0|||||||0|||||||0|1420|840|0|0|0|0|2260|1|1|||||2|||||||0|||||||0|||||||0|||||||0|||||||0|1|1|0|0|0|0|2|YES|YES|NO|NO|NO|NO|NO|NO|NO|NO|NO|NO|NO|NO|NO|NO|NO|NO|NO|NO|NO|NO|NO|NO|NO|NO|NO|NO|NO|NO|NO|NO|NO|NO|NO|NO|||||||0|||||||0|||||||0|||||||0|||||||0|||||||0|2260||||||2260||||||||0|2260|0|0|0|0|0|2260|1420|840|||||2260|||||||0|||||||0|||||||0|||||||0|1420|840|0|0|0|0|2260|100|||||1|1|2|START Asia Pacific:|||||||0|||||||0|||||||0|||||||0|||||||0|||||||0|2260||||||2260||||||||0|2260|0|0|0|0|0|2260|||||||0|2260||||||2260|||||||0|||||||0|||||||0|2260|0|0|0|0|0|2260|START Europe:|||||||||||||||||||||||||||||||||||||||||||||||||||||||||||||||||||||||||||||||||||||||||||||||||||||||||||START North America:|||||||||||||||||||||||||||||||||||||||||||||||||||||||||||||||||||||||||||||||||||||||||||||||||||||||||||START Global:|||||||||||||||||||||||||||||||||||||||||||||||||||||||||||||||||||||||||||||||||||||||||||||||||||||||||||START SOUTH America:|||||||||||||||||||||||||||||||||||||||||||||||||||||||||||||||||||||||||||||||||||||||||||||||||||||||||||START Africa:||||||||||||||||||||||||||||||||||||||||||||||||||||||||||||||||||||||||||||||||||||||||||||||||||||||||||
229|ANREV|14/02/2017|Peter Wylie|Lendlease Investment Management|Business Development Manager - New Equity|peter.wylie@lendlease.com|61477309659|Australia|AUD||2|6|No equity requirement|||||||0|||||||0|||||||0|||||||0|||||||0|||||||0|0|0|0|0|0|0|0|||||||0|||||||0|||||||0|||||||0|||||||0|||||||0|0|0|0|0|0|0|0|NO|NO|NO|NO|NO|NO|NO|NO|NO|NO|NO|NO|NO|NO|NO|NO|NO|NO|NO|NO|NO|NO|NO|NO|NO|NO|NO|NO|NO|NO|NO|NO|NO|NO|NO|NO|||||||0|||||||0|||||||0|||||||0|||||||0|||||||0|||||||0||||||||0|0|0|0|0|0|0|0|||||||0|||||||0|||||||0|||||||0|||||||0|0|0|0|0|0|0|0||||||1|1|1|START Asia Pacific:|||||||||||||||||||||||||||||||||||||||||||||||||||||||||||||||||||||||||||||||||||||||||||||||||||||||||||START Europe:|||||||||||||||||||||||||||||||||||||||||||||||||||||||||||||||||||||||||||||||||||||||||||||||||||||||||||START North America:|||||||||||||||||||||||||||||||||||||||||||||||||||||||||||||||||||||||||||||||||||||||||||||||||||||||||||START Global:|||||||||||||||||||||||||||||||||||||||||||||||||||||||||||||||||||||||||||||||||||||||||||||||||||||||||||START SOUTH America:|||||||||||||||||||||||||||||||||||||||||||||||||||||||||||||||||||||||||||||||||||||||||||||||||||||||||||START Africa:||||||||||||||||||||||||||||||||||||||||||||||||||||||||||||||||||||||||||||||||||||||||||||||||||||||||||
235|ANREV|14/02/2017|Ryota Nagao|IDERA Capital Management Ltd|Senior Manager|ryota.nagao@idera-capital.com|+81 3 5771 9055|Japan|JPY||1||||||25676|||25676|||||||0|||||||0|||||||0|||||||0|||||||0|0|0|0|25676|0|0|25676||||1|||1|||||||0|||||||0|||||||0|||||||0|||||||0|0|0|0|1|0|0|1|NO|NO|NO|YES|NO|NO|NO|NO|NO|NO|NO|NO|NO|NO|NO|NO|NO|NO|NO|NO|NO|NO|NO|NO|NO|NO|NO|NO|NO|NO|NO|NO|NO|NO|NO|NO||||24500|||24500|||||||0|||||||0|||||||0|||||||0|||||||0|||||||0|||||1176|||1176|0|0|0|25676|0|0|25676||||1176|||1176||||24500|||24500|||||||0|||||||0|||||||0|0|0|0|25676|0|0|25676||95.2|||4.8|1|1|1|START Asia Pacific:||||24500|||24500|||||||0|||||||0|||||||0|||||||0|||||||0|||||||0|||||1176|||1176|0|0|0|25676|0|0|25676||||24500|||24500||||1176|||1176|||||||0|||||||0|||||||0|0|0|0|25676|0|0|25676|START Europe:|||||||||||||||||||||||||||||||||||||||||||||||||||||||||||||||||||||||||||||||||||||||||||||||||||||||||||START North America:|||||||||||||||||||||||||||||||||||||||||||||||||||||||||||||||||||||||||||||||||||||||||||||||||||||||||||START Global:|||||||||||||||||||||||||||||||||||||||||||||||||||||||||||||||||||||||||||||||||||||||||||||||||||||||||||START SOUTH America:|||||||||||||||||||||||||||||||||||||||||||||||||||||||||||||||||||||||||||||||||||||||||||||||||||||||||||START Africa:||||||||||||||||||||||||||||||||||||||||||||||||||||||||||||||||||||||||||||||||||||||||||||||||||||||||||
75|ANREV|06/02/2017|John LEE|Orion Partners Real Estate Group|Partner and Head of Real Estate Group|jlee@orionpartners.com|+852 2218 2168|Hong Kong|USD||1|||70|0|0|0|0|0|70|0|0|0|0|0|0|0|0|0|0|0|0|0|0|0|0|0|0|0|0|0|0|0|0|0|0|0|0|0|0|0|0|0|0|0|70|0|0|0|0|0|70|1||||||1|||||||0|||||||0|||||||0|||||||0|||||||0|1|0|0|0|0|0|1|YES|NO|NO|NO|NO|NO|NO|NO|NO|NO|NO|NO|NO|NO|NO|NO|NO|NO|NO|NO|NO|NO|NO|NO|NO|NO|NO|NO|NO|NO|NO|NO|NO|NO|NO|NO|70||||||70|0||||||0|0||||||0|0||||||0|0||||||0|0||||||0|0||||||0||0||||||0|70|0|0|0|0|0|70|60||||||60|10||||||10|0||||||0|0||||||0|0||||||0|70|0|0|0|0|0|70|86|14|0||0|1|3|1|START Asia Pacific:|70||||||70|0||||||0|0||||||0|0||||||0|0||||||0|0||||||0|0||||||0||0||||||0|70|0|0|0|0|0|70|10||||||10|60||||||60|0||||||0|0||||||0|0||||||0|70|0|0|0|0|0|70|START Europe:|||||||||||||||||||||||||||||||||||||||||||||||||||||||||||||||||||||||||||||||||||||||||||||||||||||||||||START North America:|||||||||||||||||||||||||||||||||||||||||||||||||||||||||||||||||||||||||||||||||||||||||||||||||||||||||||START Global:|||||||||||||||||||||||||||||||||||||||||||||||||||||||||||||||||||||||||||||||||||||||||||||||||||||||||||START SOUTH America:|||||||||||||||||||||||||||||||||||||||||||||||||||||||||||||||||||||||||||||||||||||||||||||||||||||||||||START Africa:||||||||||||||||||||||||||||||||||||||||||||||||||||||||||||||||||||||||||||||||||||||||||||||||||||||||||
160|ANREV|03/02/2017|Tim Simpson|Propertylink Group|General Manager - Funds & Mandates|tsimpson@propertylink.com.au|+61 2 9186 4715|Australia|AUD||1||||||115|||115|||||||0|||||||0|||||||0|||||||0|||||||0|0|0|0|115|0|0|115||||2|||2|||||||0|||||||0|||||||0|||||||0|||||||0|0|0|0|2|0|0|2|NO|NO|NO|YES|NO|NO|NO|NO|NO|NO|NO|NO|NO|NO|NO|NO|NO|NO|NO|NO|NO|NO|NO|NO|NO|NO|NO|NO|NO|NO|NO|NO|NO|NO|NO|NO|||||||0|||||||0|||||||0|||||||0|||||||0|||||||0|||||||0|Institutional Investors||||115|||115|0|0|0|115|0|0|115||||23|||23||||40|||40||||52|||52|||||||0|||||||0|0|0|0|115|0|0|115|||100|||1|3|1|START Asia Pacific:|||||||0|||||||0|||||||0|||||||0|||||||0|||||||0|||||||0|Institutional Investors||||115|||115|0|0|0|115|0|0|115||||40|||40||||23|||23||||52|||52|||||||0|||||||0|0|0|0|115|0|0|115|START Europe:|||||||||||||||||||||||||||||||||||||||||||||||||||||||||||||||||||||||||||||||||||||||||||||||||||||||||||START North America:|||||||||||||||||||||||||||||||||||||||||||||||||||||||||||||||||||||||||||||||||||||||||||||||||||||||||||START Global:|||||||||||||||||||||||||||||||||||||||||||||||||||||||||||||||||||||||||||||||||||||||||||||||||||||||||||START SOUTH America:|||||||||||||||||||||||||||||||||||||||||||||||||||||||||||||||||||||||||||||||||||||||||||||||||||||||||||START Africa:||||||||||||||||||||||||||||||||||||||||||||||||||||||||||||||||||||||||||||||||||||||||||||||||||||||||||
86|ANREV|16/01/2017|Irene Zabala|ISPT Pty. Ltd|Research Analyst, Investor Relations|izabala@ispt.net.au|03 8601 6646|Australia|AUD||1||||620|||||620|||||||0|||||||0|||||||0|||||||0|||||||0|0|620|0|0|0|0|620||2|||||2|||||||0|||||||0|||||||0|||||||0|||||||0|0|2|0|0|0|0|2|NO|YES|NO|NO|NO|NO|NO|NO|NO|NO|NO|NO|NO|NO|NO|NO|NO|NO|NO|NO|NO|NO|NO|NO|NO|NO|NO|NO|NO|NO|NO|NO|NO|NO|NO|NO||620|||||620|||||||0|||||||0|||||||0|||||||0|||||||0|||||||0||||||||0|0|620|0|0|0|0|620||620|||||620|||||||0|||||||0|||||||0|||||||0|0|620|0|0|0|0|620|||100|||3|2|1|START Asia Pacific:||620|||||620|||||||0|||||||0|||||||0|||||||0|||||||0|||||||0||||||||0|0|620|0|0|0|0|620|||||||0||620|||||620|||||||0|||||||0|||||||0|0|620|0|0|0|0|620|START Europe:|||||||||||||||||||||||||||||||||||||||||||||||||||||||||||||||||||||||||||||||||||||||||||||||||||||||||||START North America:|||||||||||||||||||||||||||||||||||||||||||||||||||||||||||||||||||||||||||||||||||||||||||||||||||||||||||START Global:|||||||||||||||||||||||||||||||||||||||||||||||||||||||||||||||||||||||||||||||||||||||||||||||||||||||||||START SOUTH America:|||||||||||||||||||||||||||||||||||||||||||||||||||||||||||||||||||||||||||||||||||||||||||||||||||||||||||START Africa:||||||||||||||||||||||||||||||||||||||||||||||||||||||||||||||||||||||||||||||||||||||||||||||||||||||||||
179|ANREV|13/02/2017|Nicholas Dempsey|BlackRock|Analyst|nicholas.dempsey@blackrock.com|2077432603|United States|USD||1|||115.2|0|0|0|0|0|115.2|680.2|0|0|0|0|0|680.2|103.3|185.8|0|0|0|315|604.1|0|0|0|0|0|0|0|0|0|0|0|0|0|0|0|0|0|0|0|0|0|898.7|185.8|0|0|0|315|1399.5|2||||||2|3||||||3|1|4||||1|6|||||||0|||||||0|||||||0|6|4|0|0|0|1|11|YES|NO|NO|NO|NO|NO|YES|NO|NO|NO|NO|NO|YES|YES|NO|NO|NO|YES|NO|NO|NO|NO|NO|NO|NO|NO|NO|NO|NO|NO|NO|NO|NO|NO|NO|NO|747.1|131.4||||117.5|996|91.8|||||125.5|217.3||||||54|54|||||||0|8.8||||||8.8|15|||||18.1|33.1|||||||0||90.3|0|||||90.3|953|131.4|0|0|0|315.1|1399.5|56.7|||||94|150.7|429.3||||||429.3|467|131.4||||221.1|819.5|||||||0|||||||0|953|131.4|0|0|0|315.1|1399.5|||100|||1|3|1|START Asia Pacific:|62||||||62|14.4||||||14.4|||||||0|||||||0|||||||0|||||||0|||||||0|Corporate|38.8||||||38.8|115.2|0|0|0|0|0|115.2|57.2||||||57.2|15.7||||||15.7|42.3||||||42.3|||||||0|||||||0|115.2|0|0|0|0|0|115.2|START Europe:|608.1||||||608.1|46.2||||||46.2|||||||0|||||||0|8.8||||||8.8|||||||0|||||||0||17.1||||||17.1|680.2|0|0|0|0|0|680.2|372.2||||||372.2|||||||0|308||||||308|||||||0|||||||0|680.2|0|0|0|0|0|680.2|START North America:|77|131.4||||117.5|325.9|31.2|||||125.5|156.7||||||54|54|||||||0|||||||0|15|||||18.1|33.1|||||||0||34.4||||||34.4|157.6|131.4|0|0|0|315.1|604.1|||||||0|136.2||||||136.2|467.9||||||467.9|||||||0|||||||0|604.1|0|0|0|0|0|604.1|START Global:|||||||||||||||||||||||||||||||||||||||||||||||||||||||||||||||||||||||||||||||||||||||||||||||||||||||||||START SOUTH America:|||||||||||||||||||||||||||||||||||||||||||||||||||||||||||||||||||||||||||||||||||||||||||||||||||||||||||START Africa:||||||||||||||||||||||||||||||||||||||||||||||||||||||||||||||||||||||||||||||||||||||||||||||||||||||||||
108|ANREV|14/02/2017|Zheng Wanshi|CapitaLand Limited|Head, Investment Management|zheng.wanshi@capitaland.com|6713 3103|Singapore|USD||1|||1500||||||1500|||||||0|||||||0|||||||0|||||||0|||||||0|1500|0|0|0|0|0|1500|1||||||1|||||||0|||||||0|||||||0|||||||0|||||||0|1|0|0|0|0|0|1|YES|NO|NO|NO|NO|NO|NO|NO|NO|NO|NO|NO|NO|NO|NO|NO|NO|NO|NO|NO|NO|NO|NO|NO|NO|NO|NO|NO|NO|NO|NO|NO|NO|NO|NO|NO|725||||||725|||||||0|100||||||100|||||||0|||||||0|||||||0|||||||0|Corporate and Financial Institutes|675||||||675|1500|0|0|0|0|0|1500|775||||||775|||||||0|725||||||725|||||||0|||||||0|1500|0|0|0|0|0|1500|58||||42|1|2|1|START Asia Pacific:|725||||||725|||||||0|100||||||100|||||||0|||||||0|||||||0|||||||0|Corporates and Financial Institutes|675||||||675|1500|0|0|0|0|0|1500|||||||0|775||||||775|725||||||725|||||||0|||||||0|1500|0|0|0|0|0|1500|START Europe:|||||||||||||||||||||||||||||||||||||||||||||||||||||||||||||||||||||||||||||||||||||||||||||||||||||||||||START North America:|||||||||||||||||||||||||||||||||||||||||||||||||||||||||||||||||||||||||||||||||||||||||||||||||||||||||||START Global:|||||||||||||||||||||||||||||||||||||||||||||||||||||||||||||||||||||||||||||||||||||||||||||||||||||||||||START SOUTH America:|||||||||||||||||||||||||||||||||||||||||||||||||||||||||||||||||||||||||||||||||||||||||||||||||||||||||||START Africa:||||||||||||||||||||||||||||||||||||||||||||||||||||||||||||||||||||||||||||||||||||||||||||||||||||||||||
96|ANREV|16/01/2017|Linh Pham|EG Funds Management|Analyst|lpham@eg.com.au|02 92207027|Australia|AUD||1|||||520||||520|||||||0|||||||0|||||||0|||||||0|||||||0|0|0|520|0|0|0|520|||2||||2|||||||0|||||||0|||||||0|||||||0|||||||0|0|0|2|0|0|0|2|NO|NO|YES|NO|NO|NO|NO|NO|NO|NO|NO|NO|NO|NO|NO|NO|NO|NO|NO|NO|NO|NO|NO|NO|NO|NO|NO|NO|NO|NO|NO|NO|NO|NO|NO|NO|||503||||503|||||||0|||||||0|||||||0|||||||0|||||||0|||17||||17||||||||0|0|0|520|0|0|0|520|||505||||505|||15||||15|||||||0|||||||0|||||||0|0|0|520|0|0|0|520|||100|||1|2|1|START Asia Pacific:|||503||||503|||||||0|||||||0|||||||0|||||||0|||||||0|||17||||17||||||||0|0|0|520|0|0|0|520|||15||||15|||505||||505|||||||0|||||||0|||||||0|0|0|520|0|0|0|520|START Europe:|||||||||||||||||||||||||||||||||||||||||||||||||||||||||||||||||||||||||||||||||||||||||||||||||||||||||||START North America:|||||||||||||||||||||||||||||||||||||||||||||||||||||||||||||||||||||||||||||||||||||||||||||||||||||||||||START Global:|||||||||||||||||||||||||||||||||||||||||||||||||||||||||||||||||||||||||||||||||||||||||||||||||||||||||||START SOUTH America:|||||||||||||||||||||||||||||||||||||||||||||||||||||||||||||||||||||||||||||||||||||||||||||||||||||||||||START Africa:||||||||||||||||||||||||||||||||||||||||||||||||||||||||||||||||||||||||||||||||||||||||||||||||||||||||||
231|ANREV|14/02/2017|Makiko Noda|Japan|Administration Dept. Dupty General Manager|makiko.noda@mc-dream.com|-8851|Japan|JPY||1|||184246|38200|5180|2230|0|20878|250734|||||||0|||||||0|||||||0|||||||0|||||||0|184246|38200|5180|2230|0|20878|250734|1|1|2|1||3|8|||||||0|||||||0|||||||0|||||||0|||||||0|1|1|2|1|0|3|8|YES|YES|YES|YES|NO|YES|NO|NO|NO|NO|NO|NO|NO|NO|NO|NO|NO|NO|NO|NO|NO|NO|NO|NO|NO|NO|NO|NO|NO|NO|NO|NO|NO|NO|NO|NO|27637|||||5158|32795||||||1205|1205||||1784|||1784|||||||0|||||||0|||||||0|||||||0||156609|38200|5180|446||14515|214950|184246|38200|5180|2230|0|20878|250734|184264|38200|5180|2230||20878|250752|||||||0|||||||0|||||||0|||||||0|184264|38200|5180|2230|0|20878|250752|77||23|||1|3|1|START Asia Pacific:|27637|||||5158|32795||||||1205|1205||||1784|||1784|||||||0|||||||0|||||||0|||||||0||156609|38200|5180|446||14515|214950|184246|38200|5180|2230|0|20878|250734|||||||0|18246|38200|5180|2230||20878|84734|||||||0|||||||0|||||||0|18246|38200|5180|2230|0|20878|84734|START Europe:|||||||||||||||||||||||||||||||||||||||||||||||||||||||||||||||||||||||||||||||||||||||||||||||||||||||||||START North America:|||||||||||||||||||||||||||||||||||||||||||||||||||||||||||||||||||||||||||||||||||||||||||||||||||||||||||START Global:|||||||||||||||||||||||||||||||||||||||||||||||||||||||||||||||||||||||||||||||||||||||||||||||||||||||||||START SOUTH America:|||||||||||||||||||||||||||||||||||||||||||||||||||||||||||||||||||||||||||||||||||||||||||||||||||||||||||START Africa:||||||||||||||||||||||||||||||||||||||||||||||||||||||||||||||||||||||||||||||||||||||||||||||||||||||||||
120|ANREV|26/01/2017|Minoru Yonekura|Seven Seas Advisors Co. LTD.|CEO|minoru.yonekura@sevenseas-adv.com|+813 3539 1490|Japan|JPY||2|6|limited opportunistic deal available|||||||0|||||||0|||||||0|||||||0|||||||0|||||||0|0|0|0|0|0|0|0|||||||0|||||||0|||||||0|||||||0|||||||0|||||||0|0|0|0|0|0|0|0|NO|NO|NO|NO|NO|NO|NO|NO|NO|NO|NO|NO|NO|NO|NO|NO|NO|NO|NO|NO|NO|NO|NO|NO|NO|NO|NO|NO|NO|NO|NO|NO|NO|NO|NO|NO|||||||0|||||||0|||||||0|||||||0|||||||0|||||||0|||||||0||||||||0|0|0|0|0|0|0|0|||||||0|||||||0|||||||0|||||||0|||||||0|0|0|0|0|0|0|0||||||1|3|1|START Asia Pacific:|||||||||||||||||||||||||||||||||||||||||||||||||||||||||||||||||||||||||||||||||||||||||||||||||||||||||||START Europe:|||||||||||||||||||||||||||||||||||||||||||||||||||||||||||||||||||||||||||||||||||||||||||||||||||||||||||START North America:|||||||||||||||||||||||||||||||||||||||||||||||||||||||||||||||||||||||||||||||||||||||||||||||||||||||||||START Global:|||||||||||||||||||||||||||||||||||||||||||||||||||||||||||||||||||||||||||||||||||||||||||||||||||||||||||START SOUTH America:|||||||||||||||||||||||||||||||||||||||||||||||||||||||||||||||||||||||||||||||||||||||||||||||||||||||||||START Africa:||||||||||||||||||||||||||||||||||||||||||||||||||||||||||||||||||||||||||||||||||||||||||||||||||||||||||
118|ANREV|25/01/2017|Markus Puusepp|White Peak|Head of Investor Relations|markus.puusepp@wprei.com|85297392141|China|CNY||1|||811||||||811|||||||0|||||||0|||||||0|||||||0|||||||0|811|0|0|0|0|0|811|1||||||1|||||||0|||||||0|||||||0|||||||0|||||||0|1|0|0|0|0|0|1|YES|NO|NO|NO|NO|NO|NO|NO|NO|NO|NO|NO|NO|NO|NO|NO|NO|NO|NO|NO|NO|NO|NO|NO|NO|NO|NO|NO|NO|NO|NO|NO|NO|NO|NO|NO|711||||||711|||||||0|||||||0|||||||0|||||||0|||||||0|100||||||100||||||||0|811|0|0|0|0|0|811|||||||0|811||||||811|||||||0|||||||0|||||||0|811|0|0|0|0|0|811|100|||||2|2|1|START Asia Pacific:|811||||||811|||||||0|||||||0|||||||0|||||||0|||||||0|||||||0||||||||0|811|0|0|0|0|0|811|811||||||811|||||||0|||||||0|||||||0|||||||0|811|0|0|0|0|0|811|START Europe:|||||||||||||||||||||||||||||||||||||||||||||||||||||||||||||||||||||||||||||||||||||||||||||||||||||||||||START North America:|||||||||||||||||||||||||||||||||||||||||||||||||||||||||||||||||||||||||||||||||||||||||||||||||||||||||||START Global:|||||||||||||||||||||||||||||||||||||||||||||||||||||||||||||||||||||||||||||||||||||||||||||||||||||||||||START SOUTH America:|||||||||||||||||||||||||||||||||||||||||||||||||||||||||||||||||||||||||||||||||||||||||||||||||||||||||||START Africa:||||||||||||||||||||||||||||||||||||||||||||||||||||||||||||||||||||||||||||||||||||||||||||||||||||||||||
241|ANREV|14/02/2017|TAJIMA MASAHIKO|Kenedix, Inc.|Director CFO Head of Corporate Planning|masahiko_tajima@kenedix.com|81-3-5623-8460|Japan|JPY||1|||100|300|||||400|||||||0|||||||0|||||||0|||||||0|||||||0|100|300|0|0|0|0|400|2|3|||||5|||||||0|||||||0|||||||0|||||||0|||||||0|2|3|0|0|0|0|5|YES|YES|NO|NO|NO|NO|NO|NO|NO|NO|NO|NO|NO|NO|NO|NO|NO|NO|NO|NO|NO|NO|NO|NO|NO|NO|NO|NO|NO|NO|NO|NO|NO|NO|NO|NO|||||||0|||||||0|||||||0|||||||0|||||||0|||||||0|||||||0|corporates/banks|100|300|||||400|100|300|0|0|0|0|400|100|300|||||400|||||||0|||||||0|||||||0|||||||0|100|300|0|0|0|0|400|10||90||0|1|3|1|START Asia Pacific:|||||||0|||||||0|||||||0|||||||0|||||||0|||||||0|||||||0|Corporates/Banks|100|300|||||400|100|300|0|0|0|0|400|||||||0|100|300|||||400|||||||0|||||||0|||||||0|100|300|0|0|0|0|400|START Europe:|||||||||||||||||||||||||||||||||||||||||||||||||||||||||||||||||||||||||||||||||||||||||||||||||||||||||||START North America:|||||||||||||||||||||||||||||||||||||||||||||||||||||||||||||||||||||||||||||||||||||||||||||||||||||||||||START Global:|||||||||||||||||||||||||||||||||||||||||||||||||||||||||||||||||||||||||||||||||||||||||||||||||||||||||||START SOUTH America:|||||||||||||||||||||||||||||||||||||||||||||||||||||||||||||||||||||||||||||||||||||||||||||||||||||||||||START Africa:||||||||||||||||||||||||||||||||||||||||||||||||||||||||||||||||||||||||||||||||||||||||||||||||||||||||||
87|ANREV|13/01/2017|Saleh Afimiwalla|IL&FS Investment Managers Limited|Sr Managing Partner|saleh.afimiwalla@ilfsindia.com|+9122 26593539|India|USD||2|6|Completing exits in existing funds|||||||0|||||||0|||||||0|||||||0|||||||0|||||||0|0|0|0|0|0|0|0|||||||0|||||||0|||||||0|||||||0|||||||0|||||||0|0|0|0|0|0|0|0|NO|NO|NO|NO|NO|NO|NO|NO|NO|NO|NO|NO|NO|NO|NO|NO|NO|NO|NO|NO|NO|NO|NO|NO|NO|NO|NO|NO|NO|NO|NO|NO|NO|NO|NO|NO|||||||0|||||||0|||||||0|||||||0|||||||0|||||||0|||||||0||||||||0|0|0|0|0|0|0|0|||||||0|||||||0|||||||0|||||||0|||||||0|0|0|0|0|0|0|0||||||1|1|2|START Asia Pacific:|||||||||||||||||||||||||||||||||||||||||||||||||||||||||||||||||||||||||||||||||||||||||||||||||||||||||||START Europe:|||||||||||||||||||||||||||||||||||||||||||||||||||||||||||||||||||||||||||||||||||||||||||||||||||||||||||START North America:|||||||||||||||||||||||||||||||||||||||||||||||||||||||||||||||||||||||||||||||||||||||||||||||||||||||||||START Global:|||||||||||||||||||||||||||||||||||||||||||||||||||||||||||||||||||||||||||||||||||||||||||||||||||||||||||START SOUTH America:|||||||||||||||||||||||||||||||||||||||||||||||||||||||||||||||||||||||||||||||||||||||||||||||||||||||||||START Africa:||||||||||||||||||||||||||||||||||||||||||||||||||||||||||||||||||||||||||||||||||||||||||||||||||||||||||
97|ANREV|14/02/2017|Sarah McGeachie|Fife Capital|Executive|sarah@sg.fifecapital.com|6592469260|Australia|AUD||1|||150|300|||||450|||||||0|||||||0|||||||0|||||||0|||||||0|150|300|0|0|0|0|450|1|2|||||3|||||||0|||||||0|||||||0|||||||0|||||||0|1|2|0|0|0|0|3|YES|YES|NO|NO|NO|NO|NO|NO|NO|NO|NO|NO|NO|NO|NO|NO|NO|NO|NO|NO|NO|NO|NO|NO|NO|NO|NO|NO|NO|NO|NO|NO|NO|NO|NO|NO|150|300|||||450|||||||0|||||||0|||||||0|||||||0|||||||0|||||||0||||||||0|150|300|0|0|0|0|450|150|300|||||450|||||||0|||||||0|||||||0|||||||0|150|300|0|0|0|0|450|||100|||1|2|1|START Asia Pacific:|150|300|||||450|||||||0|||||||0|||||||0|||||||0|||||||0|||||||0||||||||0|150|300|0|0|0|0|450|150||||||150||300|||||300|||||||0|||||||0|||||||0|150|300|0|0|0|0|450|START Europe:|||||||||||||||||||||||||||||||||||||||||||||||||||||||||||||||||||||||||||||||||||||||||||||||||||||||||||START North America:|||||||||||||||||||||||||||||||||||||||||||||||||||||||||||||||||||||||||||||||||||||||||||||||||||||||||||START Global:|||||||||||||||||||||||||||||||||||||||||||||||||||||||||||||||||||||||||||||||||||||||||||||||||||||||||||START SOUTH America:|||||||||||||||||||||||||||||||||||||||||||||||||||||||||||||||||||||||||||||||||||||||||||||||||||||||||||START Africa:||||||||||||||||||||||||||||||||||||||||||||||||||||||||||||||||||||||||||||||||||||||||||||||||||||||||||
181|ANREV|08/02/2017|Johan Shah|AEP Investment Management|Head, Investor Relations|johan.shah@aep-im.com|82006982|Singapore|SGD||1|||||||||0|||||||0|||||||0|72.5||||||72.5|||||||0|||||||0|72.5|0|0|0|0|0|72.5|||||||0|||||||0|||||||0|1||||||1|||||||0|||||||0|1|0|0|0|0|0|1|NO|NO|NO|NO|NO|NO|NO|NO|NO|NO|NO|NO|NO|NO|NO|NO|NO|NO|YES|NO|NO|NO|NO|NO|NO|NO|NO|NO|NO|NO|NO|NO|NO|NO|NO|NO|||||||0|||||||0|||||||0|61.7||||||61.7|10.8||||||10.8|||||||0|||||||0||||||||0|72.5|0|0|0|0|0|72.5|72.5||||||72.5|||||||0|||||||0|||||||0|||||||0|72.5|0|0|0|0|0|72.5|||100|||1|1|1|START Asia Pacific:|||||||||||||||||||||||||||||||||||||||||||||||||||||||||||||||||||||||||||||||||||||||||||||||||||||||||||START Europe:|||||||||||||||||||||||||||||||||||||||||||||||||||||||||||||||||||||||||||||||||||||||||||||||||||||||||||START North America:|||||||||||||||||||||||||||||||||||||||||||||||||||||||||||||||||||||||||||||||||||||||||||||||||||||||||||START Global:|||||||0|||||||0|||||||0|61.7||||||61.7|10.8||||||10.8|||||||0|||||||0||||||||0|72.5|0|0|0|0|0|72.5|||||||0|72.5||||||72.5|||||||0|||||||0|||||||0|72.5|0|0|0|0|0|72.5|START SOUTH America:|||||||||||||||||||||||||||||||||||||||||||||||||||||||||||||||||||||||||||||||||||||||||||||||||||||||||||START Africa:||||||||||||||||||||||||||||||||||||||||||||||||||||||||||||||||||||||||||||||||||||||||||||||||||||||||||
218|ANREV|14/02/2017|Singuz Lo|Pamfleet|CFO|singuz.lo@pamfleet.com|25455828|Hong Kong|USD||1||||55|||||55|||||||0|||||||0|||||||0|||||||0|||||||0|0|55|0|0|0|0|55||1|||||1|||||||0|||||||0|||||||0|||||||0|||||||0|0|1|0|0|0|0|1|NO|YES|NO|NO|NO|NO|NO|NO|NO|NO|NO|NO|NO|NO|NO|NO|NO|NO|NO|NO|NO|NO|NO|NO|NO|NO|NO|NO|NO|NO|NO|NO|NO|NO|NO|NO|||||||0|||||||0|||||||0|||||||0|||||||0||50|||||50|||||||0|Pamfleet GP||5|||||5|0|55|0|0|0|0|55||55|||||55|||||||0|||||||0|||||||0|||||||0|0|55|0|0|0|0|55|0||100|||1|3|1|START Asia Pacific:|||||||0|||||||0|||||||0|||||||0|||||||0||50|||||50|||||||0|Pamfleet GP||5|||||5|0|55|0|0|0|0|55|||||||0||55|||||55|||||||0|||||||0|||||||0|0|55|0|0|0|0|55|START Europe:|||||||||||||||||||||||||||||||||||||||||||||||||||||||||||||||||||||||||||||||||||||||||||||||||||||||||||START North America:|||||||||||||||||||||||||||||||||||||||||||||||||||||||||||||||||||||||||||||||||||||||||||||||||||||||||||START Global:|||||||||||||||||||||||||||||||||||||||||||||||||||||||||||||||||||||||||||||||||||||||||||||||||||||||||||START SOUTH America:|||||||||||||||||||||||||||||||||||||||||||||||||||||||||||||||||||||||||||||||||||||||||||||||||||||||||||START Africa:||||||||||||||||||||||||||||||||||||||||||||||||||||||||||||||||||||||||||||||||||||||||||||||||||||||||||
233|NCREIF|14/02/2017|Doug Harper|Principal Real Estate Investors|Managing Director|harper.doug@principal.com|4043955444|United States|USD||1|||||||||0|||||||0|2000|1000||||1000|4000|||||||0|||||||0|||||||0|2000|1000|0|0|0|1000|4000|||||||0|||||||0|3|5||||1|9|||||||0|||||||0|||||||0|3|5|0|0|0|1|9|NO|NO|NO|NO|NO|NO|NO|NO|NO|NO|NO|NO|YES|YES|NO|NO|NO|YES|NO|NO|NO|NO|NO|NO|NO|NO|NO|NO|NO|NO|NO|NO|NO|NO|NO|NO|1000|1000|||||2000|500|||||500|1000|500||||||500|||||||0|100||||||100|||||||0|50||||||50|foreign capital||350|||||350|2150|1350|0|0|0|500|4000|250|250|||||500|250|250|||||500|1500|474.5815|||||3000|||||||0|||||||0|2000|2000|0|0|0|0|4000|0|5|95|||3|3|2|START Asia Pacific:|||||||||||||||||||||||||||||||||||||||||||||||||||||||||||||||||||||||||||||||||||||||||||||||||||||||||||START Europe:|||||||||||||||||||||||||||||||||||||||||||||||||||||||||||||||||||||||||||||||||||||||||||||||||||||||||||START North America:|1000|1000|||||2000|500|||||500|1000|500||||||500|||||||0|100||||||100|||||||0|50||||||50|Foreign capital||350|||||350|2150|1350|0|0|0|500|4000|250|250|||||500|250|250|||||500|1500|1500|||||3000|||||||0|||||||0|2000|2000|0|0|0|0|4000|START Global:|||||||||||||||||||||||||||||||||||||||||||||||||||||||||||||||||||||||||||||||||||||||||||||||||||||||||||START SOUTH America:|||||||||||||||||||||||||||||||||||||||||||||||||||||||||||||||||||||||||||||||||||||||||||||||||||||||||||START Africa:||||||||||||||||||||||||||||||||||||||||||||||||||||||||||||||||||||||||||||||||||||||||||||||||||||||||||
81|NCREIF|12/01/2017|Patricia Richardson|Guggenheim Real Estate LLC|Director/Controller|prichardson@guggenheimrealestate.com|6175365542|United States|USD||1|||||||||0|||||||0|141.33||||||141.33|||||||0|||||||0|||||||0|141.33|0|0|0|0|0|141.33|||||||0|||||||0|2||||||2|||||||0|||||||0|||||||0|2|0|0|0|0|0|2|NO|NO|NO|NO|NO|NO|NO|NO|NO|NO|NO|NO|YES|NO|NO|NO|NO|NO|NO|NO|NO|NO|NO|NO|NO|NO|NO|NO|NO|NO|NO|NO|NO|NO|NO|NO|50||||||50|||||||0|||||||0|||||||0|1||||||1|24||||||24|16.33||||||16.33|Foreign Corporate|50||||||50|141.33|0|0|0|0|0|141.33|50||||||50|||||||0|91.33||||||91.33|||||||0|||||||0|141.33|0|0|0|0|0|141.33|||100|||1|1|1|START Asia Pacific:|||||||||||||||||||||||||||||||||||||||||||||||||||||||||||||||||||||||||||||||||||||||||||||||||||||||||||START Europe:|||||||||||||||||||||||||||||||||||||||||||||||||||||||||||||||||||||||||||||||||||||||||||||||||||||||||||START North America:|50||||||50|||||||0|||||||0|||||||0|1||||||1|24||||||24|16.33||||||16.33|Foreign Corporate|50||||||50|141.33|0|0|0|0|0|141.33|||||||0|50||||||50|91.33||||||91.33|||||||0|||||||0|141.33|0|0|0|0|0|141.33|START Global:|||||||||||||||||||||||||||||||||||||||||||||||||||||||||||||||||||||||||||||||||||||||||||||||||||||||||||START SOUTH America:|||||||||||||||||||||||||||||||||||||||||||||||||||||||||||||||||||||||||||||||||||||||||||||||||||||||||||START Africa:||||||||||||||||||||||||||||||||||||||||||||||||||||||||||||||||||||||||||||||||||||||||||||||||||||||||||
68|NCREIF|11/01/2017|Dan Butler|American Realty Advisors|Director|dbutler@americanreal.com|8184096565|United States|USD||1|||||||||0|||||||0|600||||||600|||||||0|||||||0|||||||0|600|0|0|0|0|0|600|||||||0|||||||0|2||||||2|||||||0|||||||0|||||||0|2|0|0|0|0|0|2|NO|NO|NO|NO|NO|NO|NO|NO|NO|NO|NO|NO|YES|NO|NO|NO|NO|NO|NO|NO|NO|NO|NO|NO|NO|NO|NO|NO|NO|NO|NO|NO|NO|NO|NO|NO|600||||||600|||||||0|||||||0|||||||0|||||||0|||||||0|||||||0||||||||0|600|0|0|0|0|0|600|||||||0|35||||||35|565||||||565|||||||0|||||||0|600|0|0|0|0|0|600|0|20|80|||2|2|1|START Asia Pacific:|||||||||||||||||||||||||||||||||||||||||||||||||||||||||||||||||||||||||||||||||||||||||||||||||||||||||||START Europe:|||||||||||||||||||||||||||||||||||||||||||||||||||||||||||||||||||||||||||||||||||||||||||||||||||||||||||START North America:|600||||||600|||||||0|||||||0|||||||0|||||||0|||||||0|||||||0||||||||0|600|0|0|0|0|0|600|35||||||35|||||||0|565||||||565|||||||0|||||||0|600|0|0|0|0|0|600|START Global:|||||||||||||||||||||||||||||||||||||||||||||||||||||||||||||||||||||||||||||||||||||||||||||||||||||||||||START SOUTH America:|||||||||||||||||||||||||||||||||||||||||||||||||||||||||||||||||||||||||||||||||||||||||||||||||||||||||||START Africa:||||||||||||||||||||||||||||||||||||||||||||||||||||||||||||||||||||||||||||||||||||||||||||||||||||||||||
180|NCREIF|14/02/2017|Brandon Millen|Intercontinental Real Estate Corp.|Assoc Director Performance Measurement|Brandonm@intercontinental.net|617-779-0490|United States|USD||1|||||||||0|||||||0|616.7||||||616.7|||||||0|||||||0|||||||0|616.7|0|0|0|0|0|616.7|||||||0|||||||0|2||||||2|||||||0|||||||0|||||||0|2|0|0|0|0|0|2|NO|NO|NO|NO|NO|NO|NO|NO|NO|NO|NO|NO|YES|NO|NO|NO|NO|NO|NO|NO|NO|NO|NO|NO|NO|NO|NO|NO|NO|NO|NO|NO|NO|NO|NO|NO|609.9||||||609.9|||||||0|||||||0|||||||0|6.8||||||6.8|||||||0|||||||0||||||||0|616.7|0|0|0|0|0|616.7|||||||0|||||||0|616.7||||||616.7|||||||0|||||||0|616.7|0|0|0|0|0|616.7|||100|||3|3|1|START Asia Pacific:|||||||||||||||||||||||||||||||||||||||||||||||||||||||||||||||||||||||||||||||||||||||||||||||||||||||||||START Europe:|||||||||||||||||||||||||||||||||||||||||||||||||||||||||||||||||||||||||||||||||||||||||||||||||||||||||||START North America:|609.9||||||609.9|||||||0|||||||0|||||||0|6.8||||||6.8|||||||0|||||||0||||||||0|616.7|0|0|0|0|0|616.7|||||||0|||||||0|616.7||||||616.7|||||||0|||||||0|616.7|0|0|0|0|0|616.7|START Global:|||||||||||||||||||||||||||||||||||||||||||||||||||||||||||||||||||||||||||||||||||||||||||||||||||||||||||START SOUTH America:|||||||||||||||||||||||||||||||||||||||||||||||||||||||||||||||||||||||||||||||||||||||||||||||||||||||||||START Africa:||||||||||||||||||||||||||||||||||||||||||||||||||||||||||||||||||||||||||||||||||||||||||||||||||||||||||
165|NCREIF|03/02/2017|David Schenning|PNC|SVP|david.schenning@pnc.com|202-496-4760|United States|USD||1|||||||||0|||||||0|225||||||225|||||||0|||||||0|||||||0|225|0|0|0|0|0|225|||||||0|||||||0|1||||||1|||||||0|||||||0|||||||0|1|0|0|0|0|0|1|NO|NO|NO|NO|NO|NO|NO|NO|NO|NO|NO|NO|YES|NO|NO|NO|NO|NO|NO|NO|NO|NO|NO|NO|NO|NO|NO|NO|NO|NO|NO|NO|NO|NO|NO|NO|225||||||225|||||||0|||||||0|||||||0|||||||0|||||||0|||||||0||||||||0|225|0|0|0|0|0|225|||||||0|||||||0|225||||||225|||||||0|||||||0|225|0|0|0|0|0|225|100|||||2|2|2|START Asia Pacific:|||||||||||||||||||||||||||||||||||||||||||||||||||||||||||||||||||||||||||||||||||||||||||||||||||||||||||START Europe:|||||||||||||||||||||||||||||||||||||||||||||||||||||||||||||||||||||||||||||||||||||||||||||||||||||||||||START North America:|225||||||225|||||||0|||||||0|||||||0|||||||0|||||||0|||||||0||||||||0|225|0|0|0|0|0|225|||||||0|||||||0|225||||||225|||||||0|||||||0|225|0|0|0|0|0|225|START Global:|||||||||||||||||||||||||||||||||||||||||||||||||||||||||||||||||||||||||||||||||||||||||||||||||||||||||||START SOUTH America:|||||||||||||||||||||||||||||||||||||||||||||||||||||||||||||||||||||||||||||||||||||||||||||||||||||||||||START Africa:||||||||||||||||||||||||||||||||||||||||||||||||||||||||||||||||||||||||||||||||||||||||||||||||||||||||||
65|NCREIF|14/02/2017|Lisa Wallis|Sarofim Realty Advisors Co.|Portfolio Controller|lwallis@sraco.com|214-692-4266|United States|USD||2|6|New allocations pursued in 2016 but not approved until first quarter 2017. |||||||0|||||||0|||||||0|||||||0|||||||0|||||||0|0|0|0|0|0|0|0|||||||0|||||||0|||||||0|||||||0|||||||0|||||||0|0|0|0|0|0|0|0|NO|NO|NO|NO|NO|NO|NO|NO|NO|NO|NO|NO|NO|NO|NO|NO|NO|NO|NO|NO|NO|NO|NO|NO|NO|NO|NO|NO|NO|NO|NO|NO|NO|NO|NO|NO|||||||0|||||||0|||||||0|||||||0|||||||0|||||||0|||||||0||||||||0|0|0|0|0|0|0|0|||||||0|||||||0|||||||0|||||||0|||||||0|0|0|0|0|0|0|0||||||1|3|1|START Asia Pacific:|||||||||||||||||||||||||||||||||||||||||||||||||||||||||||||||||||||||||||||||||||||||||||||||||||||||||||START Europe:|||||||||||||||||||||||||||||||||||||||||||||||||||||||||||||||||||||||||||||||||||||||||||||||||||||||||||START North America:|||||||||||||||||||||||||||||||||||||||||||||||||||||||||||||||||||||||||||||||||||||||||||||||||||||||||||START Global:|||||||||||||||||||||||||||||||||||||||||||||||||||||||||||||||||||||||||||||||||||||||||||||||||||||||||||START SOUTH America:|||||||||||||||||||||||||||||||||||||||||||||||||||||||||||||||||||||||||||||||||||||||||||||||||||||||||||START Africa:||||||||||||||||||||||||||||||||||||||||||||||||||||||||||||||||||||||||||||||||||||||||||||||||||||||||||
109|INREV|20/01/2017|David Rückel|PIA Pontis Institutional Advisors GmbH|Managing Partner|david.rueckel@pia-pontis.com|4.98912E+12|Germany|EUR||1|||||||||0|100||||||100|||||||0|||||||0|||||||0|||||||0|100|0|0|0|0|0|100|||||||0|2||||||2|||||||0|||||||0|||||||0|||||||0|2|0|0|0|0|0|2|NO|NO|NO|NO|NO|NO|YES|NO|NO|NO|NO|NO|NO|NO|NO|NO|NO|NO|NO|NO|NO|NO|NO|NO|NO|NO|NO|NO|NO|NO|NO|NO|NO|NO|NO|NO|||||||0|40||||||40|||||||0|||||||0|||||||0|20||||||20|40||||||40||||||||0|100|0|0|0|0|0|100|||||||0|100||||||100|||||||0|||||||0|||||||0|100|0|0|0|0|0|100||||I am a placement agent|100|1|3|1|START Asia Pacific:|||||||||||||||||||||||||||||||||||||||||||||||||||||||||||||||||||||||||||||||||||||||||||||||||||||||||||START Europe:|||||||0|40||||||40|||||||0|||||||0|||||||0|20||||||20|40||||||40||||||||0|100|0|0|0|0|0|100|100||||||100|||||||0|||||||0|||||||0|||||||0|100|0|0|0|0|0|100|START North America:|||||||||||||||||||||||||||||||||||||||||||||||||||||||||||||||||||||||||||||||||||||||||||||||||||||||||||START Global:|||||||||||||||||||||||||||||||||||||||||||||||||||||||||||||||||||||||||||||||||||||||||||||||||||||||||||START SOUTH America:|||||||||||||||||||||||||||||||||||||||||||||||||||||||||||||||||||||||||||||||||||||||||||||||||||||||||||START Africa:||||||||||||||||||||||||||||||||||||||||||||||||||||||||||||||||||||||||||||||||||||||||||||||||||||||||||
169|INREV|06/02/2017|Anne Schachner|NREP|Investor Relations|ansc@nrep.com|+45 30520201|Denmark|EUR||1|||||||||0|596||||||596|||||||0|||||||0|||||||0|||||||0|596|0|0|0|0|0|596|||||||0|1||||||1|||||||0|||||||0|||||||0|||||||0|1|0|0|0|0|0|1|NO|NO|NO|NO|NO|NO|YES|NO|NO|NO|NO|NO|NO|NO|NO|NO|NO|NO|NO|NO|NO|NO|NO|NO|NO|NO|NO|NO|NO|NO|NO|NO|NO|NO|NO|NO|195.8||||||195.8|185.46||||||185.46|||||||0|||||||0|||||||0|68.175||||||68.18|146.56||||||146.56||||||||0|596|0|0|0|0|0|596|||||||0|416.49||||||416.49|170.96||||||170.96|8.55||||||8.55|||||||0|596|0|0|0|0|0|596|22|4|74|||1|3|2|START Asia Pacific:|||||||||||||||||||||||||||||||||||||||||||||||||||||||||||||||||||||||||||||||||||||||||||||||||||||||||||START Europe:|195.8||||||195.8|185.46||||||185.46|||||||0|||||||0|||||||0|68.175||||||68.18|146.565||||||146.57||||||||0|596|0|0|0|0|0|596|416.49||||||416.49|||||||0|170.96||||||170.96|8.55||||||8.55|||||||0|596|0|0|0|0|0|596|START North America:|||||||||||||||||||||||||||||||||||||||||||||||||||||||||||||||||||||||||||||||||||||||||||||||||||||||||||START Global:|||||||||||||||||||||||||||||||||||||||||||||||||||||||||||||||||||||||||||||||||||||||||||||||||||||||||||START SOUTH America:|||||||||||||||||||||||||||||||||||||||||||||||||||||||||||||||||||||||||||||||||||||||||||||||||||||||||||START Africa:||||||||||||||||||||||||||||||||||||||||||||||||||||||||||||||||||||||||||||||||||||||||||||||||||||||||||
208|INREV|14/02/2017|Michaela Graefe|Deka Immobilien Investment GmbH|Head of Fund Management Service Institutional Investors|michaela.graefe@deka.de|4.96971E+11|Germany|EUR||1|||||||||0||867.6|16.5|195|168|148|1395.1|||||||0|||||||0|||||||0|||||||0|0|867.6|16.5|195|168|148|1395.1|||||||0||7|1|1|1|4|14|||||||0|||||||0|||||||0|||||||0|0|7|1|1|1|4|14|NO|NO|NO|NO|NO|NO|NO|YES|YES|YES|YES|YES|NO|NO|NO|NO|NO|NO|NO|NO|NO|NO|NO|NO|NO|NO|NO|NO|NO|NO|NO|NO|NO|NO|NO|NO|||16.5||||16.5|||||||0|||||||0|||||||0|||||56||56|||||||0|||||||0|Saving banks||867.6||195|112|148|1322.6|0|867.6|16.5|195|168|148|1395.1|||||||0||867.6|16.5|195|168|148|1395.1|||||||0|||||||0|||||||0|0|867.6|16.5|195|168|148|1395.1|||100|||1|1|1|START Asia Pacific:|||||||||||||||||||||||||||||||||||||||||||||||||||||||||||||||||||||||||||||||||||||||||||||||||||||||||||START Europe:|||16.5||||16.5|||||||0|||||||0|||||||0|||||56||56|||||||0|||||||0|Saving banks||867.6||195|112|148|1322.6|0|867.6|16.5|195|168|148|1395.1||867.6|16.5|195|168|148|1395.1|||||||0|||||||0|||||||0|||||||0|0|867.6|16.5|195|168|148|1395.1|START North America:|||||||||||||||||||||||||||||||||||||||||||||||||||||||||||||||||||||||||||||||||||||||||||||||||||||||||||START Global:|||||||||||||||||||||||||||||||||||||||||||||||||||||||||||||||||||||||||||||||||||||||||||||||||||||||||||START SOUTH America:|||||||||||||||||||||||||||||||||||||||||||||||||||||||||||||||||||||||||||||||||||||||||||||||||||||||||||START Africa:||||||||||||||||||||||||||||||||||||||||||||||||||||||||||||||||||||||||||||||||||||||||||||||||||||||||||
203|INREV|13/02/2017|Oliver Luckey|Hahn Group|Head of Fund Management|oluckey@hahnag.de|+49 2204 9490 135|Germany|EUR||1|||||||||0|40|170|||||210|||||||0|||||||0|||||||0|||||||0|40|170|0|0|0|0|210|||||||0|1|2|||||3|||||||0|||||||0|||||||0|||||||0|1|2|0|0|0|0|3|NO|NO|NO|NO|NO|NO|YES|YES|NO|NO|NO|NO|NO|NO|NO|NO|NO|NO|NO|NO|NO|NO|NO|NO|NO|NO|NO|NO|NO|NO|NO|NO|NO|NO|NO|NO||150|||||150|||||||0|||||||0|||||||0|40|10|||||50|||||||0||10|||||10||||||||0|40|170|0|0|0|0|210|||||||0|40|170|||||210|||||||0|||||||0|||||||0|40|170|0|0|0|0|210|0|80|20|||3|3|1|START Asia Pacific:|||||||||||||||||||||||||||||||||||||||||||||||||||||||||||||||||||||||||||||||||||||||||||||||||||||||||||START Europe:||150|||||150|||||||0|||||||0|||||||0|40|10|||||50|||||||0||10|||||10||||||||0|40|170|0|0|0|0|210|40|170|||||210|||||||0|||||||0|||||||0|||||||0|40|170|0|0|0|0|210|START North America:|||||||||||||||||||||||||||||||||||||||||||||||||||||||||||||||||||||||||||||||||||||||||||||||||||||||||||START Global:|||||||||||||||||||||||||||||||||||||||||||||||||||||||||||||||||||||||||||||||||||||||||||||||||||||||||||START SOUTH America:|||||||||||||||||||||||||||||||||||||||||||||||||||||||||||||||||||||||||||||||||||||||||||||||||||||||||||START Africa:||||||||||||||||||||||||||||||||||||||||||||||||||||||||||||||||||||||||||||||||||||||||||||||||||||||||||
202|INREV|14/02/2017|Jan Kuhn|CORPUS SIREO Holding AG|Head of Business Development|Jan.Kuhn@corpussireo.com|+49 221 39900220|Germany|EUR||1|||||||||0|320|||132|||452|||||||0|||||||0|||||||0|||||||0|320|0|0|132|0|0|452|||||||0|3|||2|||5|||||||0|||||||0|||||||0|||||||0|3|0|0|2|0|0|5|NO|NO|NO|NO|NO|NO|YES|NO|NO|YES|NO|NO|NO|NO|NO|NO|NO|NO|NO|NO|NO|NO|NO|NO|NO|NO|NO|NO|NO|NO|NO|NO|NO|NO|NO|NO|10||||||10|300|||132|||432|||||||0|||||||0|||||||0|10||||||10|||||||0||||||||0|320|0|0|132|0|0|452|||||||0|320|||132|||452|||||||0|||||||0|||||||0|320|0|0|132|0|0|452|0|0|100||0|1|3|1|START Asia Pacific:|||||||||||||||||||||||||||||||||||||||||||||||||||||||||||||||||||||||||||||||||||||||||||||||||||||||||||START Europe:|10||||||10|300|||132|||432|||||||0|||||||0|||||||0|10||||||10|||||||0||||||||0|320|0|0|132|0|0|452|320|||132|||452|||||||0|||||||0|||||||0|||||||0|320|0|0|132|0|0|452|START North America:|||||||||||||||||||||||||||||||||||||||||||||||||||||||||||||||||||||||||||||||||||||||||||||||||||||||||||START Global:|||||||||||||||||||||||||||||||||||||||||||||||||||||||||||||||||||||||||||||||||||||||||||||||||||||||||||START SOUTH America:|||||||||||||||||||||||||||||||||||||||||||||||||||||||||||||||||||||||||||||||||||||||||||||||||||||||||||START Africa:||||||||||||||||||||||||||||||||||||||||||||||||||||||||||||||||||||||||||||||||||||||||||||||||||||||||||
147|INREV|14/02/2017|Marina Ferri|Pradera |Corporate Marketing |marina.ferri@pradera.com|0207 539 5432|United Kingdom|EUR||1||||||380|||380|||||||0|||||||0|||||||0|||||||0|||||||0|0|0|0|380|0|0|380||||1|||1|||||||0|||||||0|||||||0|||||||0|||||||0|0|0|0|1|0|0|1|NO|NO|NO|YES|NO|NO|NO|NO|NO|NO|NO|NO|NO|NO|NO|NO|NO|NO|NO|NO|NO|NO|NO|NO|NO|NO|NO|NO|NO|NO|NO|NO|NO|NO|NO|NO|||||||0|||||||0||||378|||378|||||||0|||||||0|||||||0|||||||0||||||||0|0|0|0|378|0|0|378||||380|||380|||||||0|||||||0|||||||0|||||||0|0|0|0|380|0|0|380|||100|||1|3|1|START Asia Pacific:|||||||0|||||||0||||380|||380|||||||0|||||||0|||||||0|||||||0||||||||0|0|0|0|380|0|0|380|||||||0||||380|||380|||||||0|||||||0|||||||0|0|0|0|380|0|0|380|START Europe:|||||||||||||||||||||||||||||||||||||||||||||||||||||||||||||||||||||||||||||||||||||||||||||||||||||||||||START North America:|||||||||||||||||||||||||||||||||||||||||||||||||||||||||||||||||||||||||||||||||||||||||||||||||||||||||||START Global:|||||||||||||||||||||||||||||||||||||||||||||||||||||||||||||||||||||||||||||||||||||||||||||||||||||||||||START SOUTH America:|||||||||||||||||||||||||||||||||||||||||||||||||||||||||||||||||||||||||||||||||||||||||||||||||||||||||||START Africa:||||||||||||||||||||||||||||||||||||||||||||||||||||||||||||||||||||||||||||||||||||||||||||||||||||||||||
154|INREV|01/02/2017|Philip Theis Olander|Sparinvest Property Investors|Analyst|pto@sparinvest.dk|36347035|Denmark|EUR||1|||36||47|32|||115|95|||100|||195|53||37|105|||195|||||||0|||||||0|||||||0|184|0|84|237|0|0|505|2||2|1|||5|3|||3|||6|2||1|3|||6|||||||0|||||||0|||||||0|7|0|3|7|0|0|17|YES|NO|YES|YES|NO|NO|YES|NO|NO|YES|NO|NO|YES|NO|YES|YES|NO|NO|NO|NO|NO|NO|NO|NO|NO|NO|NO|NO|NO|NO|NO|NO|NO|NO|NO|NO|166||76|213|||455|||||||0|||||||0|||||||0|||||||0|10||4|11|||25|10||4|11|||25||||||||0|186|0|84|235|0|0|505|||||||0|184||84|237|||505|||||||0|||||||0|||||||0|184|0|84|237|0|0|505|0|0|100|||1|3|1|START Asia Pacific:|38||17|49|||104|||||||0|||||||0|||||||0|||||||0|2||1|2.5|||5.5|2||1|2.5|||5.5||||||||0|42|0|19|54|0|0|115|42||19|54|||115|||||||0|||||||0|||||||0|||||||0|42|0|19|54|0|0|115|START Europe:|64||29|82|||175|||||||0|||||||0|||||||0|||||||0|3||2|5|||10|3||2|5|||10||||||||0|70|0|33|92|0|0|195|71||32|92|||195|||||||0|||||||0|||||||0|||||||0|71|0|32|92|0|0|195|START North America:|64||29|82|||175|||||||0|||||||0|||||||0|||||||0|3||2|5|||10|3||2|5|||10||||||||0|70|0|33|92|0|0|195|71||32|92|||195|||||||0|||||||0|||||||0|||||||0|71|0|32|92|0|0|195|START Global:|||||||||||||||||||||||||||||||||||||||||||||||||||||||||||||||||||||||||||||||||||||||||||||||||||||||||||START SOUTH America:|||||||||||||||||||||||||||||||||||||||||||||||||||||||||||||||||||||||||||||||||||||||||||||||||||||||||||START Africa:||||||||||||||||||||||||||||||||||||||||||||||||||||||||||||||||||||||||||||||||||||||||||||||||||||||||||
189|INREV|14/02/2017|Neil Cable|Fidelity International|Head of European Real Estate|Neil.Cable@fil.com|4.4208E+11|United Kingdom|EUR||1|||||||||0|120|150|||||270|||||||0|||||||0|||||||0|||||||0|120|150|0|0|0|0|270|||||||0|2|1|||||3|||||||0|||||||0|||||||0|||||||0|2|1|0|0|0|0|3|NO|NO|NO|NO|NO|NO|YES|YES|NO|NO|NO|NO|NO|NO|NO|NO|NO|NO|NO|NO|NO|NO|NO|NO|NO|NO|NO|NO|NO|NO|NO|NO|NO|NO|NO|NO|60||||||60|10||||||10|||||||0|45||||||45|||||||0|5||||||5|||||||0|Bank||150|||||150|120|150|0|0|0|0|270||150|||||150|120||||||120|||||||0|||||||0|||||||0|120|150|0|0|0|0|270|||100|||1|3|1|START Asia Pacific:|||||||||||||||||||||||||||||||||||||||||||||||||||||||||||||||||||||||||||||||||||||||||||||||||||||||||||START Europe:|60||||||60|10||||||10|||||||0|45||||||45|||||||0|5||||||5|||||||0|Bank||150|||||150|120|150|0|0|0|0|270|120||||||120||150|||||150|||||||0|||||||0|||||||0|120|150|0|0|0|0|270|START North America:|||||||||||||||||||||||||||||||||||||||||||||||||||||||||||||||||||||||||||||||||||||||||||||||||||||||||||START Global:|||||||||||||||||||||||||||||||||||||||||||||||||||||||||||||||||||||||||||||||||||||||||||||||||||||||||||START SOUTH America:|||||||||||||||||||||||||||||||||||||||||||||||||||||||||||||||||||||||||||||||||||||||||||||||||||||||||||START Africa:||||||||||||||||||||||||||||||||||||||||||||||||||||||||||||||||||||||||||||||||||||||||||||||||||||||||||
101|INREV|14/02/2017|Dietrich Heidtmann|GTIS Partners|MD - Head of Intl. Capital Markets|dheidtmann@gtispartners.com|33170375880|United States|USD||1|||||||||0|||||||0||||156|||156|||||||0|584||||||584|||||||0|584|0|0|156|0|0|740|||||||0|||||||0||||2|||2|||||||0|1||||||1|||||||0|1|0|0|2|0|0|3|NO|NO|NO|NO|NO|NO|NO|NO|NO|NO|NO|NO|NO|NO|NO|YES|NO|NO|NO|NO|NO|NO|NO|NO|YES|NO|NO|NO|NO|NO|NO|NO|NO|NO|NO|NO|576|||25|||601|||||||0|||||||0|||||||0||||20|||20||||77|||77|0.3|||31|||31.3|GTIS management and employees|8|||3|||11|584.3|0|0|156|0|0|740.3|||||||0|500|||45|||545|84|||111|||195|||||||0|||||||0|584|0|0|156|0|0|740|||100|||1|1|1|START Asia Pacific:|||||||||||||||||||||||||||||||||||||||||||||||||||||||||||||||||||||||||||||||||||||||||||||||||||||||||||START Europe:|||||||||||||||||||||||||||||||||||||||||||||||||||||||||||||||||||||||||||||||||||||||||||||||||||||||||||START North America:|||||||||||||||||||||||||||||||||||||||||||||||||||||||||||||||||||||||||||||||||||||||||||||||||||||||||||START Global:|||||||||||||||||||||||||||||||||||||||||||||||||||||||||||||||||||||||||||||||||||||||||||||||||||||||||||START SOUTH America:|||||||||||||||||||||||||||||||||||||||||||||||||||||||||||||||||||||||||||||||||||||||||||||||||||||||||||START Africa:||||||||||||||||||||||||||||||||||||||||||||||||||||||||||||||||||||||||||||||||||||||||||||||||||||||||||
51|INREV|31/01/2017|Antonello De Filippo|AltaFund General Partner|Chief Financial Officer|antonello.defilippo@altafund.lu|3.52621E+11|Luxembourg|EUR||2|6|no new funds|||||||0|||||||0|||||||0|||||||0|||||||0|||||||0|0|0|0|0|0|0|0|||||||0|||||||0|||||||0|||||||0|||||||0|||||||0|0|0|0|0|0|0|0|NO|NO|NO|NO|NO|NO|NO|NO|NO|NO|NO|NO|NO|NO|NO|NO|NO|NO|NO|NO|NO|NO|NO|NO|NO|NO|NO|NO|NO|NO|NO|NO|NO|NO|NO|NO|||||||0|||||||0|||||||0|||||||0|||||||0|||||||0|||||||0||||||||0|0|0|0|0|0|0|0|||||||0|||||||0|||||||0|||||||0|||||||0|0|0|0|0|0|0|0||||||1|1|2|START Asia Pacific:|||||||||||||||||||||||||||||||||||||||||||||||||||||||||||||||||||||||||||||||||||||||||||||||||||||||||||START Europe:|||||||||||||||||||||||||||||||||||||||||||||||||||||||||||||||||||||||||||||||||||||||||||||||||||||||||||START North America:|||||||||||||||||||||||||||||||||||||||||||||||||||||||||||||||||||||||||||||||||||||||||||||||||||||||||||START Global:|||||||||||||||||||||||||||||||||||||||||||||||||||||||||||||||||||||||||||||||||||||||||||||||||||||||||||START SOUTH America:|||||||||||||||||||||||||||||||||||||||||||||||||||||||||||||||||||||||||||||||||||||||||||||||||||||||||||START Africa:||||||||||||||||||||||||||||||||||||||||||||||||||||||||||||||||||||||||||||||||||||||||||||||||||||||||||
209|INREV|13/02/2017|Swati Srivastava|Frogmore|Investor Relations and Client Development|swatisrivastava@frogmore.co.uk|+44 (0)2070166016|United Kingdom|GBP||1|||||||||0||100||50|||150|||||||0|||||||0|||||||0|||||||0|0|100|0|50|0|0|150|||||||0||1||1|||2|||||||0|||||||0|||||||0|||||||0|0|1|0|1|0|0|2|NO|NO|NO|NO|NO|NO|NO|YES|NO|YES|NO|NO|NO|NO|NO|NO|NO|NO|NO|NO|NO|NO|NO|NO|NO|NO|NO|NO|NO|NO|NO|NO|NO|NO|NO|NO||||8|||8|||||||0|||||||0||100|||||100|||||||0|||||||0|||||||0|Bank||||42|||42|0|100|0|50|0|0|150||100|||||100||||42|||42||||8|||8|||||||0|||||||0|0|100|0|50|0|0|150|67||33|||1|3|2|START Asia Pacific:|||||||||||||||||||||||||||||||||||||||||||||||||||||||||||||||||||||||||||||||||||||||||||||||||||||||||||START Europe:||||8|||8|||||||0|||||||0||100|||||100|||||||0|||||||0|||||||0|Bank||||42|||42|0|100|0|50|0|0|150||||42|||42||100|||||100||||8|||8|||||||0|||||||0|0|100|0|50|0|0|150|START North America:|||||||||||||||||||||||||||||||||||||||||||||||||||||||||||||||||||||||||||||||||||||||||||||||||||||||||||START Global:|||||||||||||||||||||||||||||||||||||||||||||||||||||||||||||||||||||||||||||||||||||||||||||||||||||||||||START SOUTH America:|||||||||||||||||||||||||||||||||||||||||||||||||||||||||||||||||||||||||||||||||||||||||||||||||||||||||||START Africa:||||||||||||||||||||||||||||||||||||||||||||||||||||||||||||||||||||||||||||||||||||||||||||||||||||||||||
159|INREV|02/02/2017|Tiffany|Strand|Fund Manager|tiffany.strand@areim.se|46704546546|Sweden|SEK||1|||||||||0|2675.8||||||2675.8|||||||0|||||||0|||||||0|||||||0|2675.8|0|0|0|0|0|2675.8|||||||0|1||||||1|||||||0|||||||0|||||||0|||||||0|1|0|0|0|0|0|1|NO|NO|NO|NO|NO|NO|YES|NO|NO|NO|NO|NO|NO|NO|NO|NO|NO|NO|NO|NO|NO|NO|NO|NO|NO|NO|NO|NO|NO|NO|NO|NO|NO|NO|NO|NO|||||||0|1363.2||||||1363.2|1150||||||1150|||||||0|100||||||100|||||||0|||||||0|Investment Manager|62.6||||||62.6|2675.8|0|0|0|0|0|2675.8|1150||||||1150|1525.8||||||1525.8|||||||0|||||||0|||||||0|2675.8|0|0|0|0|0|2675.8|18||82|||3|3|2|START Asia Pacific:|||||||||||||||||||||||||||||||||||||||||||||||||||||||||||||||||||||||||||||||||||||||||||||||||||||||||||START Europe:|||||||0|1363.2||||||1363.2|1150||||||1150|||||||0|100||||||100|||||||0|||||||0|Investment Manager|62.6||||||62.6|2675.8|0|0|0|0|0|2675.8|1525.8||||||1525.8|1150||||||1150|||||||0|||||||0|||||||0|2675.8|0|0|0|0|0|2675.8|START North America:|||||||||||||||||||||||||||||||||||||||||||||||||||||||||||||||||||||||||||||||||||||||||||||||||||||||||||START Global:|||||||||||||||||||||||||||||||||||||||||||||||||||||||||||||||||||||||||||||||||||||||||||||||||||||||||||START SOUTH America:|||||||||||||||||||||||||||||||||||||||||||||||||||||||||||||||||||||||||||||||||||||||||||||||||||||||||||START Africa:||||||||||||||||||||||||||||||||||||||||||||||||||||||||||||||||||||||||||||||||||||||||||||||||||||||||||
50|INREV|31/01/2017|Nicky Wagner|Prelios|Director Business Development|nicky.wagner@prelios.com|0049 (0) 69 9202085 41|Germany|EUR||2|6|start new business in 2016|||||||0|||||||0|||||||0|||||||0|||||||0|||||||0|0|0|0|0|0|0|0|||||||0|||||||0|||||||0|||||||0|||||||0|||||||0|0|0|0|0|0|0|0|NO|NO|NO|NO|NO|NO|NO|NO|NO|NO|NO|NO|NO|NO|NO|NO|NO|NO|NO|NO|NO|NO|NO|NO|NO|NO|NO|NO|NO|NO|NO|NO|NO|NO|NO|NO|||||||0|||||||0|||||||0|||||||0|||||||0|||||||0|||||||0||||||||0|0|0|0|0|0|0|0|||||||0|||||||0|||||||0|||||||0|||||||0|0|0|0|0|0|0|0||||||1|3|1|START Asia Pacific:|||||||||||||||||||||||||||||||||||||||||||||||||||||||||||||||||||||||||||||||||||||||||||||||||||||||||||START Europe:|||||||||||||||||||||||||||||||||||||||||||||||||||||||||||||||||||||||||||||||||||||||||||||||||||||||||||START North America:|||||||||||||||||||||||||||||||||||||||||||||||||||||||||||||||||||||||||||||||||||||||||||||||||||||||||||START Global:|||||||||||||||||||||||||||||||||||||||||||||||||||||||||||||||||||||||||||||||||||||||||||||||||||||||||||START SOUTH America:|||||||||||||||||||||||||||||||||||||||||||||||||||||||||||||||||||||||||||||||||||||||||||||||||||||||||||START Africa:||||||||||||||||||||||||||||||||||||||||||||||||||||||||||||||||||||||||||||||||||||||||||||||||||||||||||
105|INREV|19/01/2017|Jose Maria Ortiz|ECE Real Estate Partners|Managing Director|JoseMaria.Ortiz@ece.com|26785929|Germany|EUR||2|6|Funds are closed ended. Next funds planned for 2018|||||||0|||||||0|||||||0|||||||0|||||||0|||||||0|0|0|0|0|0|0|0|||||||0|||||||0|||||||0|||||||0|||||||0|||||||0|0|0|0|0|0|0|0|NO|NO|NO|NO|NO|NO|NO|NO|NO|NO|NO|NO|NO|NO|NO|NO|NO|NO|NO|NO|NO|NO|NO|NO|NO|NO|NO|NO|NO|NO|NO|NO|NO|NO|NO|NO|||||||0|||||||0|||||||0|||||||0|||||||0|||||||0|||||||0||||||||0|0|0|0|0|0|0|0|||||||0|||||||0|||||||0|||||||0|||||||0|0|0|0|0|0|0|0||||||1|2|1|START Asia Pacific:|||||||||||||||||||||||||||||||||||||||||||||||||||||||||||||||||||||||||||||||||||||||||||||||||||||||||||START Europe:|||||||||||||||||||||||||||||||||||||||||||||||||||||||||||||||||||||||||||||||||||||||||||||||||||||||||||START North America:|||||||||||||||||||||||||||||||||||||||||||||||||||||||||||||||||||||||||||||||||||||||||||||||||||||||||||START Global:|||||||||||||||||||||||||||||||||||||||||||||||||||||||||||||||||||||||||||||||||||||||||||||||||||||||||||START SOUTH America:|||||||||||||||||||||||||||||||||||||||||||||||||||||||||||||||||||||||||||||||||||||||||||||||||||||||||||START Africa:||||||||||||||||||||||||||||||||||||||||||||||||||||||||||||||||||||||||||||||||||||||||||||||||||||||||||
40|INREV|14/02/2017|Laura Banks|AEW|Investor relations associate|laura.banks@aeweurope.com|0207 016 4856|United States|EUR||1|||233.02|||47.52|||280.54|845.7|534||443.6||393|2216.3|1203.13|459.01||95.03||71.75|1828.92|||||||0|||||||0|||||||0|2281.85|993.01|0|586.15|0|464.75|4325.76|1|||1|||2|7|3||3||1|14|4|5||1||1|11|||||||0|||||||0|||||||0|12|8|0|5|0|2|27|YES|NO|NO|YES|NO|NO|YES|YES|NO|YES|NO|YES|YES|YES|NO|YES|NO|YES|NO|NO|NO|NO|NO|NO|NO|NO|NO|NO|NO|NO|NO|NO|NO|NO|NO|NO|1079.61|661.51||277.55||0|2018.67|222.46|331.5||135||393|1081.96|89.9||||||89.9|57.02||||||57.02|121.6|||||71.75|193.35|1||||||1|171.15||||||171.15|International organisation, LP, LLC, Bank, Registered investment company|539.11|||173.6|||712.71|2281.85|993.01|0|586.15|0|464.75|4325.76|301.45|108.4||173.6|||583.45|883.09|425.6||270||393|1971.69|1097.32|459||142.55||71.75|1770.62|||||||0|||||||0|2281.86|993|0|586.15|0|464.75|4325.76|6||94|||3|3|1|START Asia Pacific:|118.79|||47.52|||166.31|23.76||||||23.76|||||||0|||||||0|||||||0|||||||0|||||||0|Bank, LLP, LC, International organisation, registered investment company|90.47||||||90.47|233.02|0|0|47.52|0|0|280.54|137.99||||||137.99|||||||0|95.03|||47.52|||142.55|||||||0|||||||0|233.02|0|0|47.52|0|0|280.54|START Europe:|419.5|202.5||135|||757|187.3|331.5||135||393|1046.8|89.9||||||89.9|||||||0|1.1||||||1.1|1||||||1|21|||173.6|||194.6|Bank, LLP, LC, International organisation, registered investment company|125.9||||||125.9|845.7|534|0|443.6|0|393|2216.3|745.1|425.6||270||393|1833.7|93.8|108.4||173.6|||375.8|6.8||||||6.8|||||||0|||||||0|845.7|534|0|443.6|0|393|2216.3|START North America:|541.31|459.01||95.03|||1095.35|11.4||||||11.4|||||||0|57.02||||||57.02|120.51|||||71.75|192.26|||||||0|150.06||||||150.06|Bank, LLP, LC, International organisation, registered investment company|322.83||||||322.83|1203.13|459.01|0|95.03|0|71.75|1828.92|||||||0|207.65||||||207.65|995.48|459.01||95.03||71.75|1621.27|||||||0|||||||0|1203.13|459.01|0|95.03|0|71.75|1828.92|START Global:|||||||||||||||||||||||||||||||||||||||||||||||||||||||||||||||||||||||||||||||||||||||||||||||||||||||||||START SOUTH America:|||||||||||||||||||||||||||||||||||||||||||||||||||||||||||||||||||||||||||||||||||||||||||||||||||||||||||START Africa:||||||||||||||||||||||||||||||||||||||||||||||||||||||||||||||||||||||||||||||||||||||||||||||||||||||||||
219|INREV|14/02/2017|Patrik Andersson|Brunswick Real Estate|Head of Transactions & Fund Raising|patrik.andersson@leimdorfer.se|+46 768 710022|Sweden|EUR||1|||45||||||45||100||170||287|557|||||||0|||||||0|||||||0|||||||0|45|100|0|170|0|287|602|1||||||1||1||1||1|3|||||||0|||||||0|||||||0|||||||0|1|1|0|1|0|1|4|YES|NO|NO|NO|NO|NO|NO|YES|NO|YES|NO|YES|NO|NO|NO|NO|NO|NO|NO|NO|NO|NO|NO|NO|NO|NO|NO|NO|NO|NO|NO|NO|NO|NO|NO|NO|30|100||||74|204||||||213|213|||||||0|||||||0|||||||0||||170|||170|15||||||15||||||||0|45|100|0|170|0|287|602|||||||0|45|100||170||287|602|||||||0|||||||0|||||||0|45|100|0|170|0|287|602|||100|||1|1|1|START Asia Pacific:|30||||||30|||||||0|||||||0|||||||0|||||||0|||||||0|15||||||15||||||||0|45|0|0|0|0|0|45|45||||||45|||||||0|||||||0|||||||0|||||||0|45|0|0|0|0|0|45|START Europe:||100||||83|183||||||204|204|||||||0|||||||0|||||||0||||170|||170|||||||0||||||||0|0|100|0|170|0|287|557||100||170||287|557|||||||0|||||||0|||||||0|||||||0|0|100|0|170|0|287|557|START North America:|||||||||||||||||||||||||||||||||||||||||||||||||||||||||||||||||||||||||||||||||||||||||||||||||||||||||||START Global:|||||||||||||||||||||||||||||||||||||||||||||||||||||||||||||||||||||||||||||||||||||||||||||||||||||||||||START SOUTH America:|||||||||||||||||||||||||||||||||||||||||||||||||||||||||||||||||||||||||||||||||||||||||||||||||||||||||||START Africa:||||||||||||||||||||||||||||||||||||||||||||||||||||||||||||||||||||||||||||||||||||||||||||||||||||||||||
57|INREV|14/02/2017|Iris Gelten|Bouwinvest|Coporate marketing & communication|i.gelten@bouwinvest.nl|622227735|Netherlands|EUR||1|||||||||0|||||||0|||||||0|557||279||||836|||||||0|||||||0|557|0|279|0|0|0|836|||||||0|||||||0|||||||0|3||1||||4|||||||0|||||||0|3|0|1|0|0|0|4|NO|NO|NO|NO|NO|NO|NO|NO|NO|NO|NO|NO|NO|NO|NO|NO|NO|NO|YES|NO|YES|NO|NO|NO|NO|NO|NO|NO|NO|NO|NO|NO|NO|NO|NO|NO|557||279||||836|||||||0|||||||0|||||||0|||||||0|||||||0|||||||0||||||||0|557|0|279|0|0|0|836|||||||0|557||279||||836|||||||0|||||||0|||||||0|557|0|279|0|0|0|836|||100|||1|3|1|START Asia Pacific:|||||||||||||||||||||||||||||||||||||||||||||||||||||||||||||||||||||||||||||||||||||||||||||||||||||||||||START Europe:|||||||||||||||||||||||||||||||||||||||||||||||||||||||||||||||||||||||||||||||||||||||||||||||||||||||||||START North America:|||||||||||||||||||||||||||||||||||||||||||||||||||||||||||||||||||||||||||||||||||||||||||||||||||||||||||START Global:|557||279||||836|||||||0|||||||0|||||||0|||||||0|||||||0|||||||0||||||||0|557|0|279|0|0|0|836|557||279||||836|||||||0|||||||0|||||||0|||||||0|557|0|279|0|0|0|836|START SOUTH America:|||||||||||||||||||||||||||||||||||||||||||||||||||||||||||||||||||||||||||||||||||||||||||||||||||||||||||START Africa:||||||||||||||||||||||||||||||||||||||||||||||||||||||||||||||||||||||||||||||||||||||||||||||||||||||||||
64|INREV|14/02/2017|Jon Starek|Prologis|Director, Global Fund Operations|jstarek@prologis.com|+1 (303) 5675268|United States|USD||1||||||750|||750|433.66||||||433.66|317||||||317|||||||0|||||||0|||||||0|750.66|0|0|750|0|0|1500.66||||1|||1|1||||||1|1||||||1|||||||0|||||||0|||||||0|2|0|0|1|0|0|3|NO|NO|NO|YES|NO|NO|YES|NO|NO|NO|NO|NO|YES|NO|NO|NO|NO|NO|NO|NO|NO|NO|NO|NO|NO|NO|NO|NO|NO|NO|NO|NO|NO|NO|NO|NO|306.69||||||306.69|183.41||||||183.41||||750|||750|||||||0|||||||0|247.56||||||247.56|||||||0|40 Act Investment Company|13||||||13|750.66|0|0|750|0|0|1500.66|46.38|||750|||796.38|541.28||||||541.28|163||||||163|||||||0|||||||0|750.66|0|0|750|0|0|1500.66|||100|||1|3|2|START Asia Pacific:|||||||0|||||||0||||750|||750|||||||0|||||||0|||||||0|||||||0||||||||0|0|0|0|750|0|0|750|||||||0|||||||0|||||||0|||||||0||||750|||750|0|0|0|750|0|0|750|START Europe:|77.69||||||77.69|183.41||||||183.41|||||||0|||||||0|||||||0|172.56||||||172.56|||||||0||||||||0|433.66|0|0|0|0|0|433.66|387.28||||||387.28|46.38||||||46.38|||||||0|||||||0|||||||0|433.66|0|0|0|0|0|433.66|START North America:|229||||||229|||||||0|||||||0|||||||0|||||||0|75||||||75|||||||0|40 Act Investment Company|13||||||13|317|0|0|0|0|0|317|154||||||154|||||||0|163||||||163|||||||0|||||||0|317|0|0|0|0|0|317|START Global:|||||||||||||||||||||||||||||||||||||||||||||||||||||||||||||||||||||||||||||||||||||||||||||||||||||||||||START SOUTH America:|||||||||||||||||||||||||||||||||||||||||||||||||||||||||||||||||||||||||||||||||||||||||||||||||||||||||||START Africa:||||||||||||||||||||||||||||||||||||||||||||||||||||||||||||||||||||||||||||||||||||||||||||||||||||||||||
60|INREV|07/02/2017|Alice Cahill|ICG|Analyst|alice.cahill@icgam.com|7738161512|United Kingdom|GBP||1|||||||||0||||||304|304|||||||0|||||||0|||||||0|||||||0|0|0|0|0|0|304|304|||||||0||||||1|1|||||||0|||||||0|||||||0|||||||0|0|0|0|0|0|1|1|NO|NO|NO|NO|NO|NO|NO|NO|NO|NO|NO|YES|NO|NO|NO|NO|NO|NO|NO|NO|NO|NO|NO|NO|NO|NO|NO|NO|NO|NO|NO|NO|NO|NO|NO|NO||||||225|225||||||15|15|||||||0|||||||0|||||||0||||||9|9|||||||0|Industry body, Bank and Asset Manager||||||55|55|0|0|0|0|0|304|304||||||50|50||||||254|254|||||||0|||||||0|||||||0|0|0|0|0|0|304|304|||100|||1|3|1|START Asia Pacific:||||||225|225||||||15|15|||||||0|||||||0|||||||0||||||9|9|||||||0|Industry body||||||55|55|0|0|0|0|0|304|304||||||254|254||||||50|50|||||||0|||||||0|||||||0|0|0|0|0|0|304|304|START Europe:||||||225|225||||||15|15|||||||0|||||||0|||||||0||||||9|9|||||||0|||||||55|55|0|0|0|0|0|304|304||||||254|254||||||50|50|||||||0|||||||0|||||||0|0|0|0|0|0|304|304|START North America:|||||||||||||||||||||||||||||||||||||||||||||||||||||||||||||||||||||||||||||||||||||||||||||||||||||||||||START Global:|||||||||||||||||||||||||||||||||||||||||||||||||||||||||||||||||||||||||||||||||||||||||||||||||||||||||||START SOUTH America:|||||||||||||||||||||||||||||||||||||||||||||||||||||||||||||||||||||||||||||||||||||||||||||||||||||||||||START Africa:||||||||||||||||||||||||||||||||||||||||||||||||||||||||||||||||||||||||||||||||||||||||||||||||||||||||||
80|INREV|13/02/2017|Maximilian Schneidler|Quantum Immobilien Kapitalverwaltungsgesellschaft mbH|Investor Relations|mas@quantum.ag|+49 (89) 15 90 01 - 336 |Germany|EUR||1|||||||||0|150.5|229||201.3|||580.8|||||||0|||||||0|||||||0|||||||0|150.5|229|0|201.3|0|0|580.8|||||||0|1|4||3|||8|||||||0|||||||0|||||||0|||||||0|1|4|0|3|0|0|8|NO|NO|NO|NO|NO|NO|YES|YES|NO|YES|NO|NO|NO|NO|NO|NO|NO|NO|NO|NO|NO|NO|NO|NO|NO|NO|NO|NO|NO|NO|NO|NO|NO|NO|NO|NO|35|90||182.05|||307.05|26.5|139||19.25|||184.75|||||||0|||||||0|||||||0|46||||||46|||||||0|Savings banks|43||||||43|150.5|229|0|201.3|0|0|580.8|||||||0|150.5|229||201.3|||580.8|||||||0|||||||0|||||||0|150.5|229|0|201.3|0|0|580.8|||100|||1|3|1|START Asia Pacific:|||||||||||||||||||||||||||||||||||||||||||||||||||||||||||||||||||||||||||||||||||||||||||||||||||||||||||START Europe:|35|90||182.05|||307.05|26.5|139||19.25|||184.75|||||||0|||||||0|||||||0|46||||||46|||||||0|Savings banks|43||||||43|150.5|229|0|201.3|0|0|580.8|150.5|229||201.3|||580.8|||||||0|||||||0|||||||0|||||||0|150.5|229|0|201.3|0|0|580.8|START North America:|||||||||||||||||||||||||||||||||||||||||||||||||||||||||||||||||||||||||||||||||||||||||||||||||||||||||||START Global:|||||||||||||||||||||||||||||||||||||||||||||||||||||||||||||||||||||||||||||||||||||||||||||||||||||||||||START SOUTH America:|||||||||||||||||||||||||||||||||||||||||||||||||||||||||||||||||||||||||||||||||||||||||||||||||||||||||||START Africa:||||||||||||||||||||||||||||||||||||||||||||||||||||||||||||||||||||||||||||||||||||||||||||||||||||||||||
79|INREV|14/02/2017|Marsha Sinninghe|Syntrus Achmea Real Estate & Finance|Proposition Manager|marsha.sinninghe@achmeavastgoed.nl|31610990835|Netherlands|EUR||1||||||10|||10|206.4|464||16||571.5|1257.9||||16|||16|||||||0|||||||0|||||||0|206.4|464|0|42|0|571.5|1283.9||||1|||1|3|3||1||1|8||||1|||1|||||||0|||||||0|||||||0|3|3|0|3|0|1|10|NO|NO|NO|YES|NO|NO|YES|YES|NO|YES|NO|YES|NO|NO|NO|YES|NO|NO|NO|NO|NO|NO|NO|NO|NO|NO|NO|NO|NO|NO|NO|NO|NO|NO|NO|NO|131.4|464||42||521.5|1158.9|75|||||50|125|||||||0|||||||0|||||||0|||||||0|||||||0||||||||0|206.4|464|0|42|0|571.5|1283.9|||||||0|206.4|464||42||571.5|1283.9|||||||0|||||||0|||||||0|206.4|464|0|42|0|571.5|1283.9|||100|||3|3|1|START Asia Pacific:||||10|||10|||||||0|||||||0|||||||0|||||||0|||||||0|||||||0||||||||0|0|0|0|10|0|0|10||||10|||10|||||||0|||||||0|||||||0|||||||0|0|0|0|10|0|0|10|START Europe:|131.4|464||16||521.5|1132.9|75|||||50|125|||||||0|||||||0|||||||0|||||||0|||||||0||||||||0|206.4|464|0|16|0|571.5|1257.9|206.4|464||16||571.5|1257.9|||||||0|||||||0|||||||0|||||||0|206.4|464|0|16|0|571.5|1257.9|START North America:||||16|||16|||||||0|||||||0|||||||0|||||||0|||||||0|||||||0||||||||0|0|0|0|16|0|0|16||||16|||16|||||||0|||||||0|||||||0|||||||0|0|0|0|16|0|0|16|START Global:|||||||||||||||||||||||||||||||||||||||||||||||||||||||||||||||||||||||||||||||||||||||||||||||||||||||||||START SOUTH America:|||||||||||||||||||||||||||||||||||||||||||||||||||||||||||||||||||||||||||||||||||||||||||||||||||||||||||START Africa:||||||||||||||||||||||||||||||||||||||||||||||||||||||||||||||||||||||||||||||||||||||||||||||||||||||||||
37|INREV|14/02/2017|Rebecca Madsen|Grosvenor|Analyst, Capital Markets|rebecca.madsen@grosvenor.com|2073126345|United Kingdom|GBP||1|||||||||0||||30.7|||30.7|||||||0|||||||0|||||||0|||||||0|0|0|0|30.7|0|0|30.7|||||||0||||1|||1|||||||0|||||||0|||||||0|||||||0|0|0|0|1|0|0|1|NO|NO|NO|NO|NO|NO|NO|NO|NO|YES|NO|NO|NO|NO|NO|NO|NO|NO|NO|NO|NO|NO|NO|NO|NO|NO|NO|NO|NO|NO|NO|NO|NO|NO|NO|NO|||||||0|||||||0|||||||0|||||||0|||||||0|||||||0|||||||0|Investment Insitutions||||30.7|||30.7|0|0|0|30.7|0|0|30.7||||30.7|||30.7|||||||0|||||||0|||||||0|||||||0|0|0|0|30.7|0|0|30.7|0||100|||1|3|1|START Asia Pacific:|||||||||||||||||||||||||||||||||||||||||||||||||||||||||||||||||||||||||||||||||||||||||||||||||||||||||||START Europe:|||||||0|||||||0|||||||0|||||||0|||||||0|||||||0|||||||0|investment institutions||||30.7|||30.7|0|0|0|30.7|0|0|30.7|||||||0||||30.7|||30.7|||||||0|||||||0|||||||0|0|0|0|30.7|0|0|30.7|START North America:|||||||||||||||||||||||||||||||||||||||||||||||||||||||||||||||||||||||||||||||||||||||||||||||||||||||||||START Global:|||||||||||||||||||||||||||||||||||||||||||||||||||||||||||||||||||||||||||||||||||||||||||||||||||||||||||START SOUTH America:|||||||||||||||||||||||||||||||||||||||||||||||||||||||||||||||||||||||||||||||||||||||||||||||||||||||||||START Africa:||||||||||||||||||||||||||||||||||||||||||||||||||||||||||||||||||||||||||||||||||||||||||||||||||||||||||
156|INREV|01/02/2017|KEVIN AITCHISON|KF Investment Management|CEO|kevin.aitchison@kf-im.com|2078615103|United Kingdom|GBP||1|||||||||0|0.3|0.3|||||0.6|||||||0|||||||0|||||||0|||||||0|0.3|0.3|0|0|0|0|0.6|||||||0|1|1|||||2|||||||0|||||||0|||||||0|||||||0|1|1|0|0|0|0|2|NO|NO|NO|NO|NO|NO|YES|YES|NO|NO|NO|NO|NO|NO|NO|NO|NO|NO|NO|NO|NO|NO|NO|NO|NO|NO|NO|NO|NO|NO|NO|NO|NO|NO|NO|NO|0.3|0.3|||||0.6|||||||0|||||||0|||||||0|||||||0|||||||0|||||||0||||||||0|0.3|0.3|0|0|0|0|0.6|||||||0|0.3|0.3|||||0.6|||||||0|||||||0|||||||0|0.3|0.3|0|0|0|0|0.6|0||100|||1|3|1|START Asia Pacific:|||||||||||||||||||||||||||||||||||||||||||||||||||||||||||||||||||||||||||||||||||||||||||||||||||||||||||START Europe:|0.3|0.3|||||0.6|||||||0|||||||0|||||||0|||||||0|||||||0|||||||0||||||||0|0.3|0.3|0|0|0|0|0.6|0.3|0.3|||||0.6|||||||0|||||||0|||||||0|||||||0|0.3|0.3|0|0|0|0|0.6|START North America:|||||||||||||||||||||||||||||||||||||||||||||||||||||||||||||||||||||||||||||||||||||||||||||||||||||||||||START Global:|||||||||||||||||||||||||||||||||||||||||||||||||||||||||||||||||||||||||||||||||||||||||||||||||||||||||||START SOUTH America:|||||||||||||||||||||||||||||||||||||||||||||||||||||||||||||||||||||||||||||||||||||||||||||||||||||||||||START Africa:||||||||||||||||||||||||||||||||||||||||||||||||||||||||||||||||||||||||||||||||||||||||||||||||||||||||||
143|INREV|31/01/2017|Marta Herrero|Altan Capital|Executive Director|mherrero@altancapital.com|91 426 24 47|Spain|EUR||2|6|Timing|||||||0|||||||0|||||||0|||||||0|||||||0|||||||0|0|0|0|0|0|0|0|||||||0|||||||0|||||||0|||||||0|||||||0|||||||0|0|0|0|0|0|0|0|NO|NO|NO|NO|NO|NO|NO|NO|NO|NO|NO|NO|NO|NO|NO|NO|NO|NO|NO|NO|NO|NO|NO|NO|NO|NO|NO|NO|NO|NO|NO|NO|NO|NO|NO|NO|||||||0|||||||0|||||||0|||||||0|||||||0|||||||0|||||||0||||||||0|0|0|0|0|0|0|0|||||||0|||||||0|||||||0|||||||0|||||||0|0|0|0|0|0|0|0||||||1|1|1|START Asia Pacific:|||||||||||||||||||||||||||||||||||||||||||||||||||||||||||||||||||||||||||||||||||||||||||||||||||||||||||START Europe:|||||||||||||||||||||||||||||||||||||||||||||||||||||||||||||||||||||||||||||||||||||||||||||||||||||||||||START North America:|||||||||||||||||||||||||||||||||||||||||||||||||||||||||||||||||||||||||||||||||||||||||||||||||||||||||||START Global:|||||||||||||||||||||||||||||||||||||||||||||||||||||||||||||||||||||||||||||||||||||||||||||||||||||||||||START SOUTH America:|||||||||||||||||||||||||||||||||||||||||||||||||||||||||||||||||||||||||||||||||||||||||||||||||||||||||||START Africa:||||||||||||||||||||||||||||||||||||||||||||||||||||||||||||||||||||||||||||||||||||||||||||||||||||||||||
141|INREV|31/01/2017|Charlotte Hultman|Vistra|Group Commercial Director Europe|charlotte.hultman@vistra.com|3.52622E+11|Hong Kong|EUR||2|6|We are a service provider and do not raise any funds|||||||0|||||||0|||||||0|||||||0|||||||0|||||||0|0|0|0|0|0|0|0|||||||0|||||||0|||||||0|||||||0|||||||0|||||||0|0|0|0|0|0|0|0|NO|NO|NO|NO|NO|NO|NO|NO|NO|NO|NO|NO|NO|NO|NO|NO|NO|NO|NO|NO|NO|NO|NO|NO|NO|NO|NO|NO|NO|NO|NO|NO|NO|NO|NO|NO|||||||0|||||||0|||||||0|||||||0|||||||0|||||||0|||||||0||||||||0|0|0|0|0|0|0|0|||||||0|||||||0|||||||0|||||||0|||||||0|0|0|0|0|0|0|0||||||1|2|1|START Asia Pacific:|||||||||||||||||||||||||||||||||||||||||||||||||||||||||||||||||||||||||||||||||||||||||||||||||||||||||||START Europe:|||||||||||||||||||||||||||||||||||||||||||||||||||||||||||||||||||||||||||||||||||||||||||||||||||||||||||START North America:|||||||||||||||||||||||||||||||||||||||||||||||||||||||||||||||||||||||||||||||||||||||||||||||||||||||||||START Global:|||||||||||||||||||||||||||||||||||||||||||||||||||||||||||||||||||||||||||||||||||||||||||||||||||||||||||START SOUTH America:|||||||||||||||||||||||||||||||||||||||||||||||||||||||||||||||||||||||||||||||||||||||||||||||||||||||||||START Africa:||||||||||||||||||||||||||||||||||||||||||||||||||||||||||||||||||||||||||||||||||||||||||||||||||||||||||
107|INREV|19/01/2017|Joep Munten|Hartelt Fund Management B.V.|CFO|j.munten@hartelt-fm.com|31433257100|Netherlands|EUR||1|||||||||0|80||||||80|||||||0|||||||0|||||||0|||||||0|80|0|0|0|0|0|80|||||||0|1||||||1|||||||0|||||||0|||||||0|||||||0|1|0|0|0|0|0|1|NO|NO|NO|NO|NO|NO|YES|NO|NO|NO|NO|NO|NO|NO|NO|NO|NO|NO|NO|NO|NO|NO|NO|NO|NO|NO|NO|NO|NO|NO|NO|NO|NO|NO|NO|NO|80||||||80|||||||0|||||||0|||||||0|||||||0|||||||0|||||||0||||||||0|80|0|0|0|0|0|80|||||||0|80||||||80|||||||0|||||||0|||||||0|80|0|0|0|0|0|80|||100|||1|1|2|START Asia Pacific:|||||||||||||||||||||||||||||||||||||||||||||||||||||||||||||||||||||||||||||||||||||||||||||||||||||||||||START Europe:|80||||||80|||||||0|||||||0|||||||0|||||||0|||||||0|||||||0||||||||0|80|0|0|0|0|0|80|80||||||80|||||||0|||||||0|||||||0|||||||0|80|0|0|0|0|0|80|START North America:|||||||||||||||||||||||||||||||||||||||||||||||||||||||||||||||||||||||||||||||||||||||||||||||||||||||||||START Global:|||||||||||||||||||||||||||||||||||||||||||||||||||||||||||||||||||||||||||||||||||||||||||||||||||||||||||START SOUTH America:|||||||||||||||||||||||||||||||||||||||||||||||||||||||||||||||||||||||||||||||||||||||||||||||||||||||||||START Africa:||||||||||||||||||||||||||||||||||||||||||||||||||||||||||||||||||||||||||||||||||||||||||||||||||||||||||
153|INREV|31/01/2017|Giovanni Perin|Threestones Capital|Director|g.perin@threestonescapital.com|3522484711|Luxembourg|EUR||1|||||||||0|100||||||100|||||||0|||||||0|||||||0|||||||0|100|0|0|0|0|0|100|||||||0|1||||||1|||||||0|||||||0|||||||0|||||||0|1|0|0|0|0|0|1|NO|NO|NO|NO|NO|NO|YES|NO|NO|NO|NO|NO|NO|NO|NO|NO|NO|NO|NO|NO|NO|NO|NO|NO|NO|NO|NO|NO|NO|NO|NO|NO|NO|NO|NO|NO|100||||||100|||||||0|||||||0|||||||0|||||||0|||||||0|||||||0||||||||0|100|0|0|0|0|0|100|||||||0|100||||||100|||||||0|||||||0|||||||0|100|0|0|0|0|0|100|60|30|10|||3|3|2|START Asia Pacific:|||||||||||||||||||||||||||||||||||||||||||||||||||||||||||||||||||||||||||||||||||||||||||||||||||||||||||START Europe:|100||||||100|||||||0|||||||0|||||||0|||||||0|||||||0|||||||0||||||||0|100|0|0|0|0|0|100|100||||||100|||||||0|||||||0|||||||0|||||||0|100|0|0|0|0|0|100|START North America:|||||||||||||||||||||||||||||||||||||||||||||||||||||||||||||||||||||||||||||||||||||||||||||||||||||||||||START Global:|||||||||||||||||||||||||||||||||||||||||||||||||||||||||||||||||||||||||||||||||||||||||||||||||||||||||||START SOUTH America:|||||||||||||||||||||||||||||||||||||||||||||||||||||||||||||||||||||||||||||||||||||||||||||||||||||||||||START Africa:||||||||||||||||||||||||||||||||||||||||||||||||||||||||||||||||||||||||||||||||||||||||||||||||||||||||||
49|INREV|26/01/2017|Robbert Zoet|Moorfield Group|Head of Capital Markets|robbert.zoet@moorfield.com|2073991000|United Kingdom|GBP||1|||||||||0|200||||||200|||||||0|||||||0|||||||0|||||||0|200|0|0|0|0|0|200|||||||0|1||||||1|||||||0|||||||0|||||||0|||||||0|1|0|0|0|0|0|1|NO|NO|NO|NO|NO|NO|YES|NO|NO|NO|NO|NO|NO|NO|NO|NO|NO|NO|NO|NO|NO|NO|NO|NO|NO|NO|NO|NO|NO|NO|NO|NO|NO|NO|NO|NO|135||||||135|||||||0|||||||0|||||||0|65||||||65|||||||0|||||||0||||||||0|200|0|0|0|0|0|200|||||||0|135||||||135|65||||||65|||||||0|||||||0|200|0|0|0|0|0|200|||100|||1|1|1|START Asia Pacific:|||||||||||||||||||||||||||||||||||||||||||||||||||||||||||||||||||||||||||||||||||||||||||||||||||||||||||START Europe:|135||||||135|||||||0|||||||0|||||||0|65||||||65|||||||0|||||||0||||||||0|200|0|0|0|0|0|200|135||||||135|||||||0|65||||||65|||||||0|||||||0|200|0|0|0|0|0|200|START North America:|||||||||||||||||||||||||||||||||||||||||||||||||||||||||||||||||||||||||||||||||||||||||||||||||||||||||||START Global:|||||||||||||||||||||||||||||||||||||||||||||||||||||||||||||||||||||||||||||||||||||||||||||||||||||||||||START SOUTH America:|||||||||||||||||||||||||||||||||||||||||||||||||||||||||||||||||||||||||||||||||||||||||||||||||||||||||||START Africa:||||||||||||||||||||||||||||||||||||||||||||||||||||||||||||||||||||||||||||||||||||||||||||||||||||||||||
148|INREV|31/01/2017|Ian Wimpenny|Altus Group|Director|ian.wimpenny@altusgroup.com|2035515448|Canada|EUR||2|6|We are cunsultants|||||||0|||||||0|||||||0|||||||0|||||||0|||||||0|0|0|0|0|0|0|0|||||||0|||||||0|||||||0|||||||0|||||||0|||||||0|0|0|0|0|0|0|0|NO|NO|NO|NO|NO|NO|NO|NO|NO|NO|NO|NO|NO|NO|NO|NO|NO|NO|NO|NO|NO|NO|NO|NO|NO|NO|NO|NO|NO|NO|NO|NO|NO|NO|NO|NO|||||||0|||||||0|||||||0|||||||0|||||||0|||||||0|||||||0||||||||0|0|0|0|0|0|0|0|||||||0|||||||0|||||||0|||||||0|||||||0|0|0|0|0|0|0|0||||||3|1|2|START Asia Pacific:|||||||||||||||||||||||||||||||||||||||||||||||||||||||||||||||||||||||||||||||||||||||||||||||||||||||||||START Europe:|||||||||||||||||||||||||||||||||||||||||||||||||||||||||||||||||||||||||||||||||||||||||||||||||||||||||||START North America:|||||||||||||||||||||||||||||||||||||||||||||||||||||||||||||||||||||||||||||||||||||||||||||||||||||||||||START Global:|||||||||||||||||||||||||||||||||||||||||||||||||||||||||||||||||||||||||||||||||||||||||||||||||||||||||||START SOUTH America:|||||||||||||||||||||||||||||||||||||||||||||||||||||||||||||||||||||||||||||||||||||||||||||||||||||||||||START Africa:||||||||||||||||||||||||||||||||||||||||||||||||||||||||||||||||||||||||||||||||||||||||||||||||||||||||||
204|INREV|13/02/2017|Uwira Jürgen |PROJECT Real Estate Trust (PROJECT Investment AG)|Managing Director|j.uwira@project-investment.de|4.9896E+12|Germany|EUR||1|||||||||0|158||||||158|||||||0|||||||0|||||||0|||||||0|158|0|0|0|0|0|158|||||||0|2||||||2|||||||0|||||||0|||||||0|||||||0|2|0|0|0|0|0|2|NO|NO|NO|NO|NO|NO|YES|NO|NO|NO|NO|NO|NO|NO|NO|NO|NO|NO|NO|NO|NO|NO|NO|NO|NO|NO|NO|NO|NO|NO|NO|NO|NO|NO|NO|NO|95||||||95|45||||||45|||||||0|||||||0|||||||0|||||||0|8||||||8|Banks (Sparkasse)|10||||||10|158|0|0|0|0|0|158|||||||0|158||||||158|||||||0|||||||0|||||||0|158|0|0|0|0|0|158|41||59|||1|3|1|START Asia Pacific:|||||||||||||||||||||||||||||||||||||||||||||||||||||||||||||||||||||||||||||||||||||||||||||||||||||||||||START Europe:|95||||||95|45||||||45|||||||0|||||||0|||||||0|||||||0|8||||||8|Banks (Sparkasse)|10||||||10|158|0|0|0|0|0|158|158||||||158|||||||0|||||||0|||||||0|||||||0|158|0|0|0|0|0|158|START North America:|||||||||||||||||||||||||||||||||||||||||||||||||||||||||||||||||||||||||||||||||||||||||||||||||||||||||||START Global:|||||||||||||||||||||||||||||||||||||||||||||||||||||||||||||||||||||||||||||||||||||||||||||||||||||||||||START SOUTH America:|||||||||||||||||||||||||||||||||||||||||||||||||||||||||||||||||||||||||||||||||||||||||||||||||||||||||||START Africa:||||||||||||||||||||||||||||||||||||||||||||||||||||||||||||||||||||||||||||||||||||||||||||||||||||||||||
93|INREV|13/01/2017|Zoltan Szelyes|CS|Head of Global Real Estate Strategy|zoltan.szelyes@credit-suisse.com|41443320080|Switzerland|EUR||1|||||||||0|86|||63|||149|||||||0|||||340||340|||||||0|||||||0|86|0|0|63|340|0|489|||||||0|2|||3|||5|||||||0|||||1||1|||||||0|||||||0|2|0|0|3|1|0|6|NO|NO|NO|NO|NO|NO|YES|NO|NO|YES|NO|NO|NO|NO|NO|NO|NO|NO|NO|NO|NO|NO|YES|NO|NO|NO|NO|NO|NO|NO|NO|NO|NO|NO|NO|NO|50||||||50|||||340||340|||||||0|||||||0|||||||0|||||||0|36|||63|||99||||||||0|86|0|0|63|340|0|489|||||||0|50||||340||390|||||||0|||||||0|||||||0|50|0|0|0|340|0|390||||||1|3|1|START Asia Pacific:|||||||||||||||||||||||||||||||||||||||||||||||||||||||||||||||||||||||||||||||||||||||||||||||||||||||||||START Europe:|||||||||||||||||||||||||||||||||||||||||||||||||||||||||||||||||||||||||||||||||||||||||||||||||||||||||||START North America:|||||||||||||||||||||||||||||||||||||||||||||||||||||||||||||||||||||||||||||||||||||||||||||||||||||||||||START Global:|||||||||||||||||||||||||||||||||||||||||||||||||||||||||||||||||||||||||||||||||||||||||||||||||||||||||||START SOUTH America:|||||||||||||||||||||||||||||||||||||||||||||||||||||||||||||||||||||||||||||||||||||||||||||||||||||||||||START Africa:||||||||||||||||||||||||||||||||||||||||||||||||||||||||||||||||||||||||||||||||||||||||||||||||||||||||||
62|INREV|25/01/2017|Johan Kamminga|a.s.r. real estate investment management|Fund Controller|johan.kamminga@asr.nl|06  3096 2815|Netherlands|EUR||1|||||||||0|250||||||250|||||||0|||||||0|||||||0|||||||0|250|0|0|0|0|0|250|||||||0|2||||||2|||||||0|||||||0|||||||0|||||||0|2|0|0|0|0|0|2|NO|NO|NO|NO|NO|NO|YES|NO|NO|NO|NO|NO|NO|NO|NO|NO|NO|NO|NO|NO|NO|NO|NO|NO|NO|NO|NO|NO|NO|NO|NO|NO|NO|NO|NO|NO|40||||||40|185||||||185|||||||0|||||||0|||||||0|||||||0|||||||0|Non-listed real estate fund|25||||||25|250|0|0|0|0|0|250|||||||0|250||||||250|||||||0|||||||0|||||||0|250|0|0|0|0|0|250|||100|||3|3|1|START Asia Pacific:|||||||||||||||||||||||||||||||||||||||||||||||||||||||||||||||||||||||||||||||||||||||||||||||||||||||||||START Europe:|40||||||40|185||||||185|||||||0|||||||0|||||||0|||||||0|||||||0|Non-listed real estate fund|25||||||25|250|0|0|0|0|0|250|250||||||250|||||||0|||||||0|||||||0|||||||0|250|0|0|0|0|0|250|START North America:|||||||||||||||||||||||||||||||||||||||||||||||||||||||||||||||||||||||||||||||||||||||||||||||||||||||||||START Global:|||||||||||||||||||||||||||||||||||||||||||||||||||||||||||||||||||||||||||||||||||||||||||||||||||||||||||START SOUTH America:|||||||||||||||||||||||||||||||||||||||||||||||||||||||||||||||||||||||||||||||||||||||||||||||||||||||||||START Africa:||||||||||||||||||||||||||||||||||||||||||||||||||||||||||||||||||||||||||||||||||||||||||||||||||||||||||
188|INREV|08/02/2017|Sloan Wobbeking|Alma Property Partners|Partner & CEO|sloan.wobbeking@almaproperty.se|+46 70 227 74 00|Sweden|EUR||1|||||||||0|90||||||90|||||||0|||||||0|||||||0|||||||0|90|0|0|0|0|0|90|||||||0|1||||||1|||||||0|||||||0|||||||0|||||||0|1|0|0|0|0|0|1|NO|NO|NO|NO|NO|NO|YES|NO|NO|NO|NO|NO|NO|NO|NO|NO|NO|NO|NO|NO|NO|NO|NO|NO|NO|NO|NO|NO|NO|NO|NO|NO|NO|NO|NO|NO|60||||||60|||||||0|||||||0|||||||0|10||||||10|||||||0|20||||||20||||||||0|90|0|0|0|0|0|90|||||||0|90||||||90|||||||0|||||||0|||||||0|90|0|0|0|0|0|90|||100|||3|3|1|START Asia Pacific:|||||||||||||||||||||||||||||||||||||||||||||||||||||||||||||||||||||||||||||||||||||||||||||||||||||||||||START Europe:|60||||||60|||||||0|||||||0|||||||0|||||||0|10||||||10|20||||||20||||||||0|90|0|0|0|0|0|90|90||||||90|||||||0|||||||0|||||||0|||||||0|90|0|0|0|0|0|90|START North America:|||||||||||||||||||||||||||||||||||||||||||||||||||||||||||||||||||||||||||||||||||||||||||||||||||||||||||START Global:|||||||||||||||||||||||||||||||||||||||||||||||||||||||||||||||||||||||||||||||||||||||||||||||||||||||||||START SOUTH America:|||||||||||||||||||||||||||||||||||||||||||||||||||||||||||||||||||||||||||||||||||||||||||||||||||||||||||START Africa:||||||||||||||||||||||||||||||||||||||||||||||||||||||||||||||||||||||||||||||||||||||||||||||||||||||||||
234|INREV|14/02/2017|Steffen Uttich|BEOS AG|Head of Fund Management|steffen.uttich@beos.net|4.9152E+12|Germany|EUR||1|||||||||0|135||||||135|||||||0|||||||0|||||||0|||||||0|135|0|0|0|0|0|135|||||||0|1||||||1|||||||0|||||||0|||||||0|||||||0|1|0|0|0|0|0|1|NO|NO|NO|NO|NO|NO|YES|NO|NO|NO|NO|NO|NO|NO|NO|NO|NO|NO|NO|NO|NO|NO|NO|NO|NO|NO|NO|NO|NO|NO|NO|NO|NO|NO|NO|NO|120||||||120|||||||0|||||||0|||||||0|15||||||15|||||||0|||||||0||||||||0|135|0|0|0|0|0|135|||||||0|135||||||135|||||||0|||||||0|||||||0|135|0|0|0|0|0|135|||100|||1|3|1|START Asia Pacific:|||||||||||||||||||||||||||||||||||||||||||||||||||||||||||||||||||||||||||||||||||||||||||||||||||||||||||START Europe:|120||||||120|||||||0|||||||0|||||||0|15||||||15|||||||0|||||||0||||||||0|135|0|0|0|0|0|135|135||||||135|||||||0|||||||0|||||||0|||||||0|135|0|0|0|0|0|135|START North America:|||||||||||||||||||||||||||||||||||||||||||||||||||||||||||||||||||||||||||||||||||||||||||||||||||||||||||START Global:|||||||||||||||||||||||||||||||||||||||||||||||||||||||||||||||||||||||||||||||||||||||||||||||||||||||||||START SOUTH America:|||||||||||||||||||||||||||||||||||||||||||||||||||||||||||||||||||||||||||||||||||||||||||||||||||||||||||START Africa:||||||||||||||||||||||||||||||||||||||||||||||||||||||||||||||||||||||||||||||||||||||||||||||||||||||||||
205|INREV|14/02/2017|Jamie Kellett|BMO Real Estate Partners|Business Development Manager|jkellett@bmorep.com|2070163564|United Kingdom|EUR||1|||||||||0|419||||||419|||||||0|||||||0|||||||0|||||||0|419|0|0|0|0|0|419|||||||0|3||||||3|||||||0|||||||0|||||||0|||||||0|3|0|0|0|0|0|3|NO|NO|NO|NO|NO|NO|YES|NO|NO|NO|NO|NO|NO|NO|NO|NO|NO|NO|NO|NO|NO|NO|NO|NO|NO|NO|NO|NO|NO|NO|NO|NO|NO|NO|NO|NO|419||||||419|||||||0|||||||0|||||||0|||||||0|||||||0|||||||0||||||||0|419|0|0|0|0|0|419|||||||0|419||||||419|||||||0|||||||0|||||||0|419|0|0|0|0|0|419|||100|||1|3|1|START Asia Pacific:|||||||||||||||||||||||||||||||||||||||||||||||||||||||||||||||||||||||||||||||||||||||||||||||||||||||||||START Europe:|419||||||419|||||||0|||||||0|||||||0|||||||0|||||||0|||||||0||||||||0|419|0|0|0|0|0|419|419||||||419|||||||0|||||||0|||||||0|||||||0|419|0|0|0|0|0|419|START North America:|||||||||||||||||||||||||||||||||||||||||||||||||||||||||||||||||||||||||||||||||||||||||||||||||||||||||||START Global:|||||||||||||||||||||||||||||||||||||||||||||||||||||||||||||||||||||||||||||||||||||||||||||||||||||||||||START SOUTH America:|||||||||||||||||||||||||||||||||||||||||||||||||||||||||||||||||||||||||||||||||||||||||||||||||||||||||||START Africa:||||||||||||||||||||||||||||||||||||||||||||||||||||||||||||||||||||||||||||||||||||||||||||||||||||||||||
112|INREV|13/02/2017|Louise McKay|LaSalle Investment Management|Associate|louise.mckay@lasalle.com|0207 852 4479 |United States|USD||1|||220|208||26|||454|348|1006||||195|1549|1297|300|||||1597||427|271||||698|||||||0|||||||0|1865|1941|271|26|0|195|4298|1|2||1|||4|2|5||||2|9|3|1|||||4||1|1||||2|||||||0|||||||0|6|9|1|1|0|2|19|YES|YES|NO|YES|NO|NO|YES|YES|NO|NO|NO|YES|YES|YES|NO|NO|NO|NO|NO|YES|YES|NO|NO|NO|NO|NO|NO|NO|NO|NO|NO|NO|NO|NO|NO|NO|785|1299||||168|2252|87||271||||358|40|458|||||498|||||||0|134|177|||||311|120||||||120|648|6|||||654|Banks|51|2||26||26|105|1865|1942|271|26|0|194|4298|120|586||26||96|828|389|1156|271|||98|1914|1356|200|||||1556|||||||0|||||||0|1865|1942|271|26|0|194|4298|15||85|||3|3|1|START Asia Pacific:|150|200|||||350|||||||0|40||||||40|||||||0|||||||0|||||||0||6|||||6|Corporate|30|2||26|||58|220|208|0|26|0|0|454|65||||||65||8||26|||34|155|200|||||355|||||||0|||||||0|220|208|0|26|0|0|454|START Europe:|270|371||||168|809|37||||||37||458|||||458|||||||0|28|177|||||205|14||||||14|||||||0|Corporate||||||26|26|349|1006|0|0|0|194|1549|305|728||||98|1131|44|278||||96|418|||||||0|||||||0|||||||0|349|1006|0|0|0|194|1549|START North America:|366|300|||||666|50||||||50|||||||0|||||||0|106||||||106|106||||||106|648||||||648|Corporate|21||||||21|1297|300|0|0|0|0|1597|20||||||20|76|300|||||376|1201||||||1201|||||||0|||||||0|1297|300|0|0|0|0|1597|START Global:||427|||||427|||271||||271|||||||0|||||||0|||||||0|||||||0|||||||0||||||||0|0|427|271|0|0|0|698||427|271||||698|||||||0|||||||0|||||||0|||||||0|0|427|271|0|0|0|698|START SOUTH America:|||||||||||||||||||||||||||||||||||||||||||||||||||||||||||||||||||||||||||||||||||||||||||||||||||||||||||START Africa:||||||||||||||||||||||||||||||||||||||||||||||||||||||||||||||||||||||||||||||||||||||||||||||||||||||||||
149|INREV|14/02/2017|Ljiljana Macdonald|Aviva Investors|Investment Director|ljiljana.macdonald@avivainvestors.com|0207809 8928|United Kingdom|GBP||1|||||||||0|835.62|||203.25|||1038.87||||42.86|||42.86|||||||0|||||||0|||||||0|835.62|0|0|246.11|0|0|1081.73|||||||0|4|||1|||5||||1|||1|||||||0|||||||0|||||||0|4|0|0|2|0|0|6|NO|NO|NO|NO|NO|NO|YES|NO|NO|YES|NO|NO|NO|NO|NO|YES|NO|NO|NO|NO|NO|NO|NO|NO|NO|NO|NO|NO|NO|NO|NO|NO|NO|NO|NO|NO|766.18|||42.86|||809.04|25.5|||203.25|||228.75|||||||0|||||||0|||||||0|||||||0|||||||0|Financial Institutions / Platforms|43.94||||||43.94|835.62|0|0|246.11|0|0|1081.73|34.43||||||34.43|801.2|||203.25|||1004.45||||42.85|||42.85|||||||0|||||||0|835.63|0|0|246.1|0|0|1081.73||||||1|3|1|START Asia Pacific:|||||||||||||||||||||||||||||||||||||||||||||||||||||||||||||||||||||||||||||||||||||||||||||||||||||||||||START Europe:|766.18||||||766.18|25.5|||203.25|||228.75|||||||0|||||||0|||||||0|||||||0|||||||0|Financial institutions / platforms|43.94||||||43.94|835.62|0|0|203.25|0|0|1038.87|801.2|||203.25|||1004.45|34.43||||||34.43|||||||0|||||||0|||||||0|835.63|0|0|203.25|0|0|1038.88|START North America:||||42.86|||42.86|||||||0|||||||0|||||||0|||||||0|||||||0|||||||0||||||||0|0|0|0|42.86|0|0|42.86|||||||0|||||||0||||42.86|||42.86|||||||0|||||||0|0|0|0|42.86|0|0|42.86|START Global:|||||||||||||||||||||||||||||||||||||||||||||||||||||||||||||||||||||||||||||||||||||||||||||||||||||||||||START SOUTH America:|||||||||||||||||||||||||||||||||||||||||||||||||||||||||||||||||||||||||||||||||||||||||||||||||||||||||||START Africa:||||||||||||||||||||||||||||||||||||||||||||||||||||||||||||||||||||||||||||||||||||||||||||||||||||||||||
190|INREV|08/02/2017|Samantha Roux|STAM Europe|Investor Services Director|Ssudreroux@stam-europe.com|33155359830|France|EUR||1|||||||||0||170||160|||330|||||||0|||||||0|||||||0|||||||0|0|170|0|160|0|0|330|||||||0||1||5|||6|||||||0|||||||0|||||||0|||||||0|0|1|0|5|0|0|6|NO|NO|NO|NO|NO|NO|NO|YES|NO|YES|NO|NO|NO|NO|NO|NO|NO|NO|NO|NO|NO|NO|NO|NO|NO|NO|NO|NO|NO|NO|NO|NO|NO|NO|NO|NO|||||||0||30|||||30|||||||0|||||||0|||||||0||140|||||140|||||||0|PERE funds and hedge funds||||160|||160|0|170|0|160|0|0|330|||||||0||170||120|||290||||40|||40|||||||0|||||||0|0|170|0|160|0|0|330||65|35|||3|3|1|START Asia Pacific:|||||||||||||||||||||||||||||||||||||||||||||||||||||||||||||||||||||||||||||||||||||||||||||||||||||||||||START Europe:|||||||0||30|||||30|||||||0|||||||0|||||||0||140|||||140|||||||0|PERE funds and hedge funds||||160|||160|0|170|0|160|0|0|330||170||120|||290|||||||0||||40|||40|||||||0|||||||0|0|170|0|160|0|0|330|START North America:|||||||||||||||||||||||||||||||||||||||||||||||||||||||||||||||||||||||||||||||||||||||||||||||||||||||||||START Global:|||||||||||||||||||||||||||||||||||||||||||||||||||||||||||||||||||||||||||||||||||||||||||||||||||||||||||START SOUTH America:|||||||||||||||||||||||||||||||||||||||||||||||||||||||||||||||||||||||||||||||||||||||||||||||||||||||||||START Africa:||||||||||||||||||||||||||||||||||||||||||||||||||||||||||||||||||||||||||||||||||||||||||||||||||||||||||
214|INREV|14/02/2017|Edward Chen|Madison International Realty|Investor Relations Manager|echen@madisonint.com|646-695-2828|United States|USD||1|||||||||0||605|||||605|||||||0|800.27||30||||830.27|||||||0|||||||0|800.27|605|30|0|0|0|1435.27|||||||0||1|||||1|||||||0|1||1||||2|||||||0|||||||0|1|1|1|0|0|0|3|NO|NO|NO|NO|NO|NO|NO|YES|NO|NO|NO|NO|NO|NO|NO|NO|NO|NO|YES|NO|YES|NO|NO|NO|NO|NO|NO|NO|NO|NO|NO|NO|NO|NO|NO|NO|439.97||||||439.97|12||||||12|280|605|||||885|||||||0|23||||||23|||||||0|45.3||30||||75.3||||||||0|800.27|605|30|0|0|0|1435.27|332|605|30||||967|242.97||||||242.97|225.3||||||225.3|||||||0|||||||0|800.27|605|30|0|0|0|1435.27|8.29||91.71|||3|1|1|START Asia Pacific:|||||||||||||||||||||||||||||||||||||||||||||||||||||||||||||||||||||||||||||||||||||||||||||||||||||||||||START Europe:|||||||0|||||||0||605|||||605|||||||0|||||||0|||||||0|||||||0||||||||0|0|605|0|0|0|0|605|||||||0||605|||||605|||||||0|||||||0|||||||0|0|605|0|0|0|0|605|START North America:|||||||||||||||||||||||||||||||||||||||||||||||||||||||||||||||||||||||||||||||||||||||||||||||||||||||||||START Global:|439.97||||||439.97|12||||||12|280||||||280|||||||0|23||||||23|||||||0|45.3||30||||75.3||||||||0|800.27|0|30|0|0|0|830.27|242.97||||||242.97|332||30||||362|225.3||||||225.3|||||||0|||||||0|800.27|0|30|0|0|0|830.27|START SOUTH America:|||||||||||||||||||||||||||||||||||||||||||||||||||||||||||||||||||||||||||||||||||||||||||||||||||||||||||START Africa:||||||||||||||||||||||||||||||||||||||||||||||||||||||||||||||||||||||||||||||||||||||||||||||||||||||||||
44|INREV|10/01/2017|Christian Bock|GEG German Estate Group AG|Head of Institutional Business|c.bock@geg.de|4.96927E+13|Germany|EUR||1|||||||||0||||170||73|243|||||||0|||||||0|||||||0|||||||0|0|0|0|170|0|73|243|||||||0||||3||2|5|||||||0|||||||0|||||||0|||||||0|0|0|0|3|0|2|5|NO|NO|NO|NO|NO|NO|NO|NO|NO|YES|NO|YES|NO|NO|NO|NO|NO|NO|NO|NO|NO|NO|NO|NO|NO|NO|NO|NO|NO|NO|NO|NO|NO|NO|NO|NO||||133||73|206||||37|||37|||||||0|||||||0|||||||0|||||||0|||||||0||||||||0|0|0|0|170|0|73|243|||||||0||||170||73|243|||||||0|||||||0|||||||0|0|0|0|170|0|73|243|50||50|||1|1|1|START Asia Pacific:|||||||||||||||||||||||||||||||||||||||||||||||||||||||||||||||||||||||||||||||||||||||||||||||||||||||||||START Europe:||||136||73|209||||34|||34|||||||0|||||||0|||||||0|||||||0|||||||0||||||||0|0|0|0|170|0|73|243||||170||73|243|||||||0|||||||0|||||||0|||||||0|0|0|0|170|0|73|243|START North America:|||||||||||||||||||||||||||||||||||||||||||||||||||||||||||||||||||||||||||||||||||||||||||||||||||||||||||START Global:|||||||||||||||||||||||||||||||||||||||||||||||||||||||||||||||||||||||||||||||||||||||||||||||||||||||||||START SOUTH America:|||||||||||||||||||||||||||||||||||||||||||||||||||||||||||||||||||||||||||||||||||||||||||||||||||||||||||START Africa:||||||||||||||||||||||||||||||||||||||||||||||||||||||||||||||||||||||||||||||||||||||||||||||||||||||||||
43|INREV|14/02/2017|Scott Peebles|Aberdeen Asset Management|Analyst|scott.peebles@aberdeen-asset.com|2036800041|United Kingdom|EUR||1|||||||172||172|||||||0|||||||0|||88||38||126|||||||0|||||||0|0|0|88|0|210|0|298|||||2||2|||||||0|||||||0|||1||2||3|||||||0|||||||0|0|0|1|0|4|0|5|NO|NO|NO|NO|YES|NO|NO|NO|NO|NO|NO|NO|NO|NO|NO|NO|NO|NO|NO|NO|YES|NO|YES|NO|NO|NO|NO|NO|NO|NO|NO|NO|NO|NO|NO|NO|||||210||210|||||||0|||||||0|||88||||88|||||||0|||||||0|||||||0||||||||0|0|0|88|0|210|0|298|||||67||67|||88||143||231|||||||0|||||||0|||||||0|0|0|88|0|210|0|298|||70|Formal RFP|30|1|3|1|START Asia Pacific:|||||172||172|||||||0|||||||0|||||||0|||||||0|||||||0|||||||0||||||||0|0|0|0|0|172|0|172|||||143||143|||||29||29|||||||0|||||||0|||||||0|0|0|0|0|172|0|172|START Europe:|||||||||||||||||||||||||||||||||||||||||||||||||||||||||||||||||||||||||||||||||||||||||||||||||||||||||||START North America:|||||||||||||||||||||||||||||||||||||||||||||||||||||||||||||||||||||||||||||||||||||||||||||||||||||||||||START Global:|||||38||38|||||||0|||||||0|||88||||88|||||||0|||||||0|||||||0||||||||0|0|0|88|0|38|0|126|||88||||88|||||38||38|||||||0|||||||0|||||||0|0|0|88|0|38|0|126|START SOUTH America:|||||||||||||||||||||||||||||||||||||||||||||||||||||||||||||||||||||||||||||||||||||||||||||||||||||||||||START Africa:||||||||||||||||||||||||||||||||||||||||||||||||||||||||||||||||||||||||||||||||||||||||||||||||||||||||||
90|INREV|13/01/2017|Anders Holm-Pedersen|Kristensen Properties|Fund Manager|ahp@kristensenproperties.com|4520606020|Denmark|EUR||1|||||||||0|15||||||15|||||||0|||||||0|||||||0|||||||0|15|0|0|0|0|0|15|||||||0|1||||||1|||||||0|||||||0|||||||0|||||||0|1|0|0|0|0|0|1|NO|NO|NO|NO|NO|NO|YES|NO|NO|NO|NO|NO|NO|NO|NO|NO|NO|NO|NO|NO|NO|NO|NO|NO|NO|NO|NO|NO|NO|NO|NO|NO|NO|NO|NO|NO|15||||||15|||||||0|||||||0|||||||0|||||||0|||||||0|||||||0||||||||0|15|0|0|0|0|0|15|||||||0|15||||||15|||||||0|||||||0|||||||0|15|0|0|0|0|0|15|||100|||1|2|1|START Asia Pacific:|||||||||||||||||||||||||||||||||||||||||||||||||||||||||||||||||||||||||||||||||||||||||||||||||||||||||||START Europe:|15||||||15|||||||0|||||||0|||||||0|||||||0|||||||0|||||||0||||||||0|15|0|0|0|0|0|15|15||||||15|||||||0|||||||0|||||||0|||||||0|15|0|0|0|0|0|15|START North America:|||||||||||||||||||||||||||||||||||||||||||||||||||||||||||||||||||||||||||||||||||||||||||||||||||||||||||START Global:|||||||||||||||||||||||||||||||||||||||||||||||||||||||||||||||||||||||||||||||||||||||||||||||||||||||||||START SOUTH America:|||||||||||||||||||||||||||||||||||||||||||||||||||||||||||||||||||||||||||||||||||||||||||||||||||||||||||START Africa:||||||||||||||||||||||||||||||||||||||||||||||||||||||||||||||||||||||||||||||||||||||||||||||||||||||||||
146|INREV|31/01/2017|Max von Below|USAA Real Estate Company|Executive Director|max.vonbelow@usrealco.com|31202351703|United States|USD||1|||||||||0|||||||0|1100|400|0|0|0|800|2300|||||||0|||||||0|||||||0|1100|400|0|0|0|800|2300|||||||0|||||||0|2|2||||2|6|||||||0|||||||0|||||||0|2|2|0|0|0|2|6|NO|NO|NO|NO|NO|NO|NO|NO|NO|NO|NO|NO|YES|YES|NO|NO|NO|YES|NO|NO|NO|NO|NO|NO|NO|NO|NO|NO|NO|NO|NO|NO|NO|NO|NO|NO|||||||0|||||||0|||||||0|||||||0|||||||0|||||||0|||||||0||||||||0|0|0|0|0|0|0|0|300||||||300|50|300|||||350|850|||||800|1650|||||||0|||||||0|1200|300|0|0|0|800|2300|2||98|||3|2|2|START Asia Pacific:|||||||||||||||||||||||||||||||||||||||||||||||||||||||||||||||||||||||||||||||||||||||||||||||||||||||||||START Europe:|||||||||||||||||||||||||||||||||||||||||||||||||||||||||||||||||||||||||||||||||||||||||||||||||||||||||||START North America:|||||||||||||||||||||||||||||||||||||||||||||||||||||||||||||||||||||||||||||||||||||||||||||||||||||||||||START Global:|||||||||||||||||||||||||||||||||||||||||||||||||||||||||||||||||||||||||||||||||||||||||||||||||||||||||||START SOUTH America:|||||||||||||||||||||||||||||||||||||||||||||||||||||||||||||||||||||||||||||||||||||||||||||||||||||||||||START Africa:||||||||||||||||||||||||||||||||||||||||||||||||||||||||||||||||||||||||||||||||||||||||||||||||||||||||||
54|INREV|14/02/2017|Deutsche Asset Management|Deutsche Asset Management|Assistant Vice President|joseph.pecora@db.com|212-454-0304|Germany|EUR||1|||||||||0|||||||0|||||||0|4033|714|||||4747|||||||0|||||||0|4033|714|0|0|0|0|4747|||||||0|||||||0|||||||0|12|4|||||16|||||||0|||||||0|12|4|0|0|0|0|16|NO|NO|NO|NO|NO|NO|NO|NO|NO|NO|NO|NO|NO|NO|NO|NO|NO|NO|YES|YES|NO|NO|NO|NO|NO|NO|NO|NO|NO|NO|NO|NO|NO|NO|NO|NO|1488|215|||||1703|110||||||110|||||||0|451|194|||||645|158||||||158|||||||0|||||||0|Client data not available|1826|305|||||2131|4033|714|0|0|0|0|4747|||||||0|3223|305|||||3528|810|409|||||1219|||||||0|||||||0|4033|714|0|0|0|0|4747||||N/A|100|1|3|1|START Asia Pacific:|||||||||||||||||||||||||||||||||||||||||||||||||||||||||||||||||||||||||||||||||||||||||||||||||||||||||||START Europe:|||||||||||||||||||||||||||||||||||||||||||||||||||||||||||||||||||||||||||||||||||||||||||||||||||||||||||START North America:|||||||||||||||||||||||||||||||||||||||||||||||||||||||||||||||||||||||||||||||||||||||||||||||||||||||||||START Global:|1488|215|||||1703|110||||||110|||||||0|451|194|||||645|158||||||158|||||||0|||||||0|Client data not available|1826|305|||||2131|4033|714|0|0|0|0|4747|3223|305|||||3528|||||||0|810|409|||||1219|||||||0|||||||0|4033|714|0|0|0|0|4747|START SOUTH America:|||||||||||||||||||||||||||||||||||||||||||||||||||||||||||||||||||||||||||||||||||||||||||||||||||||||||||START Africa:||||||||||||||||||||||||||||||||||||||||||||||||||||||||||||||||||||||||||||||||||||||||||||||||||||||||||
227|INREV|14/02/2017|Amy Dulski|Starwood Capital Group|Investor Relations Coordinator|adulski@starwood.com|2034227766|United States|USD||1|||||||||0|||||||0||||2323.1|||2323.1|||||||0|||||||0|||||||0|0|0|0|2323.1|0|0|2323.1|||||||0|||||||0||||2|||2|||||||0|||||||0|||||||0|0|0|0|2|0|0|2|NO|NO|NO|NO|NO|NO|NO|NO|NO|NO|NO|NO|NO|NO|NO|YES|NO|NO|NO|NO|NO|NO|NO|NO|NO|NO|NO|NO|NO|NO|NO|NO|NO|NO|NO|NO||||300|||300||||940|||940||||919|||919|||||||0||||14.5|||14.5||||5|||5||||121.5|||121.5|GP||||23.1|||23.1|0|0|0|2323.1|0|0|2323.1||||2164|||2164|||||||0||||150.6|||150.6||||8.5|||8.5|||||||0|0|0|0|2323.1|0|0|2323.1|||100|||2|2|1|START Asia Pacific:|||||||||||||||||||||||||||||||||||||||||||||||||||||||||||||||||||||||||||||||||||||||||||||||||||||||||||START Europe:|||||||||||||||||||||||||||||||||||||||||||||||||||||||||||||||||||||||||||||||||||||||||||||||||||||||||||START North America:||||300|||300||||940|||940||||919|||919|||||||0||||14.5|||14.5||||5|||5||||121.5|||121.5|||||23.1|||23.1|0|0|0|2323.1|0|0|2323.1|||||||0||||2164|||2164||||150.6|||150.6||||8.5|||8.5|||||||0|0|0|0|2323.1|0|0|2323.1|START Global:|||||||||||||||||||||||||||||||||||||||||||||||||||||||||||||||||||||||||||||||||||||||||||||||||||||||||||START SOUTH America:|||||||||||||||||||||||||||||||||||||||||||||||||||||||||||||||||||||||||||||||||||||||||||||||||||||||||||START Africa:||||||||||||||||||||||||||||||||||||||||||||||||||||||||||||||||||||||||||||||||||||||||||||||||||||||||||
48|INREV|14/02/2017|Kathleen Flores|Franklin Templeton |Vice President, Product Manager|kathleen.flores@franklintempleton.com|212-632-4024|United States|USD||1|||||||||0|||||||0|||||||0|20||50||||70|||||||0|||||||0|20|0|50|0|0|0|70|||||||0|||||||0|||||||0|1||1||||2|||||||0|||||||0|1|0|1|0|0|0|2|NO|NO|NO|NO|NO|NO|NO|NO|NO|NO|NO|NO|NO|NO|NO|NO|NO|NO|YES|NO|YES|NO|NO|NO|NO|NO|NO|NO|NO|NO|NO|NO|NO|NO|NO|NO|20||||||20|||50||||50|||||||0|||||||0|||||||0|||||||0|||||||0||||||||0|20|0|50|0|0|0|70|||||||0|||||||0|20||50||||70|||||||0|||||||0|20|0|50|0|0|0|70|||100|||1|3|1|START Asia Pacific:|||||||||||||||||||||||||||||||||||||||||||||||||||||||||||||||||||||||||||||||||||||||||||||||||||||||||||START Europe:|||||||||||||||||||||||||||||||||||||||||||||||||||||||||||||||||||||||||||||||||||||||||||||||||||||||||||START North America:|||||||||||||||||||||||||||||||||||||||||||||||||||||||||||||||||||||||||||||||||||||||||||||||||||||||||||START Global:|20||||||20|||50||||50|||||||0|||||||0|||||||0|||||||0|||||||0||||||||0|20|0|50|0|0|0|70|||50||||50|||||||0|20||||||20|||||||0|||||||0|20|0|50|0|0|0|70|START SOUTH America:|||||||||||||||||||||||||||||||||||||||||||||||||||||||||||||||||||||||||||||||||||||||||||||||||||||||||||START Africa:||||||||||||||||||||||||||||||||||||||||||||||||||||||||||||||||||||||||||||||||||||||||||||||||||||||||||
230|INREV|14/02/2017|Adam Smith|Tristan Capital Partners|Director, Client Relations|asmith@tristancap.com|4.42035E+11|United Kingdom|EUR||2|6|We raised €1.8 billion in 2015|||||||0|||||||0|||||||0|||||||0|||||||0|||||||0|0|0|0|0|0|0|0|||||||0|||||||0|||||||0|||||||0|||||||0|||||||0|0|0|0|0|0|0|0|NO|NO|NO|NO|NO|NO|NO|NO|NO|NO|NO|NO|NO|NO|NO|NO|NO|NO|NO|NO|NO|NO|NO|NO|NO|NO|NO|NO|NO|NO|NO|NO|NO|NO|NO|NO|||||||0|||||||0|||||||0|||||||0|||||||0|||||||0|||||||0||||||||0|0|0|0|0|0|0|0|||||||0|||||||0|||||||0|||||||0|||||||0|0|0|0|0|0|0|0||||||1|3|1|START Asia Pacific:|||||||||||||||||||||||||||||||||||||||||||||||||||||||||||||||||||||||||||||||||||||||||||||||||||||||||||START Europe:|||||||||||||||||||||||||||||||||||||||||||||||||||||||||||||||||||||||||||||||||||||||||||||||||||||||||||START North America:|||||||||||||||||||||||||||||||||||||||||||||||||||||||||||||||||||||||||||||||||||||||||||||||||||||||||||START Global:|||||||||||||||||||||||||||||||||||||||||||||||||||||||||||||||||||||||||||||||||||||||||||||||||||||||||||START SOUTH America:|||||||||||||||||||||||||||||||||||||||||||||||||||||||||||||||||||||||||||||||||||||||||||||||||||||||||||START Africa:||||||||||||||||||||||||||||||||||||||||||||||||||||||||||||||||||||||||||||||||||||||||||||||||||||||||||
38|INREV|25/01/2017|Nicholas Temperley|Europa Capital LLP|Associate|ntemperley@europacapital.com|7908986870|United Kingdom|EUR||1|||||||||0|362.5|||||25.8|388.3|||||||0|||||||0|||||||0|||||||0|362.5|0|0|0|0|25.8|388.3|||||||0|1|||||1|2|||||||0|||||||0|||||||0|||||||0|1|0|0|0|0|1|2|NO|NO|NO|NO|NO|NO|YES|NO|NO|NO|NO|YES|NO|NO|NO|NO|NO|NO|NO|NO|NO|NO|NO|NO|NO|NO|NO|NO|NO|NO|NO|NO|NO|NO|NO|NO|307.7|||||25.8|333.5|||||||0|||||||0|||||||0|||||||0|||||||0|||||||0|Private Bank / real estate company|54.8||||||54.8|362.5|0|0|0|0|25.8|388.3|50||||||50|169.8||||||169.8|142.7|||||25.8|168.5|||||||0|||||||0|362.5|0|0|0|0|25.8|388.3|5||95|||1|1|2|START Asia Pacific:|||||||||||||||||||||||||||||||||||||||||||||||||||||||||||||||||||||||||||||||||||||||||||||||||||||||||||START Europe:|307.7|||||25.8|333.5|||||||0|||||||0|||||||0|||||||0|||||||0|||||||0|Private Bank / Real estate Company|54.8||||||54.8|362.5|0|0|0|0|25.8|388.3|169.8||||||169.8|50||||||50|142.7|||||25.8|168.5|||||||0|||||||0|362.5|0|0|0|0|25.8|388.3|START North America:|||||||||||||||||||||||||||||||||||||||||||||||||||||||||||||||||||||||||||||||||||||||||||||||||||||||||||START Global:|||||||||||||||||||||||||||||||||||||||||||||||||||||||||||||||||||||||||||||||||||||||||||||||||||||||||||START SOUTH America:|||||||||||||||||||||||||||||||||||||||||||||||||||||||||||||||||||||||||||||||||||||||||||||||||||||||||||START Africa:||||||||||||||||||||||||||||||||||||||||||||||||||||||||||||||||||||||||||||||||||||||||||||||||||||||||||
142|INREV|14/02/2017|Emily-Jane Finigan|Landmark Partners|Vice President|emily-jane.finigan@landmarkpartners.com|2124685668|United States|USD||2|6|We were not in market during this timeframe|||||||0|||||||0|||||||0|||||||0|||||||0|||||||0|0|0|0|0|0|0|0|||||||0|||||||0|||||||0|||||||0|||||||0|||||||0|0|0|0|0|0|0|0|NO|NO|NO|NO|NO|NO|NO|NO|NO|NO|NO|NO|NO|NO|NO|NO|NO|NO|NO|NO|NO|NO|NO|NO|NO|NO|NO|NO|NO|NO|NO|NO|NO|NO|NO|NO|||||||0|||||||0|||||||0|||||||0|||||||0|||||||0|||||||0||||||||0|0|0|0|0|0|0|0|||||||0|||||||0|||||||0|||||||0|||||||0|0|0|0|0|0|0|0||||||1|3|2|START Asia Pacific:|||||||||||||||||||||||||||||||||||||||||||||||||||||||||||||||||||||||||||||||||||||||||||||||||||||||||||START Europe:|||||||||||||||||||||||||||||||||||||||||||||||||||||||||||||||||||||||||||||||||||||||||||||||||||||||||||START North America:|||||||||||||||||||||||||||||||||||||||||||||||||||||||||||||||||||||||||||||||||||||||||||||||||||||||||||START Global:|||||||||||||||||||||||||||||||||||||||||||||||||||||||||||||||||||||||||||||||||||||||||||||||||||||||||||START SOUTH America:|||||||||||||||||||||||||||||||||||||||||||||||||||||||||||||||||||||||||||||||||||||||||||||||||||||||||||START Africa:||||||||||||||||||||||||||||||||||||||||||||||||||||||||||||||||||||||||||||||||||||||||||||||||||||||||||
211|INREV|14/02/2017|Bert Van den Hoek|Partners Group|Senior Vice President / Investment Solutions Benelux|bert.vandenhoek@partnersgroup.com|+44 20 7575 2758|Switzerland|EUR||2|6|The Fund is closed in 2015.|||||||0|||||||0|||||||0|||||||0|||||||0|||||||0|0|0|0|0|0|0|0|||||||0|||||||0|||||||0|||||||0|||||||0|||||||0|0|0|0|0|0|0|0|NO|NO|NO|NO|NO|NO|NO|NO|NO|NO|NO|NO|NO|NO|NO|NO|NO|NO|NO|NO|NO|NO|NO|NO|NO|NO|NO|NO|NO|NO|NO|NO|NO|NO|NO|NO|||||||0|||||||0|||||||0|||||||0|||||||0|||||||0|||||||0||||||||0|0|0|0|0|0|0|0|||||||0|||||||0|||||||0|||||||0|||||||0|0|0|0|0|0|0|0||||||1|3|1|START Asia Pacific:|||||||||||||||||||||||||||||||||||||||||||||||||||||||||||||||||||||||||||||||||||||||||||||||||||||||||||START Europe:|||||||||||||||||||||||||||||||||||||||||||||||||||||||||||||||||||||||||||||||||||||||||||||||||||||||||||START North America:|||||||||||||||||||||||||||||||||||||||||||||||||||||||||||||||||||||||||||||||||||||||||||||||||||||||||||START Global:|||||||||||||||||||||||||||||||||||||||||||||||||||||||||||||||||||||||||||||||||||||||||||||||||||||||||||START SOUTH America:|||||||||||||||||||||||||||||||||||||||||||||||||||||||||||||||||||||||||||||||||||||||||||||||||||||||||||START Africa:||||||||||||||||||||||||||||||||||||||||||||||||||||||||||||||||||||||||||||||||||||||||||||||||||||||||||
66|INREV|14/02/2017|Gemma Young|TH Real Estate|Head of Global Marketing & Communications|gemma.young@threalestate.com|12129165510|United Kingdom|USD||1||||||44.17|||44.17|893.93|1519.31||343.76||135.27|2892.27|1199.5|||201.65|||1401.15|||||||0|||||||0|||||||0|2093.43|1519.31|0|589.58|0|135.27|4337.59||||1|||1|6|4||2||1|13|4|||7|||11|||||||0|||||||0|||||||0|10|4|0|10|0|1|25|NO|NO|NO|YES|NO|NO|YES|YES|NO|YES|NO|YES|YES|NO|NO|YES|NO|NO|NO|NO|NO|NO|NO|NO|NO|NO|NO|NO|NO|NO|NO|NO|NO|NO|NO|NO|1624.31|1519.31||65.2||28.54|3237.36|164.62|||18.62||73.61|256.85||||12.16|||12.16|300|||125.9|||425.9|||||||0||||||33.12|33.12|4.5||||||4.5|Investment Fund/Unit Trust||||367.7|||367.7|2093.43|1519.31|0|589.58|0|135.27|4337.59|300|638.93||113.7||73.61|1126.24|1243.93|880.38||417.47||61.66|2603.44|549.5|||58.41|||607.91|||||||0|||||||0|2093.43|1519.31|0|589.58|0|135.27|4337.59|||100|||1|2|1|START Asia Pacific:|||||||||||||||||||||||||||||||||||||||||||||||||||||||||||||||||||||||||||||||||||||||||||||||||||||||||||START Europe:|||||||||||||||||||||||||||||||||||||||||||||||||||||||||||||||||||||||||||||||||||||||||||||||||||||||||||START North America:|||||||||||||||||||||||||||||||||||||||||||||||||||||||||||||||||||||||||||||||||||||||||||||||||||||||||||START Global:|||||||||||||||||||||||||||||||||||||||||||||||||||||||||||||||||||||||||||||||||||||||||||||||||||||||||||START SOUTH America:|||||||||||||||||||||||||||||||||||||||||||||||||||||||||||||||||||||||||||||||||||||||||||||||||||||||||||START Africa:||||||||||||||||||||||||||||||||||||||||||||||||||||||||||||||||||||||||||||||||||||||||||||||||||||||||||
207|INREV|13/02/2017|Immo von Homeyer|Art-Invest Real Estate Funds GmbH|Director Business Development|IvonHomeyer@art-invest.de|+49 221. 270 579 59|Germany|EUR||1|||||||||0|270||50||||320|||||||0|||||||0|||||||0|||||||0|270|0|50|0|0|0|320|||||||0|2||1||||3|||||||0|||||||0|||||||0|||||||0|2|0|1|0|0|0|3|NO|NO|NO|NO|NO|NO|YES|NO|YES|NO|NO|NO|NO|NO|NO|NO|NO|NO|NO|NO|NO|NO|NO|NO|NO|NO|NO|NO|NO|NO|NO|NO|NO|NO|NO|NO|270||50||||320|||||||0|||||||0|||||||0|||||||0|||||||0|||||||0||||||||0|270|0|50|0|0|0|320|||||||0|270||50||||320|||||||0|||||||0|||||||0|270|0|50|0|0|0|320|||100|||3|3|1|START Asia Pacific:|||||||||||||||||||||||||||||||||||||||||||||||||||||||||||||||||||||||||||||||||||||||||||||||||||||||||||START Europe:|270||50||||320|||||||0|||||||0|||||||0|||||||0|||||||0|||||||0||||||||0|270|0|50|0|0|0|320|270||50||||320|||||||0|||||||0|||||||0|||||||0|270|0|50|0|0|0|320|START North America:|||||||||||||||||||||||||||||||||||||||||||||||||||||||||||||||||||||||||||||||||||||||||||||||||||||||||||START Global:|||||||||||||||||||||||||||||||||||||||||||||||||||||||||||||||||||||||||||||||||||||||||||||||||||||||||||START SOUTH America:|||||||||||||||||||||||||||||||||||||||||||||||||||||||||||||||||||||||||||||||||||||||||||||||||||||||||||START Africa:||||||||||||||||||||||||||||||||||||||||||||||||||||||||||||||||||||||||||||||||||||||||||||||||||||||||||
196|INREV|09/02/2017|Sally Doyle-Linden|Clearbell Capital LLP|CFO|Sally@clearbell.com|2074947636|United Kingdom|GBP||2|6|we do not raise capital every year|||||||0|||||||0|||||||0|||||||0|||||||0|||||||0|0|0|0|0|0|0|0|||||||0|||||||0|||||||0|||||||0|||||||0|||||||0|0|0|0|0|0|0|0|NO|NO|NO|NO|NO|NO|NO|NO|NO|NO|NO|NO|NO|NO|NO|NO|NO|NO|NO|NO|NO|NO|NO|NO|NO|NO|NO|NO|NO|NO|NO|NO|NO|NO|NO|NO|||||||0|||||||0|||||||0|||||||0|||||||0|||||||0|||||||0||||||||0|0|0|0|0|0|0|0|||||||0|||||||0|||||||0|||||||0|||||||0|0|0|0|0|0|0|0||||||1|2|1|START Asia Pacific:|||||||||||||||||||||||||||||||||||||||||||||||||||||||||||||||||||||||||||||||||||||||||||||||||||||||||||START Europe:|||||||||||||||||||||||||||||||||||||||||||||||||||||||||||||||||||||||||||||||||||||||||||||||||||||||||||START North America:|||||||||||||||||||||||||||||||||||||||||||||||||||||||||||||||||||||||||||||||||||||||||||||||||||||||||||START Global:|||||||||||||||||||||||||||||||||||||||||||||||||||||||||||||||||||||||||||||||||||||||||||||||||||||||||||START SOUTH America:|||||||||||||||||||||||||||||||||||||||||||||||||||||||||||||||||||||||||||||||||||||||||||||||||||||||||||START Africa:||||||||||||||||||||||||||||||||||||||||||||||||||||||||||||||||||||||||||||||||||||||||||||||||||||||||||
151|INREV|31/01/2017|Nils Eivind RIsvand|Steen & Strøm AS|Chief Legal Officer|nils.eivind.risvand@steenstrom.com|23213505|Norway|NOK||2|6|No investments that required capital|||||||0|||||||0|||||||0|||||||0|||||||0|||||||0|0|0|0|0|0|0|0|||||||0|||||||0|||||||0|||||||0|||||||0|||||||0|0|0|0|0|0|0|0|NO|NO|NO|NO|NO|NO|NO|NO|NO|NO|NO|NO|NO|NO|NO|NO|NO|NO|NO|NO|NO|NO|NO|NO|NO|NO|NO|NO|NO|NO|NO|NO|NO|NO|NO|NO|||||||0|||||||0|||||||0|||||||0|||||||0|||||||0|||||||0||||||||0|0|0|0|0|0|0|0|||||||0|||||||0|||||||0|||||||0|||||||0|0|0|0|0|0|0|0||||||3|3|2|START Asia Pacific:|||||||||||||||||||||||||||||||||||||||||||||||||||||||||||||||||||||||||||||||||||||||||||||||||||||||||||START Europe:|||||||||||||||||||||||||||||||||||||||||||||||||||||||||||||||||||||||||||||||||||||||||||||||||||||||||||START North America:|||||||||||||||||||||||||||||||||||||||||||||||||||||||||||||||||||||||||||||||||||||||||||||||||||||||||||START Global:|||||||||||||||||||||||||||||||||||||||||||||||||||||||||||||||||||||||||||||||||||||||||||||||||||||||||||START SOUTH America:|||||||||||||||||||||||||||||||||||||||||||||||||||||||||||||||||||||||||||||||||||||||||||||||||||||||||||START Africa:||||||||||||||||||||||||||||||||||||||||||||||||||||||||||||||||||||||||||||||||||||||||||||||||||||||||||
125|INREV|14/02/2017|Katharina Martin|Union Investment|Junior Fondsadvisor|katharina.martin@union-investment.de|4.94035E+12|Germany|EUR||1|||||||||0|887.4|63.5|||||950.9|||||||0|||||||0|||||||0|||||||0|887.4|63.5|0|0|0|0|950.9|||||||0|4|2|||||6|||||||0|||||||0|||||||0|||||||0|4|2|0|0|0|0|6|NO|NO|NO|NO|NO|NO|YES|YES|NO|NO|NO|NO|NO|NO|NO|NO|NO|NO|NO|NO|NO|NO|NO|NO|NO|NO|NO|NO|NO|NO|NO|NO|NO|NO|NO|NO|67.3|1.2|||||68.5|33.2||||||33.2|||||||0|||||||0|124|3|||||127|||||||0|||||||0|banks|662.9|59.3|||||722.2|887.4|63.5|0|0|0|0|950.9|||||||0|887.4|63.5|||||950.9|||||||0|||||||0|||||||0|887.4|63.5|0|0|0|0|950.9|||100|||1||1|START Asia Pacific:|||||||||||||||||||||||||||||||||||||||||||||||||||||||||||||||||||||||||||||||||||||||||||||||||||||||||||START Europe:|67.3|1.2|||||68.5|33.2||||||33.2|||||||0|||||||0|124|3|||||127|||||||0|||||||0|banks|662.9|59.3|||||722.2|887.4|63.5|0|0|0|0|950.9|887.4|63.5|||||950.9|||||||0|||||||0|||||||0|||||||0|887.4|63.5|0|0|0|0|950.9|START North America:|||||||||||||||||||||||||||||||||||||||||||||||||||||||||||||||||||||||||||||||||||||||||||||||||||||||||||START Global:|||||||||||||||||||||||||||||||||||||||||||||||||||||||||||||||||||||||||||||||||||||||||||||||||||||||||||START SOUTH America:|||||||||||||||||||||||||||||||||||||||||||||||||||||||||||||||||||||||||||||||||||||||||||||||||||||||||||START Africa:||||||||||||||||||||||||||||||||||||||||||||||||||||||||||||||||||||||||||||||||||||||||||||||||||||||||||
113|INREV|26/01/2017|Ruud van Dam|Reggeborgh Vastgoed|CFO|rvandam@reggeborgh.nl|31548226100|Netherlands|EUR||2|6|autonomous growth|||||||0|||||||0|||||||0|||||||0|||||||0|||||||0|0|0|0|0|0|0|0|||||||0|||||||0|||||||0|||||||0|||||||0|||||||0|0|0|0|0|0|0|0|NO|NO|NO|NO|NO|NO|NO|NO|NO|NO|NO|NO|NO|NO|NO|NO|NO|NO|NO|NO|NO|NO|NO|NO|NO|NO|NO|NO|NO|NO|NO|NO|NO|NO|NO|NO|||||||0|||||||0|||||||0|||||||0|||||||0|||||||0|||||||0||||||||0|0|0|0|0|0|0|0|||||||0|||||||0|||||||0|||||||0|||||||0|0|0|0|0|0|0|0||||||3|2|2|START Asia Pacific:|||||||||||||||||||||||||||||||||||||||||||||||||||||||||||||||||||||||||||||||||||||||||||||||||||||||||||START Europe:|||||||||||||||||||||||||||||||||||||||||||||||||||||||||||||||||||||||||||||||||||||||||||||||||||||||||||START North America:|||||||||||||||||||||||||||||||||||||||||||||||||||||||||||||||||||||||||||||||||||||||||||||||||||||||||||START Global:|||||||||||||||||||||||||||||||||||||||||||||||||||||||||||||||||||||||||||||||||||||||||||||||||||||||||||START SOUTH America:|||||||||||||||||||||||||||||||||||||||||||||||||||||||||||||||||||||||||||||||||||||||||||||||||||||||||||START Africa:||||||||||||||||||||||||||||||||||||||||||||||||||||||||||||||||||||||||||||||||||||||||||||||||||||||||||
195|INREV|09/02/2017|John Davidson|Deutsche Finance Group|Investment Committee Member|john.davidson@hslu.ch|41793577720|Germany|EUR||1|||||40||20||60|||40||20||60|||20||10||30|||||||0|||||||0|||||||0|0|0|100|0|50|0|150|||1||2||3|||1||2||3|||1||2||3|||||||0|||||||0|||||||0|0|0|3|0|6|0|9|NO|NO|YES|NO|YES|NO|NO|NO|YES|NO|YES|NO|NO|NO|YES|NO|YES|NO|NO|NO|NO|NO|NO|NO|NO|NO|NO|NO|NO|NO|NO|NO|NO|NO|NO|NO|||||||0|||100||||100|||||||0|||||||0|||||||0|||||||0|||||||0|Retail|||||50||50|0|0|100|0|50|0|150|||||||0|||100||50||150|||||||0|||||||0|||||||0|0|0|100|0|50|0|150|25||75|||1|3|2|START Asia Pacific:|||||||||||||||||||||||||||||||||||||||||||||||||||||||||||||||||||||||||||||||||||||||||||||||||||||||||||START Europe:|||||||||||||||||||||||||||||||||||||||||||||||||||||||||||||||||||||||||||||||||||||||||||||||||||||||||||START North America:|||||||||||||||||||||||||||||||||||||||||||||||||||||||||||||||||||||||||||||||||||||||||||||||||||||||||||START Global:|||||||||||||||||||||||||||||||||||||||||||||||||||||||||||||||||||||||||||||||||||||||||||||||||||||||||||START SOUTH America:|||||||||||||||||||||||||||||||||||||||||||||||||||||||||||||||||||||||||||||||||||||||||||||||||||||||||||START Africa:||||||||||||||||||||||||||||||||||||||||||||||||||||||||||||||||||||||||||||||||||||||||||||||||||||||||||
175|INREV|10/02/2017|Susan Harris|Hines|Director - Investment Management|susan.harris@hines.com|713.966.5363|United States|USD||1||||||45|||45|120|424||858|||1402||300||925|||1225|||||||0||6|||||6|||||||0|120|730|0|1828|0|0|2678||||1|||1|1|1||6|||8||2||17|||19|||||||0||1|||||1|||||||0|1|4|0|24|0|0|29|NO|NO|NO|YES|NO|NO|YES|YES|NO|YES|NO|NO|NO|YES|NO|YES|NO|NO|NO|NO|NO|NO|NO|NO|NO|YES|NO|NO|NO|NO|NO|NO|NO|NO|NO|NO|24|306||909|||1239||424||63|||487|38|||263|||301|||||||0|||||||0|45|||156|||201||||63|||63||13|||374|||387|120|730|0|1828|0|0|2678||||183|||183|120|424||826|||1370||306||696|||1002||||11|||11||||112|||112|120|730|0|1828|0|0|2678|||100|||1|2|1|START Asia Pacific:|||||||0|||||||0|||||||0|||||||0|||||||0|||||||0|||||||0|Investment Manager/Advisor||||45|||45|0|0|0|45|0|0|45|||||||0|||||||0||||45|||45|||||||0|||||||0|0|0|0|45|0|0|45|START Europe:|24|||826|||850||424|||||424|38||||||38|||||||0|||||||0|45||||||45||||32|||32|Bank|13||||||13|120|424|0|858|0|0|1402|120|424||826|||1370||||32|||32|||||||0|||||||0|||||||0|120|424|0|858|0|0|1402|START North America:||300||84|||384||||63|||63||||263|||263|||||||0|||||||0||||156|||156||||30|||30|Corporate or Other Institutional, Investment Manager/Advisor||||329|||329|0|300|0|925|0|0|1225|||||||0||||151|||151||300||651|||951||||11|||11||||112|||112|0|300|0|925|0|0|1225|START Global:|||||||||||||||||||||||||||||||||||||||||||||||||||||||||||||||||||||||||||||||||||||||||||||||||||||||||||START SOUTH America:||6|||||6|||||||0|||||||0|||||||0|||||||0|||||||0|||||||0||||||||0|0|6|0|0|0|0|6|||||||0|||||||0||6|||||6|||||||0|||||||0|0|6|0|0|0|0|6|START Africa:||||||||||||||||||||||||||||||||||||||||||||||||||||||||||||||||||||||||||||||||||||||||||||||||||||||||||
198|INREV|10/02/2017|Nerijus Zebrauskas|Northern Horizon Capital|Head of fund controlling|Nerijus.Zebrauskas@nh-cap.com|37061272020|Denmark|EUR||1|||||||||0|163||||||163|||||||0|||||||0|||||||0|||||||0|163|0|0|0|0|0|163|||||||0|1||||||1|||||||0|||||||0|||||||0|||||||0|1|0|0|0|0|0|1|NO|NO|NO|NO|NO|NO|YES|NO|NO|NO|NO|NO|NO|NO|NO|NO|NO|NO|NO|NO|NO|NO|NO|NO|NO|NO|NO|NO|NO|NO|NO|NO|NO|NO|NO|NO|131||||||131|||||||0|||||||0|||||||0|12||||||12|19||||||19|||||||0||1||||||1|163|0|0|0|0|0|163|||||||0|163||||||163|||||||0|||||||0|||||||0|163|0|0|0|0|0|163|100|||||2|3|1|START Asia Pacific:|||||||||||||||||||||||||||||||||||||||||||||||||||||||||||||||||||||||||||||||||||||||||||||||||||||||||||START Europe:|131||||||131|||||||0|||||||0|||||||0|12||||||12|19||||||19|||||||0||1||||||1|163|0|0|0|0|0|163|163||||||163|||||||0|||||||0|||||||0|||||||0|163|0|0|0|0|0|163|START North America:|||||||||||||||||||||||||||||||||||||||||||||||||||||||||||||||||||||||||||||||||||||||||||||||||||||||||||START Global:|||||||||||||||||||||||||||||||||||||||||||||||||||||||||||||||||||||||||||||||||||||||||||||||||||||||||||START SOUTH America:|||||||||||||||||||||||||||||||||||||||||||||||||||||||||||||||||||||||||||||||||||||||||||||||||||||||||||START Africa:||||||||||||||||||||||||||||||||||||||||||||||||||||||||||||||||||||||||||||||||||||||||||||||||||||||||||
119|INREV|31/01/2017|Ulfar Moelk|LRI Invest S.A|Portfolio Manager|ulfar.moelk@lri-invest.lu|3.52262E+12|Luxembourg|EUR||1|||300||||||300|60||||||60|150||||||150|||||||0|||||||0|||||||0|510|0|0|0|0|0|510|1||||||1|1||||||1|1||||||1|||||||0|||||||0|||||||0|3|0|0|0|0|0|3|YES|NO|NO|NO|NO|NO|YES|NO|NO|NO|NO|NO|YES|NO|NO|NO|NO|NO|NO|NO|NO|NO|NO|NO|NO|NO|NO|NO|NO|NO|NO|NO|NO|NO|NO|NO|300||||||300|190||||||190|||||||0|||||||0|||||||0|||||||0|20||||||20||||||||0|510|0|0|0|0|0|510|||||||0|510||||||510|||||||0|||||||0|||||||0|510|0|0|0|0|0|510||100||||1|1|1|START Asia Pacific:|200||||||200|||||||0|100||||||100|||||||0|||||||0|||||||0|||||||0||||||||0|300|0|0|0|0|0|300|200||||||200|100||||||100|||||||0|||||||0|||||||0|300|0|0|0|0|0|300|START Europe:|||||||0|||||||0|||||||0|||||||0|||||||0|||||||0|60||||||60||||||||0|60|0|0|0|0|0|60|60||||||60|||||||0|||||||0|||||||0|||||||0|60|0|0|0|0|0|60|START North America:|150||||||150|||||||0|||||||0|||||||0|||||||0|||||||0|||||||0||||||||0|150|0|0|0|0|0|150|150||||||150|||||||0|||||||0|||||||0|||||||0|150|0|0|0|0|0|150|START Global:|||||||||||||||||||||||||||||||||||||||||||||||||||||||||||||||||||||||||||||||||||||||||||||||||||||||||||START SOUTH America:|||||||||||||||||||||||||||||||||||||||||||||||||||||||||||||||||||||||||||||||||||||||||||||||||||||||||||START Africa:||||||||||||||||||||||||||||||||||||||||||||||||||||||||||||||||||||||||||||||||||||||||||||||||||||||||||
222|INREV|14/02/2017|Antonio Del Buono|Fabrica Immobiliare SGR|Head of Valuation & Research|antonio.delbuono@fabricasgr.it|694516627|Italy|EUR||2|6|completion of investment from past raisings|||||||0|||||||0|||||||0|||||||0|||||||0|||||||0|0|0|0|0|0|0|0|||||||0|||||||0|||||||0|||||||0|||||||0|||||||0|0|0|0|0|0|0|0|NO|NO|NO|NO|NO|NO|NO|NO|NO|NO|NO|NO|NO|NO|NO|NO|NO|NO|NO|NO|NO|NO|NO|NO|NO|NO|NO|NO|NO|NO|NO|NO|NO|NO|NO|NO|||||||0|||||||0|||||||0|||||||0|||||||0|||||||0|||||||0||||||||0|0|0|0|0|0|0|0|||||||0|||||||0|||||||0|||||||0|||||||0|0|0|0|0|0|0|0||||||2|3|1|START Asia Pacific:|||||||||||||||||||||||||||||||||||||||||||||||||||||||||||||||||||||||||||||||||||||||||||||||||||||||||||START Europe:|||||||||||||||||||||||||||||||||||||||||||||||||||||||||||||||||||||||||||||||||||||||||||||||||||||||||||START North America:|||||||||||||||||||||||||||||||||||||||||||||||||||||||||||||||||||||||||||||||||||||||||||||||||||||||||||START Global:|||||||||||||||||||||||||||||||||||||||||||||||||||||||||||||||||||||||||||||||||||||||||||||||||||||||||||START SOUTH America:|||||||||||||||||||||||||||||||||||||||||||||||||||||||||||||||||||||||||||||||||||||||||||||||||||||||||||START Africa:||||||||||||||||||||||||||||||||||||||||||||||||||||||||||||||||||||||||||||||||||||||||||||||||||||||||||
223|INREV|14/02/2017|Steve Emsley|DRC Capital LLP|Head of Fund Finance|se@drccap.com|4.4207E+11|United Kingdom|GBP||1|||||||||0||||||480|480|||||||0|||||||0|||||||0|||||||0|0|0|0|0|0|480|480|||||||0||||||2|2|||||||0|||||||0|||||||0|||||||0|0|0|0|0|0|2|2|NO|NO|NO|NO|NO|NO|NO|NO|NO|NO|NO|YES|NO|NO|NO|NO|NO|NO|NO|NO|NO|NO|NO|NO|NO|NO|NO|NO|NO|NO|NO|NO|NO|NO|NO|NO||||||218.7|218.7||||||236.3|236.3|||||||0|||||||0|||||||0||||||25|25|||||||0||||||||0|0|0|0|0|0|480|480|||||||0||||||375.6|375.6||||||104.4|104.4|||||||0|||||||0|0|0|0|0|0|480|480|12.4||87.6|||1|1|1|START Asia Pacific:|||||||||||||||||||||||||||||||||||||||||||||||||||||||||||||||||||||||||||||||||||||||||||||||||||||||||||START Europe:||||||218.7|218.7||||||236.3|236.3|||||||0|||||||0|||||||0||||||25|25|||||||0||||||||0|0|0|0|0|0|480|480||||||375.6|375.6|||||||0||||||104.4|104.4|||||||0|||||||0|0|0|0|0|0|480|480|START North America:|||||||||||||||||||||||||||||||||||||||||||||||||||||||||||||||||||||||||||||||||||||||||||||||||||||||||||START Global:|||||||||||||||||||||||||||||||||||||||||||||||||||||||||||||||||||||||||||||||||||||||||||||||||||||||||||START SOUTH America:|||||||||||||||||||||||||||||||||||||||||||||||||||||||||||||||||||||||||||||||||||||||||||||||||||||||||||START Africa:||||||||||||||||||||||||||||||||||||||||||||||||||||||||||||||||||||||||||||||||||||||||||||||||||||||||||
124|INREV|31/01/2017|Ciaran Burns|Ardstone Capital|Director|ciaran.burns@ardstone.com|35316141405|Ireland|EUR||1|||||||||0|184||||||184|||||||0|||||||0|||||||0|||||||0|184|0|0|0|0|0|184|||||||0|1||||||1|||||||0|||||||0|||||||0|||||||0|1|0|0|0|0|0|1|NO|NO|NO|NO|NO|NO|YES|NO|NO|NO|NO|NO|NO|NO|NO|NO|NO|NO|NO|NO|NO|NO|NO|NO|NO|NO|NO|NO|NO|NO|NO|NO|NO|NO|NO|NO|123||||||123|0||||||0|25||||||25|||||||0|||||||0|35||||||35|1||||||1||||||||0|184|0|0|0|0|0|184|||||||0|184||||||184|||||||0|||||||0|||||||0|184|0|0|0|0|0|184|13||87|||1|3|1|START Asia Pacific:|||||||||||||||||||||||||||||||||||||||||||||||||||||||||||||||||||||||||||||||||||||||||||||||||||||||||||START Europe:|123||||||123|||||||0|25||||||25|||||||0|||||||0|35||||||35|||||||0|Manager|1||||||1|184|0|0|0|0|0|184|184||||||184|||||||0|||||||0|||||||0|||||||0|184|0|0|0|0|0|184|START North America:|||||||||||||||||||||||||||||||||||||||||||||||||||||||||||||||||||||||||||||||||||||||||||||||||||||||||||START Global:|||||||||||||||||||||||||||||||||||||||||||||||||||||||||||||||||||||||||||||||||||||||||||||||||||||||||||START SOUTH America:|||||||||||||||||||||||||||||||||||||||||||||||||||||||||||||||||||||||||||||||||||||||||||||||||||||||||||START Africa:||||||||||||||||||||||||||||||||||||||||||||||||||||||||||||||||||||||||||||||||||||||||||||||||||||||||||
99|INREV|14/02/2017|Jeremy Barkes|First Property Asset Management Ltd|Director, Business Development|jeremy.barkes@fprop.com|2073400270|United Kingdom|GBP||1|||||||||0|8.5|45|||||53.5|||||||0|||||||0|||||||0|||||||0|8.5|45|0|0|0|0|53.5|||||||0|2|1|||||3|||||||0|||||||0|||||||0|||||||0|2|1|0|0|0|0|3|NO|NO|NO|NO|NO|NO|YES|YES|NO|NO|NO|NO|NO|NO|NO|NO|NO|NO|NO|NO|NO|NO|NO|NO|NO|NO|NO|NO|NO|NO|NO|NO|NO|NO|NO|NO||45|||||45|||||||0|||||||0|||||||0|||||||0|||||||0|8||||||8|Endowment, Group & Family Office|0.5||||||0.5|8.5|45|0|0|0|0|53.5|||||||0|8.5|45|||||53.5|||||||0|||||||0|||||||0|8.5|45|0|0|0|0|53.5|||100|||1|3|1|START Asia Pacific:|||||||||||||||||||||||||||||||||||||||||||||||||||||||||||||||||||||||||||||||||||||||||||||||||||||||||||START Europe:||45|||||45|||||||0|||||||0|||||||0|||||||0|||||||0|8||||||8|Family offices|0.5||||||0.5|8.5|45|0|0|0|0|53.5|8.5|45|||||53.5|||||||0|||||||0|||||||0|||||||0|8.5|45|0|0|0|0|53.5|START North America:|||||||||||||||||||||||||||||||||||||||||||||||||||||||||||||||||||||||||||||||||||||||||||||||||||||||||||START Global:|||||||||||||||||||||||||||||||||||||||||||||||||||||||||||||||||||||||||||||||||||||||||||||||||||||||||||START SOUTH America:|||||||||||||||||||||||||||||||||||||||||||||||||||||||||||||||||||||||||||||||||||||||||||||||||||||||||||START Africa:||||||||||||||||||||||||||||||||||||||||||||||||||||||||||||||||||||||||||||||||||||||||||||||||||||||||||
172|INREV|14/02/2017|Tobias Kotz|Real I.S.|Head of Institutional Clients|tobias.kotz@realisag.de|49894890820|Germany|EUR||1|||||||||0|592|533|||||1125|||||||0|||||||0|||||||0|||||||0|592|533|0|0|0|0|1125|||||||0|3|2|||||5|||||||0|||||||0|||||||0|||||||0|3|2|0|0|0|0|5|NO|NO|NO|NO|NO|NO|YES|YES|NO|NO|NO|NO|NO|NO|NO|NO|NO|NO|NO|NO|NO|NO|NO|NO|NO|NO|NO|NO|NO|NO|NO|NO|NO|NO|NO|NO|56|33|||||89||500|||||500|||||||0|||||||0|29||||||29|||||||0|||||||0|Banks|507||||||507|592|533|0|0|0|0|1125|||||||0|||||||0|||||||0|||||||0|||||||0|0|0|0|0|0|0|0|||100|||1|3|1|START Asia Pacific:|||||||||||||||||||||||||||||||||||||||||||||||||||||||||||||||||||||||||||||||||||||||||||||||||||||||||||START Europe:|89||||||89||500|||||500|||||||0|||||||0|29||||||29|||||||0|||||||0|Banks|507||||||507|625|500|0|0|0|0|1125|592|533|||||1125|||||||0|||||||0|||||||0|||||||0|592|533|0|0|0|0|1125|START North America:|||||||||||||||||||||||||||||||||||||||||||||||||||||||||||||||||||||||||||||||||||||||||||||||||||||||||||START Global:|||||||||||||||||||||||||||||||||||||||||||||||||||||||||||||||||||||||||||||||||||||||||||||||||||||||||||START SOUTH America:|||||||||||||||||||||||||||||||||||||||||||||||||||||||||||||||||||||||||||||||||||||||||||||||||||||||||||START Africa:||||||||||||||||||||||||||||||||||||||||||||||||||||||||||||||||||||||||||||||||||||||||||||||||||||||||||
102|INREV|14/02/2017|Stanislas HENRY|AMUNDI REAL ESTATE|Head of Institutional Funds & Solutions|stanislas.henry@amundi.com|33176321505|France|EUR||1|||||||||0|120|42.81|17.34|925.41|||1105.56|||||||0|||||||0|||||||0|||||||0|120|42.81|17.34|925.41|0|0|1105.56|||||||0|1|2|2|6|||11|||||||0|||||||0|||||||0|||||||0|1|2|2|6|0|0|11|NO|NO|NO|NO|NO|NO|YES|YES|YES|YES|NO|NO|NO|NO|NO|NO|NO|NO|NO|NO|NO|NO|NO|NO|NO|NO|NO|NO|NO|NO|NO|NO|NO|NO|NO|NO||33.3||312.55|||345.85|120||17.34|161.52|||298.86|||||||0|||||||0|||||||0|||||||0||||1.12|||1.12|Retail fnds investing in Institutional Funds||9.51||450.22|||459.73|120|42.81|17.34|925.41|0|0|1105.56||||246.4|||246.4|120|42.81|17.34|679.01|||859.16|||||||0|||||||0|||||||0|120|42.81|17.34|925.41|0|0|1105.56||59|41|||1|3|1|START Asia Pacific:|||||||||||||||||||||||||||||||||||||||||||||||||||||||||||||||||||||||||||||||||||||||||||||||||||||||||||START Europe:|||||||||||||||||||||||||||||||||||||||||||||||||||||||||||||||||||||||||||||||||||||||||||||||||||||||||||START North America:|||||||||||||||||||||||||||||||||||||||||||||||||||||||||||||||||||||||||||||||||||||||||||||||||||||||||||START Global:|||||||||||||||||||||||||||||||||||||||||||||||||||||||||||||||||||||||||||||||||||||||||||||||||||||||||||START SOUTH America:|||||||||||||||||||||||||||||||||||||||||||||||||||||||||||||||||||||||||||||||||||||||||||||||||||||||||||START Africa:||||||||||||||||||||||||||||||||||||||||||||||||||||||||||||||||||||||||||||||||||||||||||||||||||||||||||
111|INREV|14/02/2017|John Shewan|M&G Real Estate|Business Development Manager |john.shewan@mandg.com|0207 548 6895|United Kingdom|GBP||1|||53||||||53|699.9||||||699.9|||||||0|||||||0|||||||0|||||||0|752.9|0|0|0|0|0|752.9|1||||||1|2||||||2|||||||0|||||||0|||||||0|||||||0|3|0|0|0|0|0|3|YES|NO|NO|NO|NO|NO|YES|NO|NO|NO|NO|NO|NO|NO|NO|NO|NO|NO|NO|NO|NO|NO|NO|NO|NO|NO|NO|NO|NO|NO|NO|NO|NO|NO|NO|NO|473.4||||||473.4|190.4||||||190.4|||||||0|||||||0|||||||0|41||||||41|||||||0|Multi-manager; Investment manager|48.1||||||48.1|752.9|0|0|0|0|0|752.9|2||||||2|726.6||||||726.6|24.3||||||24.3|||||||0|||||||0|752.9|0|0|0|0|0|752.9|||100|||3|3|1|START Asia Pacific:|||||||0|||||||0|||||||0|||||||0|||||||0|28.8||||||28.8|||||||0|Investment manager|24.2||||||24.2|53|0|0|0|0|0|53|28.8||||||28.8|||||||0|24.2||||||24.2|||||||0|||||||0|53|0|0|0|0|0|53|START Europe:|473.5||||||473.5|190.4||||||190.4|||||||0|||||||0|||||||0|12.2||||||12.2|||||||0|Multi manager|23.8||||||23.8|699.9|0|0|0|0|0|699.9|697.9||||||697.9|2||||||2|||||||0|||||||0|||||||0|699.9|0|0|0|0|0|699.9|START North America:|||||||||||||||||||||||||||||||||||||||||||||||||||||||||||||||||||||||||||||||||||||||||||||||||||||||||||START Global:|||||||||||||||||||||||||||||||||||||||||||||||||||||||||||||||||||||||||||||||||||||||||||||||||||||||||||START SOUTH America:|||||||||||||||||||||||||||||||||||||||||||||||||||||||||||||||||||||||||||||||||||||||||||||||||||||||||||START Africa:||||||||||||||||||||||||||||||||||||||||||||||||||||||||||||||||||||||||||||||||||||||||||||||||||||||||||
45|INREV|14/02/2017|Fabrice de Clermont-Tonnerre|Catalyst Capital|Partner|fdect@catalystcapital.com|+33 1 56 88 54 72|United Kingdom|EUR||1|||||||||0|200|||300|||500|||||||0|||||||0|||||||0|||||||0|200|0|0|300|0|0|500|||||||0|1|||13|||14|||||||0|||||||0|||||||0|||||||0|1|0|0|13|0|0|14|NO|NO|NO|NO|NO|NO|YES|NO|NO|YES|NO|NO|NO|NO|NO|NO|NO|NO|NO|NO|NO|NO|NO|NO|NO|NO|NO|NO|NO|NO|NO|NO|NO|NO|NO|NO|95|||35|||130|||||||0||||100|||100|||||||0|5||||||5|35|||60|||95|85|||85|||170||||||||0|220|0|0|280|0|0|500|15|||150|||165|80|||35|||115|100|||60|||160|5|||55|||60|||||||0|200|0|0|300|0|0|500|30||70|||1|3|1|START Asia Pacific:|||||||||||||||||||||||||||||||||||||||||||||||||||||||||||||||||||||||||||||||||||||||||||||||||||||||||||START Europe:|||||||||||||||||||||||||||||||||||||||||||||||||||||||||||||||||||||||||||||||||||||||||||||||||||||||||||START North America:|||||||||||||||||||||||||||||||||||||||||||||||||||||||||||||||||||||||||||||||||||||||||||||||||||||||||||START Global:|||||||||||||||||||||||||||||||||||||||||||||||||||||||||||||||||||||||||||||||||||||||||||||||||||||||||||START SOUTH America:|||||||||||||||||||||||||||||||||||||||||||||||||||||||||||||||||||||||||||||||||||||||||||||||||||||||||||START Africa:||||||||||||||||||||||||||||||||||||||||||||||||||||||||||||||||||||||||||||||||||||||||||||||||||||||||||
53|INREV|14/02/2017|Jared Guillory|AXA Investment Managers - Real Assets|Marketing Officer|jared.guillory@axa-im.com|33144458521|France|EUR||1||||||||8.7|8.7|1080.4|458.5||590||2085.5|4214.4||59.4|||||59.4||722|||||722|||||||0|||||||0|1080.4|1239.9|0|590|0|2094.2|5004.5||||||1|1|9|5||6||3|23||1|||||1||3|||||3|||||||0|||||||0|9|9|0|6|0|4|28|NO|NO|NO|NO|NO|YES|YES|YES|NO|YES|NO|YES|NO|YES|NO|NO|NO|NO|NO|YES|NO|NO|NO|NO|NO|NO|NO|NO|NO|NO|NO|NO|NO|NO|NO|NO|250.3|245||362.7||333|1191|723.4|928.9||195.1||1646.2|3493.6||66||32.2|||98.2|||||||0|||||||0|17.2||||||17.2|10||||||10|Banks, Corporates|79.5|||||115|194.5|1080.4|1239.9|0|590|0|2094.2|5004.5|60|66||92.2||8.7|226.9|966.6|869.5||433.3||2085.5|4354.9|53.8|304.4||64.4|||422.6|||||||0|||||||0|1080.4|1239.9|0|589.9|0|2094.2|5004.4|||100|||3|3|1|START Asia Pacific:|||||||0||||||8.7|8.7|||||||0|||||||0|||||||0|||||||0|||||||0||||||||0|0|0|0|0|0|8.7|8.7|||||||0||||||8.7|8.7|||||||0|||||||0|||||||0|0|0|0|0|0|8.7|8.7|START Europe:|250.3|245||362.7||333|1191|723.4|147.5||195.1||1637.5|2703.5||66||32.2|||98.2|||||||0|||||||0|17.2||||||17.2|10||||||10|Bank, Corporates|79.5|||||115|194.5|1080.4|458.5|0|590|0|2085.5|4214.4|966.6|147.5||433.3||2085.5|3632.9|60|66||92.2|||218.2|53.8|245||64.4|||363.2|||||||0|||||||0|1080.4|458.5|0|589.9|0|2085.5|4214.3|START North America:|||||||0||59.4|||||59.4|||||||0|||||||0|||||||0|||||||0|||||||0||||||||0|0|59.4|0|0|0|0|59.4|||||||0|||||||0||59.4|||||59.4|||||||0|||||||0|0|59.4|0|0|0|0|59.4|START Global:|||||||0||722|||||722|||||||0|||||||0|||||||0|||||||0|||||||0||||||||0|0|722|0|0|0|0|722||722|||||722|||||||0|||||||0|||||||0|||||||0|0|722|0|0|0|0|722|START SOUTH America:|||||||||||||||||||||||||||||||||||||||||||||||||||||||||||||||||||||||||||||||||||||||||||||||||||||||||||START Africa:||||||||||||||||||||||||||||||||||||||||||||||||||||||||||||||||||||||||||||||||||||||||||||||||||||||||||
167|INREV|14/02/2017|Teresa Gilchrist|M7 Real Estate|Director|teresa.gilchrist@m7re.eu|020 3657 5520|United Kingdom|EUR||1|||||||||0|438|34||69|||541|||||||0|||||||0|||||||0|||||||0|438|34|0|69|0|0|541|||||||0|7|1||2|||10|||||||0|||||||0|||||||0|||||||0|7|1|0|2|0|0|10|NO|NO|NO|NO|NO|NO|YES|YES|NO|YES|NO|NO|NO|NO|NO|NO|NO|NO|NO|NO|NO|NO|NO|NO|NO|NO|NO|NO|NO|NO|NO|NO|NO|NO|NO|NO|||||||0|||||||0|46||||||46|||||||0|||||||0|||||||0|362||||||362|private equity|30|34||69|||133|438|34|0|69|0|0|541|279||||||279|129|34|||||163|30|||69|||99|||||||0|||||||0|438|34|0|69|0|0|541||10|20|investor introductions/ referrals|70|1|3|1|START Asia Pacific:|||||||||||||||||||||||||||||||||||||||||||||||||||||||||||||||||||||||||||||||||||||||||||||||||||||||||||START Europe:|||||||0|||||||0|46||||||46|||||||0|||||||0|||||||0|362||||||362|private equity|30|34||69|||133|438|34|0|69|0|0|541|129|34|||||163|279||||||279|30|||69|||99|||||||0|||||||0|438|34|0|69|0|0|541|START North America:|||||||||||||||||||||||||||||||||||||||||||||||||||||||||||||||||||||||||||||||||||||||||||||||||||||||||||START Global:|||||||||||||||||||||||||||||||||||||||||||||||||||||||||||||||||||||||||||||||||||||||||||||||||||||||||||START SOUTH America:|||||||||||||||||||||||||||||||||||||||||||||||||||||||||||||||||||||||||||||||||||||||||||||||||||||||||||START Africa:||||||||||||||||||||||||||||||||||||||||||||||||||||||||||||||||||||||||||||||||||||||||||||||||||||||||||
210|INREV|14/02/2017|Karen Schumacher|Clarion Partners|Senior Associate|karen.schumacher@clarionpartners.com|212-883-2740|United States|USD||1|||||||||0|||||||0|1659||||||1659|||||||0|||||||0|||||||0|1659|0|0|0|0|0|1659|||||||0|||||||0|5||||||5|||||||0|||||||0|||||||0|5|0|0|0|0|0|5|NO|NO|NO|NO|NO|NO|NO|NO|NO|NO|NO|NO|YES|NO|NO|NO|NO|NO|NO|NO|NO|NO|NO|NO|NO|NO|NO|NO|NO|NO|NO|NO|NO|NO|NO|NO|647||||||647|81||||||81|||||||0|||||||0|153||||||153|720||||||720|58||||||58||||||||0|1659|0|0|0|0|0|1659|19||||||19|376||||||376|1264||||||1264|||||||0|||||||0|1659|0|0|0|0|0|1659||43|57|||3|1|1|START Asia Pacific:|||||||||||||||||||||||||||||||||||||||||||||||||||||||||||||||||||||||||||||||||||||||||||||||||||||||||||START Europe:|||||||||||||||||||||||||||||||||||||||||||||||||||||||||||||||||||||||||||||||||||||||||||||||||||||||||||START North America:|647||||||647|81||||||81|||||||0|||||||0|153||||||153|720||||||720|58||||||58||||||||0|1659|0|0|0|0|0|1659|376||||||376|19||||||19|1264||||||1264|||||||0|||||||0|1659|0|0|0|0|0|1659|START Global:|||||||||||||||||||||||||||||||||||||||||||||||||||||||||||||||||||||||||||||||||||||||||||||||||||||||||||START SOUTH America:|||||||||||||||||||||||||||||||||||||||||||||||||||||||||||||||||||||||||||||||||||||||||||||||||||||||||||START Africa:||||||||||||||||||||||||||||||||||||||||||||||||||||||||||||||||||||||||||||||||||||||||||||||||||||||||||
33|INREV|01/02/2017|Brian Delgado|Rockpoint Group|Director|bdelgado@rockpointgroup.com|-2908|United States|USD||1|||0|0|0|0|0|0|0|0|0|0|0|0|0|0|1204.7|0|0|0|0|0|1204.7|0|0|0|0|0|0|0|0|0|0|0|0|0|0|0|0|0|0|0|0|0|1204.7|0|0|0|0|0|1204.7|||||||0|||||||0|2||||||2|||||||0|||||||0|||||||0|2|0|0|0|0|0|2|NO|NO|NO|NO|NO|NO|NO|NO|NO|NO|NO|NO|YES|NO|NO|NO|NO|NO|NO|NO|NO|NO|NO|NO|NO|NO|NO|NO|NO|NO|NO|NO|NO|NO|NO|NO|425||||||425|25||||||25|700||||||700|0||||||0|12.5||||||12.5|0||||||0|30||||||30|General Partner / Employees|12.2||||||12.2|1204.7|0|0|0|0|0|1204.7|500||||||500|15||||||15|689.7||||||689.7|0||||||0|0||||||0|1204.7|0|0|0|0|0|1204.7|||100|||1|2|2|START Asia Pacific:|||||||||||||||||||||||||||||||||||||||||||||||||||||||||||||||||||||||||||||||||||||||||||||||||||||||||||START Europe:|||||||||||||||||||||||||||||||||||||||||||||||||||||||||||||||||||||||||||||||||||||||||||||||||||||||||||START North America:|425||||||425|25||||||25|700||||||700|0||||||0|12.5||||||12.5|0||||||0|30||||||30|General Partner / Employees|12.2||||||12.2|1204.7|0|0|0|0|0|1204.7|15||||||15|500||||||500|689.7||||||689.7|0||||||0|0||||||0|1204.7|0|0|0|0|0|1204.7|START Global:|||||||||||||||||||||||||||||||||||||||||||||||||||||||||||||||||||||||||||||||||||||||||||||||||||||||||||START SOUTH America:|||||||||||||||||||||||||||||||||||||||||||||||||||||||||||||||||||||||||||||||||||||||||||||||||||||||||||START Africa:||||||||||||||||||||||||||||||||||||||||||||||||||||||||||||||||||||||||||||||||||||||||||||||||||||||||||
56|INREV|10/01/2017|joao lelis|sonae sierra|fund manager|jclelis@sonaesierra.com|3.5122E+11|Portugal|EUR||1|||||||||0|202||||||202|||||||0|||||||0|||||||0|||||||0|202|0|0|0|0|0|202|||||||0|1||||||1|||||||0|||||||0|||||||0|||||||0|1|0|0|0|0|0|1|NO|NO|NO|NO|NO|NO|YES|NO|NO|NO|NO|NO|NO|NO|NO|NO|NO|NO|NO|NO|NO|NO|NO|NO|NO|NO|NO|NO|NO|NO|NO|NO|NO|NO|NO|NO|68||||||68|||||||0|||||||0|||||||0|||||||0|114||||||114|||||||0|sponsor|20||||||20|202|0|0|0|0|0|202|||||||0|202||||||202|||||||0|||||||0|||||||0|202|0|0|0|0|0|202|100|||||1|3|1|START Asia Pacific:|||||||||||||||||||||||||||||||||||||||||||||||||||||||||||||||||||||||||||||||||||||||||||||||||||||||||||START Europe:|68||||||68|||||||0|||||||0|||||||0|||||||0|114||||||114|||||||0|sponsor|20||||||20|202|0|0|0|0|0|202|202||||||202|||||||0|||||||0|||||||0|||||||0|202|0|0|0|0|0|202|START North America:|||||||||||||||||||||||||||||||||||||||||||||||||||||||||||||||||||||||||||||||||||||||||||||||||||||||||||START Global:|||||||||||||||||||||||||||||||||||||||||||||||||||||||||||||||||||||||||||||||||||||||||||||||||||||||||||START SOUTH America:|||||||||||||||||||||||||||||||||||||||||||||||||||||||||||||||||||||||||||||||||||||||||||||||||||||||||||START Africa:||||||||||||||||||||||||||||||||||||||||||||||||||||||||||||||||||||||||||||||||||||||||||||||||||||||||||
47|INREV|14/02/2017|Christopher Woodley|Aberdeen Asset Management|Business Information Manager|christopher.woodley@aberdeen-asset.com|+44 20 7463 6739|United Kingdom|GBP||1|||0|0|0|0|0|0|0|1128.8|1484.4|0|0|0|0|2613.2|0|0|0|0|0|0|0|0|0|0|0|0|0|0|0|0|0|0|0|0|0|0|0|0|0|0|0|0|1128.8|1484.4|0|0|0|0|2613.2|||||||0|13|7|||||20|||||||0|||||||0|||||||0|||||||0|13|7|0|0|0|0|20|NO|NO|NO|NO|NO|NO|YES|YES|NO|NO|NO|NO|NO|NO|NO|NO|NO|NO|NO|NO|NO|NO|NO|NO|NO|NO|NO|NO|NO|NO|NO|NO|NO|NO|NO|NO|430.6|1459.8|||||1890.4|238.6|0|||||238.6|0|0|||||0|0|0|||||0|4.5|0|||||4.5|0|0|||||0|177.2|0|||||177.2|Various Other Corporate|277.9|24.6|||||302.5|1128.8|1484.4|0|0|0|0|2613.2|0|0|||||0|1128.8|1484.4|||||2613.2|0|0|||||0|0|0|||||0|0|0|||||0|1128.8|1484.4|0|0|0|0|2613.2||||Not available|100|1|2|1|START Asia Pacific:|||||||||||||||||||||||||||||||||||||||||||||||||||||||||||||||||||||||||||||||||||||||||||||||||||||||||||START Europe:|430.6|1459.8|||||1890.4|238.6|0|||||238.6|0|0|||||0|0|0|||||0|4.5|0|||||4.5|0|0|||||0|177.2|0|||||177.2|Other Corporate|277.9|24.6|||||302.5|1128.8|1484.4|0|0|0|0|2613.2|1128.8|1484.4|||||2613.2|0|0|||||0|0|0|||||0|0|0|||||0|0|0|||||0|1128.8|1484.4|0|0|0|0|2613.2|START North America:|||||||||||||||||||||||||||||||||||||||||||||||||||||||||||||||||||||||||||||||||||||||||||||||||||||||||||START Global:|||||||||||||||||||||||||||||||||||||||||||||||||||||||||||||||||||||||||||||||||||||||||||||||||||||||||||START SOUTH America:|||||||||||||||||||||||||||||||||||||||||||||||||||||||||||||||||||||||||||||||||||||||||||||||||||||||||||START Africa:||||||||||||||||||||||||||||||||||||||||||||||||||||||||||||||||||||||||||||||||||||||||||||||||||||||||||
176|INREV|13/02/2017|brigitte Sagnes dupont |OREIMA|ceo|brigitte.sagnes-dupont@oreima.fr|143598580|France|EUR||1|||||||||0|30||||||30|||||||0|||||||0|||||||0|||||||0|30|0|0|0|0|0|30|||||||0|1||||||1|||||||0|||||||0|||||||0|||||||0|1|0|0|0|0|0|1|NO|NO|NO|NO|NO|NO|YES|NO|NO|NO|NO|NO|NO|NO|NO|NO|NO|NO|NO|NO|NO|NO|NO|NO|NO|NO|NO|NO|NO|NO|NO|NO|NO|NO|NO|NO|||||||0|30||||||30|||||||0|||||||0|||||||0|||||||0|||||||0||||||||0|30|0|0|0|0|0|30|||||||0|30||||||30|||||||0|||||||0|||||||0|30|0|0|0|0|0|30||100||||1|2|1|START Asia Pacific:|||||||||||||||||||||||||||||||||||||||||||||||||||||||||||||||||||||||||||||||||||||||||||||||||||||||||||START Europe:|||||||0|30||||||30|||||||0|||||||0|||||||0|||||||0|||||||0||||||||0|30|0|0|0|0|0|30|30||||||30|||||||0|||||||0|||||||0|||||||0|30|0|0|0|0|0|30|START North America:|||||||||||||||||||||||||||||||||||||||||||||||||||||||||||||||||||||||||||||||||||||||||||||||||||||||||||START Global:|||||||||||||||||||||||||||||||||||||||||||||||||||||||||||||||||||||||||||||||||||||||||||||||||||||||||||START SOUTH America:|||||||||||||||||||||||||||||||||||||||||||||||||||||||||||||||||||||||||||||||||||||||||||||||||||||||||||START Africa:||||||||||||||||||||||||||||||||||||||||||||||||||||||||||||||||||||||||||||||||||||||||||||||||||||||||||
134|INREV|31/01/2017|Norbert Bol|Sweco Capital Consultants|Managing Director|norbert.bol@sweco.nl|31642705111|Netherlands|EUR||2|6|We are not a fund manager|||||||0|||||||0|||||||0|||||||0|||||||0|||||||0|0|0|0|0|0|0|0|||||||0|||||||0|||||||0|||||||0|||||||0|||||||0|0|0|0|0|0|0|0|NO|NO|NO|NO|NO|NO|NO|NO|NO|NO|NO|NO|NO|NO|NO|NO|NO|NO|NO|NO|NO|NO|NO|NO|NO|NO|NO|NO|NO|NO|NO|NO|NO|NO|NO|NO|||||||0|||||||0|||||||0|||||||0|||||||0|||||||0|||||||0||||||||0|0|0|0|0|0|0|0|||||||0|||||||0|||||||0|||||||0|||||||0|0|0|0|0|0|0|0||||||1|3|2|START Asia Pacific:|||||||||||||||||||||||||||||||||||||||||||||||||||||||||||||||||||||||||||||||||||||||||||||||||||||||||||START Europe:|||||||||||||||||||||||||||||||||||||||||||||||||||||||||||||||||||||||||||||||||||||||||||||||||||||||||||START North America:|||||||||||||||||||||||||||||||||||||||||||||||||||||||||||||||||||||||||||||||||||||||||||||||||||||||||||START Global:|||||||||||||||||||||||||||||||||||||||||||||||||||||||||||||||||||||||||||||||||||||||||||||||||||||||||||START SOUTH America:|||||||||||||||||||||||||||||||||||||||||||||||||||||||||||||||||||||||||||||||||||||||||||||||||||||||||||START Africa:||||||||||||||||||||||||||||||||||||||||||||||||||||||||||||||||||||||||||||||||||||||||||||||||||||||||||
178|INREV|07/02/2017|Marius Preisig|Corestate Capital AG|Vice President, Client Relations|marius.preisig@corestate-capital.com|+41 21 5607 314|Luxembourg|EUR||1|||||||||0||250||176|||426|||||||0|||||||0|||||||0|||||||0|0|250|0|176|0|0|426|||||||0||1||8|||9|||||||0|||||||0|||||||0|||||||0|0|1|0|8|0|0|9|NO|NO|NO|NO|NO|NO|NO|YES|NO|YES|NO|NO|NO|NO|NO|NO|NO|NO|NO|NO|NO|NO|NO|NO|NO|NO|NO|NO|NO|NO|NO|NO|NO|NO|NO|NO||250|||||250|||||||0|||||||0|||||||0|||||||0|||||||0||||176|||176||||||||0|0|250|0|176|0|0|426|||||||0||250|||||250|||||||0|||||||0|||||||0|0|250|0|0|0|0|250|20||80|||3|3|2|START Asia Pacific:|||||||||||||||||||||||||||||||||||||||||||||||||||||||||||||||||||||||||||||||||||||||||||||||||||||||||||START Europe:||250|||||250|||||||0|||||||0|||||||0|||||||0|||||||0||||176|||176||||||||0|0|250|0|176|0|0|426||250||155|||405||||20|||20|||||||0||||1|||1|||||||0|0|250|0|176|0|0|426|START North America:|||||||||||||||||||||||||||||||||||||||||||||||||||||||||||||||||||||||||||||||||||||||||||||||||||||||||||START Global:|||||||||||||||||||||||||||||||||||||||||||||||||||||||||||||||||||||||||||||||||||||||||||||||||||||||||||START SOUTH America:|||||||||||||||||||||||||||||||||||||||||||||||||||||||||||||||||||||||||||||||||||||||||||||||||||||||||||START Africa:||||||||||||||||||||||||||||||||||||||||||||||||||||||||||||||||||||||||||||||||||||||||||||||||||||||||||
35|INREV|31/01/2017|Kushmeena Haidar |Standard Life Investments|Data Management Analyst |kushmeena_haidar@standardlife.com|44 (0) 131 245 0420 |United Kingdom|EUR||1|||||||||0|91.33|63.9||272||4.04|431.27|||||||0|||||||0|||||||0|||||||0|91.33|63.9|0|272|0|4.04|431.27|||||||0|4|2||3||1|10|||||||0|||||||0|||||||0|||||||0|4|2|0|3|0|1|10|NO|NO|NO|NO|NO|NO|YES|YES|NO|YES|NO|YES|NO|NO|NO|NO|NO|NO|NO|NO|NO|NO|NO|NO|NO|NO|NO|NO|NO|NO|NO|NO|NO|NO|NO|NO|85.77|63.9||234.95||4.04|388.66||||13.3|||13.3|2.1|||0.09|||2.19|||||||0||||23.62|||23.62|3.46|||0.04|||3.5|||||||0||||||||0|91.33|63.9|0|272|0|4.04|431.27||||26.52|||26.52|90.34|63.9||78.18||4.04|236.46|0.99|||167.3|||168.29|||||||0|||||||0|91.33|63.9|0|272|0|4.04|431.27|||100|||1|2|2|START Asia Pacific:|||||||||||||||||||||||||||||||||||||||||||||||||||||||||||||||||||||||||||||||||||||||||||||||||||||||||||START Europe:|85.77|63.9||234.95||4.04|388.66||||13.3|||13.3|2.1|||0.09|||2.19|||||||0||||23.62|||23.62|3.46|||0.04|||3.5|||||||0||||||||0|91.33|63.9|0|272|0|4.04|431.27|90.34|63.9||78.18||4.04|236.46||||26.52|||26.52|0.99|||167.3|||168.29|||||||0|||||||0|91.33|63.9|0|272|0|4.04|431.27|START North America:|||||||||||||||||||||||||||||||||||||||||||||||||||||||||||||||||||||||||||||||||||||||||||||||||||||||||||START Global:|||||||||||||||||||||||||||||||||||||||||||||||||||||||||||||||||||||||||||||||||||||||||||||||||||||||||||START SOUTH America:|||||||||||||||||||||||||||||||||||||||||||||||||||||||||||||||||||||||||||||||||||||||||||||||||||||||||||START Africa:||||||||||||||||||||||||||||||||||||||||||||||||||||||||||||||||||||||||||||||||||||||||||||||||||||||||||
52|INREV|10/01/2017|Pat McGinley|IPUT plc|Head of Finance|pmcginley@iput.com|35316613499|Ireland|EUR||1|||||||||0|111||||||111|||||||0|||||||0|||||||0|||||||0|111|0|0|0|0|0|111|||||||0|1||||||1|||||||0|||||||0|||||||0|||||||0|1|0|0|0|0|0|1|NO|NO|NO|NO|NO|NO|YES|NO|NO|NO|NO|NO|NO|NO|NO|NO|NO|NO|NO|NO|NO|NO|NO|NO|NO|NO|NO|NO|NO|NO|NO|NO|NO|NO|NO|NO|89||||||89|22||||||22|||||||0|||||||0|||||||0|||||||0|||||||0||||||||0|111|0|0|0|0|0|111|||||||0|111||||||111|||||||0|||||||0|||||||0|111|0|0|0|0|0|111||100||||3|3|2|START Asia Pacific:|||||||||||||||||||||||||||||||||||||||||||||||||||||||||||||||||||||||||||||||||||||||||||||||||||||||||||START Europe:|89||||||89|22||||||22|||||||0|||||||0|||||||0|||||||0|||||||0||||||||0|111|0|0|0|0|0|111|111||||||111|||||||0|||||||0|||||||0|||||||0|111|0|0|0|0|0|111|START North America:|||||||||||||||||||||||||||||||||||||||||||||||||||||||||||||||||||||||||||||||||||||||||||||||||||||||||||START Global:|||||||||||||||||||||||||||||||||||||||||||||||||||||||||||||||||||||||||||||||||||||||||||||||||||||||||||START SOUTH America:|||||||||||||||||||||||||||||||||||||||||||||||||||||||||||||||||||||||||||||||||||||||||||||||||||||||||||START Africa:||||||||||||||||||||||||||||||||||||||||||||||||||||||||||||||||||||||||||||||||||||||||||||||||||||||||||
163|INREV|14/02/2017|Stephanie Finetto|CBRE Global Investors LLC|Business Development Manager|stephanie.finetto@cbreglobalinvestors.com|6.42078E+11|United States|USD||1|||0|0|212|0|268|0|480|2412|1318|869|131|161|0|4891|1118|275|0|0|0|60|1453|0|57|895||570||1522|||||||0|||||||0|3530|1650|1976|131|999|60|8346|||2||1||3|6|11|3|1|2||23|2|3||||1|6||1|7||1||9|||||||0|||||||0|8|15|12|1|4|1|41|NO|NO|YES|NO|YES|NO|YES|YES|YES|YES|YES|NO|YES|YES|NO|NO|NO|YES|NO|YES|YES|NO|YES|NO|NO|NO|NO|NO|NO|NO|NO|NO|NO|NO|NO|NO|2731|594|653||531||4509|281|734|1053||290|60|2418|91|270||131|||492|9|0|271||45||325|||||43||43|161||||||161|||||||0|Banks and other Institutions|257|52|||91||400|3530|1650|1977|131|1000|60|8348|185|509|100|131|292|60|1277|2185|1040|1834||547||5606|1160|100|43||159||1462|||||||0|||||||0|3530|1649|1977|131|998|60|8345|||100|||3|3|1|START Asia Pacific:|||112||107||219|||100||106||206|||||||0|||||45||45|||||||0|||||||0|||||||0|Banks and other institutions|||||10||10|0|0|212|0|268|0|480|||112||112||224|||100||106||206|||||50||50|||||||0|||||||0|0|0|212|0|268|0|480|START Europe:|1736|437|62||6||2241|251|734|807||154||1946|16|147||131|||294|9||||||9|||||||0|161||||||161|||||||0|Banks and other institutions|239||||||239|2412|1318|869|131|160|0|4890|2035|931|869||161||3996|80|386||131|||597|297||||||297|||||||0|||||||0|2412|1317|869|131|161|0|4890|START North America:|995|100|||||1095|30|||||60|90|75|123|||||198|||||||0|||||||0|||||||0|||||||0|Banks and other institutions|18|52|||||70|1118|275|0|0|0|60|1453|150|52|||||202|105|123||||60|288|863|100|||||963|||||||0|||||||0|1118|275|0|0|0|60|1453|START Global:||57|479||417||953|||146||30||176|||||||0|||271||||271|||||43||43|||||||0|||||||0||||||81||81|0|57|896|0|571|0|1524||57|853||274||1184|||||187||187|||43||109||152|||||||0|||||||0|0|57|896|0|570|0|1523|START SOUTH America:|||||||||||||||||||||||||||||||||||||||||||||||||||||||||||||||||||||||||||||||||||||||||||||||||||||||||||START Africa:||||||||||||||||||||||||||||||||||||||||||||||||||||||||||||||||||||||||||||||||||||||||||||||||||||||||||
186|INREV|08/02/2017|Daniel Werth|MOMENI Investment Management GmbH|Managing Director|d.werth@momeni-immobilien.com|4.94041E+12|Germany|EUR||1|||||||||0|300|||200|||500|||||||0|||||||0|||||||0|||||||0|300|0|0|200|0|0|500|||||||0|1|||2|||3|||||||0|||||||0|||||||0|||||||0|1|0|0|2|0|0|3|NO|NO|NO|NO|NO|NO|YES|NO|NO|YES|NO|NO|NO|NO|NO|NO|NO|NO|NO|NO|NO|NO|NO|NO|NO|NO|NO|NO|NO|NO|NO|NO|NO|NO|NO|NO|300|||100|||400|||||||0|||||||0|||||||0|||||||0|||||||0||||100|||100||||||||0|300|0|0|200|0|0|500|||||||0|300|||200|||500|||||||0|||||||0|||||||0|300|0|0|200|0|0|500|||100|||1|3|2|START Asia Pacific:|||||||||||||||||||||||||||||||||||||||||||||||||||||||||||||||||||||||||||||||||||||||||||||||||||||||||||START Europe:|300|||100|||400|||||||0|||||||0|||||||0|||||||0|||||||0||||100|||100||||||||0|300|0|0|200|0|0|500|300|||200|||500|||||||0|||||||0|||||||0|||||||0|300|0|0|200|0|0|500|START North America:|||||||||||||||||||||||||||||||||||||||||||||||||||||||||||||||||||||||||||||||||||||||||||||||||||||||||||START Global:|||||||||||||||||||||||||||||||||||||||||||||||||||||||||||||||||||||||||||||||||||||||||||||||||||||||||||START SOUTH America:|||||||||||||||||||||||||||||||||||||||||||||||||||||||||||||||||||||||||||||||||||||||||||||||||||||||||||START Africa:||||||||||||||||||||||||||||||||||||||||||||||||||||||||||||||||||||||||||||||||||||||||||||||||||||||||||
82|INREV|12/01/2017|Adam Starr|Redevco|MD & Head of Transactions|adam.starr@redevco.com|7741249666|Netherlands|EUR||2|6|Strategic|||||||0|||||||0|||||||0|||||||0|||||||0|||||||0|0|0|0|0|0|0|0|||||||0|||||||0|||||||0|||||||0|||||||0|||||||0|0|0|0|0|0|0|0|NO|NO|NO|NO|NO|NO|NO|NO|NO|NO|NO|NO|NO|NO|NO|NO|NO|NO|NO|NO|NO|NO|NO|NO|NO|NO|NO|NO|NO|NO|NO|NO|NO|NO|NO|NO|||||||0|||||||0|||||||0|||||||0|||||||0|||||||0|||||||0||||||||0|0|0|0|0|0|0|0|||||||0|||||||0|||||||0|||||||0|||||||0|0|0|0|0|0|0|0||||||1|3|1|START Asia Pacific:|||||||||||||||||||||||||||||||||||||||||||||||||||||||||||||||||||||||||||||||||||||||||||||||||||||||||||START Europe:|||||||||||||||||||||||||||||||||||||||||||||||||||||||||||||||||||||||||||||||||||||||||||||||||||||||||||START North America:|||||||||||||||||||||||||||||||||||||||||||||||||||||||||||||||||||||||||||||||||||||||||||||||||||||||||||START Global:|||||||||||||||||||||||||||||||||||||||||||||||||||||||||||||||||||||||||||||||||||||||||||||||||||||||||||START SOUTH America:|||||||||||||||||||||||||||||||||||||||||||||||||||||||||||||||||||||||||||||||||||||||||||||||||||||||||||START Africa:||||||||||||||||||||||||||||||||||||||||||||||||||||||||||||||||||||||||||||||||||||||||||||||||||||||||||
201|INREV|13/02/2017|Geert de Nekker|Syntrus Achmea Real Estate & Finance|Managing Director International Real Estate|geert.de.nekker@achmeavastgoed.nl|+316 23645725|Netherlands|EUR||2|6|We are selecting funds based on mandates and do not raise capital. |||||||0|||||||0|||||||0|||||||0|||||||0|||||||0|0|0|0|0|0|0|0|||||||0|||||||0|||||||0|||||||0|||||||0|||||||0|0|0|0|0|0|0|0|NO|NO|NO|NO|NO|NO|NO|NO|NO|NO|NO|NO|NO|NO|NO|NO|NO|NO|NO|NO|NO|NO|NO|NO|NO|NO|NO|NO|NO|NO|NO|NO|NO|NO|NO|NO|||||||0|||||||0|||||||0|||||||0|||||||0|||||||0|||||||0||||||||0|0|0|0|0|0|0|0|||||||0|||||||0|||||||0|||||||0|||||||0|0|0|0|0|0|0|0||||||1|2|1|START Asia Pacific:|||||||||||||||||||||||||||||||||||||||||||||||||||||||||||||||||||||||||||||||||||||||||||||||||||||||||||START Europe:|||||||||||||||||||||||||||||||||||||||||||||||||||||||||||||||||||||||||||||||||||||||||||||||||||||||||||START North America:|||||||||||||||||||||||||||||||||||||||||||||||||||||||||||||||||||||||||||||||||||||||||||||||||||||||||||START Global:|||||||||||||||||||||||||||||||||||||||||||||||||||||||||||||||||||||||||||||||||||||||||||||||||||||||||||START SOUTH America:|||||||||||||||||||||||||||||||||||||||||||||||||||||||||||||||||||||||||||||||||||||||||||||||||||||||||||START Africa:||||||||||||||||||||||||||||||||||||||||||||||||||||||||||||||||||||||||||||||||||||||||||||||||||||||||||
152|INREV|08/02/2017|Dr. Insa von Jürgensonn|PATRIZIA Institutional Clients & Advisory|Head of Product Developement|insa.juergensonn@patrizia.ag|+49 821 50910 762|Germany|EUR||1|||||||||0|888.8|921.5|361.2||||2171.5|||||||0|||||||0|||||||0|||||||0|888.8|921.5|361.2|0|0|0|2171.5|||||||0|9|5|2||||16|||||||0|||||||0|||||||0|||||||0|9|5|2|0|0|0|16|NO|NO|NO|NO|NO|NO|YES|YES|YES|NO|NO|NO|NO|NO|NO|NO|NO|NO|NO|NO|NO|NO|NO|NO|NO|NO|NO|NO|NO|NO|NO|NO|NO|NO|NO|NO|72.5|661.5|72.2||||806.2|49|260|289||||598|||||||0|||||||0|1.5||||||1.5|||||||0|||||||0|Savings Banks|765.8||||||765.8|888.8|921.5|361.2|0|0|0|2171.5|||361.2||||361.2|888.8|921.5|||||1810.3|||||||0|||||||0|||||||0|888.8|921.5|361.2|0|0|0|2171.5|||100|||2|2|1|START Asia Pacific:|||||||||||||||||||||||||||||||||||||||||||||||||||||||||||||||||||||||||||||||||||||||||||||||||||||||||||START Europe:|72.5|661.5|72.2||||806.2|49|260|289||||598|||||||0|||||||0|1.5||||||1.5|||||||0|||||||0|Savings Banks|765.8||||||765.8|888.8|921.5|361.2|0|0|0|2171.5|888.8|921.5|||||1810.3|||361.2||||361.2|||||||0|||||||0|||||||0|888.8|921.5|361.2|0|0|0|2171.5|START North America:|||||||||||||||||||||||||||||||||||||||||||||||||||||||||||||||||||||||||||||||||||||||||||||||||||||||||||START Global:|||||||||||||||||||||||||||||||||||||||||||||||||||||||||||||||||||||||||||||||||||||||||||||||||||||||||||START SOUTH America:|||||||||||||||||||||||||||||||||||||||||||||||||||||||||||||||||||||||||||||||||||||||||||||||||||||||||||START Africa:||||||||||||||||||||||||||||||||||||||||||||||||||||||||||||||||||||||||||||||||||||||||||||||||||||||||||
158|INREV|03/02/2017|Addie Patterson|Niam|Investor Relations|addie.patterson@niam.se|46766342066|Sweden|EUR||1|||||||||0|169||||||169|||||||0|||||||0|||||||0|||||||0|169|0|0|0|0|0|169|||||||0|2||||||2|||||||0|||||||0|||||||0|||||||0|2|0|0|0|0|0|2|NO|NO|NO|NO|NO|NO|YES|NO|NO|NO|NO|NO|NO|NO|NO|NO|NO|NO|NO|NO|NO|NO|NO|NO|NO|NO|NO|NO|NO|NO|NO|NO|NO|NO|NO|NO|131||||||131|25||||||25|||||||0|||||||0|||||||0|||||||0|13||||||13||||||||0|169|0|0|0|0|0|169|||||||0|134||||||134|35||||||35|||||||0|||||||0|169|0|0|0|0|0|169|0||100|||3|1|2|START Asia Pacific:|||||||||||||||||||||||||||||||||||||||||||||||||||||||||||||||||||||||||||||||||||||||||||||||||||||||||||START Europe:|131||||||131|25||||||25|||||||0|||||||0|||||||0|||||||0|13||||||13||||||||0|169|0|0|0|0|0|169|134||||||134|||||||0|35||||||35|||||||0|||||||0|169|0|0|0|0|0|169|START North America:|||||||||||||||||||||||||||||||||||||||||||||||||||||||||||||||||||||||||||||||||||||||||||||||||||||||||||START Global:|||||||||||||||||||||||||||||||||||||||||||||||||||||||||||||||||||||||||||||||||||||||||||||||||||||||||||START SOUTH America:|||||||||||||||||||||||||||||||||||||||||||||||||||||||||||||||||||||||||||||||||||||||||||||||||||||||||||START Africa:||||||||||||||||||||||||||||||||||||||||||||||||||||||||||||||||||||||||||||||||||||||||||||||||||||||||||
123|INREV|26/01/2017|Mirjam Witteman|Vesteda|Investor Relations|m.witteman@vesteda.com|31884562369|Netherlands|EUR||2|6|In 2015 we raised €600 mln. No need to raise additional equity in 2016|||||||0|||||||0|||||||0|||||||0|||||||0|||||||0|0|0|0|0|0|0|0|||||||0|||||||0|||||||0|||||||0|||||||0|||||||0|0|0|0|0|0|0|0|NO|NO|NO|NO|NO|NO|NO|NO|NO|NO|NO|NO|NO|NO|NO|NO|NO|NO|NO|NO|NO|NO|NO|NO|NO|NO|NO|NO|NO|NO|NO|NO|NO|NO|NO|NO|||||||0|||||||0|||||||0|||||||0|||||||0|||||||0|||||||0||||||||0|0|0|0|0|0|0|0|||||||0|||||||0|||||||0|||||||0|||||||0|0|0|0|0|0|0|0||||||1|3|1|START Asia Pacific:|||||||||||||||||||||||||||||||||||||||||||||||||||||||||||||||||||||||||||||||||||||||||||||||||||||||||||START Europe:|||||||||||||||||||||||||||||||||||||||||||||||||||||||||||||||||||||||||||||||||||||||||||||||||||||||||||START North America:|||||||||||||||||||||||||||||||||||||||||||||||||||||||||||||||||||||||||||||||||||||||||||||||||||||||||||START Global:|||||||||||||||||||||||||||||||||||||||||||||||||||||||||||||||||||||||||||||||||||||||||||||||||||||||||||START SOUTH America:|||||||||||||||||||||||||||||||||||||||||||||||||||||||||||||||||||||||||||||||||||||||||||||||||||||||||||START Africa:||||||||||||||||||||||||||||||||||||||||||||||||||||||||||||||||||||||||||||||||||||||||||||||||||||||||||
193|INREV|08/02/2017|Brendan O`Regan|Irish Life Investment Managers|Senior Fund Manager|brendan.oregan@ilim.com|35317042344|Ireland|EUR||1|||||||||0|100|50|||||150|||||||0|||||||0|||||||0|||||||0|100|50|0|0|0|0|150|||||||0|1|1|||||2|||||||0|||||||0|||||||0|||||||0|1|1|0|0|0|0|2|NO|NO|NO|NO|NO|NO|YES|YES|NO|NO|NO|NO|NO|NO|NO|NO|NO|NO|NO|NO|NO|NO|NO|NO|NO|NO|NO|NO|NO|NO|NO|NO|NO|NO|NO|NO|100|50|||||150|||||||0|||||||0|||||||0|||||||0|||||||0|||||||0||||||||0|100|50|0|0|0|0|150|||||||0|100|50|||||150|||||||0|||||||0|||||||0|100|50|0|0|0|0|150|||100|||1|1|1|START Asia Pacific:|||||||||||||||||||||||||||||||||||||||||||||||||||||||||||||||||||||||||||||||||||||||||||||||||||||||||||START Europe:|100|50|||||150|||||||0|||||||0|||||||0|||||||0|||||||0|||||||0||||||||0|100|50|0|0|0|0|150|100|50|||||150|||||||0|||||||0|||||||0|||||||0|100|50|0|0|0|0|150|START North America:|||||||||||||||||||||||||||||||||||||||||||||||||||||||||||||||||||||||||||||||||||||||||||||||||||||||||||START Global:|||||||||||||||||||||||||||||||||||||||||||||||||||||||||||||||||||||||||||||||||||||||||||||||||||||||||||START SOUTH America:|||||||||||||||||||||||||||||||||||||||||||||||||||||||||||||||||||||||||||||||||||||||||||||||||||||||||||START Africa:||||||||||||||||||||||||||||||||||||||||||||||||||||||||||||||||||||||||||||||||||||||||||||||||||||||||||
39|INREV|30/01/2017|Eric Reichardt|TRIUVA Kapitalverwaltungsgesellschaft mbH|Head of Corporate Development|eric.reichardt@triuva.com|+49 (0)69 643505 1407|Germany|EUR||1|||||||||0|172.3||482.1|172.9|||827.3|||||||0|||||||0|||||||0|||||||0|172.3|0|482.1|172.9|0|0|827.3|||||||0|2||9|1|||12|||||||0|||||||0|||||||0|||||||0|2|0|9|1|0|0|12|NO|NO|NO|NO|NO|NO|YES|NO|YES|YES|NO|NO|NO|NO|NO|NO|NO|NO|NO|NO|NO|NO|NO|NO|NO|NO|NO|NO|NO|NO|NO|NO|NO|NO|NO|NO|||193.2|22.6|||215.8|||130.5|26.4|||156.9|||||||0|||||||0|||57.6|72.9|||130.5|||||||0|||||||0|pensions schemes, groups|172.3||100.9|50.9|||324.1|172.3|0|482.2|172.8|0|0|827.3|||||||0|172.3||482.1|172.9|||827.3|||||||0|||||||0|||||||0|172.3|0|482.1|172.9|0|0|827.3|15.9||84.1|||3|3|1|START Asia Pacific:|||||||||||||||||||||||||||||||||||||||||||||||||||||||||||||||||||||||||||||||||||||||||||||||||||||||||||START Europe:|||193.2|22.6|||215.8|||130.5|26.4|||156.9|||||||0|||||||0|||57.6|72.9|||130.5|||||||0|||||||0|pension schemes, groups|172.3||100.9|50.9|||324.1|172.3|0|482.2|172.8|0|0|827.3|172.3||482.1|172.9|||827.3|||||||0|||||||0|||||||0|||||||0|172.3|0|482.1|172.9|0|0|827.3|START North America:|||||||||||||||||||||||||||||||||||||||||||||||||||||||||||||||||||||||||||||||||||||||||||||||||||||||||||START Global:|||||||||||||||||||||||||||||||||||||||||||||||||||||||||||||||||||||||||||||||||||||||||||||||||||||||||||START SOUTH America:|||||||||||||||||||||||||||||||||||||||||||||||||||||||||||||||||||||||||||||||||||||||||||||||||||||||||||START Africa:||||||||||||||||||||||||||||||||||||||||||||||||||||||||||||||||||||||||||||||||||||||||||||||||||||||||||
55|INREV|14/02/2017|Sonja Ebeling|GARBE Industrial Real Estate GmbH|Head of Investment Management|s.ebeling@garbe.de|+49 40 35613 1781|Germany|EUR||1|||||||||0|130||||||130|||||||0|||||||0|||||||0|||||||0|130|0|0|0|0|0|130|||||||0|1||||||1|||||||0|||||||0|||||||0|||||||0|1|0|0|0|0|0|1|NO|NO|NO|NO|NO|NO|YES|NO|NO|NO|NO|NO|NO|NO|NO|NO|NO|NO|NO|NO|NO|NO|NO|NO|NO|NO|NO|NO|NO|NO|NO|NO|NO|NO|NO|NO|30||||||30|||||||0|||||||0|||||||0|||||||0|100||||||100|||||||0||||||||0|130|0|0|0|0|0|130|||||||0|130||||||130|||||||0|||||||0|||||||0|130|0|0|0|0|0|130|100|||||1|3|1|START Asia Pacific:|||||||||||||||||||||||||||||||||||||||||||||||||||||||||||||||||||||||||||||||||||||||||||||||||||||||||||START Europe:|30||||||30|||||||0|||||||0|||||||0|||||||0|100||||||100|||||||0||||||||0|130|0|0|0|0|0|130|130||||||130|||||||0|||||||0|||||||0|||||||0|130|0|0|0|0|0|130|START North America:|||||||||||||||||||||||||||||||||||||||||||||||||||||||||||||||||||||||||||||||||||||||||||||||||||||||||||START Global:|||||||||||||||||||||||||||||||||||||||||||||||||||||||||||||||||||||||||||||||||||||||||||||||||||||||||||START SOUTH America:|||||||||||||||||||||||||||||||||||||||||||||||||||||||||||||||||||||||||||||||||||||||||||||||||||||||||||START Africa:||||||||||||||||||||||||||||||||||||||||||||||||||||||||||||||||||||||||||||||||||||||||||||||||||||||||||
144|INREV|31/01/2017|Tobias Dichtl|Helaba Invest|Portfolio Analyst Research & Strategy|tobias.dichtl@helaba-invest.de|+49 69 29970245|Germany|EUR||1|||||||75||75|||||950||950|||||||0|||||||0|||||||0|||||||0|0|0|0|0|1025|0|1025|||||1||1|||||7||7|||||||0|||||||0|||||||0|||||||0|0|0|0|0|8|0|8|NO|NO|NO|NO|YES|NO|NO|NO|NO|NO|YES|NO|NO|NO|NO|NO|NO|NO|NO|NO|NO|NO|NO|NO|NO|NO|NO|NO|NO|NO|NO|NO|NO|NO|NO|NO|||||525||525|||||||0|||||||0|||||||0|||||||0|||||||0|||||||0|Banks|||||500||500|0|0|0|0|1025|0|1025|||||||0|||||1025||1025|||||||0|||||||0|||||||0|0|0|0|0|1025|0|1025|||100|||1|3|1|START Asia Pacific:|||||75||75|||||||0|||||||0|||||||0|||||||0|||||||0|||||||0||||||||0|0|0|0|0|75|0|75|||||75||75|||||||0|||||||0|||||||0|||||||0|0|0|0|0|75|0|75|START Europe:|||||450||450|||||||0|||||||0|||||||0|||||||0|||||||0|||||||0|Banks|||||500||500|0|0|0|0|950|0|950|||||950||950|||||||0|||||||0|||||||0|||||||0|0|0|0|0|950|0|950|START North America:|||||||||||||||||||||||||||||||||||||||||||||||||||||||||||||||||||||||||||||||||||||||||||||||||||||||||||START Global:|||||||||||||||||||||||||||||||||||||||||||||||||||||||||||||||||||||||||||||||||||||||||||||||||||||||||||START SOUTH America:|||||||||||||||||||||||||||||||||||||||||||||||||||||||||||||||||||||||||||||||||||||||||||||||||||||||||||START Africa:||||||||||||||||||||||||||||||||||||||||||||||||||||||||||||||||||||||||||||||||||||||||||||||||||||||||||
215|INREV|14/02/2017|Simone Roberti|BNP Paribas Real Estate IM Italy|Head of Research|simone.roberti@bnpparibas.com|3.90232E+11|France|EUR||1|||||||||0|220||||||220|||||||0|||||||0|||||||0|||||||0|220|0|0|0|0|0|220|||||||0|2||||||2|||||||0|||||||0|||||||0|||||||0|2|0|0|0|0|0|2|NO|NO|NO|NO|NO|NO|YES|NO|NO|NO|NO|NO|NO|NO|NO|NO|NO|NO|NO|NO|NO|NO|NO|NO|NO|NO|NO|NO|NO|NO|NO|NO|NO|NO|NO|NO|||||||0|150||||||150|||||||0|||||||0|||||||0|||||||0|||||||0|Private Equity|70||||||70|220|0|0|0|0|0|220|||||||0|150||||||150|70||||||70|||||||0|||||||0|220|0|0|0|0|0|220|||100|||1|3|1|START Asia Pacific:|||||||||||||||||||||||||||||||||||||||||||||||||||||||||||||||||||||||||||||||||||||||||||||||||||||||||||START Europe:|||||||0|150||||||150|||||||0|||||||0|||||||0|||||||0|||||||0|Private Equity|70||||||70|220|0|0|0|0|0|220|150||||||150|||||||0|70||||||70|||||||0|||||||0|220|0|0|0|0|0|220|START North America:|||||||||||||||||||||||||||||||||||||||||||||||||||||||||||||||||||||||||||||||||||||||||||||||||||||||||||START Global:|||||||||||||||||||||||||||||||||||||||||||||||||||||||||||||||||||||||||||||||||||||||||||||||||||||||||||START SOUTH America:|||||||||||||||||||||||||||||||||||||||||||||||||||||||||||||||||||||||||||||||||||||||||||||||||||||||||||START Africa:||||||||||||||||||||||||||||||||||||||||||||||||||||||||||||||||||||||||||||||||||||||||||||||||||||||||||
224|INREV|14/02/2017|Patrick Schlump|Bouwfonds Investment Management|Director Client Relations|p.schlump@bouwfondsim.com|+49 30 590097774|Netherlands|EUR||1|||||||||0|157|186|||||343|||||||0|||||||0|||||||0|||||||0|157|186|0|0|0|0|343|||||||0|2|2|||||4|||||||0|||||||0|||||||0|||||||0|2|2|0|0|0|0|4|NO|NO|NO|NO|NO|NO|YES|YES|NO|NO|NO|NO|NO|NO|NO|NO|NO|NO|NO|NO|NO|NO|NO|NO|NO|NO|NO|NO|NO|NO|NO|NO|NO|NO|NO|NO|19|61|||||80|133|125|||||258|||||||0|||||||0|||||||0|||||||0|||||||0|Banks|5||||||5|157|186|0|0|0|0|343|||||||0|157|186|||||343|||||||0|||||||0|||||||0|157|186|0|0|0|0|343|1||99|||1|2|1|START Asia Pacific:|||||||||||||||||||||||||||||||||||||||||||||||||||||||||||||||||||||||||||||||||||||||||||||||||||||||||||START Europe:|19|61|||||80|133|125|||||258|||||||0|||||||0|||||||0|||||||0|||||||0|Banks|5||||||5|157|186|0|0|0|0|343|157|186|||||343|||||||0|||||||0|||||||0|||||||0|157|186|0|0|0|0|343|START North America:|||||||||||||||||||||||||||||||||||||||||||||||||||||||||||||||||||||||||||||||||||||||||||||||||||||||||||START Global:|||||||||||||||||||||||||||||||||||||||||||||||||||||||||||||||||||||||||||||||||||||||||||||||||||||||||||START SOUTH America:|||||||||||||||||||||||||||||||||||||||||||||||||||||||||||||||||||||||||||||||||||||||||||||||||||||||||||START Africa:||||||||||||||||||||||||||||||||||||||||||||||||||||||||||||||||||||||||||||||||||||||||||||||||||||||||||
61|INREV|11/01/2017|Daniel Taylor|Ares Management|Principal|dtaylor@aresmgmt.com|2074346320|United States|USD||1|||||||||0|945||||||945|867||||||867|||||||0|||||||0|||||||0|1812|0|0|0|0|0|1812|||||||0|1||||||1|1||||||1|||||||0|||||||0|||||||0|2|0|0|0|0|0|2|NO|NO|NO|NO|NO|NO|YES|NO|NO|NO|NO|NO|YES|NO|NO|NO|NO|NO|NO|NO|NO|NO|NO|NO|NO|NO|NO|NO|NO|NO|NO|NO|NO|NO|NO|NO|874||||||874|43||||||43|415||||||415|||||||0|||||||0|||||||0|480||||||480||||||||0|1812|0|0|0|0|0|1812|65||||||65|923||||||923|662||||||662|162||||||162|||||||0|1812|0|0|0|0|0|1812|25||75|||1|2|2|START Asia Pacific:|||||||||||||||||||||||||||||||||||||||||||||||||||||||||||||||||||||||||||||||||||||||||||||||||||||||||||START Europe:|873||||||873|43||||||43|||||||0|||||||0|||||||0|||||||0|29||||||29||||||||0|945|0|0|0|0|0|945|348||||||348|||||||0|597||||||597|||||||0|||||||0|945|0|0|0|0|0|945|START North America:|||||||0|||||||0|415||||||415|||||||0|||||||0|||||||0|452||||||452||||||||0|867|0|0|0|0|0|867|575||||||575|65||||||65|65||||||65|162||||||162|||||||0|867|0|0|0|0|0|867|START Global:|||||||||||||||||||||||||||||||||||||||||||||||||||||||||||||||||||||||||||||||||||||||||||||||||||||||||||START SOUTH America:|||||||||||||||||||||||||||||||||||||||||||||||||||||||||||||||||||||||||||||||||||||||||||||||||||||||||||START Africa:||||||||||||||||||||||||||||||||||||||||||||||||||||||||||||||||||||||||||||||||||||||||||||||||||||||||||
36|INREV|10/01/2017|Wietse de Vries|Almazara|partner|wietse@almazara.nl|31655733680|Netherlands|EUR||2|6|not our business to raise equity; we advise pension funds and invest for th|||||||0|||||||0|||||||0|||||||0|||||||0|||||||0|0|0|0|0|0|0|0|||||||0|||||||0|||||||0|||||||0|||||||0|||||||0|0|0|0|0|0|0|0|NO|NO|NO|NO|NO|NO|NO|NO|NO|NO|NO|NO|NO|NO|NO|NO|NO|NO|NO|NO|NO|NO|NO|NO|NO|NO|NO|NO|NO|NO|NO|NO|NO|NO|NO|NO|||||||0|||||||0|||||||0|||||||0|||||||0|||||||0|||||||0||||||||0|0|0|0|0|0|0|0|||||||0|||||||0|||||||0|||||||0|||||||0|0|0|0|0|0|0|0||||||1|3|1|START Asia Pacific:|||||||||||||||||||||||||||||||||||||||||||||||||||||||||||||||||||||||||||||||||||||||||||||||||||||||||||START Europe:|||||||||||||||||||||||||||||||||||||||||||||||||||||||||||||||||||||||||||||||||||||||||||||||||||||||||||START North America:|||||||||||||||||||||||||||||||||||||||||||||||||||||||||||||||||||||||||||||||||||||||||||||||||||||||||||START Global:|||||||||||||||||||||||||||||||||||||||||||||||||||||||||||||||||||||||||||||||||||||||||||||||||||||||||||START SOUTH America:|||||||||||||||||||||||||||||||||||||||||||||||||||||||||||||||||||||||||||||||||||||||||||||||||||||||||||START Africa:||||||||||||||||||||||||||||||||||||||||||||||||||||||||||||||||||||||||||||||||||||||||||||||||||||||||||
133|INREV|13/02/2017|Erwan LE BERRE|FREO Group|Managing Director|e.leberre@freogroup.com|35226631145|Luxembourg|EUR||1|||||||||0||100|||||100|||||||0|||||||0|||||||0|||||||0|0|100|0|0|0|0|100|||||||0||4|||||4|||||||0|||||||0|||||||0|||||||0|0|4|0|0|0|0|4|NO|NO|NO|NO|NO|NO|NO|YES|NO|NO|NO|NO|NO|NO|NO|NO|NO|NO|NO|NO|NO|NO|NO|NO|NO|NO|NO|NO|NO|NO|NO|NO|NO|NO|NO|NO|||||||0|||||||0|||||||0|||||||0|||||||0|||||||0|||||||0|Private equity||100|||||100|0|100|0|0|0|0|100|||||||0||40|||||40||60|||||60|||||||0|||||||0|0|100|0|0|0|0|100|||100|||1|3|1|START Asia Pacific:|||||||||||||||||||||||||||||||||||||||||||||||||||||||||||||||||||||||||||||||||||||||||||||||||||||||||||START Europe:|||||||0|||||||0|||||||0|||||||0|||||||0|||||||0|||||||0|private equity||100|||||100|0|100|0|0|0|0|100|||||||0|||||||0||60|||||60||40|||||40|||||||0|0|100|0|0|0|0|100|START North America:|||||||||||||||||||||||||||||||||||||||||||||||||||||||||||||||||||||||||||||||||||||||||||||||||||||||||||START Global:|||||||||||||||||||||||||||||||||||||||||||||||||||||||||||||||||||||||||||||||||||||||||||||||||||||||||||START SOUTH America:|||||||||||||||||||||||||||||||||||||||||||||||||||||||||||||||||||||||||||||||||||||||||||||||||||||||||||START Africa:||||||||||||||||||||||||||||||||||||||||||||||||||||||||||||||||||||||||||||||||||||||||||||||||||||||||||
46|INREV|10/01/2017|Omar FJER|ARDIAN|Senior Investment Manager|omar.fjer@ardian.com|+33 7 84 18 61 37|France|EUR||1|||||||||0|200||||||200|||||||0|||||||0|||||||0|||||||0|200|0|0|0|0|0|200|||||||0|1||||||1|||||||0|||||||0|||||||0|||||||0|1|0|0|0|0|0|1|NO|NO|NO|NO|NO|NO|YES|NO|NO|NO|NO|NO|NO|NO|NO|NO|NO|NO|NO|NO|NO|NO|NO|NO|NO|NO|NO|NO|NO|NO|NO|NO|NO|NO|NO|NO|14||||||14|160||||||160|||||||0|||||||0|||||||0|||||||0|20||||||20|Foundations|6||||||6|200|0|0|0|0|0|200|||||||0|200||||||200|||||||0|||||||0|||||||0|200|0|0|0|0|0|200|||100|||3|3|2|START Asia Pacific:|||||||||||||||||||||||||||||||||||||||||||||||||||||||||||||||||||||||||||||||||||||||||||||||||||||||||||START Europe:|14||||||14|160||||||160|||||||0|||||||0|||||||0|||||||0|20||||||20|Foundations|6||||||6|200|0|0|0|0|0|200|200||||||200|||||||0|||||||0|||||||0|||||||0|200|0|0|0|0|0|200|START North America:|||||||||||||||||||||||||||||||||||||||||||||||||||||||||||||||||||||||||||||||||||||||||||||||||||||||||||START Global:|||||||||||||||||||||||||||||||||||||||||||||||||||||||||||||||||||||||||||||||||||||||||||||||||||||||||||START SOUTH America:|||||||||||||||||||||||||||||||||||||||||||||||||||||||||||||||||||||||||||||||||||||||||||||||||||||||||||START Africa:||||||||||||||||||||||||||||||||||||||||||||||||||||||||||||||||||||||||||||||||||||||||||||||||||||||||||
173|INREV|06/02/2017|Donovan McGill|La Française|International Marketing Manager|dmcgill@la-francaise.com|4.42032E+11|France|EUR||1|||||||||0|1100|900|||||2000|||||||0|||||||0|||||||0|||||||0|1100|900|0|0|0|0|2000|||||||0|10|5|||||15|||||||0|||||||0|||||||0|||||||0|10|5|0|0|0|0|15|NO|NO|NO|NO|NO|NO|YES|YES|NO|NO|NO|NO|NO|NO|NO|NO|NO|NO|NO|NO|NO|NO|NO|NO|NO|NO|NO|NO|NO|NO|NO|NO|NO|NO|NO|NO|400|900|||||1300|600||||||600|||||||0|||||||0|||||||0|||||||0|100||||||100||||||||0|1100|900|0|0|0|0|2000||350|||||350|1100|550|||||1650|||||||0|||||||0|||||||0|1100|900|0|0|0|0|2000|||100|||1|3|1|START Asia Pacific:|||||||||||||||||||||||||||||||||||||||||||||||||||||||||||||||||||||||||||||||||||||||||||||||||||||||||||START Europe:|400|900|||||1300|600||||||600|||||||0|||||||0|||||||0|||||||0|100||||||100||||||||0|1100|900|0|0|0|0|2000|1100|550|||||1650||350|||||350|||||||0|||||||0|||||||0|1100|900|0|0|0|0|2000|START North America:|||||||||||||||||||||||||||||||||||||||||||||||||||||||||||||||||||||||||||||||||||||||||||||||||||||||||||START Global:|||||||||||||||||||||||||||||||||||||||||||||||||||||||||||||||||||||||||||||||||||||||||||||||||||||||||||START SOUTH America:|||||||||||||||||||||||||||||||||||||||||||||||||||||||||||||||||||||||||||||||||||||||||||||||||||||||||||START Africa:||||||||||||||||||||||||||||||||||||||||||||||||||||||||||||||||||||||||||||||||||||||||||||||||||||||||||
139|INREV|31/01/2017|Steven Wayne|Jensen Group|CEO|Steve@jensen.ru|78123251306|Russian Federation|USD||2|6|Weak market|||||||0|||||||0|||||||0|||||||0|||||||0|||||||0|0|0|0|0|0|0|0|||||||0|||||||0|||||||0|||||||0|||||||0|||||||0|0|0|0|0|0|0|0|NO|NO|NO|NO|NO|NO|NO|NO|NO|NO|NO|NO|NO|NO|NO|NO|NO|NO|NO|NO|NO|NO|NO|NO|NO|NO|NO|NO|NO|NO|NO|NO|NO|NO|NO|NO|||||||0|||||||0|||||||0|||||||0|||||||0|||||||0|||||||0||||||||0|0|0|0|0|0|0|0|||||||0|||||||0|||||||0|||||||0|||||||0|0|0|0|0|0|0|0||||||1|2|1|START Asia Pacific:|||||||||||||||||||||||||||||||||||||||||||||||||||||||||||||||||||||||||||||||||||||||||||||||||||||||||||START Europe:|||||||||||||||||||||||||||||||||||||||||||||||||||||||||||||||||||||||||||||||||||||||||||||||||||||||||||START North America:|||||||||||||||||||||||||||||||||||||||||||||||||||||||||||||||||||||||||||||||||||||||||||||||||||||||||||START Global:|||||||||||||||||||||||||||||||||||||||||||||||||||||||||||||||||||||||||||||||||||||||||||||||||||||||||||START SOUTH America:|||||||||||||||||||||||||||||||||||||||||||||||||||||||||||||||||||||||||||||||||||||||||||||||||||||||||||START Africa:||||||||||||||||||||||||||||||||||||||||||||||||||||||||||||||||||||||||||||||||||||||||||||||||||||||||||
155|INREV|01/02/2017|Mathijs Eikelenboom|Altera Vastgoed NV|Manager Investor Relations|mathijs.eikelenboom@alteravastgoed.nl|+31 611226979|Netherlands|EUR||1|||||||||0|100.4||||||100.4|||||||0|||||||0|||||||0|||||||0|100.4|0|0|0|0|0|100.4|||||||0|3||||||3|||||||0|||||||0|||||||0|||||||0|3|0|0|0|0|0|3|NO|NO|NO|NO|NO|NO|YES|NO|NO|NO|NO|NO|NO|NO|NO|NO|NO|NO|NO|NO|NO|NO|NO|NO|NO|NO|NO|NO|NO|NO|NO|NO|NO|NO|NO|NO|100.4||||||100.4|||||||0|||||||0|||||||0|||||||0|||||||0|||||||0||||||||0|100.4|0|0|0|0|0|100.4|||||||0|100.4||||||100.4|||||||0|||||||0|||||||0|100.4|0|0|0|0|0|100.4|40|60||||1|3|1|START Asia Pacific:|||||||||||||||||||||||||||||||||||||||||||||||||||||||||||||||||||||||||||||||||||||||||||||||||||||||||||START Europe:|100.4||||||100.4|||||||0|||||||0|||||||0|||||||0|||||||0|||||||0||||||||0|100.4|0|0|0|0|0|100.4|100.4||||||100.4|||||||0|||||||0|||||||0|||||||0|100.4|0|0|0|0|0|100.4|START North America:|||||||||||||||||||||||||||||||||||||||||||||||||||||||||||||||||||||||||||||||||||||||||||||||||||||||||||START Global:|||||||||||||||||||||||||||||||||||||||||||||||||||||||||||||||||||||||||||||||||||||||||||||||||||||||||||START SOUTH America:|||||||||||||||||||||||||||||||||||||||||||||||||||||||||||||||||||||||||||||||||||||||||||||||||||||||||||START Africa:||||||||||||||||||||||||||||||||||||||||||||||||||||||||||||||||||||||||||||||||||||||||||||||||||||||||||
103|INREV|17/01/2017|Stein B. Monsen|DNB Life / DNB REIM|SVP|stein.monsen@dnb.no|4790556483|Norway|NOK||1|||||||||0||1500|||||1500|||||||0|||||||0|||||||0|||||||0|0|1500|0|0|0|0|1500|||||||0||1|||||1|||||||0|||||||0|||||||0|||||||0|0|1|0|0|0|0|1|NO|NO|NO|NO|NO|NO|NO|YES|NO|NO|NO|NO|NO|NO|NO|NO|NO|NO|NO|NO|NO|NO|NO|NO|NO|NO|NO|NO|NO|NO|NO|NO|NO|NO|NO|NO||1500|||||1500|||||||0|||||||0|||||||0|||||||0|||||||0|||||||0||||||||0|0|1500|0|0|0|0|1500|||||||0||1500|||||1500|||||||0|||||||0|||||||0|0|1500|0|0|0|0|1500|||100|||1|2|1|START Asia Pacific:|||||||||||||||||||||||||||||||||||||||||||||||||||||||||||||||||||||||||||||||||||||||||||||||||||||||||||START Europe:|||||||||||||||||||||||||||||||||||||||||||||||||||||||||||||||||||||||||||||||||||||||||||||||||||||||||||START North America:|||||||||||||||||||||||||||||||||||||||||||||||||||||||||||||||||||||||||||||||||||||||||||||||||||||||||||START Global:|||||||||||||||||||||||||||||||||||||||||||||||||||||||||||||||||||||||||||||||||||||||||||||||||||||||||||START SOUTH America:|||||||||||||||||||||||||||||||||||||||||||||||||||||||||||||||||||||||||||||||||||||||||||||||||||||||||||START Africa:||||||||||||||||||||||||||||||||||||||||||||||||||||||||||||||||||||||||||||||||||||||||||||||||||||||||||
59|INREV|11/01/2017|MICHAEL WALTON|Rynda Property Investors LLP|CEO|michael.walton@ryndaproperty.com|020 3328 4700|United Kingdom|EUR||2|6|JV`s are a better option than funds|||||||0|||||||0|||||||0|||||||0|||||||0|||||||0|0|0|0|0|0|0|0|||||||0|||||||0|||||||0|||||||0|||||||0|||||||0|0|0|0|0|0|0|0|NO|NO|NO|NO|NO|NO|NO|NO|NO|NO|NO|NO|NO|NO|NO|NO|NO|NO|NO|NO|NO|NO|NO|NO|NO|NO|NO|NO|NO|NO|NO|NO|NO|NO|NO|NO|||||||0|||||||0|||||||0|||||||0|||||||0|||||||0|||||||0||||||||0|0|0|0|0|0|0|0|||||||0|||||||0|||||||0|||||||0|||||||0|0|0|0|0|0|0|0||||||1|1|1|START Asia Pacific:|||||||||||||||||||||||||||||||||||||||||||||||||||||||||||||||||||||||||||||||||||||||||||||||||||||||||||START Europe:|||||||||||||||||||||||||||||||||||||||||||||||||||||||||||||||||||||||||||||||||||||||||||||||||||||||||||START North America:|||||||||||||||||||||||||||||||||||||||||||||||||||||||||||||||||||||||||||||||||||||||||||||||||||||||||||START Global:|||||||||||||||||||||||||||||||||||||||||||||||||||||||||||||||||||||||||||||||||||||||||||||||||||||||||||START SOUTH America:|||||||||||||||||||||||||||||||||||||||||||||||||||||||||||||||||||||||||||||||||||||||||||||||||||||||||||START Africa:||||||||||||||||||||||||||||||||||||||||||||||||||||||||||||||||||||||||||||||||||||||||||||||||||||||||||
58|INREV|14/02/2017|Naomi Vlakancic|Savills Investment Management|Investor Relations|naomi.vlakancic@savillsim.com|+44 (0)20 7409 5927|United Kingdom|EUR||1|||28|18|||||46|355|1249|||||1604|||||||0|||||||0|||||||0|||||||0|383|1267|0|0|0|0|1650|1|1|||||2|9|9|||||18|||||||0|||||||0|||||||0|||||||0|10|10|0|0|0|0|20|YES|YES|NO|NO|NO|NO|YES|YES|NO|NO|NO|NO|NO|NO|NO|NO|NO|NO|NO|NO|NO|NO|NO|NO|NO|NO|NO|NO|NO|NO|NO|NO|NO|NO|NO|NO|105|448|||||553|184|137|||||321|||||||0||19|||||19|49||||||49|7||||||7|9||||||9|Bank/corporate|29|663|||||692|383|1267|0|0|0|0|1650|19|387|||||406|364|755|||||1119||125|||||125|||||||0|||||||0|383|1267|0|0|0|0|1650|1|44|55|||1|3|1|START Asia Pacific:|||||||0|||||||0|||||||0|||||||0|||||||0|||||||0|9||||||9||19|18|||||37|28|18|0|0|0|0|46|9||||||9|19||||||19||18|||||18|||||||0|||||||0|28|18|0|0|0|0|46|START Europe:|105|448|||||553|184|137|||||321|||||||0||19|||||19|49||||||49|7||||||7|||||||0||10|645|||||655|355|1249|0|0|0|0|1604|355|755|||||1110||386|||||386||108|||||108|||||||0|||||||0|355|1249|0|0|0|0|1604|START North America:|||||||||||||||||||||||||||||||||||||||||||||||||||||||||||||||||||||||||||||||||||||||||||||||||||||||||||START Global:|||||||||||||||||||||||||||||||||||||||||||||||||||||||||||||||||||||||||||||||||||||||||||||||||||||||||||START SOUTH America:|||||||||||||||||||||||||||||||||||||||||||||||||||||||||||||||||||||||||||||||||||||||||||||||||||||||||||START Africa:||||||||||||||||||||||||||||||||||||||||||||||||||||||||||||||||||||||||||||||||||||||||||||||||||||||||||
166|INREV|04/02/2017|Dr. Thomas Beyerle|Catella|Head of Group Research|thomas.beyerle@catella.de|+49 69 3101930220|Sweden|EUR||1|||||||||0||190|||||190|||||||0|||||||0|||||||0|||||||0|0|190|0|0|0|0|190|||||||0||3|||||3|||||||0|||||||0|||||||0|||||||0|0|3|0|0|0|0|3|NO|NO|NO|NO|NO|NO|NO|YES|NO|NO|NO|NO|NO|NO|NO|NO|NO|NO|NO|NO|NO|NO|NO|NO|NO|NO|NO|NO|NO|NO|NO|NO|NO|NO|NO|NO||140|||||140||25|||||25|||||||0|||||||0||25|||||25|||||||0|||||||0||||||||0|0|190|0|0|0|0|190|||||||0||190|||||190|||||||0|||||||0|||||||0|0|190|0|0|0|0|190|5|15|80|||1|1|1|START Asia Pacific:|||||||||||||||||||||||||||||||||||||||||||||||||||||||||||||||||||||||||||||||||||||||||||||||||||||||||||START Europe:||140|||||140||25|||||25|||||||0|||||||0||25|||||25|||||||0|||||||0||||||||0|0|190|0|0|0|0|190||190|||||190|||||||0|||||||0|||||||0|||||||0|0|190|0|0|0|0|190|START North America:|||||||||||||||||||||||||||||||||||||||||||||||||||||||||||||||||||||||||||||||||||||||||||||||||||||||||||START Global:|||||||||||||||||||||||||||||||||||||||||||||||||||||||||||||||||||||||||||||||||||||||||||||||||||||||||||START SOUTH America:|||||||||||||||||||||||||||||||||||||||||||||||||||||||||||||||||||||||||||||||||||||||||||||||||||||||||||START Africa:||||||||||||||||||||||||||||||||||||||||||||||||||||||||||||||||||||||||||||||||||||||||||||||||||||||||||
41|INREV|10/01/2017|Mark Nieuwenbroek|Amvest|Manager Investor Relations|mnieuwenbroek@amvest.nl|+31(0)20 430 13 08|Netherlands|EUR||1|||||||||0|592|316|||||908|||||||0|||||||0|||||||0|||||||0|592|316|0|0|0|0|908|||||||0|1|1|||||2|||||||0|||||||0|||||||0|||||||0|1|1|0|0|0|0|2|NO|NO|NO|NO|NO|NO|YES|YES|NO|NO|NO|NO|NO|NO|NO|NO|NO|NO|NO|NO|NO|NO|NO|NO|NO|NO|NO|NO|NO|NO|NO|NO|NO|NO|NO|NO|127||||||127|455|316|||||771|||||||0|||||||0|10||||||10|||||||0|||||||0||||||||0|592|316|0|0|0|0|908|||||||0|592|316|||||908|||||||0|||||||0|||||||0|592|316|0|0|0|0|908|17|5|78|||2|3|1|START Asia Pacific:|||||||||||||||||||||||||||||||||||||||||||||||||||||||||||||||||||||||||||||||||||||||||||||||||||||||||||START Europe:|127||||||127|455|316|||||771|||||||0|||||||0|10||||||10|||||||0|||||||0||||||||0|592|316|0|0|0|0|908|592|316|||||908|||||||0|||||||0|||||||0|||||||0|592|316|0|0|0|0|908|START North America:|||||||||||||||||||||||||||||||||||||||||||||||||||||||||||||||||||||||||||||||||||||||||||||||||||||||||||START Global:|||||||||||||||||||||||||||||||||||||||||||||||||||||||||||||||||||||||||||||||||||||||||||||||||||||||||||START SOUTH America:|||||||||||||||||||||||||||||||||||||||||||||||||||||||||||||||||||||||||||||||||||||||||||||||||||||||||||START Africa:||||||||||||||||||||||||||||||||||||||||||||||||||||||||||||||||||||||||||||||||||||||||||||||||||||||||||
194|INREV|09/02/2017|Patrick Gylling|Sirius Capital Partners|CEO|patrick.gylling@sirius.fi|-5426079|Finland|EUR||1|||||||||0|235.01||||||235.01|||||||0|||||||0|||||||0|||||||0|235.01|0|0|0|0|0|235.01|||||||0|1||||||1|||||||0|||||||0|||||||0|||||||0|1|0|0|0|0|0|1|NO|NO|NO|NO|NO|NO|YES|NO|NO|NO|NO|NO|NO|NO|NO|NO|NO|NO|NO|NO|NO|NO|NO|NO|NO|NO|NO|NO|NO|NO|NO|NO|NO|NO|NO|NO|18||||||18|||||||0|||||||0|||||||0|||||||0|217.01||||||217.01|||||||0||||||||0|235.01|0|0|0|0|0|235.01|||||||0|170||||||170|65.01||||||65.01|||||||0|||||||0|235.01|0|0|0|0|0|235.01|0|50|50|||1|2|2|START Asia Pacific:|||||||||||||||||||||||||||||||||||||||||||||||||||||||||||||||||||||||||||||||||||||||||||||||||||||||||||START Europe:|18||||||18|||||||0|||||||0|||||||0|||||||0|217.01||||||217.01|||||||0||||||||0|235.01|0|0|0|0|0|235.01|170||||||170|||||||0|65.01||||||65.01|||||||0|||||||0|235.01|0|0|0|0|0|235.01|START North America:|||||||||||||||||||||||||||||||||||||||||||||||||||||||||||||||||||||||||||||||||||||||||||||||||||||||||||START Global:|||||||||||||||||||||||||||||||||||||||||||||||||||||||||||||||||||||||||||||||||||||||||||||||||||||||||||START SOUTH America:|||||||||||||||||||||||||||||||||||||||||||||||||||||||||||||||||||||||||||||||||||||||||||||||||||||||||||START Africa:||||||||||||||||||||||||||||||||||||||||||||||||||||||||||||||||||||||||||||||||||||||||||||||||||||||||||
238|INREV|14/02/2017|Daniele Bianchi|Castello SGR SPA|Head of Investments|d.bianchi@castellosgr.com|+39 345 7881171|Italy|EUR||1|||||||||0|110||||||110|||||||0|||||||0|||||||0|||||||0|110|0|0|0|0|0|110|||||||0|1||||||1|||||||0|||||||0|||||||0|||||||0|1|0|0|0|0|0|1|NO|NO|NO|NO|NO|NO|YES|NO|NO|NO|NO|NO|NO|NO|NO|NO|NO|NO|NO|NO|NO|NO|NO|NO|NO|NO|NO|NO|NO|NO|NO|NO|NO|NO|NO|NO|||||||0|||||||0|||||||0|||||||0|||||||0|110||||||110|||||||0||||||||0|110|0|0|0|0|0|110|||||||0|||||||0|110||||||110|||||||0|||||||0|110|0|0|0|0|0|110|||100|||1|1|1|START Asia Pacific:|||||||||||||||||||||||||||||||||||||||||||||||||||||||||||||||||||||||||||||||||||||||||||||||||||||||||||START Europe:|||||||0|||||||0|||||||0|||||||0|||||||0|110||||||110|||||||0||||||||0|110|0|0|0|0|0|110|||||||0|||||||0|110||||||110|||||||0|||||||0|110|0|0|0|0|0|110|START North America:|||||||||||||||||||||||||||||||||||||||||||||||||||||||||||||||||||||||||||||||||||||||||||||||||||||||||||START Global:|||||||||||||||||||||||||||||||||||||||||||||||||||||||||||||||||||||||||||||||||||||||||||||||||||||||||||START SOUTH America:|||||||||||||||||||||||||||||||||||||||||||||||||||||||||||||||||||||||||||||||||||||||||||||||||||||||||||START Africa:||||||||||||||||||||||||||||||||||||||||||||||||||||||||||||||||||||||||||||||||||||||||||||||||||||||||||
157|INREV|01/02/2017|john humberstone|orchard street investment management|partner|jh@orchard-street.co.uk|0207 851 4370|United Kingdom|GBP||1|||||||||0||358|75||||433|||||||0|||||||0|||||||0|||||||0|0|358|75|0|0|0|433|||||||0||2|1||||3|||||||0|||||||0|||||||0|||||||0|0|2|1|0|0|0|3|NO|NO|NO|NO|NO|NO|NO|YES|YES|NO|NO|NO|NO|NO|NO|NO|NO|NO|NO|NO|NO|NO|NO|NO|NO|NO|NO|NO|NO|NO|NO|NO|NO|NO|NO|NO||358|||||358|||||||0|||75||||75|||||||0|||||||0|||||||0|||||||0||||||||0|0|358|75|0|0|0|433|||75||||75||358|||||358|||||||0|||||||0|||||||0|0|358|75|0|0|0|433|||100|||1|2|1|START Asia Pacific:|||||||||||||||||||||||||||||||||||||||||||||||||||||||||||||||||||||||||||||||||||||||||||||||||||||||||||START Europe:|||||||||||||||||||||||||||||||||||||||||||||||||||||||||||||||||||||||||||||||||||||||||||||||||||||||||||START North America:|||||||||||||||||||||||||||||||||||||||||||||||||||||||||||||||||||||||||||||||||||||||||||||||||||||||||||START Global:|||||||||||||||||||||||||||||||||||||||||||||||||||||||||||||||||||||||||||||||||||||||||||||||||||||||||||START SOUTH America:|||||||||||||||||||||||||||||||||||||||||||||||||||||||||||||||||||||||||||||||||||||||||||||||||||||||||||START Africa:||||||||||||||||||||||||||||||||||||||||||||||||||||||||||||||||||||||||||||||||||||||||||||||||||||||||||
