Column|suffix|Analysis_Column|OriginalColumn|Format|QuestionText|dtcode
Surveycode||Surveycode|Surveycode|SAMPLE VALUE|Surveycode|
Association_Sample||Association (Sample)|Association_Sample|SAMPLE VALUE|Association (from Sample)|
Company_Sample||Company (Sample)|Company_Sample|SAMPLE VALUE|Company (from Sample)|
REGION||REGION|REGION|HIDDEN SURVEY VALUE|Eligible Region|
DateCompleted_Asia||DateCompleted (Asia)|DateCompleted_Asia|HIDDEN SURVEY VALUE|DateCompleted (Asia)|
REGION||REGION|REGION|HIDDEN SURVEY VALUE|Eligible Region|
DateCompleted_Europe||DateCompleted (Europe)|DateCompleted_Europe|HIDDEN SURVEY VALUE|DateCompleted (Europe)|
REGION||REGION|REGION|HIDDEN SURVEY VALUE|Eligible Region|
DateCompleted_NorthAmerica||DateCompleted (NorthAmerica)|DateCompleted_NorthAmerica|HIDDEN SURVEY VALUE|DateCompleted (NorthAmerica)|
REGION||REGION|REGION|HIDDEN SURVEY VALUE|Eligible Region|
DateCompleted_Global||DateCompleted (Global)|DateCompleted_Global|HIDDEN SURVEY VALUE|DateCompleted (Global)|
REGION||REGION|REGION|HIDDEN SURVEY VALUE|Eligible Region|
DateCompleted_SouthAmerica||DateCompleted (SouthAmerica)|DateCompleted_SouthAmerica|HIDDEN SURVEY VALUE|DateCompleted (SouthAmerica)|
REGION||REGION|REGION|HIDDEN SURVEY VALUE|Eligible Region|
DateCompleted_Africa||DateCompleted (Africa)|DateCompleted_Africa|HIDDEN SURVEY VALUE|DateCompleted (Africa)|
ShowEurope||ShowEurope|ShowEurope|HIDDEN SURVEY VALUE|ShowEurope|
ShowAsia||ShowAsia|ShowAsia|HIDDEN SURVEY VALUE|ShowAsia|
ShowNA||ShowNA|ShowNA|HIDDEN SURVEY VALUE|ShowNA|
ShowGlobal||ShowGlobal|ShowGlobal|HIDDEN SURVEY VALUE|ShowGlobal|
ShowSA||ShowSA|ShowSA|HIDDEN SURVEY VALUE|ShowSA|
ShowAfrica||ShowAfrica|ShowAfrica|HIDDEN SURVEY VALUE|ShowAfrica|
RecordNo||RecordNo|RecordNo|SYSTEM VALUE|RecordNo|
DateCompleted||DateCompleted|DateCompleted|SYSTEM VALUE|DateCompleted|
IPaddress||IPaddress|IPaddress|SYSTEM VALUE|IPaddress|
Version||Version|Version|SYSTEM VALUE|SurveyYear|
qName||qName|qName|TEXT|Respondent Name|
qCompany||qCompany|qCompany|TEXT|Company|
qJobtitle||qJobtitle|qJobtitle|TEXT|Job title|
qEmail||qEmail|qEmail|TEXT|Email address|
qTelephone||qTelephone|qTelephone|TEXT|Contact Number|
qCountry||qCountry|qCountry|TEXT|Country of Origin Global Head Office|
qCurrency||qCurrency|qCurrency|SELECT|Currency|
qCurrencyOther||qCurrencyOther|qCurrencyOther|TEXT|Currency (OTHER)|
q1||q1|q1|SINGLE|Did your company raise institutional capital for non-listed real estate vehicles in 2020?|1
q2||q2|q2|SINGLE|If no, please select one of the following reasons|2
q2other||q2other|q2other|TEXT|If no, please select one of the following reasons (Other)|3
|||||How much institutional capital did your company raise in 2020 (millions)? |4
q3A_TotalRealEstate||q3A_TotalRealEstate|q3A_TotalRealEstate|CURRENCY|Total real estate (Million CURRENCY)|4_1
q3A_NonListedRealEstate||q3A_NonListedRealEstate|q3A_NonListedRealEstate|CURRENCY|Non-listed real estate (Million CURRENCY)|4_2
|||||How much of the institutional capital raised in 2020 (millions) is already invested?|5
q3B_TotalRealEstate||q3B_TotalRealEstate|q3B_TotalRealEstate|CURRENCY|Total real estate (Million CURRENCY)|5_1
q3B_NonListedRealEstate||q3B_NonListedRealEstate|q3B_NonListedRealEstate|CURRENCY|Non-listed real estate (Million CURRENCY)|5_2
|||||How much institutional capital did your company raise for non-listed vehicles in 2020 by regional strategy (million)? |6
q31_1||q31_1|q31_1|CURRENCY|Asia Pacific Strategy - Non-listed/ commingled real estate funds/private REITs|6_1
q31_2||q31_2|q31_2|CURRENCY|Asia Pacific Strategy - Separate accounts investing directly into real estate|6_2
q31_3||q31_3|q31_3|CURRENCY|Asia Pacific Strategy - Separate accounts investing into indirect vehicles|6_3
q31_4||q31_4|q31_4|CURRENCY|Asia Pacific Strategy - Joint ventures and club deals|6_4
q31_5||q31_5|q31_5|CURRENCY|Asia Pacific Strategy - Funds of funds|6_5
q31_6||q31_6|q31_6|CURRENCY|Asia Pacific Strategy - Non-listed debt products|6_6
q3ROW1_Total||q3ROW1_hidden|q3ROW1_Total|CURRENCY|Asia Pacific Strategy - TOTAL|6_7
q32_1||q32_1|q32_1|CURRENCY|European Strategy - Non-listed/ commingled real estate funds/private REITs|6_8
q32_2||q32_2|q32_2|CURRENCY|European Strategy - Separate accounts investing directly into real estate|6_9
q32_3||q32_3|q32_3|CURRENCY|European Strategy - Separate accounts investing into indirect vehicles|6_10
q32_4||q32_4|q32_4|CURRENCY|European Strategy - Joint ventures and club deals|6_11
q32_5||q32_5|q32_5|CURRENCY|European Strategy - Funds of funds|6_12
q32_6||q32_6|q32_6|CURRENCY|European Strategy - Non-listed debt products|6_13
q3ROW2_Total||q3ROW2_hidden|q3ROW2_Total|CURRENCY|European Strategy - TOTAL|6_14
q33_1||q33_1|q33_1|CURRENCY|North American Strategy - Non-listed/ commingled real estate funds/private REITs|6_15
q33_2||q33_2|q33_2|CURRENCY|North American Strategy - Separate accounts investing directly into real estate|6_16
q33_3||q33_3|q33_3|CURRENCY|North American Strategy - Separate accounts investing into indirect vehicles|6_17
q33_4||q33_4|q33_4|CURRENCY|North American Strategy - Joint ventures and club deals|6_18
q33_5||q33_5|q33_5|CURRENCY|North American Strategy - Funds of funds|6_19
q33_6||q33_6|q33_6|CURRENCY|North American Strategy - Non-listed debt products|6_20
q3ROW3_Total||q3ROW3_hidden|q3ROW3_Total|CURRENCY|North American Strategy - TOTAL|6_21
q34_1||q34_1|q34_1|CURRENCY|Global Strategy - Non-listed/ commingled real estate funds/private REITs|6_22
q34_2||q34_2|q34_2|CURRENCY|Global Strategy - Separate accounts investing directly into real estate|6_23
q34_3||q34_3|q34_3|CURRENCY|Global Strategy - Separate accounts investing into indirect vehicles|6_24
q34_4||q34_4|q34_4|CURRENCY|Global Strategy - Joint ventures and club deals|6_25
q34_5||q34_5|q34_5|CURRENCY|Global Strategy - Funds of funds|6_26
q34_6||q34_6|q34_6|CURRENCY|Global Strategy - Non-listed debt products|6_27
q3ROW4_Total||q3ROW4_hidden|q3ROW4_Total|CURRENCY|Global Strategy - TOTAL|6_28
q35_1||q35_1|q35_1|CURRENCY|South American Strategy - Non-listed/ commingled real estate funds/private REITs|6_29
q35_2||q35_2|q35_2|CURRENCY|South American Strategy - Separate accounts investing directly into real estate|6_30
q35_3||q35_3|q35_3|CURRENCY|South American Strategy - Separate accounts investing into indirect vehicles|6_31
q35_4||q35_4|q35_4|CURRENCY|South American Strategy - Joint ventures and club deals|6_32
q35_5||q35_5|q35_5|CURRENCY|South American Strategy - Funds of funds|6_33
q35_6||q35_6|q35_6|CURRENCY|South American Strategy - Non-listed debt products|6_34
q3ROW5_Total||q3ROW5_hidden|q3ROW5_Total|CURRENCY|South American Strategy - TOTAL|6_35
q36_1||q36_1|q36_1|CURRENCY|African Strategy - Non-listed/ commingled real estate funds/private REITs|6_36
q36_2||q36_2|q36_2|CURRENCY|African Strategy - Separate accounts investing directly into real estate|6_37
q36_3||q36_3|q36_3|CURRENCY|African Strategy - Separate accounts investing into indirect vehicles|6_38
q36_4||q36_4|q36_4|CURRENCY|African Strategy - Joint ventures and club deals|6_39
q36_5||q36_5|q36_5|CURRENCY|African Strategy - Funds of funds|6_40
q36_6||q36_6|q36_6|CURRENCY|African Strategy - Non-listed debt products|6_41
q3ROW6_Total||q3ROW6_hidden|q3ROW6_Total|CURRENCY|African Strategy - TOTAL|6_42
q3COL1_Total||q3COL1_hidden|q3COL1_Total|CURRENCY|TOTAL - Non-listed/ commingled real estate funds/private REITs|6_43
q3COL2_Total||q3COL2_hidden|q3COL2_Total|CURRENCY|TOTAL - Separate accounts investing directly into real estate|6_44
q3COL3_Total||q3COL3_hidden|q3COL3_Total|CURRENCY|TOTAL - Separate accounts investing into indirect vehicles|6_45
q3COL4_Total||q3COL4_hidden|q3COL4_Total|CURRENCY|TOTAL - Joint ventures and club deals|6_46
q3COL5_Total||q3COL5_hidden|q3COL5_Total|CURRENCY|TOTAL - Funds of funds|6_47
q3COL6_Total||q3COL6_hidden|q3COL6_Total|CURRENCY|TOTAL - Non-listed debt products|6_48
q3GRANDTotal||q3GRANDTotal_hidden|q3GRANDTotal|CURRENCY|TOTAL Capital Raised in 2020 for non-listed real estate|6_49
|||||For how many non-listed vehicles did your company raise institutional capital for in 2020? |7
q41_1||q41_1|q41_1|NUMBER|Asia Pacific - Non-listed/ commingled real estate funds/private REITs|7_1
q41_2||q41_2|q41_2|NUMBER|Asia Pacific - Separate accounts investing directly into real estate|7_2
q41_3||q41_3|q41_3|NUMBER|Asia Pacific - Separate accounts investing into indirect vehicles|7_3
q41_4||q41_4|q41_4|NUMBER|Asia Pacific - Joint ventures and club deals|7_4
q41_5||q41_5|q41_5|NUMBER|Asia Pacific - Funds of funds|7_5
q41_6||q41_6|q41_6|NUMBER|Asia Pacific - Non-listed debt products|7_6
q4ROW1_Total||q4ROW1_hidden|q4ROW1_Total|NUMBER|Asia Pacific - TOTAL VEHICLES|7_7
q42_1||q42_1|q42_1|NUMBER|Europe - Non-listed/ commingled real estate funds/private REITs|7_8
q42_2||q42_2|q42_2|NUMBER|Europe - Separate accounts investing directly into real estate|7_9
q42_3||q42_3|q42_3|NUMBER|Europe - Separate accounts investing into indirect vehicles|7_10
q42_4||q42_4|q42_4|NUMBER|Europe - Joint ventures and club deals|7_11
q42_5||q42_5|q42_5|NUMBER|Europe - Funds of funds|7_12
q42_6||q42_6|q42_6|NUMBER|Europe - Non-listed debt products|7_13
q4ROW2_Total||q4ROW2_hidden|q4ROW2_Total|NUMBER|Europe - TOTAL VEHICLES|7_14
q43_1||q43_1|q43_1|NUMBER|North America - Non-listed/ commingled real estate funds/private REITs|7_15
q43_2||q43_2|q43_2|NUMBER|North America - Separate accounts investing directly into real estate|7_16
q43_3||q43_3|q43_3|NUMBER|North America - Separate accounts investing into indirect vehicles|7_17
q43_4||q43_4|q43_4|NUMBER|North America - Joint ventures and club deals|7_18
q43_5||q43_5|q43_5|NUMBER|North America - Funds of funds|7_19
q43_6||q43_6|q43_6|NUMBER|North America - Non-listed debt products|7_20
q4ROW3_Total||q4ROW3_hidden|q4ROW3_Total|NUMBER|North America - TOTAL VEHICLES|7_21
q44_1||q44_1|q44_1|NUMBER|Global - Non-listed/ commingled real estate funds/private REITs|7_22
q44_2||q44_2|q44_2|NUMBER|Global - Separate accounts investing directly into real estate|7_23
q44_3||q44_3|q44_3|NUMBER|Global - Separate accounts investing into indirect vehicles|7_24
q44_4||q44_4|q44_4|NUMBER|Global - Joint ventures and club deals|7_25
q44_5||q44_5|q44_5|NUMBER|Global - Funds of funds|7_26
q44_6||q44_6|q44_6|NUMBER|Global - Non-listed debt products|7_27
q4ROW4_Total||q4ROW4_hidden|q4ROW4_Total|NUMBER|Global - TOTAL VEHICLES|7_28
q45_1||q45_1|q45_1|NUMBER|South America - Non-listed/ commingled real estate funds/private REITs|7_29
q45_2||q45_2|q45_2|NUMBER|South America - Separate accounts investing directly into real estate|7_30
q45_3||q45_3|q45_3|NUMBER|South America - Separate accounts investing into indirect vehicles|7_31
q45_4||q45_4|q45_4|NUMBER|South America - Joint ventures and club deals|7_32
q45_5||q45_5|q45_5|NUMBER|South America - Funds of funds|7_33
q45_6||q45_6|q45_6|NUMBER|South America - Non-listed debt products|7_34
q4ROW5_Total||q4ROW5_hidden|q4ROW5_Total|NUMBER|South America - TOTAL VEHICLES|7_35
q46_1||q46_1|q46_1|NUMBER|Africa - Non-listed/ commingled real estate funds/private REITs|7_36
q46_2||q46_2|q46_2|NUMBER|Africa - Separate accounts investing directly into real estate|7_37
q46_3||q46_3|q46_3|NUMBER|Africa - Separate accounts investing into indirect vehicles|7_38
q46_4||q46_4|q46_4|NUMBER|Africa - Joint ventures and club deals|7_39
q46_5||q46_5|q46_5|NUMBER|Africa - Funds of funds|7_40
q46_6||q46_6|q46_6|NUMBER|Africa - Non-listed debt products|7_41
q4ROW6_Total||q4ROW6_hidden|q4ROW6_Total|NUMBER|Africa - TOTAL VEHICLES|7_42
q4COL1_Total||q4COL1_hidden|q4COL1_Total|NUMBER|TOTAL VEHICLES - Non-listed/ commingled real estate funds/private REITs|7_43
q4COL2_Total||q4COL2_hidden|q4COL2_Total|NUMBER|TOTAL VEHICLES - Separate accounts investing directly into real estate|7_44
q4COL3_Total||q4COL3_hidden|q4COL3_Total|NUMBER|TOTAL VEHICLES - Separate accounts investing into indirect vehicles|7_45
q4COL4_Total||q4COL4_hidden|q4COL4_Total|NUMBER|TOTAL VEHICLES - Joint ventures and club deals|7_46
q4COL5_Total||q4COL5_hidden|q4COL5_Total|NUMBER|TOTAL VEHICLES - Funds of funds|7_47
q4COL6_Total||q4COL6_hidden|q4COL6_Total|NUMBER|TOTAL VEHICLES - Non-listed debt products|7_48
q4GRANDTotal||q4GRANDTotal_hidden|q4GRANDTotal|NUMBER|TOTAL Number of non-listed vehicles company raised institutional capital for in 2020|7_49
|||||How much institutional capital did your company raise for non-listed vehicles in 2020 by investor type (million)? |8
q51_1||q51_1|q51_1|CURRENCY|Pension funds - Non-listed/ commingled real estate funds/private REITs|8_1
q51_2||q51_2|q51_2|CURRENCY|Pension funds - Separate accounts investing directly into real estate|8_2
q51_3||q51_3|q51_3|CURRENCY|Pension funds - Separate accounts investing into indirect vehicles|8_3
q51_4||q51_4|q51_4|CURRENCY|Pension funds - Joint ventures and club deals|8_4
q51_5||q51_5|q51_5|CURRENCY|Pension funds - Funds of funds|8_5
q51_6||q51_6|q51_6|CURRENCY|Pension funds - Non-listed debt products|8_6
q5ROW1_Total||q5ROW1_hidden|q5ROW1_Total|CURRENCY|Pension funds - TOTAL|8_7
q52_1||q52_1|q52_1|CURRENCY|Insurance companies - Non-listed/ commingled real estate funds/private REITs|8_8
q52_2||q52_2|q52_2|CURRENCY|Insurance companies - Separate accounts investing directly into real estate|8_9
q52_3||q52_3|q52_3|CURRENCY|Insurance companies - Separate accounts investing into indirect vehicles|8_10
q52_4||q52_4|q52_4|CURRENCY|Insurance companies - Joint ventures and club deals|8_11
q52_5||q52_5|q52_5|CURRENCY|Insurance companies - Funds of funds|8_12
q52_6||q52_6|q52_6|CURRENCY|Insurance companies - Non-listed debt products|8_13
q5ROW2_Total||q5ROW2_hidden|q5ROW2_Total|CURRENCY|Insurance companies - TOTAL|8_14
q53_1||q53_1|q53_1|CURRENCY|Sovereign wealth funds - Non-listed/ commingled real estate funds/private REITs|8_15
q53_2||q53_2|q53_2|CURRENCY|Sovereign wealth funds - Separate accounts investing directly into real estate|8_16
q53_3||q53_3|q53_3|CURRENCY|Sovereign wealth funds - Separate accounts investing into indirect vehicles|8_17
q53_4||q53_4|q53_4|CURRENCY|Sovereign wealth funds - Joint ventures and club deals|8_18
q53_5||q53_5|q53_5|CURRENCY|Sovereign wealth funds - Funds of funds|8_19
q53_6||q53_6|q53_6|CURRENCY|Sovereign wealth funds - Non-listed debt products|8_20
q5ROW3_Total||q5ROW3_hidden|q5ROW3_Total|CURRENCY|Sovereign wealth funds - TOTAL|8_21
q54_1||q54_1|q54_1|CURRENCY|Government institutions - Non-listed/ commingled real estate funds/private REITs|8_22
q54_2||q54_2|q54_2|CURRENCY|Government institutions - Separate accounts investing directly into real estate|8_23
q54_3||q54_3|q54_3|CURRENCY|Government institutions - Separate accounts investing into indirect vehicles|8_24
q54_4||q54_4|q54_4|CURRENCY|Government institutions - Joint ventures and club deals|8_25
q54_5||q54_5|q54_5|CURRENCY|Government institutions - Funds of funds|8_26
q54_6||q54_6|q54_6|CURRENCY|Government institutions - Non-listed debt products|8_27
q5ROW4_Total||q5ROW4_hidden|q5ROW4_Total|CURRENCY|Government institutions - TOTAL|8_28
q55_1||q55_1|q55_1|CURRENCY|Charities, foundations, non-profit organisations - Non-listed/ commingled real estate funds/private REITs|8_29
q55_2||q55_2|q55_2|CURRENCY|Charities, foundations, non-profit organisations - Separate accounts investing directly into real estate|8_30
q55_3||q55_3|q55_3|CURRENCY|Charities, foundations, non-profit organisations - Separate accounts investing into indirect vehicles|8_31
q55_4||q55_4|q55_4|CURRENCY|Charities, foundations, non-profit organisations - Joint ventures and club deals|8_32
q55_5||q55_5|q55_5|CURRENCY|Charities, foundations, non-profit organisations - Funds of funds|8_33
q55_6||q55_6|q55_6|CURRENCY|Charities, foundations, non-profit organisations - Non-listed debt products|8_34
q5ROW5_Total||q5ROW5_hidden|q5ROW5_Total|CURRENCY|Charities, foundations, non-profit organisations - TOTAL|8_35
q56_1||q56_1|q56_1|CURRENCY|Funds of funds - Non-listed/ commingled real estate funds/private REITs|8_36
q56_2||q56_2|q56_2|CURRENCY|Funds of funds - Separate accounts investing directly into real estate|8_37
q56_3||q56_3|q56_3|CURRENCY|Funds of funds - Separate accounts investing into indirect vehicles|8_38
q56_4||q56_4|q56_4|CURRENCY|Funds of funds - Joint ventures and club deals|8_39
q56_5||q56_5|q56_5|CURRENCY|Funds of funds - Funds of funds|8_40
q56_6||q56_6|q56_6|CURRENCY|Funds of funds - Non-listed debt products|8_41
q5ROW6_Total||q5ROW6_hidden|q5ROW6_Total|CURRENCY|Funds of funds - TOTAL|8_42
q57_1||q57_1|q57_1|CURRENCY|High net worth individuals /Family offices - Non-listed/ commingled real estate funds/private REITs|8_43
q57_2||q57_2|q57_2|CURRENCY|High net worth individuals /Family offices - Separate accounts investing directly into real estate|8_44
q57_3||q57_3|q57_3|CURRENCY|High net worth individuals /Family offices - Separate accounts investing into indirect vehicles|8_45
q57_4||q57_4|q57_4|CURRENCY|High net worth individuals /Family offices - Joint ventures and club deals|8_46
q57_5||q57_5|q57_5|CURRENCY|High net worth individuals /Family offices - Funds of funds|8_47
q57_6||q57_6|q57_6|CURRENCY|High net worth individuals /Family offices - Non-listed debt products|8_48
q5ROW7_Total||q5ROW7_hidden|q5ROW7_Total|CURRENCY|High net worth individuals /Family offices - TOTAL|8_49
q5other||q5other|q5other|TEXT|Other investor type (Other)|8_50
q58_1||q58_1|q58_1|CURRENCY|Other - Non-listed/ commingled real estate funds/private REITs|8_51
q58_2||q58_2|q58_2|CURRENCY|Other - Separate accounts investing directly into real estate|8_52
q58_3||q58_3|q58_3|CURRENCY|Other - Separate accounts investing into indirect vehicles|8_53
q58_4||q58_4|q58_4|CURRENCY|Other - Joint ventures and club deals|8_54
q58_5||q58_5|q58_5|CURRENCY|Other - Funds of funds|8_55
q58_6||q58_6|q58_6|CURRENCY|Other - Non-listed debt products|8_56
q5ROW8_Total||q5ROW8_hidden|q5ROW8_Total|CURRENCY|Other - TOTAL|8_57
q5COL1_Total||q5COL1_hidden|q5COL1_Total|CURRENCY|TOTAL - Non-listed/ commingled real estate funds/private REITs|8_58
q5COL2_Total||q5COL2_hidden|q5COL2_Total|CURRENCY|TOTAL - Separate accounts investing directly into real estate|8_59
q5COL3_Total||q5COL3_hidden|q5COL3_Total|CURRENCY|TOTAL - Separate accounts investing into indirect vehicles|8_60
q5COL4_Total||q5COL4_hidden|q5COL4_Total|CURRENCY|TOTAL - Joint ventures and club deals|8_61
q5COL5_Total||q5COL5_hidden|q5COL5_Total|CURRENCY|TOTAL - Funds of funds|8_62
q5COL6_Total||q5COL6_hidden|q5COL6_Total|CURRENCY|TOTAL - Non-listed debt products|8_63
q5GRANDTotal||q5GRANDTotal_hidden|q5GRANDTotal|CURRENCY|TOTAL raised for non-listed vehicles in 2020 by investor type|8_64
|||||How much institutional capital did your company raise for non-listed vehicles in 2020 by investor domicile (million)?|9
q61_1||q61_1|q61_1|CURRENCY|Asia Pacific - Non-listed/ commingled real estate funds/private REITs|9_1
q61_2||q61_2|q61_2|CURRENCY|Asia Pacific - Separate accounts investing directly into real estate|9_2
q61_3||q61_3|q61_3|CURRENCY|Asia Pacific - Separate accounts investing into indirect vehicles|9_3
q61_4||q61_4|q61_4|CURRENCY|Asia Pacific - Joint ventures and club deals|9_4
q61_5||q61_5|q61_5|CURRENCY|Asia Pacific - Funds of funds|9_5
q61_6||q61_6|q61_6|CURRENCY|Asia Pacific - Non-listed debt products|9_6
q6ROW1_Total||q6ROW1_hidden|q6ROW1_Total|CURRENCY|Asia Pacific - TOTAL|9_7
q62_1||q62_1|q62_1|CURRENCY|Europe - Non-listed/ commingled real estate funds/private REITs|9_8
q62_2||q62_2|q62_2|CURRENCY|Europe - Separate accounts investing directly into real estate|9_9
q62_3||q62_3|q62_3|CURRENCY|Europe - Separate accounts investing into indirect vehicles|9_10
q62_4||q62_4|q62_4|CURRENCY|Europe - Joint ventures and club deals|9_11
q62_5||q62_5|q62_5|CURRENCY|Europe - Funds of funds|9_12
q62_6||q62_6|q62_6|CURRENCY|Europe - Non-listed debt products|9_13
q6ROW2_Total||q6ROW2_hidden|q6ROW2_Total|CURRENCY|Europe - TOTAL|9_14
q63_1||q63_1|q63_1|CURRENCY|North America - Non-listed/ commingled real estate funds/private REITs|9_15
q63_2||q63_2|q63_2|CURRENCY|North America - Separate accounts investing directly into real estate|9_16
q63_3||q63_3|q63_3|CURRENCY|North America - Separate accounts investing into indirect vehicles|9_17
q63_4||q63_4|q63_4|CURRENCY|North America - Joint ventures and club deals|9_18
q63_5||q63_5|q63_5|CURRENCY|North America - Funds of funds|9_19
q63_6||q63_6|q63_6|CURRENCY|North America - Non-listed debt products|9_20
q6ROW3_Total||q6ROW3_hidden|q6ROW3_Total|CURRENCY|North America - TOTAL|9_21
q64_1||q64_1|q64_1|CURRENCY|South America - Non-listed/ commingled real estate funds/private REITs|9_22
q64_2||q64_2|q64_2|CURRENCY|South America - Separate accounts investing directly into real estate|9_23
q64_3||q64_3|q64_3|CURRENCY|South America - Separate accounts investing into indirect vehicles|9_24
q64_4||q64_4|q64_4|CURRENCY|South America - Joint ventures and club deals|9_25
q64_5||q64_5|q64_5|CURRENCY|South America - Funds of funds|9_26
q64_6||q64_6|q64_6|CURRENCY|South America - Non-listed debt products|9_27
q6ROW4_Total||q6ROW4_hidden|q6ROW4_Total|CURRENCY|South America - TOTAL|9_28
q65_1||q65_1|q65_1|CURRENCY|Africa - Non-listed/ commingled real estate funds/private REITs|9_29
q65_2||q65_2|q65_2|CURRENCY|Africa - Separate accounts investing directly into real estate|9_30
q65_3||q65_3|q65_3|CURRENCY|Africa - Separate accounts investing into indirect vehicles|9_31
q65_4||q65_4|q65_4|CURRENCY|Africa - Joint ventures and club deals|9_32
q65_5||q65_5|q65_5|CURRENCY|Africa - Funds of funds|9_33
q65_6||q65_6|q65_6|CURRENCY|Africa - Non-listed debt products|9_34
q6ROW5_Total||q6ROW5_hidden|q6ROW5_Total|CURRENCY|Africa - TOTAL|9_35
q6COL1_Total||q6COL1_hidden|q6COL1_Total|CURRENCY|TOTAL - Non-listed/ commingled real estate funds/private REITs|9_36
q6COL2_Total||q6COL2_hidden|q6COL2_Total|CURRENCY|TOTAL - Separate accounts investing directly into real estate|9_37
q6COL3_Total||q6COL3_hidden|q6COL3_Total|CURRENCY|TOTAL - Separate accounts investing into indirect vehicles|9_38
q6COL4_Total||q6COL4_hidden|q6COL4_Total|CURRENCY|TOTAL - Joint ventures and club deals|9_39
q6COL5_Total||q6COL5_hidden|q6COL5_Total|CURRENCY|TOTAL - Funds of funds|9_40
q6COL6_Total||q6COL6_hidden|q6COL6_Total|CURRENCY|TOTAL - Non-listed debt products|9_41
q6GRANDTotal||q6GRANDTotal_hidden|q6GRANDTotal|CURRENCY|TOTAL Capital Raised in 2020 for non-listed real estate|9_42
|||||What percentage of the total capital was raised via...?|10
q7_1||q7_1|q7_1|PERCENT|Placement agent|10_1
q7_2||q7_2|q7_2|PERCENT|Investors contacting you directly|10_2
q7_3||q7_3|q7_3|PERCENT|Your own direct relationship with investors|10_3
q7other||q7other|q7other|TEXT|Other (Text)|10_4
q7_4||q7_4|q7_4|PERCENT|Other|10_5
q7_Total|||q7_Total|PERCENT|TOTAL - Percentage|10_6
q8||q8|q8|SINGLE|How do you expect capital raising activities to develop over the next two years?|11
q9||q9|q9|SINGLE|What impact do you expect regulation to have on capital raising activities over the next two years?|12
q91||q91|q91|SINGLE|Would you like the name of your company to be included in the list of participants?|13
ASIA PACIFIC_apac|_apac|ASIA PACIFIC|ASIA PACIFIC|||
_apac|_apac||||For your Asia Pacific strategy*, how much institutional capital did your company raise for non-listed vehicles in 2020 by investor type (million)?|14
q101_1_apac|_apac|q101_1|q101_1|CURRENCY|APAC: Pension funds - Non-listed/ commingled real estate funds/private REITs|14_1
q101_2_apac|_apac|q101_2|q101_2|CURRENCY|APAC: Pension funds - Separate accounts investing directly into real estate|14_2
q101_3_apac|_apac|q101_3|q101_3|CURRENCY|APAC: Pension funds - Separate accounts investing into indirect vehicles|14_3
q101_4_apac|_apac|q101_4|q101_4|CURRENCY|APAC: Pension funds - Joint ventures and club deals|14_4
q101_5_apac|_apac|q101_5|q101_5|CURRENCY|APAC: Pension funds - Funds of funds|14_5
q101_6_apac|_apac|q101_6|q101_6|CURRENCY|APAC: Pension funds - Non-listed debt products|14_6
q10ROW1_Total_apac|_apac|q10ROW1_hidden_APAC|q10ROW1_Total|CURRENCY|APAC: Pension funds - TOTAL|14_7
q102_1_apac|_apac|q102_1|q102_1|CURRENCY|APAC: Insurance companies - Non-listed/ commingled real estate funds/private REITs|14_8
q102_2_apac|_apac|q102_2|q102_2|CURRENCY|APAC: Insurance companies - Separate accounts investing directly into real estate|14_9
q102_3_apac|_apac|q102_3|q102_3|CURRENCY|APAC: Insurance companies - Separate accounts investing into indirect vehicles|14_10
q102_4_apac|_apac|q102_4|q102_4|CURRENCY|APAC: Insurance companies - Joint ventures and club deals|14_11
q102_5_apac|_apac|q102_5|q102_5|CURRENCY|APAC: Insurance companies - Funds of funds|14_12
q102_6_apac|_apac|q102_6|q102_6|CURRENCY|APAC: Insurance companies - Non-listed debt products|14_13
q10ROW2_Total_apac|_apac|q10ROW2_hidden_APAC|q10ROW2_Total|CURRENCY|APAC: Insurance companies - TOTAL|14_14
q103_1_apac|_apac|q103_1|q103_1|CURRENCY|APAC: Sovereign wealth funds - Non-listed/ commingled real estate funds/private REITs|14_15
q103_2_apac|_apac|q103_2|q103_2|CURRENCY|APAC: Sovereign wealth funds - Separate accounts investing directly into real estate|14_16
q103_3_apac|_apac|q103_3|q103_3|CURRENCY|APAC: Sovereign wealth funds - Separate accounts investing into indirect vehicles|14_17
q103_4_apac|_apac|q103_4|q103_4|CURRENCY|APAC: Sovereign wealth funds - Joint ventures and club deals|14_18
q103_5_apac|_apac|q103_5|q103_5|CURRENCY|APAC: Sovereign wealth funds - Funds of funds|14_19
q103_6_apac|_apac|q103_6|q103_6|CURRENCY|APAC: Sovereign wealth funds - Non-listed debt products|14_20
q10ROW3_Total_apac|_apac|q10ROW3_hidden_APAC|q10ROW3_Total|CURRENCY|APAC: Sovereign wealth funds - TOTAL|14_21
q104_1_apac|_apac|q104_1|q104_1|CURRENCY|APAC: Government institutions - Non-listed/ commingled real estate funds/private REITs|14_22
q104_2_apac|_apac|q104_2|q104_2|CURRENCY|APAC: Government institutions - Separate accounts investing directly into real estate|14_23
q104_3_apac|_apac|q104_3|q104_3|CURRENCY|APAC: Government institutions - Separate accounts investing into indirect vehicles|14_24
q104_4_apac|_apac|q104_4|q104_4|CURRENCY|APAC: Government institutions - Joint ventures and club deals|14_25
q104_5_apac|_apac|q104_5|q104_5|CURRENCY|APAC: Government institutions - Funds of funds|14_26
q104_6_apac|_apac|q104_6|q104_6|CURRENCY|APAC: Government institutions - Non-listed debt products|14_27
q10ROW4_Total_apac|_apac|q10ROW4_hidden|q10ROW4_Total|CURRENCY|APAC: Government institutions - TOTAL|14_28
q105_1_apac|_apac|q105_1|q105_1|CURRENCY|APAC: Charities, foundations, non-profit organisations - Non-listed/ commingled real estate funds/private REITs|14_29
q105_2_apac|_apac|q105_2|q105_2|CURRENCY|APAC: Charities, foundations, non-profit organisations - Separate accounts investing directly into real estate|14_30
q105_3_apac|_apac|q105_3|q105_3|CURRENCY|APAC: Charities, foundations, non-profit organisations - Separate accounts investing into indirect vehicles|14_31
q105_4_apac|_apac|q105_4|q105_4|CURRENCY|APAC: Charities, foundations, non-profit organisations - Joint ventures and club deals|14_32
q105_5_apac|_apac|q105_5|q105_5|CURRENCY|APAC: Charities, foundations, non-profit organisations - Funds of funds|14_33
q105_6_apac|_apac|q105_6|q105_6|CURRENCY|APAC: Charities, foundations, non-profit organisations - Non-listed debt products|14_34
q10ROW5_Total_apac|_apac|q10ROW5_hidden_APAC|q10ROW5_Total|CURRENCY|APAC: Charities, foundations, non-profit organisations - TOTAL|14_35
q106_1_apac|_apac|q106_1|q106_1|CURRENCY|APAC: Funds of funds - Non-listed/ commingled real estate funds/private REITs|14_36
q106_2_apac|_apac|q106_2|q106_2|CURRENCY|APAC: Funds of funds - Separate accounts investing directly into real estate|14_37
q106_3_apac|_apac|q106_3|q106_3|CURRENCY|APAC: Funds of funds - Separate accounts investing into indirect vehicles|14_38
q106_4_apac|_apac|q106_4|q106_4|CURRENCY|APAC: Funds of funds - Joint ventures and club deals|14_39
q106_5_apac|_apac|q106_5|q106_5|CURRENCY|APAC: Funds of funds - Funds of funds|14_40
q106_6_apac|_apac|q106_6|q106_6|CURRENCY|APAC: Funds of funds - Non-listed debt products|14_41
q10ROW6_Total_apac|_apac|q10ROW6_hidden_APAC|q10ROW6_Total|CURRENCY|APAC: Funds of funds - TOTAL|14_42
q107_1_apac|_apac|q107_1|q107_1|CURRENCY|APAC: High net worth individuals /Family offices - Non-listed/ commingled real estate funds/private REITs|14_43
q107_2_apac|_apac|q107_2|q107_2|CURRENCY|APAC: High net worth individuals /Family offices - Separate accounts investing directly into real estate|14_44
q107_3_apac|_apac|q107_3|q107_3|CURRENCY|APAC: High net worth individuals /Family offices - Separate accounts investing into indirect vehicles|14_45
q107_4_apac|_apac|q107_4|q107_4|CURRENCY|APAC: High net worth individuals /Family offices - Joint ventures and club deals|14_46
q107_5_apac|_apac|q107_5|q107_5|CURRENCY|APAC: High net worth individuals /Family offices - Funds of funds|14_47
q107_6_apac|_apac|q107_6|q107_6|CURRENCY|APAC: High net worth individuals /Family offices - Non-listed debt products|14_48
q10ROW7_Total_apac|_apac|q10ROW7_hidden|q10ROW7_Total|CURRENCY|APAC: High net worth individuals /Family offices - TOTAL|14_49
q10other_apac|_apac|q10other_APAC|q10other|TEXT|APAC: Other investor type (Other)|14_50
q108_1_apac|_apac|q108_1|q108_1|CURRENCY|APAC: Other - Non-listed/ commingled real estate funds/private REITs|14_51
q108_2_apac|_apac|q108_2|q108_2|CURRENCY|APAC: Other - Separate accounts investing directly into real estate|14_52
q108_3_apac|_apac|q108_3|q108_3|CURRENCY|APAC: Other - Separate accounts investing into indirect vehicles|14_53
q108_4_apac|_apac|q108_4|q108_4|CURRENCY|APAC: Other - Joint ventures and club deals|14_54
q108_5_apac|_apac|q108_5|q108_5|CURRENCY|APAC: Other - Funds of funds|14_55
q108_6_apac|_apac|q108_6|q108_6|CURRENCY|APAC: Other - Non-listed debt products|14_56
q10ROW8_Total_apac|_apac|q10ROW8_hidden_APAC|q10ROW8_Total|CURRENCY|APAC: Other - TOTAL|14_57
q10COL1_Total_apac|_apac|q10COL1_hidden_APAC|q10COL1_Total|CURRENCY|APAC TOTAL - Non-listed/ commingled real estate funds/private REITs|14_58
q10COL2_Total_apac|_apac|q10COL2_hidden_APAC|q10COL2_Total|CURRENCY|APAC TOTAL - Separate accounts investing directly into real estate|14_59
q10COL3_Total_apac|_apac|q10COL3_hidden_APAC|q10COL3_Total|CURRENCY|APAC TOTAL - Separate accounts investing into indirect vehicles|14_60
q10COL4_Total_apac|_apac|q10COL4_hidden_APAC|q10COL4_Total|CURRENCY|APAC TOTAL - Joint ventures and club deals|14_61
q10COL5_Total_apac|_apac|q10COL5_hidden_APAC|q10COL5_Total|CURRENCY|APAC TOTAL - Funds of funds|14_62
q10COL6_Total_apac|_apac|q10COL6_hidden_APAC|q10COL6_Total|CURRENCY|APAC TOTAL - Non-listed debt products|14_63
q10GRANDTotal_apac|_apac|q10GRANDTotal_hidden_APAC|q10GRANDTotal|CURRENCY|APAC TOTAL Capital Raised in 2020 for your Asia Pacific strategy by investor type|14_64
_apac|_apac||||For your Asia Pacific strategy*, how much institutional capital did your company raise for non-listed vehicles in 2020 by investor domicile (million)?|15
q111_1_apac|_apac|q111_1|q111_1|CURRENCY|APAC: Asia Pacific - Non-listed/ commingled real estate funds/private REITs|15_1
q111_2_apac|_apac|q111_2|q111_2|CURRENCY|APAC: Asia Pacific - Separate accounts investing directly into real estate|15_2
q111_3_apac|_apac|q111_3|q111_3|CURRENCY|APAC: Asia Pacific - Separate accounts investing into indirect vehicles|15_3
q111_4_apac|_apac|q111_4|q111_4|CURRENCY|APAC: Asia Pacific - Joint ventures and club deals|15_4
q111_5_apac|_apac|q111_5|q111_5|CURRENCY|APAC: Asia Pacific - Funds of funds|15_5
q111_6_apac|_apac|q111_6|q111_6|CURRENCY|APAC: Asia Pacific - Non-listed debt products|15_6
q11ROW1_Total_apac|_apac|q11ROW1_hidden_APAC|q11ROW1_Total|CURRENCY|APAC: Asia Pacific - TOTAL|15_7
q112_1_apac|_apac|q112_1|q112_1|CURRENCY|APAC: Europe - Non-listed/ commingled real estate funds/private REITs|15_8
q112_2_apac|_apac|q112_2|q112_2|CURRENCY|APAC: Europe - Separate accounts investing directly into real estate|15_9
q112_3_apac|_apac|q112_3|q112_3|CURRENCY|APAC: Europe - Separate accounts investing into indirect vehicles|15_10
q112_4_apac|_apac|q112_4|q112_4|CURRENCY|APAC: Europe - Joint ventures and club deals|15_11
q112_5_apac|_apac|q112_5|q112_5|CURRENCY|APAC: Europe - Funds of funds|15_12
q112_6_apac|_apac|q112_6|q112_6|CURRENCY|APAC: Europe - Non-listed debt products|15_13
q11ROW2_Total_apac|_apac|q11ROW2_hidden_APAC|q11ROW2_Total|CURRENCY|APAC: Europe - TOTAL|15_14
q113_1_apac|_apac|q113_1|q113_1|CURRENCY|APAC: North America - Non-listed/ commingled real estate funds/private REITs|15_15
q113_2_apac|_apac|q113_2|q113_2|CURRENCY|APAC: North America - Separate accounts investing directly into real estate|15_16
q113_3_apac|_apac|q113_3|q113_3|CURRENCY|APAC: North America - Separate accounts investing into indirect vehicles|15_17
q113_4_apac|_apac|q113_4|q113_4|CURRENCY|APAC: North America - Joint ventures and club deals|15_18
q113_5_apac|_apac|q113_5|q113_5|CURRENCY|APAC: North America - Funds of funds|15_19
q113_6_apac|_apac|q113_6|q113_6|CURRENCY|APAC: North America - Non-listed debt products|15_20
q11ROW3_Total_apac|_apac|q11ROW3_hidden_APAC|q11ROW3_Total|CURRENCY|APAC: North America - TOTAL|15_21
q114_1_apac|_apac|q114_1|q114_1|CURRENCY|APAC: South America - Non-listed/ commingled real estate funds/private REITs|15_22
q114_2_apac|_apac|q114_2|q114_2|CURRENCY|APAC: South America - Separate accounts investing directly into real estate|15_23
q114_3_apac|_apac|q114_3|q114_3|CURRENCY|APAC: South America - Separate accounts investing into indirect vehicles|15_24
q114_4_apac|_apac|q114_4|q114_4|CURRENCY|APAC: South America - Joint ventures and club deals|15_25
q114_5_apac|_apac|q114_5|q114_5|CURRENCY|APAC: South America - Funds of funds|15_26
q114_6_apac|_apac|q114_6|q114_6|CURRENCY|APAC: South America - Non-listed debt products|15_27
q11ROW4_Total_apac|_apac|q11ROW4_hidden_APAC|q11ROW4_Total|CURRENCY|APAC: South America - TOTAL|15_28
q115_1_apac|_apac|q115_1|q115_1|CURRENCY|APAC: Africa - Non-listed/ commingled real estate funds/private REITs|15_29
q115_2_apac|_apac|q115_2|q115_2|CURRENCY|APAC: Africa - Separate accounts investing directly into real estate|15_30
q115_3_apac|_apac|q115_3|q115_3|CURRENCY|APAC: Africa - Separate accounts investing into indirect vehicles|15_31
q115_4_apac|_apac|q115_4|q115_4|CURRENCY|APAC: Africa - Joint ventures and club deals|15_32
q115_5_apac|_apac|q115_5|q115_5|CURRENCY|APAC: Africa - Funds of funds|15_33
q115_6_apac|_apac|q115_6|q115_6|CURRENCY|APAC: Africa - Non-listed debt products|15_34
q11ROW5_Total_apac|_apac|q11ROW5_hidden_APAC|q11ROW5_Total|CURRENCY|APAC: Africa - TOTAL|15_35
q11COL1_Total_apac|_apac|q11COL1_hidden_APAC|q11COL1_Total|CURRENCY|APAC: TOTAL - Non-listed/ commingled real estate funds/private REITs|15_36
q11COL2_Total_apac|_apac|q11COL2_hidden_APAC|q11COL2_Total|CURRENCY|APAC: TOTAL - Separate accounts investing directly into real estate|15_37
q11COL3_Total_apac|_apac|q11COL3_hidden_APAC|q11COL3_Total|CURRENCY|APAC: TOTAL - Separate accounts investing into indirect vehicles|15_38
q11COL4_Total_apac|_apac|q11COL4_hidden_APAC|q11COL4_Total|CURRENCY|APAC: TOTAL - Joint ventures and club deals|15_39
q11COL5_Total_apac|_apac|q11COL5_hidden_APAC|q11COL5_Total|CURRENCY|APAC: TOTAL - Funds of funds|15_40
q11COL6_Total_apac|_apac|q11COL6_hidden_APAC|q11COL6_Total|CURRENCY|APAC: TOTAL - Non-listed debt products|15_41
q11GRANDTotal_apac|_apac|q11GRANDTotal_hidden_APAC|q11GRANDTotal|CURRENCY|APAC TOTAL Capital Raised in 2020 for your Asia Pacific strategy by investor domicile|15_42
q12_apac|_apac|q12|q12|SINGLE|For your Asia Pacific strategy*, for which sector-strategy did your company raise institutional capital for non-listed vehicles in 2020?|16
_apac|_apac||||For your Asia Pacific strategy*, how much institutional capital did your company raise for non-listed vehicles in 2020 by targeted multi-sector (million)?|17
q131_1_apac|_apac|q131_1|q131_1|CURRENCY|APAC: Main sectors - Non-listed/ commingled real estate funds/private REITs|17_1
q131_2_apac|_apac|q131_2|q131_2|CURRENCY|APAC: Main sectors - Separate accounts investing directly into real estate|17_2
q131_3_apac|_apac|q131_3|q131_3|CURRENCY|APAC: Main sectors - Separate accounts investing into indirect vehicles|17_3
q131_4_apac|_apac|q131_4|q131_4|CURRENCY|APAC: Main sectors - Joint ventures and club deals|17_4
q131_5_apac|_apac|q131_5|q131_5|CURRENCY|APAC: Main sectors - Funds of funds|17_5
q131_6_apac|_apac|q131_6|q131_6|CURRENCY|APAC: Main sectors - Non-listed debt products|17_6
q13ROW1_Total_apac|_apac|q13ROW1_Total|q13ROW1_Total|CURRENCY|APAC: TOTAL - Main sectors |17_7
q132_1_apac|_apac|q132_1|q132_1|CURRENCY|APAC:  Alternative sectors - Non-listed/ commingled real estate funds/private REITs|17_8
q132_2_apac|_apac|q132_2|q132_2|CURRENCY|APAC:  Alternative sectors - Separate accounts investing directly into real estate|17_9
q132_3_apac|_apac|q132_3|q132_3|CURRENCY|APAC:  Alternative sectors - Separate accounts investing into indirect vehicles|17_10
q132_4_apac|_apac|q132_4|q132_4|CURRENCY|APAC:  Alternative sectors - Joint ventures and club deals|17_11
q132_5_apac|_apac|q132_5|q132_5|CURRENCY|APAC:  Alternative sectors - Funds of funds|17_12
q132_6_apac|_apac|q132_6|q132_6|CURRENCY|APAC:  Alternative sectors - Non-listed debt products|17_13
q13ROW2_Total_apac|_apac|q13ROW2_Total|q13ROW2_Total|CURRENCY|APAC:  TOTAL - Alternative sectors|17_14
q13COL1_Total_apac|_apac|q13COL1_Total|q13COL1_Total|CURRENCY|APAC: TOTAL - Non-listed/ commingled real estate funds/private REITs|17_15
q13COL2_Total_apac|_apac|q13COL2_Total|q13COL2_Total|CURRENCY|APAC: TOTAL - Separate accounts investing directly into real estate|17_16
q13COL3_Total_apac|_apac|q13COL3_Total|q13COL3_Total|CURRENCY|APAC: TOTAL - Separate accounts investing into indirect vehicles|17_17
q13COL4_Total_apac|_apac|q13COL4_Total|q13COL4_Total|CURRENCY|APAC: TOTAL - Joint ventures and club deals|17_18
q13COL5_Total_apac|_apac|q13COL5_Total|q13COL5_Total|CURRENCY|APAC: TOTAL - Funds of funds|17_19
q13COL6_Total_apac|_apac|q13COL6_Total|q13COL6_Total|CURRENCY|APAC: TOTAL - Non-listed debt products|17_20
q13GRANDTotal_apac|_apac|q13GRANDTotal|q13GRANDTotal|CURRENCY|APAC TOTAL Raised by targeted multi-sector|17_21
_apac|_apac||||For your Asia Pacific strategy*, how much institutional capital did your company raise for non-listed vehicles in 2020 by targeted sector (million)?|18
q141_1_apac|_apac|q141_1|q141_1|CURRENCY|APAC: Office - Non-listed/ commingled real estate funds/private REITs|18_1
q141_2_apac|_apac|q141_2|q141_2|CURRENCY|APAC: Office - Separate accounts investing directly into real estate|18_2
q141_3_apac|_apac|q141_3|q141_3|CURRENCY|APAC: Office - Separate accounts investing into indirect vehicles|18_3
q141_4_apac|_apac|q141_4|q141_4|CURRENCY|APAC: Office - Joint ventures and club deals|18_4
q141_5_apac|_apac|q141_5|q141_5|CURRENCY|APAC: Office - Funds of funds|18_5
q141_6_apac|_apac|q141_6|q141_6|CURRENCY|APAC: Office - Non-listed debt products|18_6
q14ROW1_Total_apac|_apac|q14ROW1_Total|q14ROW1_Total|CURRENCY|APAC: TOTAL Office|18_7
q142_1_apac|_apac|q142_1|q142_1|CURRENCY|APAC: Retail - Non-listed/ commingled real estate funds/private REITs|18_8
q142_2_apac|_apac|q142_2|q142_2|CURRENCY|APAC: Retail - Separate accounts investing directly into real estate|18_9
q142_3_apac|_apac|q142_3|q142_3|CURRENCY|APAC: Retail - Separate accounts investing into indirect vehicles|18_10
q142_4_apac|_apac|q142_4|q142_4|CURRENCY|APAC: Retail - Joint ventures and club deals|18_11
q142_5_apac|_apac|q142_5|q142_5|CURRENCY|APAC: Retail - Funds of funds|18_12
q142_6_apac|_apac|q142_6|q142_6|CURRENCY|Non-listed debt products|18_13
q14ROW2_Total_apac|_apac|q14ROW2_Total|q14ROW2_Total|CURRENCY|APAC: TOTAL Retail|18_14
q143_1_apac|_apac|q143_1|q143_1|CURRENCY|APAC: Industrial / logistics - Non-listed/ commingled real estate funds/private REITs|18_15
q143_2_apac|_apac|q143_2|q143_2|CURRENCY|APAC: Industrial / logistics - Separate accounts investing directly into real estate|18_16
q143_3_apac|_apac|q143_3|q143_3|CURRENCY|APAC: Industrial / logistics - Separate accounts investing into indirect vehicles|18_17
q143_4_apac|_apac|q143_4|q143_4|CURRENCY|APAC: Industrial / logistics - Joint ventures and club deals|18_18
q143_5_apac|_apac|q143_5|q143_5|CURRENCY|APAC: Industrial / logistics - Funds of funds|18_19
q143_6_apac|_apac|q143_6|q143_6|CURRENCY|APAC: Industrial / logistics - Non-listed debt products|18_20
q14ROW3_Total_apac|_apac|q14ROW3_Total|q14ROW3_Total|CURRENCY|APAC: TOTAL Industrial / logistics|18_21
q144_1_apac|_apac|q144_1|q144_1|CURRENCY|APAC: Residential / multi-family/apartments - Non-listed/ commingled real estate funds/private REITs|18_22
q144_2_apac|_apac|q144_2|q144_2|CURRENCY|APAC: Residential / multi-family/apartments - Separate accounts investing directly into real estate|18_23
q144_3_apac|_apac|q144_3|q144_3|CURRENCY|APAC: Residential / multi-family/apartments - Separate accounts investing into indirect vehicles|18_24
q144_4_apac|_apac|q144_4|q144_4|CURRENCY|APAC: Residential / multi-family/apartments - Joint ventures and club deals|18_25
q144_5_apac|_apac|q144_5|q144_5|CURRENCY|APAC: Residential / multi-family/apartments - Funds of funds|18_26
q144_6_apac|_apac|q144_6|q144_6|CURRENCY|APAC: Residential / multi-family/apartments - Non-listed debt products|18_27
q14ROW4_Total_apac|_apac|q14ROW4_Total|q14ROW4_Total|CURRENCY|APAC: TOTAL Residential / multi-family/apartments|18_28
q145_1_apac|_apac|q145_1|q145_1|CURRENCY|APAC: Student housing - Non-listed/ commingled real estate funds/private REITs|18_29
q145_2_apac|_apac|q145_2|q145_2|CURRENCY|APAC: Student housing - Separate accounts investing directly into real estate|18_30
q145_3_apac|_apac|q145_3|q145_3|CURRENCY|APAC: Student housing - Separate accounts investing into indirect vehicles|18_31
q145_4_apac|_apac|q145_4|q145_4|CURRENCY|APAC: Student housing - Joint ventures and club deals|18_32
q145_5_apac|_apac|q145_5|q145_5|CURRENCY|APAC: Student housing - Funds of funds|18_33
q145_6_apac|_apac|q145_6|q145_6|CURRENCY|APAC: Student housing - Non-listed debt products|18_34
q14ROW5_Total_apac|_apac|q14ROW5_Total|q14ROW5_Total|CURRENCY|APAC: TOTAL Student housing |18_35
q146_1_apac|_apac|q146_1|q146_1|CURRENCY|APAC: Senior living / aged care / health care - Non-listed/ commingled real estate funds/private REITs|18_36
q146_2_apac|_apac|q146_2|q146_2|CURRENCY|APAC: Senior living / aged care / health care - Separate accounts investing directly into real estate|18_37
q146_3_apac|_apac|q146_3|q146_3|CURRENCY|APAC: Senior living / aged care / health care - Separate accounts investing into indirect vehicles|18_38
q146_4_apac|_apac|q146_4|q146_4|CURRENCY|APAC: Senior living / aged care / health care - Joint ventures and club deals|18_39
q146_5_apac|_apac|q146_5|q146_5|CURRENCY|APAC: Senior living / aged care / health care - Funds of funds|18_40
q146_6_apac|_apac|q146_6|q146_6|CURRENCY|APAC: Senior living / aged care / health care - Non-listed debt products|18_41
q14ROW6_Total_apac|_apac|q14ROW6_Total|q14ROW6_Total|CURRENCY|APAC: TOTAL Senior living / aged care / health care|18_42
q147_1_apac|_apac|q147_1|q147_1|CURRENCY|APAC: Hotel / leisure - Non-listed/ commingled real estate funds/private REITs|18_43
q147_2_apac|_apac|q147_2|q147_2|CURRENCY|APAC: Hotel / leisure - Separate accounts investing directly into real estate|18_44
q147_3_apac|_apac|q147_3|q147_3|CURRENCY|APAC: Hotel / leisure - Separate accounts investing into indirect vehicles|18_45
q147_4_apac|_apac|q147_4|q147_4|CURRENCY|APAC: Hotel / leisure - Joint ventures and club deals|18_46
q147_5_apac|_apac|q147_5|q147_5|CURRENCY|APAC: Hotel / leisure - Funds of funds|18_47
q147_6_apac|_apac|q147_6|q147_6|CURRENCY|APAC: Hotel / leisure - Non-listed debt products|18_48
q14ROW7_Total_apac|_apac|q14ROW7_Total|q14ROW7_Total|CURRENCY|APAC: TOTAL Hotel / leisure|18_49
q148_1_apac|_apac|q148_1|q148_1|CURRENCY|APAC: Other (incl land, parking, self storage) - Non-listed/ commingled real estate funds/private REITs|18_50
q148_2_apac|_apac|q148_2|q148_2|CURRENCY|APAC: Other (incl land, parking, self storage) - Separate accounts investing directly into real estate|18_51
q148_3_apac|_apac|q148_3|q148_3|CURRENCY|APAC: Other (incl land, parking, self storage) - Separate accounts investing into indirect vehicles|18_52
q148_4_apac|_apac|q148_4|q148_4|CURRENCY|APAC: Other (incl land, parking, self storage) - Joint ventures and club deals|18_53
q148_5_apac|_apac|q148_5|q148_5|CURRENCY|APAC: Other (incl land, parking, self storage) - Funds of funds|18_54
q148_6_apac|_apac|q148_6|q148_6|CURRENCY|APAC: Other (incl land, parking, self storage) - Non-listed debt products|18_55
q14ROW8_Total_apac|_apac|q14ROW8_Total|q14ROW8_Total|CURRENCY|APAC: TOTAL Other (incl land, parking, self storage)|18_56
q14COL1_Total_apac|_apac|q14COL1_Total|q14COL1_Total|CURRENCY|APAC: TOTAL Non-listed/ commingled real estate funds/private REITs|18_57
q14COL2_Total_apac|_apac|q14COL2_Total|q14COL2_Total|CURRENCY|APAC: TOTAL Separate accounts investing directly into real estate|18_58
q14COL3_Total_apac|_apac|q14COL3_Total|q14COL3_Total|CURRENCY|APAC: TOTAL Separate accounts investing into indirect vehicles|18_59
q14COL4_Total_apac|_apac|q14COL4_Total|q14COL4_Total|CURRENCY|APAC: TOTAL Joint ventures and club deals|18_60
q14COL5_Total_apac|_apac|q14COL5_Total|q14COL5_Total|CURRENCY|APAC: TOTAL Funds of funds|18_61
q14COL6_Total_apac|_apac|q14COL6_Total|q14COL6_Total|CURRENCY|APAC: TOTAL Non-listed debt products|18_62
q14GRANDTotal_apac|_apac|q14GRANDTotal|q14GRANDTotal|CURRENCY|APAC: TOTAL Raised by targeted sector|18_63
qBothStrategyGRANDTotal_apac|_apac|qBothStrategyGRANDTotal|qBothStrategyGRANDTotal|CURRENCY|Total Capital Raised in 2020 for your Asia Pacific strategy (Shown only when BOTH strategies selected in q12)|18_64
_apac|_apac||||For your Asia Pacific strategy*, how much institutional capital did your company raise for non-listed vehicles in 2020 by investment style (million)? |19
q151_1_apac|_apac|q151_1|q151_1|CURRENCY|APAC: Core / Senior debt - Non-listed/ commingled real estate funds/private REITs|19_1
q151_2_apac|_apac|q151_2|q151_2|CURRENCY|APAC: Core / Senior debt - Separate accounts investing directly into real estate|19_2
q151_3_apac|_apac|q151_3|q151_3|CURRENCY|APAC: Core / Senior debt - Separate accounts investing into indirect vehicles|19_3
q151_4_apac|_apac|q151_4|q151_4|CURRENCY|APAC: Core / Senior debt - Joint ventures and club deals|19_4
q151_5_apac|_apac|q151_5|q151_5|CURRENCY|APAC: Core / Senior debt - Funds of funds|19_5
q151_6_apac|_apac|q151_6|q151_6|CURRENCY|APAC: Core / Senior debt - Non-listed debt products|19_6
q15ROW1_Total_apac|_apac|q15ROW1_Total|q15ROW1_Total|CURRENCY|APAC: TOTAL Core / Senior debt|19_7
q152_1_apac|_apac|q152_1|q152_1|CURRENCY|APAC: Value added / Junior and other subordinated debt - Non-listed/ commingled real estate funds/private REITs|19_8
q152_2_apac|_apac|q152_2|q152_2|CURRENCY|APAC: Value added / Junior and other subordinated debt - Separate accounts investing directly into real estate|19_9
q152_3_apac|_apac|q152_3|q152_3|CURRENCY|APAC: Value added / Junior and other subordinated debt - Separate accounts investing into indirect vehicles|19_10
q152_4_apac|_apac|q152_4|q152_4|CURRENCY|APAC: Value added / Junior and other subordinated debt - Joint ventures and club deals|19_11
q152_5_apac|_apac|q152_5|q152_5|CURRENCY|APAC: Value added / Junior and other subordinated debt - Funds of funds|19_12
q152_6_apac|_apac|q152_6|q152_6|CURRENCY|APAC: Value added / Junior and other subordinated debt - Non-listed debt products|19_13
q15ROW2_Total_apac|_apac|q15ROW2_Total|q15ROW2_Total|CURRENCY|APAC: TOTAL Value added / Junior and other subordinated debt|19_14
q153_1_apac|_apac|q153_1|q153_1|CURRENCY|APAC: Opportunistic / Mezzanine debt - Non-listed/ commingled real estate funds/private REITs|19_15
q153_2_apac|_apac|q153_2|q153_2|CURRENCY|APAC: Opportunistic / Mezzanine debt - Separate accounts investing directly into real estate|19_16
q153_3_apac|_apac|q153_3|q153_3|CURRENCY|APAC: Opportunistic / Mezzanine debt - Separate accounts investing into indirect vehicles|19_17
q153_4_apac|_apac|q153_4|q153_4|CURRENCY|APAC: Opportunistic / Mezzanine debt - Joint ventures and club deals|19_18
q153_5_apac|_apac|q153_5|q153_5|CURRENCY|APAC: Opportunistic / Mezzanine debt - Funds of funds|19_19
q153_6_apac|_apac|q153_6|q153_6|CURRENCY|APAC: Opportunistic / Mezzanine debt - Non-listed debt products|19_20
q15ROW3_Total_apac|_apac|q15ROW3_Total|q15ROW3_Total|CURRENCY|APAC: TOTAL Opportunistic / Mezzanine debt|19_21
q154_1_apac|_apac|q154_1|q154_1|CURRENCY|APAC: Mixed strategies - Non-listed/ commingled real estate funds/private REITs|19_22
q154_2_apac|_apac|q154_2|q154_2|CURRENCY|APAC: Mixed strategies - Separate accounts investing directly into real estate|19_23
q154_3_apac|_apac|q154_3|q154_3|CURRENCY|APAC: Mixed strategies - Separate accounts investing into indirect vehicles|19_24
q154_4_apac|_apac|q154_4|q154_4|CURRENCY|APAC: Mixed strategies - Joint ventures and club deals|19_25
q154_5_apac|_apac|q154_5|q154_5|CURRENCY|APAC: Mixed strategies - Funds of funds|19_26
q154_6_apac|_apac|q154_6|q154_6|CURRENCY|APAC: Mixed strategies - Non-listed debt products|19_27
q15ROW4_Total_apac|_apac|q15ROW4_Total|q15ROW4_Total|CURRENCY|APAC: TOTAL Mixed strategies|19_28
q15COL1_Total_apac|_apac|q15COL1_Total|q15COL1_Total|CURRENCY|APAC: TOTAL Non-listed/ commingled real estate funds/private REITs|19_29
q15COL2_Total_apac|_apac|q15COL2_Total|q15COL2_Total|CURRENCY|APAC: TOTAL Separate accounts investing directly into real estate|19_30
q15COL3_Total_apac|_apac|q15COL3_Total|q15COL3_Total|CURRENCY|APAC: TOTAL Separate accounts investing into indirect vehicles|19_31
q15COL4_Total_apac|_apac|q15COL4_Total|q15COL4_Total|CURRENCY|APAC: TOTAL Joint ventures and club deals|19_32
q15COL5_Total_apac|_apac|q15COL5_Total|q15COL5_Total|CURRENCY|APAC: TOTAL Funds of funds|19_33
q15COL6_Total_apac|_apac|q15COL6_Total|q15COL6_Total|CURRENCY|APAC: TOTAL Non-listed debt products|19_34
q15GRANDTotal_apac|_apac|q15GRANDTotal|q15GRANDTotal|CURRENCY|APAC: Total Capital Raised in 2020 for your Asia Pacific strategy|19_35
EUROPE_europe|_europe|EUROPE|EUROPE|||
_europe|_europe||||For your European strategy*, how much institutional capital did your company raise for non-listed vehicles in 2020 by investor type (million)?|20
q101_1_europe|_europe|q101_17|q101_1|CURRENCY|EUROPE: Pension funds - Non-listed/ commingled real estate funds/private REITs|20_1
q101_2_europe|_europe|q101_28|q101_2|CURRENCY|EUROPE: Pension funds - Separate accounts investing directly into real estate|20_2
q101_3_europe|_europe|q101_39|q101_3|CURRENCY|EUROPE: Pension funds - Separate accounts investing into indirect vehicles|20_3
q101_4_europe|_europe|q101_410|q101_4|CURRENCY|EUROPE: Pension funds - Joint ventures and club deals|20_4
q101_5_europe|_europe|q101_511|q101_5|CURRENCY|EUROPE: Pension funds - Funds of funds|20_5
q101_6_europe|_europe|q101_612|q101_6|CURRENCY|EUROPE: Pension funds - Non-listed debt products|20_6
q10ROW1_Total_europe|_europe|q10ROW1_hidden13|q10ROW1_Total|CURRENCY|EUROPE: Pension funds - TOTAL|20_7
q102_1_europe|_europe|q102_114|q102_1|CURRENCY|EUROPE: Insurance companies - Non-listed/ commingled real estate funds/private REITs|20_8
q102_2_europe|_europe|q102_215|q102_2|CURRENCY|EUROPE: Insurance companies - Separate accounts investing directly into real estate|20_9
q102_3_europe|_europe|q102_316|q102_3|CURRENCY|EUROPE: Insurance companies - Separate accounts investing into indirect vehicles|20_10
q102_4_europe|_europe|q102_417|q102_4|CURRENCY|EUROPE: Insurance companies - Joint ventures and club deals|20_11
q102_5_europe|_europe|q102_518|q102_5|CURRENCY|EUROPE: Insurance companies - Funds of funds|20_12
q102_6_europe|_europe|q102_619|q102_6|CURRENCY|EUROPE: Insurance companies - Non-listed debt products|20_13
q10ROW2_Total_europe|_europe|q10ROW2_hidden20|q10ROW2_Total|CURRENCY|EUROPE: Insurance companies - TOTAL|20_14
q103_1_europe|_europe|q103_121|q103_1|CURRENCY|EUROPE: Sovereign wealth funds - Non-listed/ commingled real estate funds/private REITs|20_15
q103_2_europe|_europe|q103_222|q103_2|CURRENCY|EUROPE: Sovereign wealth funds - Separate accounts investing directly into real estate|20_16
q103_3_europe|_europe|q103_323|q103_3|CURRENCY|EUROPE: Sovereign wealth funds - Separate accounts investing into indirect vehicles|20_17
q103_4_europe|_europe|q103_424|q103_4|CURRENCY|EUROPE: Sovereign wealth funds - Joint ventures and club deals|20_18
q103_5_europe|_europe|q103_525|q103_5|CURRENCY|EUROPE: Sovereign wealth funds - Funds of funds|20_19
q103_6_europe|_europe|q103_626|q103_6|CURRENCY|EUROPE: Sovereign wealth funds - Non-listed debt products|20_20
q10ROW3_Total_europe|_europe|q10ROW3_hidden27|q10ROW3_Total|CURRENCY|EUROPE: Sovereign wealth funds - TOTAL|20_21
q104_1_europe|_europe|q104_128|q104_1|CURRENCY|EUROPE: Government institutions - Non-listed/ commingled real estate funds/private REITs|20_22
q104_2_europe|_europe|q104_229|q104_2|CURRENCY|EUROPE: Government institutions - Separate accounts investing directly into real estate|20_23
q104_3_europe|_europe|q104_330|q104_3|CURRENCY|EUROPE: Government institutions - Separate accounts investing into indirect vehicles|20_24
q104_4_europe|_europe|q104_431|q104_4|CURRENCY|EUROPE: Government institutions - Joint ventures and club deals|20_25
q104_5_europe|_europe|q104_532|q104_5|CURRENCY|EUROPE: Government institutions - Funds of funds|20_26
q104_6_europe|_europe|q104_633|q104_6|CURRENCY|EUROPE: Government institutions - Non-listed debt products|20_27
q10ROW4_Total_europe|_europe|q10ROW4_hidden34|q10ROW4_Total|CURRENCY|EUROPE: Government institutions - TOTAL|20_28
q105_1_europe|_europe|q105_135|q105_1|CURRENCY|EUROPE: Charities, foundations, non-profit organisations - Non-listed/ commingled real estate funds/private REITs|20_29
q105_2_europe|_europe|q105_236|q105_2|CURRENCY|EUROPE: Charities, foundations, non-profit organisations - Separate accounts investing directly into real estate|20_30
q105_3_europe|_europe|q105_337|q105_3|CURRENCY|EUROPE: Charities, foundations, non-profit organisations - Separate accounts investing into indirect vehicles|20_31
q105_4_europe|_europe|q105_438|q105_4|CURRENCY|EUROPE: Charities, foundations, non-profit organisations - Joint ventures and club deals|20_32
q105_5_europe|_europe|q105_539|q105_5|CURRENCY|EUROPE: Charities, foundations, non-profit organisations - Funds of funds|20_33
q105_6_europe|_europe|q105_640|q105_6|CURRENCY|EUROPE: Charities, foundations, non-profit organisations - Non-listed debt products|20_34
q10ROW5_Total_europe|_europe|q10ROW5_hidden41|q10ROW5_Total|CURRENCY|EUROPE: Charities, foundations, non-profit organisations - TOTAL|20_35
q106_1_europe|_europe|q106_142|q106_1|CURRENCY|EUROPE: Funds of funds - Non-listed/ commingled real estate funds/private REITs|20_36
q106_2_europe|_europe|q106_243|q106_2|CURRENCY|EUROPE: Funds of funds - Separate accounts investing directly into real estate|20_37
q106_3_europe|_europe|q106_344|q106_3|CURRENCY|EUROPE: Funds of funds - Separate accounts investing into indirect vehicles|20_38
q106_4_europe|_europe|q106_445|q106_4|CURRENCY|EUROPE: Funds of funds - Joint ventures and club deals|20_39
q106_5_europe|_europe|q106_546|q106_5|CURRENCY|EUROPE: Funds of funds - Funds of funds|20_40
q106_6_europe|_europe|q106_647|q106_6|CURRENCY|EUROPE: Funds of funds - Non-listed debt products|20_41
q10ROW6_Total_europe|_europe|q10ROW6_hidden48|q10ROW6_Total|CURRENCY|EUROPE: Funds of funds - TOTAL|20_42
q107_1_europe|_europe|q107_149|q107_1|CURRENCY|EUROPE: High net worth individuals /Family offices - Non-listed/ commingled real estate funds/private REITs|20_43
q107_2_europe|_europe|q107_250|q107_2|CURRENCY|EUROPE: High net worth individuals /Family offices - Separate accounts investing directly into real estate|20_44
q107_3_europe|_europe|q107_351|q107_3|CURRENCY|EUROPE: High net worth individuals /Family offices - Separate accounts investing into indirect vehicles|20_45
q107_4_europe|_europe|q107_452|q107_4|CURRENCY|EUROPE: High net worth individuals /Family offices - Joint ventures and club deals|20_46
q107_5_europe|_europe|q107_553|q107_5|CURRENCY|EUROPE: High net worth individuals /Family offices - Funds of funds|20_47
q107_6_europe|_europe|q107_654|q107_6|CURRENCY|EUROPE: High net worth individuals /Family offices - Non-listed debt products|20_48
q10ROW7_Total_europe|_europe|q10ROW7_hidden55|q10ROW7_Total|CURRENCY|EUROPE: High net worth individuals /Family offices - TOTAL|20_49
q10other_europe|_europe|q10other56|q10other|TEXT|EUROPE: Other investor type (Other)|20_50
q108_1_europe|_europe|q108_157|q108_1|CURRENCY|EUROPE: Other - Non-listed/ commingled real estate funds/private REITs|20_51
q108_2_europe|_europe|q108_258|q108_2|CURRENCY|EUROPE: Other - Separate accounts investing directly into real estate|20_52
q108_3_europe|_europe|q108_359|q108_3|CURRENCY|EUROPE: Other - Separate accounts investing into indirect vehicles|20_53
q108_4_europe|_europe|q108_460|q108_4|CURRENCY|EUROPE: Other - Joint ventures and club deals|20_54
q108_5_europe|_europe|q108_561|q108_5|CURRENCY|EUROPE: Other - Funds of funds|20_55
q108_6_europe|_europe|q108_662|q108_6|CURRENCY|EUROPE: Other - Non-listed debt products|20_56
q10ROW8_Total_europe|_europe|q10ROW8_hidden63|q10ROW8_Total|CURRENCY|EUROPE: Other - TOTAL|20_57
q10COL1_Total_europe|_europe|q10COL1_hidden64|q10COL1_Total|CURRENCY|EUROPE TOTAL - Non-listed/ commingled real estate funds/private REITs|20_58
q10COL2_Total_europe|_europe|q10COL2_hidden65|q10COL2_Total|CURRENCY|EUROPE TOTAL - Separate accounts investing directly into real estate|20_59
q10COL3_Total_europe|_europe|q10COL3_hidden66|q10COL3_Total|CURRENCY|EUROPE TOTAL - Separate accounts investing into indirect vehicles|20_60
q10COL4_Total_europe|_europe|q10COL4_hidden67|q10COL4_Total|CURRENCY|EUROPE TOTAL - Joint ventures and club deals|20_61
q10COL5_Total_europe|_europe|q10COL5_hidden68|q10COL5_Total|CURRENCY|EUROPE TOTAL - Funds of funds|20_62
q10COL6_Total_europe|_europe|q10COL6_hidden69|q10COL6_Total|CURRENCY|EUROPE TOTAL - Non-listed debt products|20_63
q10GRANDTotal_europe|_europe|q10GRANDTotal_hidden70|q10GRANDTotal|CURRENCY|EUROPE TOTAL Capital Raised in 2020 for your European strategy by investor type|20_64
_europe|_europe||||For your European strategy*, how much institutional capital did your company raise for non-listed vehicles in 2020 by investor domicile (million)?|21
q111_1_europe|_europe|q111_171|q111_1|CURRENCY|EUROPE: Asia Pacific - Non-listed/ commingled real estate funds/private REITs|21_1
q111_2_europe|_europe|q111_272|q111_2|CURRENCY|EUROPE: Asia Pacific - Separate accounts investing directly into real estate|21_2
q111_3_europe|_europe|q111_373|q111_3|CURRENCY|EUROPE: Asia Pacific - Separate accounts investing into indirect vehicles|21_3
q111_4_europe|_europe|q111_474|q111_4|CURRENCY|EUROPE: Asia Pacific - Joint ventures and club deals|21_4
q111_5_europe|_europe|q111_575|q111_5|CURRENCY|EUROPE: Asia Pacific - Funds of funds|21_5
q111_6_europe|_europe|q111_676|q111_6|CURRENCY|EUROPE: Asia Pacific - Non-listed debt products|21_6
q11ROW1_Total_europe|_europe|q11ROW1_hidden77|q11ROW1_Total|CURRENCY|EUROPE: Asia Pacific - TOTAL|21_7
q112_1_europe|_europe|q112_178|q112_1|CURRENCY|EUROPE: Europe - Non-listed/ commingled real estate funds/private REITs|21_8
q112_2_europe|_europe|q112_279|q112_2|CURRENCY|EUROPE: Europe - Separate accounts investing directly into real estate|21_9
q112_3_europe|_europe|q112_380|q112_3|CURRENCY|EUROPE: Europe - Separate accounts investing into indirect vehicles|21_10
q112_4_europe|_europe|q112_481|q112_4|CURRENCY|EUROPE: Europe - Joint ventures and club deals|21_11
q112_5_europe|_europe|q112_582|q112_5|CURRENCY|EUROPE: Europe - Funds of funds|21_12
q112_6_europe|_europe|q112_683|q112_6|CURRENCY|EUROPE: Europe - Non-listed debt products|21_13
q11ROW2_Total_europe|_europe|q11ROW2_hidden84|q11ROW2_Total|CURRENCY|EUROPE: Europe - TOTAL|21_14
q113_1_europe|_europe|q113_185|q113_1|CURRENCY|EUROPE: North America - Non-listed/ commingled real estate funds/private REITs|21_15
q113_2_europe|_europe|q113_286|q113_2|CURRENCY|EUROPE: North America - Separate accounts investing directly into real estate|21_16
q113_3_europe|_europe|q113_387|q113_3|CURRENCY|EUROPE: North America - Separate accounts investing into indirect vehicles|21_17
q113_4_europe|_europe|q113_488|q113_4|CURRENCY|EUROPE: North America - Joint ventures and club deals|21_18
q113_5_europe|_europe|q113_589|q113_5|CURRENCY|EUROPE: North America - Funds of funds|21_19
q113_6_europe|_europe|q113_690|q113_6|CURRENCY|EUROPE: North America - Non-listed debt products|21_20
q11ROW3_Total_europe|_europe|q11ROW3_hidden91|q11ROW3_Total|CURRENCY|EUROPE: North America - TOTAL|21_21
q114_1_europe|_europe|q114_192|q114_1|CURRENCY|EUROPE: South America - Non-listed/ commingled real estate funds/private REITs|21_22
q114_2_europe|_europe|q114_293|q114_2|CURRENCY|EUROPE: South America - Separate accounts investing directly into real estate|21_23
q114_3_europe|_europe|q114_394|q114_3|CURRENCY|EUROPE: South America - Separate accounts investing into indirect vehicles|21_24
q114_4_europe|_europe|q114_495|q114_4|CURRENCY|EUROPE: South America - Joint ventures and club deals|21_25
q114_5_europe|_europe|q114_596|q114_5|CURRENCY|EUROPE: South America - Funds of funds|21_26
q114_6_europe|_europe|q114_697|q114_6|CURRENCY|EUROPE: South America - Non-listed debt products|21_27
q11ROW4_Total_europe|_europe|q11ROW4_hidden98|q11ROW4_Total|CURRENCY|EUROPE: South America - TOTAL|21_28
q115_1_europe|_europe|q115_199|q115_1|CURRENCY|EUROPE: Africa - Non-listed/ commingled real estate funds/private REITs|21_29
q115_2_europe|_europe|q115_2100|q115_2|CURRENCY|EUROPE: Africa - Separate accounts investing directly into real estate|21_30
q115_3_europe|_europe|q115_3101|q115_3|CURRENCY|EUROPE: Africa - Separate accounts investing into indirect vehicles|21_31
q115_4_europe|_europe|q115_4102|q115_4|CURRENCY|EUROPE: Africa - Joint ventures and club deals|21_32
q115_5_europe|_europe|q115_5103|q115_5|CURRENCY|EUROPE: Africa - Funds of funds|21_33
q115_6_europe|_europe|q115_6104|q115_6|CURRENCY|EUROPE: Africa - Non-listed debt products|21_34
q11ROW5_Total_europe|_europe|q11ROW5_hidden105|q11ROW5_Total|CURRENCY|EUROPE: Africa - TOTAL|21_35
q11COL1_Total_europe|_europe|q11COL1_hidden106|q11COL1_Total|CURRENCY|EUROPE: TOTAL - Non-listed/ commingled real estate funds/private REITs|21_36
q11COL2_Total_europe|_europe|q11COL2_hidden107|q11COL2_Total|CURRENCY|EUROPE: TOTAL - Separate accounts investing directly into real estate|21_37
q11COL3_Total_europe|_europe|q11COL3_hidden108|q11COL3_Total|CURRENCY|EUROPE: TOTAL - Separate accounts investing into indirect vehicles|21_38
q11COL4_Total_europe|_europe|q11COL4_hidden109|q11COL4_Total|CURRENCY|EUROPE: TOTAL - Joint ventures and club deals|21_39
q11COL5_Total_europe|_europe|q11COL5_hidden110|q11COL5_Total|CURRENCY|EUROPE: TOTAL - Funds of funds|21_40
q11COL6_Total_europe|_europe|q11COL6_hidden111|q11COL6_Total|CURRENCY|EUROPE: TOTAL - Non-listed debt products|21_41
q11GRANDTotal_europe|_europe|q11GRANDTotal_hidden112|q11GRANDTotal|CURRENCY|EUROPE TOTAL Capital Raised in 2020 for your European strategy by investor domicile|21_42
q12_europe|_europe|q122|q12|SINGLE|For your European strategy*, for which sector-strategy did your company raise institutional capital for non-listed vehicles in 2020?|22
_europe|_europe||||For your European strategy*, how much institutional capital did your company raise for non-listed vehicles in 2020 by targeted multi-sector (million)?|23
q131_1_europe|_europe|q131_13|q131_1|CURRENCY|EUROPE: Main sectors - Non-listed/ commingled real estate funds/private REITs|23_1
q131_2_europe|_europe|q131_24|q131_2|CURRENCY|EUROPE: Main sectors - Separate accounts investing directly into real estate|23_2
q131_3_europe|_europe|q131_35|q131_3|CURRENCY|EUROPE: Main sectors - Separate accounts investing into indirect vehicles|23_3
q131_4_europe|_europe|q131_46|q131_4|CURRENCY|EUROPE: Main sectors - Joint ventures and club deals|23_4
q131_5_europe|_europe|q131_57|q131_5|CURRENCY|EUROPE: Main sectors - Funds of funds|23_5
q131_6_europe|_europe|q131_68|q131_6|CURRENCY|EUROPE: Main sectors - Non-listed debt products|23_6
q13ROW1_Total_europe|_europe|q13ROW1_Total9|q13ROW1_Total|CURRENCY|EUROPE: TOTAL - Main sectors |23_7
q132_1_europe|_europe|q132_110|q132_1|CURRENCY|EUROPE:  Alternative sectors - Non-listed/ commingled real estate funds/private REITs|23_8
q132_2_europe|_europe|q132_211|q132_2|CURRENCY|EUROPE:  Alternative sectors - Separate accounts investing directly into real estate|23_9
q132_3_europe|_europe|q132_312|q132_3|CURRENCY|EUROPE:  Alternative sectors - Separate accounts investing into indirect vehicles|23_10
q132_4_europe|_europe|q132_413|q132_4|CURRENCY|EUROPE:  Alternative sectors - Joint ventures and club deals|23_11
q132_5_europe|_europe|q132_514|q132_5|CURRENCY|EUROPE:  Alternative sectors - Funds of funds|23_12
q132_6_europe|_europe|q132_615|q132_6|CURRENCY|EUROPE:  Alternative sectors - Non-listed debt products|23_13
q13ROW2_Total_europe|_europe|q13ROW2_Total16|q13ROW2_Total|CURRENCY|EUROPE:  TOTAL - Alternative sectors|23_14
q13COL1_Total_europe|_europe|q13COL1_Total17|q13COL1_Total|CURRENCY|EUROPE: TOTAL - Non-listed/ commingled real estate funds/private REITs|23_15
q13COL2_Total_europe|_europe|q13COL2_Total18|q13COL2_Total|CURRENCY|EUROPE: TOTAL - Separate accounts investing directly into real estate|23_16
q13COL3_Total_europe|_europe|q13COL3_Total19|q13COL3_Total|CURRENCY|EUROPE: TOTAL - Separate accounts investing into indirect vehicles|23_17
q13COL4_Total_europe|_europe|q13COL4_Total20|q13COL4_Total|CURRENCY|EUROPE: TOTAL - Joint ventures and club deals|23_18
q13COL5_Total_europe|_europe|q13COL5_Total21|q13COL5_Total|CURRENCY|EUROPE: TOTAL - Funds of funds|23_19
q13COL6_Total_europe|_europe|q13COL6_Total22|q13COL6_Total|CURRENCY|EUROPE: TOTAL - Non-listed debt products|23_20
q13GRANDTotal_europe|_europe|q13GRANDTotal23|q13GRANDTotal|CURRENCY|EUROPE TOTAL Raised by targeted multi-sector|23_21
_europe|_europe||||For your European strategy*, how much institutional capital did your company raise for non-listed vehicles in 2020 by targeted sector (million)?|24
q141_1_europe|_europe|q141_124|q141_1|CURRENCY|EUROPE: Office - Non-listed/ commingled real estate funds/private REITs|24_1
q141_2_europe|_europe|q141_225|q141_2|CURRENCY|EUROPE: Office - Separate accounts investing directly into real estate|24_2
q141_3_europe|_europe|q141_326|q141_3|CURRENCY|EUROPE: Office - Separate accounts investing into indirect vehicles|24_3
q141_4_europe|_europe|q141_427|q141_4|CURRENCY|EUROPE: Office - Joint ventures and club deals|24_4
q141_5_europe|_europe|q141_528|q141_5|CURRENCY|EUROPE: Office - Funds of funds|24_5
q141_6_europe|_europe|q141_629|q141_6|CURRENCY|EUROPE: Office - Non-listed debt products|24_6
q14ROW1_Total_europe|_europe|q14ROW1_Total30|q14ROW1_Total|CURRENCY|EUROPE: TOTAL Office|24_7
q142_1_europe|_europe|q142_131|q142_1|CURRENCY|EUROPE: Retail - Non-listed/ commingled real estate funds/private REITs|24_8
q142_2_europe|_europe|q142_232|q142_2|CURRENCY|EUROPE: Retail - Separate accounts investing directly into real estate|24_9
q142_3_europe|_europe|q142_333|q142_3|CURRENCY|EUROPE: Retail - Separate accounts investing into indirect vehicles|24_10
q142_4_europe|_europe|q142_434|q142_4|CURRENCY|EUROPE: Retail - Joint ventures and club deals|24_11
q142_5_europe|_europe|q142_535|q142_5|CURRENCY|EUROPE: Retail - Funds of funds|24_12
q142_6_europe|_europe|q142_636|q142_6|CURRENCY|Non-listed debt products|24_13
q14ROW2_Total_europe|_europe|q14ROW2_Total37|q14ROW2_Total|CURRENCY|EUROPE: TOTAL Retail|24_14
q143_1_europe|_europe|q143_138|q143_1|CURRENCY|EUROPE: Industrial / logistics - Non-listed/ commingled real estate funds/private REITs|24_15
q143_2_europe|_europe|q143_239|q143_2|CURRENCY|EUROPE: Industrial / logistics - Separate accounts investing directly into real estate|24_16
q143_3_europe|_europe|q143_340|q143_3|CURRENCY|EUROPE: Industrial / logistics - Separate accounts investing into indirect vehicles|24_17
q143_4_europe|_europe|q143_441|q143_4|CURRENCY|EUROPE: Industrial / logistics - Joint ventures and club deals|24_18
q143_5_europe|_europe|q143_542|q143_5|CURRENCY|EUROPE: Industrial / logistics - Funds of funds|24_19
q143_6_europe|_europe|q143_643|q143_6|CURRENCY|EUROPE: Industrial / logistics - Non-listed debt products|24_20
q14ROW3_Total_europe|_europe|q14ROW3_Total44|q14ROW3_Total|CURRENCY|EUROPE: TOTAL Industrial / logistics|24_21
q144_1_europe|_europe|q144_145|q144_1|CURRENCY|EUROPE: Residential / multi-family/apartments - Non-listed/ commingled real estate funds/private REITs|24_22
q144_2_europe|_europe|q144_246|q144_2|CURRENCY|EUROPE: Residential / multi-family/apartments - Separate accounts investing directly into real estate|24_23
q144_3_europe|_europe|q144_347|q144_3|CURRENCY|EUROPE: Residential / multi-family/apartments - Separate accounts investing into indirect vehicles|24_24
q144_4_europe|_europe|q144_448|q144_4|CURRENCY|EUROPE: Residential / multi-family/apartments - Joint ventures and club deals|24_25
q144_5_europe|_europe|q144_549|q144_5|CURRENCY|EUROPE: Residential / multi-family/apartments - Funds of funds|24_26
q144_6_europe|_europe|q144_650|q144_6|CURRENCY|EUROPE: Residential / multi-family/apartments - Non-listed debt products|24_27
q14ROW4_Total_europe|_europe|q14ROW4_Total51|q14ROW4_Total|CURRENCY|EUROPE: TOTAL Residential / multi-family/apartments|24_28
q145_1_europe|_europe|q145_152|q145_1|CURRENCY|EUROPE: Student housing - Non-listed/ commingled real estate funds/private REITs|24_29
q145_2_europe|_europe|q145_253|q145_2|CURRENCY|EUROPE: Student housing - Separate accounts investing directly into real estate|24_30
q145_3_europe|_europe|q145_354|q145_3|CURRENCY|EUROPE: Student housing - Separate accounts investing into indirect vehicles|24_31
q145_4_europe|_europe|q145_455|q145_4|CURRENCY|EUROPE: Student housing - Joint ventures and club deals|24_32
q145_5_europe|_europe|q145_556|q145_5|CURRENCY|EUROPE: Student housing - Funds of funds|24_33
q145_6_europe|_europe|q145_657|q145_6|CURRENCY|EUROPE: Student housing - Non-listed debt products|24_34
q14ROW5_Total_europe|_europe|q14ROW5_Total58|q14ROW5_Total|CURRENCY|EUROPE: TOTAL Student housing |24_35
q146_1_europe|_europe|q146_159|q146_1|CURRENCY|EUROPE: Senior living / aged care / health care - Non-listed/ commingled real estate funds/private REITs|24_36
q146_2_europe|_europe|q146_260|q146_2|CURRENCY|EUROPE: Senior living / aged care / health care - Separate accounts investing directly into real estate|24_37
q146_3_europe|_europe|q146_361|q146_3|CURRENCY|EUROPE: Senior living / aged care / health care - Separate accounts investing into indirect vehicles|24_38
q146_4_europe|_europe|q146_462|q146_4|CURRENCY|EUROPE: Senior living / aged care / health care - Joint ventures and club deals|24_39
q146_5_europe|_europe|q146_563|q146_5|CURRENCY|EUROPE: Senior living / aged care / health care - Funds of funds|24_40
q146_6_europe|_europe|q146_664|q146_6|CURRENCY|EUROPE: Senior living / aged care / health care - Non-listed debt products|24_41
q14ROW6_Total_europe|_europe|q14ROW6_Total65|q14ROW6_Total|CURRENCY|EUROPE: TOTAL Senior living / aged care / health care|24_42
q147_1_europe|_europe|q147_166|q147_1|CURRENCY|EUROPE: Hotel / leisure - Non-listed/ commingled real estate funds/private REITs|24_43
q147_2_europe|_europe|q147_267|q147_2|CURRENCY|EUROPE: Hotel / leisure - Separate accounts investing directly into real estate|24_44
q147_3_europe|_europe|q147_368|q147_3|CURRENCY|EUROPE: Hotel / leisure - Separate accounts investing into indirect vehicles|24_45
q147_4_europe|_europe|q147_469|q147_4|CURRENCY|EUROPE: Hotel / leisure - Joint ventures and club deals|24_46
q147_5_europe|_europe|q147_570|q147_5|CURRENCY|EUROPE: Hotel / leisure - Funds of funds|24_47
q147_6_europe|_europe|q147_671|q147_6|CURRENCY|EUROPE: Hotel / leisure - Non-listed debt products|24_48
q14ROW7_Total_europe|_europe|q14ROW7_Total72|q14ROW7_Total|CURRENCY|EUROPE: TOTAL Hotel / leisure|24_49
q148_1_europe|_europe|q148_173|q148_1|CURRENCY|EUROPE: Other (incl land, parking, self storage) - Non-listed/ commingled real estate funds/private REITs|24_50
q148_2_europe|_europe|q148_274|q148_2|CURRENCY|EUROPE: Other (incl land, parking, self storage) - Separate accounts investing directly into real estate|24_51
q148_3_europe|_europe|q148_375|q148_3|CURRENCY|EUROPE: Other (incl land, parking, self storage) - Separate accounts investing into indirect vehicles|24_52
q148_4_europe|_europe|q148_476|q148_4|CURRENCY|EUROPE: Other (incl land, parking, self storage) - Joint ventures and club deals|24_53
q148_5_europe|_europe|q148_577|q148_5|CURRENCY|EUROPE: Other (incl land, parking, self storage) - Funds of funds|24_54
q148_6_europe|_europe|q148_678|q148_6|CURRENCY|EUROPE: Other (incl land, parking, self storage) - Non-listed debt products|24_55
q14ROW8_Total_europe|_europe|q14ROW8_Total79|q14ROW8_Total|CURRENCY|EUROPE: TOTAL Other (incl land, parking, self storage)|24_56
q14COL1_Total_europe|_europe|q14COL1_Total80|q14COL1_Total|CURRENCY|EUROPE: TOTAL Non-listed/ commingled real estate funds/private REITs|24_57
q14COL2_Total_europe|_europe|q14COL2_Total81|q14COL2_Total|CURRENCY|EUROPE: TOTAL Separate accounts investing directly into real estate|24_58
q14COL3_Total_europe|_europe|q14COL3_Total82|q14COL3_Total|CURRENCY|EUROPE: TOTAL Separate accounts investing into indirect vehicles|24_59
q14COL4_Total_europe|_europe|q14COL4_Total83|q14COL4_Total|CURRENCY|EUROPE: TOTAL Joint ventures and club deals|24_60
q14COL5_Total_europe|_europe|q14COL5_Total84|q14COL5_Total|CURRENCY|EUROPE: TOTAL Funds of funds|24_61
q14COL6_Total_europe|_europe|q14COL6_Total85|q14COL6_Total|CURRENCY|EUROPE: TOTAL Non-listed debt products|24_62
q14GRANDTotal_europe|_europe|q14GRANDTotal86|q14GRANDTotal|CURRENCY|EUROPE: TOTAL Raised by targeted sector|24_63
qBothStrategyGRANDTotal_europe|_europe|qBothStrategyGRANDTotal87|qBothStrategyGRANDTotal|CURRENCY|Total Capital Raised in 2020 for your European strategy (Shown only when BOTH strategies selected in q12)|24_64
_europe|_europe||||For your European strategy*, how much institutional capital did your company raise for non-listed vehicles in 2020 by investment style (million)? |25
q151_1_europe|_europe|q151_188|q151_1|CURRENCY|EUROPE: Core / Senior debt - Non-listed/ commingled real estate funds/private REITs|25_1
q151_2_europe|_europe|q151_289|q151_2|CURRENCY|EUROPE: Core / Senior debt - Separate accounts investing directly into real estate|25_2
q151_3_europe|_europe|q151_390|q151_3|CURRENCY|EUROPE: Core / Senior debt - Separate accounts investing into indirect vehicles|25_3
q151_4_europe|_europe|q151_491|q151_4|CURRENCY|EUROPE: Core / Senior debt - Joint ventures and club deals|25_4
q151_5_europe|_europe|q151_592|q151_5|CURRENCY|EUROPE: Core / Senior debt - Funds of funds|25_5
q151_6_europe|_europe|q151_693|q151_6|CURRENCY|EUROPE: Core / Senior debt - Non-listed debt products|25_6
q15ROW1_Total_europe|_europe|q15ROW1_Total94|q15ROW1_Total|CURRENCY|EUROPE: TOTAL Core / Senior debt|25_7
q152_1_europe|_europe|q152_195|q152_1|CURRENCY|EUROPE: Value added / Junior and other subordinated debt - Non-listed/ commingled real estate funds/private REITs|25_8
q152_2_europe|_europe|q152_296|q152_2|CURRENCY|EUROPE: Value added / Junior and other subordinated debt - Separate accounts investing directly into real estate|25_9
q152_3_europe|_europe|q152_397|q152_3|CURRENCY|EUROPE: Value added / Junior and other subordinated debt - Separate accounts investing into indirect vehicles|25_10
q152_4_europe|_europe|q152_498|q152_4|CURRENCY|EUROPE: Value added / Junior and other subordinated debt - Joint ventures and club deals|25_11
q152_5_europe|_europe|q152_599|q152_5|CURRENCY|EUROPE: Value added / Junior and other subordinated debt - Funds of funds|25_12
q152_6_europe|_europe|q152_6100|q152_6|CURRENCY|EUROPE: Value added / Junior and other subordinated debt - Non-listed debt products|25_13
q15ROW2_Total_europe|_europe|q15ROW2_Total101|q15ROW2_Total|CURRENCY|EUROPE: TOTAL Value added / Junior and other subordinated debt|25_14
q153_1_europe|_europe|q153_1102|q153_1|CURRENCY|EUROPE: Opportunistic / Mezzanine debt - Non-listed/ commingled real estate funds/private REITs|25_15
q153_2_europe|_europe|q153_2103|q153_2|CURRENCY|EUROPE: Opportunistic / Mezzanine debt - Separate accounts investing directly into real estate|25_16
q153_3_europe|_europe|q153_3104|q153_3|CURRENCY|EUROPE: Opportunistic / Mezzanine debt - Separate accounts investing into indirect vehicles|25_17
q153_4_europe|_europe|q153_4105|q153_4|CURRENCY|EUROPE: Opportunistic / Mezzanine debt - Joint ventures and club deals|25_18
q153_5_europe|_europe|q153_5106|q153_5|CURRENCY|EUROPE: Opportunistic / Mezzanine debt - Funds of funds|25_19
q153_6_europe|_europe|q153_6107|q153_6|CURRENCY|EUROPE: Opportunistic / Mezzanine debt - Non-listed debt products|25_20
q15ROW3_Total_europe|_europe|q15ROW3_Total108|q15ROW3_Total|CURRENCY|EUROPE: TOTAL Opportunistic / Mezzanine debt|25_21
q154_1_europe|_europe|q154_1109|q154_1|CURRENCY|EUROPE: Mixed strategies - Non-listed/ commingled real estate funds/private REITs|25_22
q154_2_europe|_europe|q154_2110|q154_2|CURRENCY|EUROPE: Mixed strategies - Separate accounts investing directly into real estate|25_23
q154_3_europe|_europe|q154_3111|q154_3|CURRENCY|EUROPE: Mixed strategies - Separate accounts investing into indirect vehicles|25_24
q154_4_europe|_europe|q154_4112|q154_4|CURRENCY|EUROPE: Mixed strategies - Joint ventures and club deals|25_25
q154_5_europe|_europe|q154_5113|q154_5|CURRENCY|EUROPE: Mixed strategies - Funds of funds|25_26
q154_6_europe|_europe|q154_6114|q154_6|CURRENCY|EUROPE: Mixed strategies - Non-listed debt products|25_27
q15ROW4_Total_europe|_europe|q15ROW4_Total115|q15ROW4_Total|CURRENCY|EUROPE: TOTAL Mixed strategies|25_28
q15COL1_Total_europe|_europe|q15COL1_Total116|q15COL1_Total|CURRENCY|EUROPE: TOTAL Non-listed/ commingled real estate funds/private REITs|25_29
q15COL2_Total_europe|_europe|q15COL2_Total117|q15COL2_Total|CURRENCY|EUROPE: TOTAL Separate accounts investing directly into real estate|25_30
q15COL3_Total_europe|_europe|q15COL3_Total118|q15COL3_Total|CURRENCY|EUROPE: TOTAL Separate accounts investing into indirect vehicles|25_31
q15COL4_Total_europe|_europe|q15COL4_Total119|q15COL4_Total|CURRENCY|EUROPE: TOTAL Joint ventures and club deals|25_32
q15COL5_Total_europe|_europe|q15COL5_Total120|q15COL5_Total|CURRENCY|EUROPE: TOTAL Funds of funds|25_33
q15COL6_Total_europe|_europe|q15COL6_Total121|q15COL6_Total|CURRENCY|EUROPE: TOTAL Non-listed debt products|25_34
q15GRANDTotal_europe|_europe|q15GRANDTotal122|q15GRANDTotal|CURRENCY|EUROPE: Total Capital Raised in 2020 for your European strategy|25_35
NORTH AMERICA_northamerica|_northamerica|NORTH AMERICA|NORTH AMERICA|||
_northamerica|_northamerica||||For your North American strategy*, how much institutional capital did your company raise for non-listed vehicles in 2020 by investor type (million)?|26
q101_1_northamerica|_northamerica|q101_1113|q101_1|CURRENCY|NA: Pension funds - Non-listed/ commingled real estate funds/private REITs|26_1
q101_2_northamerica|_northamerica|q101_2114|q101_2|CURRENCY|NA: Pension funds - Separate accounts investing directly into real estate|26_2
q101_3_northamerica|_northamerica|q101_3115|q101_3|CURRENCY|NA: Pension funds - Separate accounts investing into indirect vehicles|26_3
q101_4_northamerica|_northamerica|q101_4116|q101_4|CURRENCY|NA: Pension funds - Joint ventures and club deals|26_4
q101_5_northamerica|_northamerica|q101_5117|q101_5|CURRENCY|NA: Pension funds - Funds of funds|26_5
q101_6_northamerica|_northamerica|q101_6118|q101_6|CURRENCY|NA: Pension funds - Non-listed debt products|26_6
q10ROW1_Total_northamerica|_northamerica|q10ROW1_hidden119|q10ROW1_Total|CURRENCY|NA: Pension funds - TOTAL|26_7
q102_1_northamerica|_northamerica|q102_1120|q102_1|CURRENCY|NA: Insurance companies - Non-listed/ commingled real estate funds/private REITs|26_8
q102_2_northamerica|_northamerica|q102_2121|q102_2|CURRENCY|NA: Insurance companies - Separate accounts investing directly into real estate|26_9
q102_3_northamerica|_northamerica|q102_3122|q102_3|CURRENCY|NA: Insurance companies - Separate accounts investing into indirect vehicles|26_10
q102_4_northamerica|_northamerica|q102_4123|q102_4|CURRENCY|NA: Insurance companies - Joint ventures and club deals|26_11
q102_5_northamerica|_northamerica|q102_5124|q102_5|CURRENCY|NA: Insurance companies - Funds of funds|26_12
q102_6_northamerica|_northamerica|q102_6125|q102_6|CURRENCY|NA: Insurance companies - Non-listed debt products|26_13
q10ROW2_Total_northamerica|_northamerica|q10ROW2_hidden126|q10ROW2_Total|CURRENCY|NA: Insurance companies - TOTAL|26_14
q103_1_northamerica|_northamerica|q103_1127|q103_1|CURRENCY|NA: Sovereign wealth funds - Non-listed/ commingled real estate funds/private REITs|26_15
q103_2_northamerica|_northamerica|q103_2128|q103_2|CURRENCY|NA: Sovereign wealth funds - Separate accounts investing directly into real estate|26_16
q103_3_northamerica|_northamerica|q103_3129|q103_3|CURRENCY|NA: Sovereign wealth funds - Separate accounts investing into indirect vehicles|26_17
q103_4_northamerica|_northamerica|q103_4130|q103_4|CURRENCY|NA: Sovereign wealth funds - Joint ventures and club deals|26_18
q103_5_northamerica|_northamerica|q103_5131|q103_5|CURRENCY|NA: Sovereign wealth funds - Funds of funds|26_19
q103_6_northamerica|_northamerica|q103_6132|q103_6|CURRENCY|NA: Sovereign wealth funds - Non-listed debt products|26_20
q10ROW3_Total_northamerica|_northamerica|q10ROW3_hidden133|q10ROW3_Total|CURRENCY|NA: Sovereign wealth funds - TOTAL|26_21
q104_1_northamerica|_northamerica|q104_1134|q104_1|CURRENCY|NA: Government institutions - Non-listed/ commingled real estate funds/private REITs|26_22
q104_2_northamerica|_northamerica|q104_2135|q104_2|CURRENCY|NA: Government institutions - Separate accounts investing directly into real estate|26_23
q104_3_northamerica|_northamerica|q104_3136|q104_3|CURRENCY|NA: Government institutions - Separate accounts investing into indirect vehicles|26_24
q104_4_northamerica|_northamerica|q104_4137|q104_4|CURRENCY|NA: Government institutions - Joint ventures and club deals|26_25
q104_5_northamerica|_northamerica|q104_5138|q104_5|CURRENCY|NA: Government institutions - Funds of funds|26_26
q104_6_northamerica|_northamerica|q104_6139|q104_6|CURRENCY|NA: Government institutions - Non-listed debt products|26_27
q10ROW4_Total_northamerica|_northamerica|q10ROW4_hidden140|q10ROW4_Total|CURRENCY|NA: Government institutions - TOTAL|26_28
q105_1_northamerica|_northamerica|q105_1141|q105_1|CURRENCY|NA: Charities, foundations, non-profit organisations - Non-listed/ commingled real estate funds/private REITs|26_29
q105_2_northamerica|_northamerica|q105_2142|q105_2|CURRENCY|NA: Charities, foundations, non-profit organisations - Separate accounts investing directly into real estate|26_30
q105_3_northamerica|_northamerica|q105_3143|q105_3|CURRENCY|NA: Charities, foundations, non-profit organisations - Separate accounts investing into indirect vehicles|26_31
q105_4_northamerica|_northamerica|q105_4144|q105_4|CURRENCY|NA: Charities, foundations, non-profit organisations - Joint ventures and club deals|26_32
q105_5_northamerica|_northamerica|q105_5145|q105_5|CURRENCY|NA: Charities, foundations, non-profit organisations - Funds of funds|26_33
q105_6_northamerica|_northamerica|q105_6146|q105_6|CURRENCY|NA: Charities, foundations, non-profit organisations - Non-listed debt products|26_34
q10ROW5_Total_northamerica|_northamerica|q10ROW5_hidden147|q10ROW5_Total|CURRENCY|NA: Charities, foundations, non-profit organisations - TOTAL|26_35
q106_1_northamerica|_northamerica|q106_1148|q106_1|CURRENCY|NA: Funds of funds - Non-listed/ commingled real estate funds/private REITs|26_36
q106_2_northamerica|_northamerica|q106_2149|q106_2|CURRENCY|NA: Funds of funds - Separate accounts investing directly into real estate|26_37
q106_3_northamerica|_northamerica|q106_3150|q106_3|CURRENCY|NA: Funds of funds - Separate accounts investing into indirect vehicles|26_38
q106_4_northamerica|_northamerica|q106_4151|q106_4|CURRENCY|NA: Funds of funds - Joint ventures and club deals|26_39
q106_5_northamerica|_northamerica|q106_5152|q106_5|CURRENCY|NA: Funds of funds - Funds of funds|26_40
q106_6_northamerica|_northamerica|q106_6153|q106_6|CURRENCY|NA: Funds of funds - Non-listed debt products|26_41
q10ROW6_Total_northamerica|_northamerica|q10ROW6_hidden154|q10ROW6_Total|CURRENCY|NA: Funds of funds - TOTAL|26_42
q107_1_northamerica|_northamerica|q107_1155|q107_1|CURRENCY|NA: High net worth individuals /Family offices - Non-listed/ commingled real estate funds/private REITs|26_43
q107_2_northamerica|_northamerica|q107_2156|q107_2|CURRENCY|NA: High net worth individuals /Family offices - Separate accounts investing directly into real estate|26_44
q107_3_northamerica|_northamerica|q107_3157|q107_3|CURRENCY|NA: High net worth individuals /Family offices - Separate accounts investing into indirect vehicles|26_45
q107_4_northamerica|_northamerica|q107_4158|q107_4|CURRENCY|NA: High net worth individuals /Family offices - Joint ventures and club deals|26_46
q107_5_northamerica|_northamerica|q107_5159|q107_5|CURRENCY|NA: High net worth individuals /Family offices - Funds of funds|26_47
q107_6_northamerica|_northamerica|q107_6160|q107_6|CURRENCY|NA: High net worth individuals /Family offices - Non-listed debt products|26_48
q10ROW7_Total_northamerica|_northamerica|q10ROW7_hidden161|q10ROW7_Total|CURRENCY|NA: High net worth individuals /Family offices - TOTAL|26_49
q10other_northamerica|_northamerica|q10other162|q10other|TEXT|NA: Other investor type (Other)|26_50
q108_1_northamerica|_northamerica|q108_1163|q108_1|CURRENCY|NA: Other - Non-listed/ commingled real estate funds/private REITs|26_51
q108_2_northamerica|_northamerica|q108_2164|q108_2|CURRENCY|NA: Other - Separate accounts investing directly into real estate|26_52
q108_3_northamerica|_northamerica|q108_3165|q108_3|CURRENCY|NA: Other - Separate accounts investing into indirect vehicles|26_53
q108_4_northamerica|_northamerica|q108_4166|q108_4|CURRENCY|NA: Other - Joint ventures and club deals|26_54
q108_5_northamerica|_northamerica|q108_5167|q108_5|CURRENCY|NA: Other - Funds of funds|26_55
q108_6_northamerica|_northamerica|q108_6168|q108_6|CURRENCY|NA: Other - Non-listed debt products|26_56
q10ROW8_Total_northamerica|_northamerica|q10ROW8_hidden169|q10ROW8_Total|CURRENCY|NA: Other - TOTAL|26_57
q10COL1_Total_northamerica|_northamerica|q10COL1_hidden170|q10COL1_Total|CURRENCY|NA TOTAL - Non-listed/ commingled real estate funds/private REITs|26_58
q10COL2_Total_northamerica|_northamerica|q10COL2_hidden171|q10COL2_Total|CURRENCY|NA TOTAL - Separate accounts investing directly into real estate|26_59
q10COL3_Total_northamerica|_northamerica|q10COL3_hidden172|q10COL3_Total|CURRENCY|NA TOTAL - Separate accounts investing into indirect vehicles|26_60
q10COL4_Total_northamerica|_northamerica|q10COL4_hidden173|q10COL4_Total|CURRENCY|NA TOTAL - Joint ventures and club deals|26_61
q10COL5_Total_northamerica|_northamerica|q10COL5_hidden174|q10COL5_Total|CURRENCY|NA TOTAL - Funds of funds|26_62
q10COL6_Total_northamerica|_northamerica|q10COL6_hidden175|q10COL6_Total|CURRENCY|NA TOTAL - Non-listed debt products|26_63
q10GRANDTotal_northamerica|_northamerica|q10GRANDTotal_hidden176|q10GRANDTotal|CURRENCY|NA TOTAL Capital Raised in 2020 for your North American strategy by investor type|26_64
_northamerica|_northamerica||||For your North American*, how much institutional capital did your company raise for non-listed vehicles in 2020 by investor domicile (million)?|27
q111_1_northamerica|_northamerica|q111_1177|q111_1|CURRENCY|NA: Asia Pacific - Non-listed/ commingled real estate funds/private REITs|27_1
q111_2_northamerica|_northamerica|q111_2178|q111_2|CURRENCY|NA: Asia Pacific - Separate accounts investing directly into real estate|27_2
q111_3_northamerica|_northamerica|q111_3179|q111_3|CURRENCY|NA: Asia Pacific - Separate accounts investing into indirect vehicles|27_3
q111_4_northamerica|_northamerica|q111_4180|q111_4|CURRENCY|NA: Asia Pacific - Joint ventures and club deals|27_4
q111_5_northamerica|_northamerica|q111_5181|q111_5|CURRENCY|NA: Asia Pacific - Funds of funds|27_5
q111_6_northamerica|_northamerica|q111_6182|q111_6|CURRENCY|NA: Asia Pacific - Non-listed debt products|27_6
q11ROW1_Total_northamerica|_northamerica|q11ROW1_hidden183|q11ROW1_Total|CURRENCY|NA: Asia Pacific - TOTAL|27_7
q112_1_northamerica|_northamerica|q112_1184|q112_1|CURRENCY|NA: Europe - Non-listed/ commingled real estate funds/private REITs|27_8
q112_2_northamerica|_northamerica|q112_2185|q112_2|CURRENCY|NA: Europe - Separate accounts investing directly into real estate|27_9
q112_3_northamerica|_northamerica|q112_3186|q112_3|CURRENCY|NA: Europe - Separate accounts investing into indirect vehicles|27_10
q112_4_northamerica|_northamerica|q112_4187|q112_4|CURRENCY|NA: Europe - Joint ventures and club deals|27_11
q112_5_northamerica|_northamerica|q112_5188|q112_5|CURRENCY|NA: Europe - Funds of funds|27_12
q112_6_northamerica|_northamerica|q112_6189|q112_6|CURRENCY|NA: Europe - Non-listed debt products|27_13
q11ROW2_Total_northamerica|_northamerica|q11ROW2_hidden190|q11ROW2_Total|CURRENCY|NA: Europe - TOTAL|27_14
q113_1_northamerica|_northamerica|q113_1191|q113_1|CURRENCY|NA: North America - Non-listed/ commingled real estate funds/private REITs|27_15
q113_2_northamerica|_northamerica|q113_2192|q113_2|CURRENCY|NA: North America - Separate accounts investing directly into real estate|27_16
q113_3_northamerica|_northamerica|q113_3193|q113_3|CURRENCY|NA: North America - Separate accounts investing into indirect vehicles|27_17
q113_4_northamerica|_northamerica|q113_4194|q113_4|CURRENCY|NA: North America - Joint ventures and club deals|27_18
q113_5_northamerica|_northamerica|q113_5195|q113_5|CURRENCY|NA: North America - Funds of funds|27_19
q113_6_northamerica|_northamerica|q113_6196|q113_6|CURRENCY|NA: North America - Non-listed debt products|27_20
q11ROW3_Total_northamerica|_northamerica|q11ROW3_hidden197|q11ROW3_Total|CURRENCY|NA: North America - TOTAL|27_21
q114_1_northamerica|_northamerica|q114_1198|q114_1|CURRENCY|NA: South America - Non-listed/ commingled real estate funds/private REITs|27_22
q114_2_northamerica|_northamerica|q114_2199|q114_2|CURRENCY|NA: South America - Separate accounts investing directly into real estate|27_23
q114_3_northamerica|_northamerica|q114_3200|q114_3|CURRENCY|NA: South America - Separate accounts investing into indirect vehicles|27_24
q114_4_northamerica|_northamerica|q114_4201|q114_4|CURRENCY|NA: South America - Joint ventures and club deals|27_25
q114_5_northamerica|_northamerica|q114_5202|q114_5|CURRENCY|NA: South America - Funds of funds|27_26
q114_6_northamerica|_northamerica|q114_6203|q114_6|CURRENCY|NA: South America - Non-listed debt products|27_27
q11ROW4_Total_northamerica|_northamerica|q11ROW4_hidden204|q11ROW4_Total|CURRENCY|NA: South America - TOTAL|27_28
q115_1_northamerica|_northamerica|q115_1205|q115_1|CURRENCY|NA: Africa - Non-listed/ commingled real estate funds/private REITs|27_29
q115_2_northamerica|_northamerica|q115_2206|q115_2|CURRENCY|NA: Africa - Separate accounts investing directly into real estate|27_30
q115_3_northamerica|_northamerica|q115_3207|q115_3|CURRENCY|NA: Africa - Separate accounts investing into indirect vehicles|27_31
q115_4_northamerica|_northamerica|q115_4208|q115_4|CURRENCY|NA: Africa - Joint ventures and club deals|27_32
q115_5_northamerica|_northamerica|q115_5209|q115_5|CURRENCY|NA: Africa - Funds of funds|27_33
q115_6_northamerica|_northamerica|q115_6210|q115_6|CURRENCY|NA: Africa - Non-listed debt products|27_34
q11ROW5_Total_northamerica|_northamerica|q11ROW5_hidden211|q11ROW5_Total|CURRENCY|NA: Africa - TOTAL|27_35
q11COL1_Total_northamerica|_northamerica|q11COL1_hidden212|q11COL1_Total|CURRENCY|NA: TOTAL - Non-listed/ commingled real estate funds/private REITs|27_36
q11COL2_Total_northamerica|_northamerica|q11COL2_hidden213|q11COL2_Total|CURRENCY|NA: TOTAL - Separate accounts investing directly into real estate|27_37
q11COL3_Total_northamerica|_northamerica|q11COL3_hidden214|q11COL3_Total|CURRENCY|NA: TOTAL - Separate accounts investing into indirect vehicles|27_38
q11COL4_Total_northamerica|_northamerica|q11COL4_hidden215|q11COL4_Total|CURRENCY|NA: TOTAL - Joint ventures and club deals|27_39
q11COL5_Total_northamerica|_northamerica|q11COL5_hidden216|q11COL5_Total|CURRENCY|NA: TOTAL - Funds of funds|27_40
q11COL6_Total_northamerica|_northamerica|q11COL6_hidden217|q11COL6_Total|CURRENCY|NA: TOTAL - Non-listed debt products|27_41
q11GRANDTotal_northamerica|_northamerica|q11GRANDTotal_hidden218|q11GRANDTotal|CURRENCY|NA TOTAL Capital Raised in 2020 for your North American strategy by investor domicile|27_42
q12_northamerica|_northamerica|q1222|q12|SINGLE|For your North American strategy*, for which sector-strategy did your company raise institutional capital for non-listed vehicles in 2020?|28
_northamerica|_northamerica||||For your North American strategy*, how much institutional capital did your company raise for non-listed vehicles in 2020 by targeted multi-sector (million)?|29
q131_1_northamerica|_northamerica|q131_133|q131_1|CURRENCY|NA: Main sectors - Non-listed/ commingled real estate funds/private REITs|29_1
q131_2_northamerica|_northamerica|q131_244|q131_2|CURRENCY|NA: Main sectors - Separate accounts investing directly into real estate|29_2
q131_3_northamerica|_northamerica|q131_355|q131_3|CURRENCY|NA: Main sectors - Separate accounts investing into indirect vehicles|29_3
q131_4_northamerica|_northamerica|q131_466|q131_4|CURRENCY|NA: Main sectors - Joint ventures and club deals|29_4
q131_5_northamerica|_northamerica|q131_577|q131_5|CURRENCY|NA: Main sectors - Funds of funds|29_5
q131_6_northamerica|_northamerica|q131_688|q131_6|CURRENCY|NA: Main sectors - Non-listed debt products|29_6
q13ROW1_Total_northamerica|_northamerica|q13ROW1_Total99|q13ROW1_Total|CURRENCY|NA: TOTAL - Main sectors |29_7
q132_1_northamerica|_northamerica|q132_11010|q132_1|CURRENCY|NA:  Alternative sectors - Non-listed/ commingled real estate funds/private REITs|29_8
q132_2_northamerica|_northamerica|q132_21111|q132_2|CURRENCY|NA:  Alternative sectors - Separate accounts investing directly into real estate|29_9
q132_3_northamerica|_northamerica|q132_31212|q132_3|CURRENCY|NA:  Alternative sectors - Separate accounts investing into indirect vehicles|29_10
q132_4_northamerica|_northamerica|q132_41313|q132_4|CURRENCY|NA:  Alternative sectors - Joint ventures and club deals|29_11
q132_5_northamerica|_northamerica|q132_51414|q132_5|CURRENCY|NA:  Alternative sectors - Funds of funds|29_12
q132_6_northamerica|_northamerica|q132_61515|q132_6|CURRENCY|NA:  Alternative sectors - Non-listed debt products|29_13
q13ROW2_Total_northamerica|_northamerica|q13ROW2_Total1616|q13ROW2_Total|CURRENCY|NA:  TOTAL - Alternative sectors|29_14
q13COL1_Total_northamerica|_northamerica|q13COL1_Total1717|q13COL1_Total|CURRENCY|NA: TOTAL - Non-listed/ commingled real estate funds/private REITs|29_15
q13COL2_Total_northamerica|_northamerica|q13COL2_Total1818|q13COL2_Total|CURRENCY|NA: TOTAL - Separate accounts investing directly into real estate|29_16
q13COL3_Total_northamerica|_northamerica|q13COL3_Total1919|q13COL3_Total|CURRENCY|NA: TOTAL - Separate accounts investing into indirect vehicles|29_17
q13COL4_Total_northamerica|_northamerica|q13COL4_Total2020|q13COL4_Total|CURRENCY|NA: TOTAL - Joint ventures and club deals|29_18
q13COL5_Total_northamerica|_northamerica|q13COL5_Total2121|q13COL5_Total|CURRENCY|NA: TOTAL - Funds of funds|29_19
q13COL6_Total_northamerica|_northamerica|q13COL6_Total2222|q13COL6_Total|CURRENCY|NA: TOTAL - Non-listed debt products|29_20
q13GRANDTotal_northamerica|_northamerica|q13GRANDTotal2323|q13GRANDTotal|CURRENCY|NA TOTAL Raised by targeted multi-sector|29_21
_northamerica|_northamerica||||For your North American strategy*, how much institutional capital did your company raise for non-listed vehicles in 2020 by targeted sector (million)?|30
q141_1_northamerica|_northamerica|q141_12424|q141_1|CURRENCY|NA: Office - Non-listed/ commingled real estate funds/private REITs|30_1
q141_2_northamerica|_northamerica|q141_22525|q141_2|CURRENCY|NA: Office - Separate accounts investing directly into real estate|30_2
q141_3_northamerica|_northamerica|q141_32626|q141_3|CURRENCY|NA: Office - Separate accounts investing into indirect vehicles|30_3
q141_4_northamerica|_northamerica|q141_42727|q141_4|CURRENCY|NA: Office - Joint ventures and club deals|30_4
q141_5_northamerica|_northamerica|q141_52828|q141_5|CURRENCY|NA: Office - Funds of funds|30_5
q141_6_northamerica|_northamerica|q141_62929|q141_6|CURRENCY|NA: Office - Non-listed debt products|30_6
q14ROW1_Total_northamerica|_northamerica|q14ROW1_Total3030|q14ROW1_Total|CURRENCY|NA: TOTAL Office|30_7
q142_1_northamerica|_northamerica|q142_13131|q142_1|CURRENCY|NA: Retail - Non-listed/ commingled real estate funds/private REITs|30_8
q142_2_northamerica|_northamerica|q142_23232|q142_2|CURRENCY|NA: Retail - Separate accounts investing directly into real estate|30_9
q142_3_northamerica|_northamerica|q142_33333|q142_3|CURRENCY|NA: Retail - Separate accounts investing into indirect vehicles|30_10
q142_4_northamerica|_northamerica|q142_43434|q142_4|CURRENCY|NA: Retail - Joint ventures and club deals|30_11
q142_5_northamerica|_northamerica|q142_53535|q142_5|CURRENCY|NA: Retail - Funds of funds|30_12
q142_6_northamerica|_northamerica|q142_63636|q142_6|CURRENCY|Non-listed debt products|30_13
q14ROW2_Total_northamerica|_northamerica|q14ROW2_Total3737|q14ROW2_Total|CURRENCY|NA: TOTAL Retail|30_14
q143_1_northamerica|_northamerica|q143_13838|q143_1|CURRENCY|NA: Industrial / logistics - Non-listed/ commingled real estate funds/private REITs|30_15
q143_2_northamerica|_northamerica|q143_23939|q143_2|CURRENCY|NA: Industrial / logistics - Separate accounts investing directly into real estate|30_16
q143_3_northamerica|_northamerica|q143_34040|q143_3|CURRENCY|NA: Industrial / logistics - Separate accounts investing into indirect vehicles|30_17
q143_4_northamerica|_northamerica|q143_44141|q143_4|CURRENCY|NA: Industrial / logistics - Joint ventures and club deals|30_18
q143_5_northamerica|_northamerica|q143_54242|q143_5|CURRENCY|NA: Industrial / logistics - Funds of funds|30_19
q143_6_northamerica|_northamerica|q143_64343|q143_6|CURRENCY|NA: Industrial / logistics - Non-listed debt products|30_20
q14ROW3_Total_northamerica|_northamerica|q14ROW3_Total4444|q14ROW3_Total|CURRENCY|NA: TOTAL Industrial / logistics|30_21
q144_1_northamerica|_northamerica|q144_14545|q144_1|CURRENCY|NA: Residential / multi-family/apartments - Non-listed/ commingled real estate funds/private REITs|30_22
q144_2_northamerica|_northamerica|q144_24646|q144_2|CURRENCY|NA: Residential / multi-family/apartments - Separate accounts investing directly into real estate|30_23
q144_3_northamerica|_northamerica|q144_34747|q144_3|CURRENCY|NA: Residential / multi-family/apartments - Separate accounts investing into indirect vehicles|30_24
q144_4_northamerica|_northamerica|q144_44848|q144_4|CURRENCY|NA: Residential / multi-family/apartments - Joint ventures and club deals|30_25
q144_5_northamerica|_northamerica|q144_54949|q144_5|CURRENCY|NA: Residential / multi-family/apartments - Funds of funds|30_26
q144_6_northamerica|_northamerica|q144_65050|q144_6|CURRENCY|NA: Residential / multi-family/apartments - Non-listed debt products|30_27
q14ROW4_Total_northamerica|_northamerica|q14ROW4_Total5151|q14ROW4_Total|CURRENCY|NA: TOTAL Residential / multi-family/apartments|30_28
q145_1_northamerica|_northamerica|q145_15252|q145_1|CURRENCY|NA: Student housing - Non-listed/ commingled real estate funds/private REITs|30_29
q145_2_northamerica|_northamerica|q145_25353|q145_2|CURRENCY|NA: Student housing - Separate accounts investing directly into real estate|30_30
q145_3_northamerica|_northamerica|q145_35454|q145_3|CURRENCY|NA: Student housing - Separate accounts investing into indirect vehicles|30_31
q145_4_northamerica|_northamerica|q145_45555|q145_4|CURRENCY|NA: Student housing - Joint ventures and club deals|30_32
q145_5_northamerica|_northamerica|q145_55656|q145_5|CURRENCY|NA: Student housing - Funds of funds|30_33
q145_6_northamerica|_northamerica|q145_65757|q145_6|CURRENCY|NA: Student housing - Non-listed debt products|30_34
q14ROW5_Total_northamerica|_northamerica|q14ROW5_Total5858|q14ROW5_Total|CURRENCY|NA: TOTAL Student housing |30_35
q146_1_northamerica|_northamerica|q146_15959|q146_1|CURRENCY|NA: Senior living / aged care / health care - Non-listed/ commingled real estate funds/private REITs|30_36
q146_2_northamerica|_northamerica|q146_26060|q146_2|CURRENCY|NA: Senior living / aged care / health care - Separate accounts investing directly into real estate|30_37
q146_3_northamerica|_northamerica|q146_36161|q146_3|CURRENCY|NA: Senior living / aged care / health care - Separate accounts investing into indirect vehicles|30_38
q146_4_northamerica|_northamerica|q146_46262|q146_4|CURRENCY|NA: Senior living / aged care / health care - Joint ventures and club deals|30_39
q146_5_northamerica|_northamerica|q146_56363|q146_5|CURRENCY|NA: Senior living / aged care / health care - Funds of funds|30_40
q146_6_northamerica|_northamerica|q146_66464|q146_6|CURRENCY|NA: Senior living / aged care / health care - Non-listed debt products|30_41
q14ROW6_Total_northamerica|_northamerica|q14ROW6_Total6565|q14ROW6_Total|CURRENCY|NA: TOTAL Senior living / aged care / health care|30_42
q147_1_northamerica|_northamerica|q147_16666|q147_1|CURRENCY|NA: Hotel / leisure - Non-listed/ commingled real estate funds/private REITs|30_43
q147_2_northamerica|_northamerica|q147_26767|q147_2|CURRENCY|NA: Hotel / leisure - Separate accounts investing directly into real estate|30_44
q147_3_northamerica|_northamerica|q147_36868|q147_3|CURRENCY|NA: Hotel / leisure - Separate accounts investing into indirect vehicles|30_45
q147_4_northamerica|_northamerica|q147_46969|q147_4|CURRENCY|NA: Hotel / leisure - Joint ventures and club deals|30_46
q147_5_northamerica|_northamerica|q147_57070|q147_5|CURRENCY|NA: Hotel / leisure - Funds of funds|30_47
q147_6_northamerica|_northamerica|q147_67171|q147_6|CURRENCY|NA: Hotel / leisure - Non-listed debt products|30_48
q14ROW7_Total_northamerica|_northamerica|q14ROW7_Total7272|q14ROW7_Total|CURRENCY|NA: TOTAL Hotel / leisure|30_49
q148_1_northamerica|_northamerica|q148_17373|q148_1|CURRENCY|NA: Other (incl land, parking, self storage) - Non-listed/ commingled real estate funds/private REITs|30_50
q148_2_northamerica|_northamerica|q148_27474|q148_2|CURRENCY|NA: Other (incl land, parking, self storage) - Separate accounts investing directly into real estate|30_51
q148_3_northamerica|_northamerica|q148_37575|q148_3|CURRENCY|NA: Other (incl land, parking, self storage) - Separate accounts investing into indirect vehicles|30_52
q148_4_northamerica|_northamerica|q148_47676|q148_4|CURRENCY|NA: Other (incl land, parking, self storage) - Joint ventures and club deals|30_53
q148_5_northamerica|_northamerica|q148_57777|q148_5|CURRENCY|NA: Other (incl land, parking, self storage) - Funds of funds|30_54
q148_6_northamerica|_northamerica|q148_67878|q148_6|CURRENCY|NA: Other (incl land, parking, self storage) - Non-listed debt products|30_55
q14ROW8_Total_northamerica|_northamerica|q14ROW8_Total7979|q14ROW8_Total|CURRENCY|NA: TOTAL Other (incl land, parking, self storage)|30_56
q14COL1_Total_northamerica|_northamerica|q14COL1_Total8080|q14COL1_Total|CURRENCY|NA: TOTAL Non-listed/ commingled real estate funds/private REITs|30_57
q14COL2_Total_northamerica|_northamerica|q14COL2_Total8181|q14COL2_Total|CURRENCY|NA: TOTAL Separate accounts investing directly into real estate|30_58
q14COL3_Total_northamerica|_northamerica|q14COL3_Total8282|q14COL3_Total|CURRENCY|NA: TOTAL Separate accounts investing into indirect vehicles|30_59
q14COL4_Total_northamerica|_northamerica|q14COL4_Total8383|q14COL4_Total|CURRENCY|NA: TOTAL Joint ventures and club deals|30_60
q14COL5_Total_northamerica|_northamerica|q14COL5_Total8484|q14COL5_Total|CURRENCY|NA: TOTAL Funds of funds|30_61
q14COL6_Total_northamerica|_northamerica|q14COL6_Total8585|q14COL6_Total|CURRENCY|NA: TOTAL Non-listed debt products|30_62
q14GRANDTotal_northamerica|_northamerica|q14GRANDTotal8686|q14GRANDTotal|CURRENCY|NA: TOTAL Raised by targeted sector|30_63
qBothStrategyGRANDTotal_northamerica|_northamerica|qBothStrategyGRANDTotal8787|qBothStrategyGRANDTotal|CURRENCY|Total Capital Raised in 2020 for your North American strategy (Shown only when BOTH strategies selected in q12)|30_64
_northamerica|_northamerica||||For your North American strategy*, how much institutional capital did your company raise for non-listed vehicles in 2020 by investment style (million)? |31
q151_1_northamerica|_northamerica|q151_18888|q151_1|CURRENCY|NA: Core / Senior debt - Non-listed/ commingled real estate funds/private REITs|31_1
q151_2_northamerica|_northamerica|q151_28989|q151_2|CURRENCY|NA: Core / Senior debt - Separate accounts investing directly into real estate|31_2
q151_3_northamerica|_northamerica|q151_39090|q151_3|CURRENCY|NA: Core / Senior debt - Separate accounts investing into indirect vehicles|31_3
q151_4_northamerica|_northamerica|q151_49191|q151_4|CURRENCY|NA: Core / Senior debt - Joint ventures and club deals|31_4
q151_5_northamerica|_northamerica|q151_59292|q151_5|CURRENCY|NA: Core / Senior debt - Funds of funds|31_5
q151_6_northamerica|_northamerica|q151_69393|q151_6|CURRENCY|NA: Core / Senior debt - Non-listed debt products|31_6
q15ROW1_Total_northamerica|_northamerica|q15ROW1_Total9494|q15ROW1_Total|CURRENCY|NA: TOTAL Core / Senior debt|31_7
q152_1_northamerica|_northamerica|q152_19595|q152_1|CURRENCY|NA: Value added / Junior and other subordinated debt - Non-listed/ commingled real estate funds/private REITs|31_8
q152_2_northamerica|_northamerica|q152_29696|q152_2|CURRENCY|NA: Value added / Junior and other subordinated debt - Separate accounts investing directly into real estate|31_9
q152_3_northamerica|_northamerica|q152_39797|q152_3|CURRENCY|NA: Value added / Junior and other subordinated debt - Separate accounts investing into indirect vehicles|31_10
q152_4_northamerica|_northamerica|q152_49898|q152_4|CURRENCY|NA: Value added / Junior and other subordinated debt - Joint ventures and club deals|31_11
q152_5_northamerica|_northamerica|q152_59999|q152_5|CURRENCY|NA: Value added / Junior and other subordinated debt - Funds of funds|31_12
q152_6_northamerica|_northamerica|q152_6100100|q152_6|CURRENCY|NA: Value added / Junior and other subordinated debt - Non-listed debt products|31_13
q15ROW2_Total_northamerica|_northamerica|q15ROW2_Total101101|q15ROW2_Total|CURRENCY|NA: TOTAL Value added / Junior and other subordinated debt|31_14
q153_1_northamerica|_northamerica|q153_1102102|q153_1|CURRENCY|NA: Opportunistic / Mezzanine debt - Non-listed/ commingled real estate funds/private REITs|31_15
q153_2_northamerica|_northamerica|q153_2103103|q153_2|CURRENCY|NA: Opportunistic / Mezzanine debt - Separate accounts investing directly into real estate|31_16
q153_3_northamerica|_northamerica|q153_3104104|q153_3|CURRENCY|NA: Opportunistic / Mezzanine debt - Separate accounts investing into indirect vehicles|31_17
q153_4_northamerica|_northamerica|q153_4105105|q153_4|CURRENCY|NA: Opportunistic / Mezzanine debt - Joint ventures and club deals|31_18
q153_5_northamerica|_northamerica|q153_5106106|q153_5|CURRENCY|NA: Opportunistic / Mezzanine debt - Funds of funds|31_19
q153_6_northamerica|_northamerica|q153_6107107|q153_6|CURRENCY|NA: Opportunistic / Mezzanine debt - Non-listed debt products|31_20
q15ROW3_Total_northamerica|_northamerica|q15ROW3_Total108108|q15ROW3_Total|CURRENCY|NA: TOTAL Opportunistic / Mezzanine debt|31_21
q154_1_northamerica|_northamerica|q154_1109109|q154_1|CURRENCY|NA: Mixed strategies - Non-listed/ commingled real estate funds/private REITs|31_22
q154_2_northamerica|_northamerica|q154_2110110|q154_2|CURRENCY|NA: Mixed strategies - Separate accounts investing directly into real estate|31_23
q154_3_northamerica|_northamerica|q154_3111111|q154_3|CURRENCY|NA: Mixed strategies - Separate accounts investing into indirect vehicles|31_24
q154_4_northamerica|_northamerica|q154_4112112|q154_4|CURRENCY|NA: Mixed strategies - Joint ventures and club deals|31_25
q154_5_northamerica|_northamerica|q154_5113113|q154_5|CURRENCY|NA: Mixed strategies - Funds of funds|31_26
q154_6_northamerica|_northamerica|q154_6114114|q154_6|CURRENCY|NA: Mixed strategies - Non-listed debt products|31_27
q15ROW4_Total_northamerica|_northamerica|q15ROW4_Total115115|q15ROW4_Total|CURRENCY|NA: TOTAL Mixed strategies|31_28
q15COL1_Total_northamerica|_northamerica|q15COL1_Total116116|q15COL1_Total|CURRENCY|NA: TOTAL Non-listed/ commingled real estate funds/private REITs|31_29
q15COL2_Total_northamerica|_northamerica|q15COL2_Total117117|q15COL2_Total|CURRENCY|NA: TOTAL Separate accounts investing directly into real estate|31_30
q15COL3_Total_northamerica|_northamerica|q15COL3_Total118118|q15COL3_Total|CURRENCY|NA: TOTAL Separate accounts investing into indirect vehicles|31_31
q15COL4_Total_northamerica|_northamerica|q15COL4_Total119119|q15COL4_Total|CURRENCY|NA: TOTAL Joint ventures and club deals|31_32
q15COL5_Total_northamerica|_northamerica|q15COL5_Total120120|q15COL5_Total|CURRENCY|NA: TOTAL Funds of funds|31_33
q15COL6_Total_northamerica|_northamerica|q15COL6_Total121121|q15COL6_Total|CURRENCY|NA: TOTAL Non-listed debt products|31_34
q15GRANDTotal_northamerica|_northamerica|q15GRANDTotal122122|q15GRANDTotal|CURRENCY|NA: Total Capital Raised in 2020 for your North American strategy|31_35
Global_global|_global|Global|Global|||
_global|_global||||For your Global strategy*, how much institutional capital did your company raise for non-listed vehicles in 2020 by investor type (million)?|32
q101_1_global|_global|q101_1219|q101_1|CURRENCY|GLOBAL: Pension funds - Non-listed/ commingled real estate funds/private REITs|32_1
q101_2_global|_global|q101_2220|q101_2|CURRENCY|GLOBAL: Pension funds - Separate accounts investing directly into real estate|32_2
q101_3_global|_global|q101_3221|q101_3|CURRENCY|GLOBAL: Pension funds - Separate accounts investing into indirect vehicles|32_3
q101_4_global|_global|q101_4222|q101_4|CURRENCY|GLOBAL: Pension funds - Joint ventures and club deals|32_4
q101_5_global|_global|q101_5223|q101_5|CURRENCY|GLOBAL: Pension funds - Funds of funds|32_5
q101_6_global|_global|q101_6224|q101_6|CURRENCY|GLOBAL: Pension funds - Non-listed debt products|32_6
q10ROW1_Total_global|_global|q10ROW1_hidden225|q10ROW1_Total|CURRENCY|GLOBAL: Pension funds - TOTAL|32_7
q102_1_global|_global|q102_1226|q102_1|CURRENCY|GLOBAL: Insurance companies - Non-listed/ commingled real estate funds/private REITs|32_8
q102_2_global|_global|q102_2227|q102_2|CURRENCY|GLOBAL: Insurance companies - Separate accounts investing directly into real estate|32_9
q102_3_global|_global|q102_3228|q102_3|CURRENCY|GLOBAL: Insurance companies - Separate accounts investing into indirect vehicles|32_10
q102_4_global|_global|q102_4229|q102_4|CURRENCY|GLOBAL: Insurance companies - Joint ventures and club deals|32_11
q102_5_global|_global|q102_5230|q102_5|CURRENCY|GLOBAL: Insurance companies - Funds of funds|32_12
q102_6_global|_global|q102_6231|q102_6|CURRENCY|GLOBAL: Insurance companies - Non-listed debt products|32_13
q10ROW2_Total_global|_global|q10ROW2_hidden232|q10ROW2_Total|CURRENCY|GLOBAL: Insurance companies - TOTAL|32_14
q103_1_global|_global|q103_1233|q103_1|CURRENCY|GLOBAL: Sovereign wealth funds - Non-listed/ commingled real estate funds/private REITs|32_15
q103_2_global|_global|q103_2234|q103_2|CURRENCY|GLOBAL: Sovereign wealth funds - Separate accounts investing directly into real estate|32_16
q103_3_global|_global|q103_3235|q103_3|CURRENCY|GLOBAL: Sovereign wealth funds - Separate accounts investing into indirect vehicles|32_17
q103_4_global|_global|q103_4236|q103_4|CURRENCY|GLOBAL: Sovereign wealth funds - Joint ventures and club deals|32_18
q103_5_global|_global|q103_5237|q103_5|CURRENCY|GLOBAL: Sovereign wealth funds - Funds of funds|32_19
q103_6_global|_global|q103_6238|q103_6|CURRENCY|GLOBAL: Sovereign wealth funds - Non-listed debt products|32_20
q10ROW3_Total_global|_global|q10ROW3_hidden239|q10ROW3_Total|CURRENCY|GLOBAL: Sovereign wealth funds - TOTAL|32_21
q104_1_global|_global|q104_1240|q104_1|CURRENCY|GLOBAL: Government institutions - Non-listed/ commingled real estate funds/private REITs|32_22
q104_2_global|_global|q104_2241|q104_2|CURRENCY|GLOBAL: Government institutions - Separate accounts investing directly into real estate|32_23
q104_3_global|_global|q104_3242|q104_3|CURRENCY|GLOBAL: Government institutions - Separate accounts investing into indirect vehicles|32_24
q104_4_global|_global|q104_4243|q104_4|CURRENCY|GLOBAL: Government institutions - Joint ventures and club deals|32_25
q104_5_global|_global|q104_5244|q104_5|CURRENCY|GLOBAL: Government institutions - Funds of funds|32_26
q104_6_global|_global|q104_6245|q104_6|CURRENCY|GLOBAL: Government institutions - Non-listed debt products|32_27
q10ROW4_Total_global|_global|q10ROW4_hidden246|q10ROW4_Total|CURRENCY|GLOBAL: Government institutions - TOTAL|32_28
q105_1_global|_global|q105_1247|q105_1|CURRENCY|GLOBAL: Charities, foundations, non-profit organisations - Non-listed/ commingled real estate funds/private REITs|32_29
q105_2_global|_global|q105_2248|q105_2|CURRENCY|GLOBAL: Charities, foundations, non-profit organisations - Separate accounts investing directly into real estate|32_30
q105_3_global|_global|q105_3249|q105_3|CURRENCY|GLOBAL: Charities, foundations, non-profit organisations - Separate accounts investing into indirect vehicles|32_31
q105_4_global|_global|q105_4250|q105_4|CURRENCY|GLOBAL: Charities, foundations, non-profit organisations - Joint ventures and club deals|32_32
q105_5_global|_global|q105_5251|q105_5|CURRENCY|GLOBAL: Charities, foundations, non-profit organisations - Funds of funds|32_33
q105_6_global|_global|q105_6252|q105_6|CURRENCY|GLOBAL: Charities, foundations, non-profit organisations - Non-listed debt products|32_34
q10ROW5_Total_global|_global|q10ROW5_hidden253|q10ROW5_Total|CURRENCY|GLOBAL: Charities, foundations, non-profit organisations - TOTAL|32_35
q106_1_global|_global|q106_1254|q106_1|CURRENCY|GLOBAL: Funds of funds - Non-listed/ commingled real estate funds/private REITs|32_36
q106_2_global|_global|q106_2255|q106_2|CURRENCY|GLOBAL: Funds of funds - Separate accounts investing directly into real estate|32_37
q106_3_global|_global|q106_3256|q106_3|CURRENCY|GLOBAL: Funds of funds - Separate accounts investing into indirect vehicles|32_38
q106_4_global|_global|q106_4257|q106_4|CURRENCY|GLOBAL: Funds of funds - Joint ventures and club deals|32_39
q106_5_global|_global|q106_5258|q106_5|CURRENCY|GLOBAL: Funds of funds - Funds of funds|32_40
q106_6_global|_global|q106_6259|q106_6|CURRENCY|GLOBAL: Funds of funds - Non-listed debt products|32_41
q10ROW6_Total_global|_global|q10ROW6_hidden260|q10ROW6_Total|CURRENCY|GLOBAL: Funds of funds - TOTAL|32_42
q107_1_global|_global|q107_1261|q107_1|CURRENCY|GLOBAL: High net worth individuals /Family offices - Non-listed/ commingled real estate funds/private REITs|32_43
q107_2_global|_global|q107_2262|q107_2|CURRENCY|GLOBAL: High net worth individuals /Family offices - Separate accounts investing directly into real estate|32_44
q107_3_global|_global|q107_3263|q107_3|CURRENCY|GLOBAL: High net worth individuals /Family offices - Separate accounts investing into indirect vehicles|32_45
q107_4_global|_global|q107_4264|q107_4|CURRENCY|GLOBAL: High net worth individuals /Family offices - Joint ventures and club deals|32_46
q107_5_global|_global|q107_5265|q107_5|CURRENCY|GLOBAL: High net worth individuals /Family offices - Funds of funds|32_47
q107_6_global|_global|q107_6266|q107_6|CURRENCY|GLOBAL: High net worth individuals /Family offices - Non-listed debt products|32_48
q10ROW7_Total_global|_global|q10ROW7_hidden267|q10ROW7_Total|CURRENCY|GLOBAL: High net worth individuals /Family offices - TOTAL|32_49
q10other_global|_global|q10other268|q10other|TEXT|GLOBAL: Other investor type (Other)|32_50
q108_1_global|_global|q108_1269|q108_1|CURRENCY|GLOBAL: Other - Non-listed/ commingled real estate funds/private REITs|32_51
q108_2_global|_global|q108_2270|q108_2|CURRENCY|GLOBAL: Other - Separate accounts investing directly into real estate|32_52
q108_3_global|_global|q108_3271|q108_3|CURRENCY|GLOBAL: Other - Separate accounts investing into indirect vehicles|32_53
q108_4_global|_global|q108_4272|q108_4|CURRENCY|GLOBAL: Other - Joint ventures and club deals|32_54
q108_5_global|_global|q108_5273|q108_5|CURRENCY|GLOBAL: Other - Funds of funds|32_55
q108_6_global|_global|q108_6274|q108_6|CURRENCY|GLOBAL: Other - Non-listed debt products|32_56
q10ROW8_Total_global|_global|q10ROW8_hidden275|q10ROW8_Total|CURRENCY|GLOBAL: Other - TOTAL|32_57
q10COL1_Total_global|_global|q10COL1_hidden276|q10COL1_Total|CURRENCY|GLOBAL TOTAL - Non-listed/ commingled real estate funds/private REITs|32_58
q10COL2_Total_global|_global|q10COL2_hidden277|q10COL2_Total|CURRENCY|GLOBAL TOTAL - Separate accounts investing directly into real estate|32_59
q10COL3_Total_global|_global|q10COL3_hidden278|q10COL3_Total|CURRENCY|GLOBAL TOTAL - Separate accounts investing into indirect vehicles|32_60
q10COL4_Total_global|_global|q10COL4_hidden279|q10COL4_Total|CURRENCY|GLOBAL TOTAL - Joint ventures and club deals|32_61
q10COL5_Total_global|_global|q10COL5_hidden280|q10COL5_Total|CURRENCY|GLOBAL TOTAL - Funds of funds|32_62
q10COL6_Total_global|_global|q10COL6_hidden281|q10COL6_Total|CURRENCY|GLOBAL TOTAL - Non-listed debt products|32_63
q10GRANDTotal_global|_global|q10GRANDTotal_hidden282|q10GRANDTotal|CURRENCY|GLOBAL TOTAL Capital Raised in 2020 for your Global strategy by investor type|32_64
_global|_global||||For your Global strategy*, how much institutional capital did your company raise for non-listed vehicles in 2020 by investor domicile (million)?|33
q111_1_global|_global|q111_1283|q111_1|CURRENCY|GLOBAL: Asia Pacific - Non-listed/ commingled real estate funds/private REITs|33_1
q111_2_global|_global|q111_2284|q111_2|CURRENCY|GLOBAL: Asia Pacific - Separate accounts investing directly into real estate|33_2
q111_3_global|_global|q111_3285|q111_3|CURRENCY|GLOBAL: Asia Pacific - Separate accounts investing into indirect vehicles|33_3
q111_4_global|_global|q111_4286|q111_4|CURRENCY|GLOBAL: Asia Pacific - Joint ventures and club deals|33_4
q111_5_global|_global|q111_5287|q111_5|CURRENCY|GLOBAL: Asia Pacific - Funds of funds|33_5
q111_6_global|_global|q111_6288|q111_6|CURRENCY|GLOBAL: Asia Pacific - Non-listed debt products|33_6
q11ROW1_Total_global|_global|q11ROW1_hidden289|q11ROW1_Total|CURRENCY|GLOBAL: Asia Pacific - TOTAL|33_7
q112_1_global|_global|q112_1290|q112_1|CURRENCY|GLOBAL: Europe - Non-listed/ commingled real estate funds/private REITs|33_8
q112_2_global|_global|q112_2291|q112_2|CURRENCY|GLOBAL: Europe - Separate accounts investing directly into real estate|33_9
q112_3_global|_global|q112_3292|q112_3|CURRENCY|GLOBAL: Europe - Separate accounts investing into indirect vehicles|33_10
q112_4_global|_global|q112_4293|q112_4|CURRENCY|GLOBAL: Europe - Joint ventures and club deals|33_11
q112_5_global|_global|q112_5294|q112_5|CURRENCY|GLOBAL: Europe - Funds of funds|33_12
q112_6_global|_global|q112_6295|q112_6|CURRENCY|GLOBAL: Europe - Non-listed debt products|33_13
q11ROW2_Total_global|_global|q11ROW2_hidden296|q11ROW2_Total|CURRENCY|GLOBAL: Europe - TOTAL|33_14
q113_1_global|_global|q113_1297|q113_1|CURRENCY|GLOBAL: North America - Non-listed/ commingled real estate funds/private REITs|33_15
q113_2_global|_global|q113_2298|q113_2|CURRENCY|GLOBAL: North America - Separate accounts investing directly into real estate|33_16
q113_3_global|_global|q113_3299|q113_3|CURRENCY|GLOBAL: North America - Separate accounts investing into indirect vehicles|33_17
q113_4_global|_global|q113_4300|q113_4|CURRENCY|GLOBAL: North America - Joint ventures and club deals|33_18
q113_5_global|_global|q113_5301|q113_5|CURRENCY|GLOBAL: North America - Funds of funds|33_19
q113_6_global|_global|q113_6302|q113_6|CURRENCY|GLOBAL: North America - Non-listed debt products|33_20
q11ROW3_Total_global|_global|q11ROW3_hidden303|q11ROW3_Total|CURRENCY|GLOBAL: North America - TOTAL|33_21
q114_1_global|_global|q114_1304|q114_1|CURRENCY|GLOBAL: South America - Non-listed/ commingled real estate funds/private REITs|33_22
q114_2_global|_global|q114_2305|q114_2|CURRENCY|GLOBAL: South America - Separate accounts investing directly into real estate|33_23
q114_3_global|_global|q114_3306|q114_3|CURRENCY|GLOBAL: South America - Separate accounts investing into indirect vehicles|33_24
q114_4_global|_global|q114_4307|q114_4|CURRENCY|GLOBAL: South America - Joint ventures and club deals|33_25
q114_5_global|_global|q114_5308|q114_5|CURRENCY|GLOBAL: South America - Funds of funds|33_26
q114_6_global|_global|q114_6309|q114_6|CURRENCY|GLOBAL: South America - Non-listed debt products|33_27
q11ROW4_Total_global|_global|q11ROW4_hidden310|q11ROW4_Total|CURRENCY|GLOBAL: South America - TOTAL|33_28
q115_1_global|_global|q115_1311|q115_1|CURRENCY|GLOBAL: Africa - Non-listed/ commingled real estate funds/private REITs|33_29
q115_2_global|_global|q115_2312|q115_2|CURRENCY|GLOBAL: Africa - Separate accounts investing directly into real estate|33_30
q115_3_global|_global|q115_3313|q115_3|CURRENCY|GLOBAL: Africa - Separate accounts investing into indirect vehicles|33_31
q115_4_global|_global|q115_4314|q115_4|CURRENCY|GLOBAL: Africa - Joint ventures and club deals|33_32
q115_5_global|_global|q115_5315|q115_5|CURRENCY|GLOBAL: Africa - Funds of funds|33_33
q115_6_global|_global|q115_6316|q115_6|CURRENCY|GLOBAL: Africa - Non-listed debt products|33_34
q11ROW5_Total_global|_global|q11ROW5_hidden317|q11ROW5_Total|CURRENCY|GLOBAL: Africa - TOTAL|33_35
q11COL1_Total_global|_global|q11COL1_hidden318|q11COL1_Total|CURRENCY|GLOBAL: TOTAL - Non-listed/ commingled real estate funds/private REITs|33_36
q11COL2_Total_global|_global|q11COL2_hidden319|q11COL2_Total|CURRENCY|GLOBAL: TOTAL - Separate accounts investing directly into real estate|33_37
q11COL3_Total_global|_global|q11COL3_hidden320|q11COL3_Total|CURRENCY|GLOBAL: TOTAL - Separate accounts investing into indirect vehicles|33_38
q11COL4_Total_global|_global|q11COL4_hidden321|q11COL4_Total|CURRENCY|GLOBAL: TOTAL - Joint ventures and club deals|33_39
q11COL5_Total_global|_global|q11COL5_hidden322|q11COL5_Total|CURRENCY|GLOBAL: TOTAL - Funds of funds|33_40
q11COL6_Total_global|_global|q11COL6_hidden323|q11COL6_Total|CURRENCY|GLOBAL: TOTAL - Non-listed debt products|33_41
q11GRANDTotal_global|_global|q11GRANDTotal_hidden324|q11GRANDTotal|CURRENCY|GLOBAL TOTAL Capital Raised in 2020 for your Global strategy by investor domicile|33_42
q12_global|_global|q12222|q12|SINGLE|For your Global strategy*, for which sector-strategy did your company raise institutional capital for non-listed vehicles in 2020?|34
_global|_global||||For your Global strategy*, how much institutional capital did your company raise for non-listed vehicles in 2020 by targeted multi-sector (million)?|35
q131_1_global|_global|q131_1333|q131_1|CURRENCY|GLOBAL: Main sectors - Non-listed/ commingled real estate funds/private REITs|35_1
q131_2_global|_global|q131_2444|q131_2|CURRENCY|GLOBAL: Main sectors - Separate accounts investing directly into real estate|35_2
q131_3_global|_global|q131_3555|q131_3|CURRENCY|GLOBAL: Main sectors - Separate accounts investing into indirect vehicles|35_3
q131_4_global|_global|q131_4666|q131_4|CURRENCY|GLOBAL: Main sectors - Joint ventures and club deals|35_4
q131_5_global|_global|q131_5777|q131_5|CURRENCY|GLOBAL: Main sectors - Funds of funds|35_5
q131_6_global|_global|q131_6888|q131_6|CURRENCY|GLOBAL: Main sectors - Non-listed debt products|35_6
q13ROW1_Total_global|_global|q13ROW1_Total999|q13ROW1_Total|CURRENCY|GLOBAL: TOTAL - Main sectors |35_7
q132_1_global|_global|q132_1101010|q132_1|CURRENCY|GLOBAL:  Alternative sectors - Non-listed/ commingled real estate funds/private REITs|35_8
q132_2_global|_global|q132_2111111|q132_2|CURRENCY|GLOBAL:  Alternative sectors - Separate accounts investing directly into real estate|35_9
q132_3_global|_global|q132_3121212|q132_3|CURRENCY|GLOBAL:  Alternative sectors - Separate accounts investing into indirect vehicles|35_10
q132_4_global|_global|q132_4131313|q132_4|CURRENCY|GLOBAL:  Alternative sectors - Joint ventures and club deals|35_11
q132_5_global|_global|q132_5141414|q132_5|CURRENCY|GLOBAL:  Alternative sectors - Funds of funds|35_12
q132_6_global|_global|q132_6151515|q132_6|CURRENCY|GLOBAL:  Alternative sectors - Non-listed debt products|35_13
q13ROW2_Total_global|_global|q13ROW2_Total161616|q13ROW2_Total|CURRENCY|GLOBAL:  TOTAL - Alternative sectors|35_14
q13COL1_Total_global|_global|q13COL1_Total171717|q13COL1_Total|CURRENCY|GLOBAL: TOTAL - Non-listed/ commingled real estate funds/private REITs|35_15
q13COL2_Total_global|_global|q13COL2_Total181818|q13COL2_Total|CURRENCY|GLOBAL: TOTAL - Separate accounts investing directly into real estate|35_16
q13COL3_Total_global|_global|q13COL3_Total191919|q13COL3_Total|CURRENCY|GLOBAL: TOTAL - Separate accounts investing into indirect vehicles|35_17
q13COL4_Total_global|_global|q13COL4_Total202020|q13COL4_Total|CURRENCY|GLOBAL: TOTAL - Joint ventures and club deals|35_18
q13COL5_Total_global|_global|q13COL5_Total212121|q13COL5_Total|CURRENCY|GLOBAL: TOTAL - Funds of funds|35_19
q13COL6_Total_global|_global|q13COL6_Total222222|q13COL6_Total|CURRENCY|GLOBAL: TOTAL - Non-listed debt products|35_20
q13GRANDTotal_global|_global|q13GRANDTotal232323|q13GRANDTotal|CURRENCY|GLOBAL TOTAL Raised by targeted multi-sector|35_21
_global|_global||||For your Global strategy*, how much institutional capital did your company raise for non-listed vehicles in 2020 by targeted sector (million)?|36
q141_1_global|_global|q141_1242424|q141_1|CURRENCY|GLOBAL: Office - Non-listed/ commingled real estate funds/private REITs|36_1
q141_2_global|_global|q141_2252525|q141_2|CURRENCY|GLOBAL: Office - Separate accounts investing directly into real estate|36_2
q141_3_global|_global|q141_3262626|q141_3|CURRENCY|GLOBAL: Office - Separate accounts investing into indirect vehicles|36_3
q141_4_global|_global|q141_4272727|q141_4|CURRENCY|GLOBAL: Office - Joint ventures and club deals|36_4
q141_5_global|_global|q141_5282828|q141_5|CURRENCY|GLOBAL: Office - Funds of funds|36_5
q141_6_global|_global|q141_6292929|q141_6|CURRENCY|GLOBAL: Office - Non-listed debt products|36_6
q14ROW1_Total_global|_global|q14ROW1_Total303030|q14ROW1_Total|CURRENCY|GLOBAL: TOTAL Office|36_7
q142_1_global|_global|q142_1313131|q142_1|CURRENCY|GLOBAL: Retail - Non-listed/ commingled real estate funds/private REITs|36_8
q142_2_global|_global|q142_2323232|q142_2|CURRENCY|GLOBAL: Retail - Separate accounts investing directly into real estate|36_9
q142_3_global|_global|q142_3333333|q142_3|CURRENCY|GLOBAL: Retail - Separate accounts investing into indirect vehicles|36_10
q142_4_global|_global|q142_4343434|q142_4|CURRENCY|GLOBAL: Retail - Joint ventures and club deals|36_11
q142_5_global|_global|q142_5353535|q142_5|CURRENCY|GLOBAL: Retail - Funds of funds|36_12
q142_6_global|_global|q142_6363636|q142_6|CURRENCY|Non-listed debt products|36_13
q14ROW2_Total_global|_global|q14ROW2_Total373737|q14ROW2_Total|CURRENCY|GLOBAL: TOTAL Retail|36_14
q143_1_global|_global|q143_1383838|q143_1|CURRENCY|GLOBAL: Industrial / logistics - Non-listed/ commingled real estate funds/private REITs|36_15
q143_2_global|_global|q143_2393939|q143_2|CURRENCY|GLOBAL: Industrial / logistics - Separate accounts investing directly into real estate|36_16
q143_3_global|_global|q143_3404040|q143_3|CURRENCY|GLOBAL: Industrial / logistics - Separate accounts investing into indirect vehicles|36_17
q143_4_global|_global|q143_4414141|q143_4|CURRENCY|GLOBAL: Industrial / logistics - Joint ventures and club deals|36_18
q143_5_global|_global|q143_5424242|q143_5|CURRENCY|GLOBAL: Industrial / logistics - Funds of funds|36_19
q143_6_global|_global|q143_6434343|q143_6|CURRENCY|GLOBAL: Industrial / logistics - Non-listed debt products|36_20
q14ROW3_Total_global|_global|q14ROW3_Total444444|q14ROW3_Total|CURRENCY|GLOBAL: TOTAL Industrial / logistics|36_21
q144_1_global|_global|q144_1454545|q144_1|CURRENCY|GLOBAL: Residential / multi-family/apartments - Non-listed/ commingled real estate funds/private REITs|36_22
q144_2_global|_global|q144_2464646|q144_2|CURRENCY|GLOBAL: Residential / multi-family/apartments - Separate accounts investing directly into real estate|36_23
q144_3_global|_global|q144_3474747|q144_3|CURRENCY|GLOBAL: Residential / multi-family/apartments - Separate accounts investing into indirect vehicles|36_24
q144_4_global|_global|q144_4484848|q144_4|CURRENCY|GLOBAL: Residential / multi-family/apartments - Joint ventures and club deals|36_25
q144_5_global|_global|q144_5494949|q144_5|CURRENCY|GLOBAL: Residential / multi-family/apartments - Funds of funds|36_26
q144_6_global|_global|q144_6505050|q144_6|CURRENCY|GLOBAL: Residential / multi-family/apartments - Non-listed debt products|36_27
q14ROW4_Total_global|_global|q14ROW4_Total515151|q14ROW4_Total|CURRENCY|GLOBAL: TOTAL Residential / multi-family/apartments|36_28
q145_1_global|_global|q145_1525252|q145_1|CURRENCY|GLOBAL: Student housing - Non-listed/ commingled real estate funds/private REITs|36_29
q145_2_global|_global|q145_2535353|q145_2|CURRENCY|GLOBAL: Student housing - Separate accounts investing directly into real estate|36_30
q145_3_global|_global|q145_3545454|q145_3|CURRENCY|GLOBAL: Student housing - Separate accounts investing into indirect vehicles|36_31
q145_4_global|_global|q145_4555555|q145_4|CURRENCY|GLOBAL: Student housing - Joint ventures and club deals|36_32
q145_5_global|_global|q145_5565656|q145_5|CURRENCY|GLOBAL: Student housing - Funds of funds|36_33
q145_6_global|_global|q145_6575757|q145_6|CURRENCY|GLOBAL: Student housing - Non-listed debt products|36_34
q14ROW5_Total_global|_global|q14ROW5_Total585858|q14ROW5_Total|CURRENCY|GLOBAL: TOTAL Student housing |36_35
q146_1_global|_global|q146_1595959|q146_1|CURRENCY|GLOBAL: Senior living / aged care / health care - Non-listed/ commingled real estate funds/private REITs|36_36
q146_2_global|_global|q146_2606060|q146_2|CURRENCY|GLOBAL: Senior living / aged care / health care - Separate accounts investing directly into real estate|36_37
q146_3_global|_global|q146_3616161|q146_3|CURRENCY|GLOBAL: Senior living / aged care / health care - Separate accounts investing into indirect vehicles|36_38
q146_4_global|_global|q146_4626262|q146_4|CURRENCY|GLOBAL: Senior living / aged care / health care - Joint ventures and club deals|36_39
q146_5_global|_global|q146_5636363|q146_5|CURRENCY|GLOBAL: Senior living / aged care / health care - Funds of funds|36_40
q146_6_global|_global|q146_6646464|q146_6|CURRENCY|GLOBAL: Senior living / aged care / health care - Non-listed debt products|36_41
q14ROW6_Total_global|_global|q14ROW6_Total656565|q14ROW6_Total|CURRENCY|GLOBAL: TOTAL Senior living / aged care / health care|36_42
q147_1_global|_global|q147_1666666|q147_1|CURRENCY|GLOBAL: Hotel / leisure - Non-listed/ commingled real estate funds/private REITs|36_43
q147_2_global|_global|q147_2676767|q147_2|CURRENCY|GLOBAL: Hotel / leisure - Separate accounts investing directly into real estate|36_44
q147_3_global|_global|q147_3686868|q147_3|CURRENCY|GLOBAL: Hotel / leisure - Separate accounts investing into indirect vehicles|36_45
q147_4_global|_global|q147_4696969|q147_4|CURRENCY|GLOBAL: Hotel / leisure - Joint ventures and club deals|36_46
q147_5_global|_global|q147_5707070|q147_5|CURRENCY|GLOBAL: Hotel / leisure - Funds of funds|36_47
q147_6_global|_global|q147_6717171|q147_6|CURRENCY|GLOBAL: Hotel / leisure - Non-listed debt products|36_48
q14ROW7_Total_global|_global|q14ROW7_Total727272|q14ROW7_Total|CURRENCY|GLOBAL: TOTAL Hotel / leisure|36_49
q148_1_global|_global|q148_1737373|q148_1|CURRENCY|GLOBAL: Other (incl land, parking, self storage) - Non-listed/ commingled real estate funds/private REITs|36_50
q148_2_global|_global|q148_2747474|q148_2|CURRENCY|GLOBAL: Other (incl land, parking, self storage) - Separate accounts investing directly into real estate|36_51
q148_3_global|_global|q148_3757575|q148_3|CURRENCY|GLOBAL: Other (incl land, parking, self storage) - Separate accounts investing into indirect vehicles|36_52
q148_4_global|_global|q148_4767676|q148_4|CURRENCY|GLOBAL: Other (incl land, parking, self storage) - Joint ventures and club deals|36_53
q148_5_global|_global|q148_5777777|q148_5|CURRENCY|GLOBAL: Other (incl land, parking, self storage) - Funds of funds|36_54
q148_6_global|_global|q148_6787878|q148_6|CURRENCY|GLOBAL: Other (incl land, parking, self storage) - Non-listed debt products|36_55
q14ROW8_Total_global|_global|q14ROW8_Total797979|q14ROW8_Total|CURRENCY|GLOBAL: TOTAL Other (incl land, parking, self storage)|36_56
q14COL1_Total_global|_global|q14COL1_Total808080|q14COL1_Total|CURRENCY|GLOBAL: TOTAL Non-listed/ commingled real estate funds/private REITs|36_57
q14COL2_Total_global|_global|q14COL2_Total818181|q14COL2_Total|CURRENCY|GLOBAL: TOTAL Separate accounts investing directly into real estate|36_58
q14COL3_Total_global|_global|q14COL3_Total828282|q14COL3_Total|CURRENCY|GLOBAL: TOTAL Separate accounts investing into indirect vehicles|36_59
q14COL4_Total_global|_global|q14COL4_Total838383|q14COL4_Total|CURRENCY|GLOBAL: TOTAL Joint ventures and club deals|36_60
q14COL5_Total_global|_global|q14COL5_Total848484|q14COL5_Total|CURRENCY|GLOBAL: TOTAL Funds of funds|36_61
q14COL6_Total_global|_global|q14COL6_Total858585|q14COL6_Total|CURRENCY|GLOBAL: TOTAL Non-listed debt products|36_62
q14GRANDTotal_global|_global|q14GRANDTotal868686|q14GRANDTotal|CURRENCY|GLOBAL: TOTAL Raised by targeted sector|36_63
qBothStrategyGRANDTotal_global|_global|qBothStrategyGRANDTotal878787|qBothStrategyGRANDTotal|CURRENCY|Total Capital Raised in 2020 for your Global strategy (Shown only when BOTH strategies selected in q12)|36_64
_global|_global||||For your Global strategy*, how much institutional capital did your company raise for non-listed vehicles in 2020 by investment style (million)? |37
q151_1_global|_global|q151_1888888|q151_1|CURRENCY|GLOBAL: Core / Senior debt - Non-listed/ commingled real estate funds/private REITs|37_1
q151_2_global|_global|q151_2898989|q151_2|CURRENCY|GLOBAL: Core / Senior debt - Separate accounts investing directly into real estate|37_2
q151_3_global|_global|q151_3909090|q151_3|CURRENCY|GLOBAL: Core / Senior debt - Separate accounts investing into indirect vehicles|37_3
q151_4_global|_global|q151_4919191|q151_4|CURRENCY|GLOBAL: Core / Senior debt - Joint ventures and club deals|37_4
q151_5_global|_global|q151_5929292|q151_5|CURRENCY|GLOBAL: Core / Senior debt - Funds of funds|37_5
q151_6_global|_global|q151_6939393|q151_6|CURRENCY|GLOBAL: Core / Senior debt - Non-listed debt products|37_6
q15ROW1_Total_global|_global|q15ROW1_Total949494|q15ROW1_Total|CURRENCY|GLOBAL: TOTAL Core / Senior debt|37_7
q152_1_global|_global|q152_1959595|q152_1|CURRENCY|GLOBAL: Value added / Junior and other subordinated debt - Non-listed/ commingled real estate funds/private REITs|37_8
q152_2_global|_global|q152_2969696|q152_2|CURRENCY|GLOBAL: Value added / Junior and other subordinated debt - Separate accounts investing directly into real estate|37_9
q152_3_global|_global|q152_3979797|q152_3|CURRENCY|GLOBAL: Value added / Junior and other subordinated debt - Separate accounts investing into indirect vehicles|37_10
q152_4_global|_global|q152_4989898|q152_4|CURRENCY|GLOBAL: Value added / Junior and other subordinated debt - Joint ventures and club deals|37_11
q152_5_global|_global|q152_5999999|q152_5|CURRENCY|GLOBAL: Value added / Junior and other subordinated debt - Funds of funds|37_12
q152_6_global|_global|q152_6100100100|q152_6|CURRENCY|GLOBAL: Value added / Junior and other subordinated debt - Non-listed debt products|37_13
q15ROW2_Total_global|_global|q15ROW2_Total101101101|q15ROW2_Total|CURRENCY|GLOBAL: TOTAL Value added / Junior and other subordinated debt|37_14
q153_1_global|_global|q153_1102102102|q153_1|CURRENCY|GLOBAL: Opportunistic / Mezzanine debt - Non-listed/ commingled real estate funds/private REITs|37_15
q153_2_global|_global|q153_2103103103|q153_2|CURRENCY|GLOBAL: Opportunistic / Mezzanine debt - Separate accounts investing directly into real estate|37_16
q153_3_global|_global|q153_3104104104|q153_3|CURRENCY|GLOBAL: Opportunistic / Mezzanine debt - Separate accounts investing into indirect vehicles|37_17
q153_4_global|_global|q153_4105105105|q153_4|CURRENCY|GLOBAL: Opportunistic / Mezzanine debt - Joint ventures and club deals|37_18
q153_5_global|_global|q153_5106106106|q153_5|CURRENCY|GLOBAL: Opportunistic / Mezzanine debt - Funds of funds|37_19
q153_6_global|_global|q153_6107107107|q153_6|CURRENCY|GLOBAL: Opportunistic / Mezzanine debt - Non-listed debt products|37_20
q15ROW3_Total_global|_global|q15ROW3_Total108108108|q15ROW3_Total|CURRENCY|GLOBAL: TOTAL Opportunistic / Mezzanine debt|37_21
q154_1_global|_global|q154_1109109109|q154_1|CURRENCY|GLOBAL: Mixed strategies - Non-listed/ commingled real estate funds/private REITs|37_22
q154_2_global|_global|q154_2110110110|q154_2|CURRENCY|GLOBAL: Mixed strategies - Separate accounts investing directly into real estate|37_23
q154_3_global|_global|q154_3111111111|q154_3|CURRENCY|GLOBAL: Mixed strategies - Separate accounts investing into indirect vehicles|37_24
q154_4_global|_global|q154_4112112112|q154_4|CURRENCY|GLOBAL: Mixed strategies - Joint ventures and club deals|37_25
q154_5_global|_global|q154_5113113113|q154_5|CURRENCY|GLOBAL: Mixed strategies - Funds of funds|37_26
q154_6_global|_global|q154_6114114114|q154_6|CURRENCY|GLOBAL: Mixed strategies - Non-listed debt products|37_27
q15ROW4_Total_global|_global|q15ROW4_Total115115115|q15ROW4_Total|CURRENCY|GLOBAL: TOTAL Mixed strategies|37_28
q15COL1_Total_global|_global|q15COL1_Total116116116|q15COL1_Total|CURRENCY|GLOBAL: TOTAL Non-listed/ commingled real estate funds/private REITs|37_29
q15COL2_Total_global|_global|q15COL2_Total117117117|q15COL2_Total|CURRENCY|GLOBAL: TOTAL Separate accounts investing directly into real estate|37_30
q15COL3_Total_global|_global|q15COL3_Total118118118|q15COL3_Total|CURRENCY|GLOBAL: TOTAL Separate accounts investing into indirect vehicles|37_31
q15COL4_Total_global|_global|q15COL4_Total119119119|q15COL4_Total|CURRENCY|GLOBAL: TOTAL Joint ventures and club deals|37_32
q15COL5_Total_global|_global|q15COL5_Total120120120|q15COL5_Total|CURRENCY|GLOBAL: TOTAL Funds of funds|37_33
q15COL6_Total_global|_global|q15COL6_Total121121121|q15COL6_Total|CURRENCY|GLOBAL: TOTAL Non-listed debt products|37_34
q15GRANDTotal_global|_global|q15GRANDTotal122122122|q15GRANDTotal|CURRENCY|GLOBAL: Total Capital Raised in 2020 for your Global strategy|37_35
SOUTH AMERICA_southamerica|_southamerica|SOUTH AMERICA|SOUTH AMERICA|||
_southamerica|_southamerica||||For your South American strategy*, how much institutional capital did your company raise for non-listed vehicles in 2020 by investor type (million)?|38
q101_1_southamerica|_southamerica|q101_1325|q101_1|CURRENCY|SA: Pension funds - Non-listed/ commingled real estate funds/private REITs|38_1
q101_2_southamerica|_southamerica|q101_2326|q101_2|CURRENCY|SA: Pension funds - Separate accounts investing directly into real estate|38_2
q101_3_southamerica|_southamerica|q101_3327|q101_3|CURRENCY|SA: Pension funds - Separate accounts investing into indirect vehicles|38_3
q101_4_southamerica|_southamerica|q101_4328|q101_4|CURRENCY|SA: Pension funds - Joint ventures and club deals|38_4
q101_5_southamerica|_southamerica|q101_5329|q101_5|CURRENCY|SA: Pension funds - Funds of funds|38_5
q101_6_southamerica|_southamerica|q101_6330|q101_6|CURRENCY|SA: Pension funds - Non-listed debt products|38_6
q10ROW1_Total_southamerica|_southamerica|q10ROW1_hidden331|q10ROW1_Total|CURRENCY|SA: Pension funds - TOTAL|38_7
q102_1_southamerica|_southamerica|q102_1332|q102_1|CURRENCY|SA: Insurance companies - Non-listed/ commingled real estate funds/private REITs|38_8
q102_2_southamerica|_southamerica|q102_2333|q102_2|CURRENCY|SA: Insurance companies - Separate accounts investing directly into real estate|38_9
q102_3_southamerica|_southamerica|q102_3334|q102_3|CURRENCY|SA: Insurance companies - Separate accounts investing into indirect vehicles|38_10
q102_4_southamerica|_southamerica|q102_4335|q102_4|CURRENCY|SA: Insurance companies - Joint ventures and club deals|38_11
q102_5_southamerica|_southamerica|q102_5336|q102_5|CURRENCY|SA: Insurance companies - Funds of funds|38_12
q102_6_southamerica|_southamerica|q102_6337|q102_6|CURRENCY|SA: Insurance companies - Non-listed debt products|38_13
q10ROW2_Total_southamerica|_southamerica|q10ROW2_hidden338|q10ROW2_Total|CURRENCY|SA: Insurance companies - TOTAL|38_14
q103_1_southamerica|_southamerica|q103_1339|q103_1|CURRENCY|SA: Sovereign wealth funds - Non-listed/ commingled real estate funds/private REITs|38_15
q103_2_southamerica|_southamerica|q103_2340|q103_2|CURRENCY|SA: Sovereign wealth funds - Separate accounts investing directly into real estate|38_16
q103_3_southamerica|_southamerica|q103_3341|q103_3|CURRENCY|SA: Sovereign wealth funds - Separate accounts investing into indirect vehicles|38_17
q103_4_southamerica|_southamerica|q103_4342|q103_4|CURRENCY|SA: Sovereign wealth funds - Joint ventures and club deals|38_18
q103_5_southamerica|_southamerica|q103_5343|q103_5|CURRENCY|SA: Sovereign wealth funds - Funds of funds|38_19
q103_6_southamerica|_southamerica|q103_6344|q103_6|CURRENCY|SA: Sovereign wealth funds - Non-listed debt products|38_20
q10ROW3_Total_southamerica|_southamerica|q10ROW3_hidden345|q10ROW3_Total|CURRENCY|SA: Sovereign wealth funds - TOTAL|38_21
q104_1_southamerica|_southamerica|q104_1346|q104_1|CURRENCY|SA: Government institutions - Non-listed/ commingled real estate funds/private REITs|38_22
q104_2_southamerica|_southamerica|q104_2347|q104_2|CURRENCY|SA: Government institutions - Separate accounts investing directly into real estate|38_23
q104_3_southamerica|_southamerica|q104_3348|q104_3|CURRENCY|SA: Government institutions - Separate accounts investing into indirect vehicles|38_24
q104_4_southamerica|_southamerica|q104_4349|q104_4|CURRENCY|SA: Government institutions - Joint ventures and club deals|38_25
q104_5_southamerica|_southamerica|q104_5350|q104_5|CURRENCY|SA: Government institutions - Funds of funds|38_26
q104_6_southamerica|_southamerica|q104_6351|q104_6|CURRENCY|SA: Government institutions - Non-listed debt products|38_27
q10ROW4_Total_southamerica|_southamerica|q10ROW4_hidden352|q10ROW4_Total|CURRENCY|SA: Government institutions - TOTAL|38_28
q105_1_southamerica|_southamerica|q105_1353|q105_1|CURRENCY|SA: Charities, foundations, non-profit organisations - Non-listed/ commingled real estate funds/private REITs|38_29
q105_2_southamerica|_southamerica|q105_2354|q105_2|CURRENCY|SA: Charities, foundations, non-profit organisations - Separate accounts investing directly into real estate|38_30
q105_3_southamerica|_southamerica|q105_3355|q105_3|CURRENCY|SA: Charities, foundations, non-profit organisations - Separate accounts investing into indirect vehicles|38_31
q105_4_southamerica|_southamerica|q105_4356|q105_4|CURRENCY|SA: Charities, foundations, non-profit organisations - Joint ventures and club deals|38_32
q105_5_southamerica|_southamerica|q105_5357|q105_5|CURRENCY|SA: Charities, foundations, non-profit organisations - Funds of funds|38_33
q105_6_southamerica|_southamerica|q105_6358|q105_6|CURRENCY|SA: Charities, foundations, non-profit organisations - Non-listed debt products|38_34
q10ROW5_Total_southamerica|_southamerica|q10ROW5_hidden359|q10ROW5_Total|CURRENCY|SA: Charities, foundations, non-profit organisations - TOTAL|38_35
q106_1_southamerica|_southamerica|q106_1360|q106_1|CURRENCY|SA: Funds of funds - Non-listed/ commingled real estate funds/private REITs|38_36
q106_2_southamerica|_southamerica|q106_2361|q106_2|CURRENCY|SA: Funds of funds - Separate accounts investing directly into real estate|38_37
q106_3_southamerica|_southamerica|q106_3362|q106_3|CURRENCY|SA: Funds of funds - Separate accounts investing into indirect vehicles|38_38
q106_4_southamerica|_southamerica|q106_4363|q106_4|CURRENCY|SA: Funds of funds - Joint ventures and club deals|38_39
q106_5_southamerica|_southamerica|q106_5364|q106_5|CURRENCY|SA: Funds of funds - Funds of funds|38_40
q106_6_southamerica|_southamerica|q106_6365|q106_6|CURRENCY|SA: Funds of funds - Non-listed debt products|38_41
q10ROW6_Total_southamerica|_southamerica|q10ROW6_hidden366|q10ROW6_Total|CURRENCY|SA: Funds of funds - TOTAL|38_42
q107_1_southamerica|_southamerica|q107_1367|q107_1|CURRENCY|SA: High net worth individuals /Family offices - Non-listed/ commingled real estate funds/private REITs|38_43
q107_2_southamerica|_southamerica|q107_2368|q107_2|CURRENCY|SA: High net worth individuals /Family offices - Separate accounts investing directly into real estate|38_44
q107_3_southamerica|_southamerica|q107_3369|q107_3|CURRENCY|SA: High net worth individuals /Family offices - Separate accounts investing into indirect vehicles|38_45
q107_4_southamerica|_southamerica|q107_4370|q107_4|CURRENCY|SA: High net worth individuals /Family offices - Joint ventures and club deals|38_46
q107_5_southamerica|_southamerica|q107_5371|q107_5|CURRENCY|SA: High net worth individuals /Family offices - Funds of funds|38_47
q107_6_southamerica|_southamerica|q107_6372|q107_6|CURRENCY|SA: High net worth individuals /Family offices - Non-listed debt products|38_48
q10ROW7_Total_southamerica|_southamerica|q10ROW7_hidden373|q10ROW7_Total|CURRENCY|SA: High net worth individuals /Family offices - TOTAL|38_49
q10other_southamerica|_southamerica|q10other374|q10other|TEXT|SA: Other investor type (Other)|38_50
q108_1_southamerica|_southamerica|q108_1375|q108_1|CURRENCY|SA: Other - Non-listed/ commingled real estate funds/private REITs|38_51
q108_2_southamerica|_southamerica|q108_2376|q108_2|CURRENCY|SA: Other - Separate accounts investing directly into real estate|38_52
q108_3_southamerica|_southamerica|q108_3377|q108_3|CURRENCY|SA: Other - Separate accounts investing into indirect vehicles|38_53
q108_4_southamerica|_southamerica|q108_4378|q108_4|CURRENCY|SA: Other - Joint ventures and club deals|38_54
q108_5_southamerica|_southamerica|q108_5379|q108_5|CURRENCY|SA: Other - Funds of funds|38_55
q108_6_southamerica|_southamerica|q108_6380|q108_6|CURRENCY|SA: Other - Non-listed debt products|38_56
q10ROW8_Total_southamerica|_southamerica|q10ROW8_hidden381|q10ROW8_Total|CURRENCY|SA: Other - TOTAL|38_57
q10COL1_Total_southamerica|_southamerica|q10COL1_hidden382|q10COL1_Total|CURRENCY|SA TOTAL - Non-listed/ commingled real estate funds/private REITs|38_58
q10COL2_Total_southamerica|_southamerica|q10COL2_hidden383|q10COL2_Total|CURRENCY|SA TOTAL - Separate accounts investing directly into real estate|38_59
q10COL3_Total_southamerica|_southamerica|q10COL3_hidden384|q10COL3_Total|CURRENCY|SA TOTAL - Separate accounts investing into indirect vehicles|38_60
q10COL4_Total_southamerica|_southamerica|q10COL4_hidden385|q10COL4_Total|CURRENCY|SA TOTAL - Joint ventures and club deals|38_61
q10COL5_Total_southamerica|_southamerica|q10COL5_hidden386|q10COL5_Total|CURRENCY|SA TOTAL - Funds of funds|38_62
q10COL6_Total_southamerica|_southamerica|q10COL6_hidden387|q10COL6_Total|CURRENCY|SA TOTAL - Non-listed debt products|38_63
q10GRANDTotal_southamerica|_southamerica|q10GRANDTotal_hidden388|q10GRANDTotal|CURRENCY|SA TOTAL Capital Raised in 2020 for your South American strategy by investor type|38_64
_southamerica|_southamerica||||For your South American strategy*, how much institutional capital did your company raise for non-listed vehicles in 2020 by investor domicile (million)?|39
q111_1_southamerica|_southamerica|q111_1389|q111_1|CURRENCY|SA: Asia Pacific - Non-listed/ commingled real estate funds/private REITs|39_1
q111_2_southamerica|_southamerica|q111_2390|q111_2|CURRENCY|SA: Asia Pacific - Separate accounts investing directly into real estate|39_2
q111_3_southamerica|_southamerica|q111_3391|q111_3|CURRENCY|SA: Asia Pacific - Separate accounts investing into indirect vehicles|39_3
q111_4_southamerica|_southamerica|q111_4392|q111_4|CURRENCY|SA: Asia Pacific - Joint ventures and club deals|39_4
q111_5_southamerica|_southamerica|q111_5393|q111_5|CURRENCY|SA: Asia Pacific - Funds of funds|39_5
q111_6_southamerica|_southamerica|q111_6394|q111_6|CURRENCY|SA: Asia Pacific - Non-listed debt products|39_6
q11ROW1_Total_southamerica|_southamerica|q11ROW1_hidden395|q11ROW1_Total|CURRENCY|SA: Asia Pacific - TOTAL|39_7
q112_1_southamerica|_southamerica|q112_1396|q112_1|CURRENCY|SA: Europe - Non-listed/ commingled real estate funds/private REITs|39_8
q112_2_southamerica|_southamerica|q112_2397|q112_2|CURRENCY|SA: Europe - Separate accounts investing directly into real estate|39_9
q112_3_southamerica|_southamerica|q112_3398|q112_3|CURRENCY|SA: Europe - Separate accounts investing into indirect vehicles|39_10
q112_4_southamerica|_southamerica|q112_4399|q112_4|CURRENCY|SA: Europe - Joint ventures and club deals|39_11
q112_5_southamerica|_southamerica|q112_5400|q112_5|CURRENCY|SA: Europe - Funds of funds|39_12
q112_6_southamerica|_southamerica|q112_6401|q112_6|CURRENCY|SA: Europe - Non-listed debt products|39_13
q11ROW2_Total_southamerica|_southamerica|q11ROW2_hidden402|q11ROW2_Total|CURRENCY|SA: Europe - TOTAL|39_14
q113_1_southamerica|_southamerica|q113_1403|q113_1|CURRENCY|SA: North America - Non-listed/ commingled real estate funds/private REITs|39_15
q113_2_southamerica|_southamerica|q113_2404|q113_2|CURRENCY|SA: North America - Separate accounts investing directly into real estate|39_16
q113_3_southamerica|_southamerica|q113_3405|q113_3|CURRENCY|SA: North America - Separate accounts investing into indirect vehicles|39_17
q113_4_southamerica|_southamerica|q113_4406|q113_4|CURRENCY|SA: North America - Joint ventures and club deals|39_18
q113_5_southamerica|_southamerica|q113_5407|q113_5|CURRENCY|SA: North America - Funds of funds|39_19
q113_6_southamerica|_southamerica|q113_6408|q113_6|CURRENCY|SA: North America - Non-listed debt products|39_20
q11ROW3_Total_southamerica|_southamerica|q11ROW3_hidden409|q11ROW3_Total|CURRENCY|SA: North America - TOTAL|39_21
q114_1_southamerica|_southamerica|q114_1410|q114_1|CURRENCY|SA: South America - Non-listed/ commingled real estate funds/private REITs|39_22
q114_2_southamerica|_southamerica|q114_2411|q114_2|CURRENCY|SA: South America - Separate accounts investing directly into real estate|39_23
q114_3_southamerica|_southamerica|q114_3412|q114_3|CURRENCY|SA: South America - Separate accounts investing into indirect vehicles|39_24
q114_4_southamerica|_southamerica|q114_4413|q114_4|CURRENCY|SA: South America - Joint ventures and club deals|39_25
q114_5_southamerica|_southamerica|q114_5414|q114_5|CURRENCY|SA: South America - Funds of funds|39_26
q114_6_southamerica|_southamerica|q114_6415|q114_6|CURRENCY|SA: South America - Non-listed debt products|39_27
q11ROW4_Total_southamerica|_southamerica|q11ROW4_hidden416|q11ROW4_Total|CURRENCY|SA: South America - TOTAL|39_28
q115_1_southamerica|_southamerica|q115_1417|q115_1|CURRENCY|SA: Africa - Non-listed/ commingled real estate funds/private REITs|39_29
q115_2_southamerica|_southamerica|q115_2418|q115_2|CURRENCY|SA: Africa - Separate accounts investing directly into real estate|39_30
q115_3_southamerica|_southamerica|q115_3419|q115_3|CURRENCY|SA: Africa - Separate accounts investing into indirect vehicles|39_31
q115_4_southamerica|_southamerica|q115_4420|q115_4|CURRENCY|SA: Africa - Joint ventures and club deals|39_32
q115_5_southamerica|_southamerica|q115_5421|q115_5|CURRENCY|SA: Africa - Funds of funds|39_33
q115_6_southamerica|_southamerica|q115_6422|q115_6|CURRENCY|SA: Africa - Non-listed debt products|39_34
q11ROW5_Total_southamerica|_southamerica|q11ROW5_hidden423|q11ROW5_Total|CURRENCY|SA: Africa - TOTAL|39_35
q11COL1_Total_southamerica|_southamerica|q11COL1_hidden424|q11COL1_Total|CURRENCY|SA: TOTAL - Non-listed/ commingled real estate funds/private REITs|39_36
q11COL2_Total_southamerica|_southamerica|q11COL2_hidden425|q11COL2_Total|CURRENCY|SA: TOTAL - Separate accounts investing directly into real estate|39_37
q11COL3_Total_southamerica|_southamerica|q11COL3_hidden426|q11COL3_Total|CURRENCY|SA: TOTAL - Separate accounts investing into indirect vehicles|39_38
q11COL4_Total_southamerica|_southamerica|q11COL4_hidden427|q11COL4_Total|CURRENCY|SA: TOTAL - Joint ventures and club deals|39_39
q11COL5_Total_southamerica|_southamerica|q11COL5_hidden428|q11COL5_Total|CURRENCY|SA: TOTAL - Funds of funds|39_40
q11COL6_Total_southamerica|_southamerica|q11COL6_hidden429|q11COL6_Total|CURRENCY|SA: TOTAL - Non-listed debt products|39_41
q11GRANDTotal_southamerica|_southamerica|q11GRANDTotal_hidden430|q11GRANDTotal|CURRENCY|SA TOTAL Capital Raised in 2020 for your South American strategy by investor domicile|39_42
q12_southamerica|_southamerica|q122222|q12|SINGLE|For your South American strategy*, for which sector-strategy did your company raise institutional capital for non-listed vehicles in 2020?|40
_southamerica|_southamerica||||For your South American strategy*, how much institutional capital did your company raise for non-listed vehicles in 2020 by targeted multi-sector (million)?|41
q131_1_southamerica|_southamerica|q131_13333|q131_1|CURRENCY|SA: Main sectors - Non-listed/ commingled real estate funds/private REITs|41_1
q131_2_southamerica|_southamerica|q131_24444|q131_2|CURRENCY|SA: Main sectors - Separate accounts investing directly into real estate|41_2
q131_3_southamerica|_southamerica|q131_35555|q131_3|CURRENCY|SA: Main sectors - Separate accounts investing into indirect vehicles|41_3
q131_4_southamerica|_southamerica|q131_46666|q131_4|CURRENCY|SA: Main sectors - Joint ventures and club deals|41_4
q131_5_southamerica|_southamerica|q131_57777|q131_5|CURRENCY|SA: Main sectors - Funds of funds|41_5
q131_6_southamerica|_southamerica|q131_68888|q131_6|CURRENCY|SA: Main sectors - Non-listed debt products|41_6
q13ROW1_Total_southamerica|_southamerica|q13ROW1_Total9999|q13ROW1_Total|CURRENCY|SA: TOTAL - Main sectors |41_7
q132_1_southamerica|_southamerica|q132_110101010|q132_1|CURRENCY|SA:  Alternative sectors - Non-listed/ commingled real estate funds/private REITs|41_8
q132_2_southamerica|_southamerica|q132_211111111|q132_2|CURRENCY|SA:  Alternative sectors - Separate accounts investing directly into real estate|41_9
q132_3_southamerica|_southamerica|q132_312121212|q132_3|CURRENCY|SA:  Alternative sectors - Separate accounts investing into indirect vehicles|41_10
q132_4_southamerica|_southamerica|q132_413131313|q132_4|CURRENCY|SA:  Alternative sectors - Joint ventures and club deals|41_11
q132_5_southamerica|_southamerica|q132_514141414|q132_5|CURRENCY|SA:  Alternative sectors - Funds of funds|41_12
q132_6_southamerica|_southamerica|q132_615151515|q132_6|CURRENCY|SA:  Alternative sectors - Non-listed debt products|41_13
q13ROW2_Total_southamerica|_southamerica|q13ROW2_Total16161616|q13ROW2_Total|CURRENCY|SA:  TOTAL - Alternative sectors|41_14
q13COL1_Total_southamerica|_southamerica|q13COL1_Total17171717|q13COL1_Total|CURRENCY|SA: TOTAL - Non-listed/ commingled real estate funds/private REITs|41_15
q13COL2_Total_southamerica|_southamerica|q13COL2_Total18181818|q13COL2_Total|CURRENCY|SA: TOTAL - Separate accounts investing directly into real estate|41_16
q13COL3_Total_southamerica|_southamerica|q13COL3_Total19191919|q13COL3_Total|CURRENCY|SA: TOTAL - Separate accounts investing into indirect vehicles|41_17
q13COL4_Total_southamerica|_southamerica|q13COL4_Total20202020|q13COL4_Total|CURRENCY|SA: TOTAL - Joint ventures and club deals|41_18
q13COL5_Total_southamerica|_southamerica|q13COL5_Total21212121|q13COL5_Total|CURRENCY|SA: TOTAL - Funds of funds|41_19
q13COL6_Total_southamerica|_southamerica|q13COL6_Total22222222|q13COL6_Total|CURRENCY|SA: TOTAL - Non-listed debt products|41_20
q13GRANDTotal_southamerica|_southamerica|q13GRANDTotal23232323|q13GRANDTotal|CURRENCY|SA TOTAL Raised by targeted multi-sector|41_21
_southamerica|_southamerica||||For your South American strategy*, how much institutional capital did your company raise for non-listed vehicles in 2020 by targeted sector (million)?|42
q141_1_southamerica|_southamerica|q141_124242424|q141_1|CURRENCY|SA: Office - Non-listed/ commingled real estate funds/private REITs|42_1
q141_2_southamerica|_southamerica|q141_225252525|q141_2|CURRENCY|SA: Office - Separate accounts investing directly into real estate|42_2
q141_3_southamerica|_southamerica|q141_326262626|q141_3|CURRENCY|SA: Office - Separate accounts investing into indirect vehicles|42_3
q141_4_southamerica|_southamerica|q141_427272727|q141_4|CURRENCY|SA: Office - Joint ventures and club deals|42_4
q141_5_southamerica|_southamerica|q141_528282828|q141_5|CURRENCY|SA: Office - Funds of funds|42_5
q141_6_southamerica|_southamerica|q141_629292929|q141_6|CURRENCY|SA: Office - Non-listed debt products|42_6
q14ROW1_Total_southamerica|_southamerica|q14ROW1_Total30303030|q14ROW1_Total|CURRENCY|SA: TOTAL Office|42_7
q142_1_southamerica|_southamerica|q142_131313131|q142_1|CURRENCY|SA: Retail - Non-listed/ commingled real estate funds/private REITs|42_8
q142_2_southamerica|_southamerica|q142_232323232|q142_2|CURRENCY|SA: Retail - Separate accounts investing directly into real estate|42_9
q142_3_southamerica|_southamerica|q142_333333333|q142_3|CURRENCY|SA: Retail - Separate accounts investing into indirect vehicles|42_10
q142_4_southamerica|_southamerica|q142_434343434|q142_4|CURRENCY|SA: Retail - Joint ventures and club deals|42_11
q142_5_southamerica|_southamerica|q142_535353535|q142_5|CURRENCY|SA: Retail - Funds of funds|42_12
q142_6_southamerica|_southamerica|q142_636363636|q142_6|CURRENCY|Non-listed debt products|42_13
q14ROW2_Total_southamerica|_southamerica|q14ROW2_Total37373737|q14ROW2_Total|CURRENCY|SA: TOTAL Retail|42_14
q143_1_southamerica|_southamerica|q143_138383838|q143_1|CURRENCY|SA: Industrial / logistics - Non-listed/ commingled real estate funds/private REITs|42_15
q143_2_southamerica|_southamerica|q143_239393939|q143_2|CURRENCY|SA: Industrial / logistics - Separate accounts investing directly into real estate|42_16
q143_3_southamerica|_southamerica|q143_340404040|q143_3|CURRENCY|SA: Industrial / logistics - Separate accounts investing into indirect vehicles|42_17
q143_4_southamerica|_southamerica|q143_441414141|q143_4|CURRENCY|SA: Industrial / logistics - Joint ventures and club deals|42_18
q143_5_southamerica|_southamerica|q143_542424242|q143_5|CURRENCY|SA: Industrial / logistics - Funds of funds|42_19
q143_6_southamerica|_southamerica|q143_643434343|q143_6|CURRENCY|SA: Industrial / logistics - Non-listed debt products|42_20
q14ROW3_Total_southamerica|_southamerica|q14ROW3_Total44444444|q14ROW3_Total|CURRENCY|SA: TOTAL Industrial / logistics|42_21
q144_1_southamerica|_southamerica|q144_145454545|q144_1|CURRENCY|SA: Residential / multi-family/apartments - Non-listed/ commingled real estate funds/private REITs|42_22
q144_2_southamerica|_southamerica|q144_246464646|q144_2|CURRENCY|SA: Residential / multi-family/apartments - Separate accounts investing directly into real estate|42_23
q144_3_southamerica|_southamerica|q144_347474747|q144_3|CURRENCY|SA: Residential / multi-family/apartments - Separate accounts investing into indirect vehicles|42_24
q144_4_southamerica|_southamerica|q144_448484848|q144_4|CURRENCY|SA: Residential / multi-family/apartments - Joint ventures and club deals|42_25
q144_5_southamerica|_southamerica|q144_549494949|q144_5|CURRENCY|SA: Residential / multi-family/apartments - Funds of funds|42_26
q144_6_southamerica|_southamerica|q144_650505050|q144_6|CURRENCY|SA: Residential / multi-family/apartments - Non-listed debt products|42_27
q14ROW4_Total_southamerica|_southamerica|q14ROW4_Total51515151|q14ROW4_Total|CURRENCY|SA: TOTAL Residential / multi-family/apartments|42_28
q145_1_southamerica|_southamerica|q145_152525252|q145_1|CURRENCY|SA: Student housing - Non-listed/ commingled real estate funds/private REITs|42_29
q145_2_southamerica|_southamerica|q145_253535353|q145_2|CURRENCY|SA: Student housing - Separate accounts investing directly into real estate|42_30
q145_3_southamerica|_southamerica|q145_354545454|q145_3|CURRENCY|SA: Student housing - Separate accounts investing into indirect vehicles|42_31
q145_4_southamerica|_southamerica|q145_455555555|q145_4|CURRENCY|SA: Student housing - Joint ventures and club deals|42_32
q145_5_southamerica|_southamerica|q145_556565656|q145_5|CURRENCY|SA: Student housing - Funds of funds|42_33
q145_6_southamerica|_southamerica|q145_657575757|q145_6|CURRENCY|SA: Student housing - Non-listed debt products|42_34
q14ROW5_Total_southamerica|_southamerica|q14ROW5_Total58585858|q14ROW5_Total|CURRENCY|SA: TOTAL Student housing |42_35
q146_1_southamerica|_southamerica|q146_159595959|q146_1|CURRENCY|SA: Senior living / aged care / health care - Non-listed/ commingled real estate funds/private REITs|42_36
q146_2_southamerica|_southamerica|q146_260606060|q146_2|CURRENCY|SA: Senior living / aged care / health care - Separate accounts investing directly into real estate|42_37
q146_3_southamerica|_southamerica|q146_361616161|q146_3|CURRENCY|SA: Senior living / aged care / health care - Separate accounts investing into indirect vehicles|42_38
q146_4_southamerica|_southamerica|q146_462626262|q146_4|CURRENCY|SA: Senior living / aged care / health care - Joint ventures and club deals|42_39
q146_5_southamerica|_southamerica|q146_563636363|q146_5|CURRENCY|SA: Senior living / aged care / health care - Funds of funds|42_40
q146_6_southamerica|_southamerica|q146_664646464|q146_6|CURRENCY|SA: Senior living / aged care / health care - Non-listed debt products|42_41
q14ROW6_Total_southamerica|_southamerica|q14ROW6_Total65656565|q14ROW6_Total|CURRENCY|SA: TOTAL Senior living / aged care / health care|42_42
q147_1_southamerica|_southamerica|q147_166666666|q147_1|CURRENCY|SA: Hotel / leisure - Non-listed/ commingled real estate funds/private REITs|42_43
q147_2_southamerica|_southamerica|q147_267676767|q147_2|CURRENCY|SA: Hotel / leisure - Separate accounts investing directly into real estate|42_44
q147_3_southamerica|_southamerica|q147_368686868|q147_3|CURRENCY|SA: Hotel / leisure - Separate accounts investing into indirect vehicles|42_45
q147_4_southamerica|_southamerica|q147_469696969|q147_4|CURRENCY|SA: Hotel / leisure - Joint ventures and club deals|42_46
q147_5_southamerica|_southamerica|q147_570707070|q147_5|CURRENCY|SA: Hotel / leisure - Funds of funds|42_47
q147_6_southamerica|_southamerica|q147_671717171|q147_6|CURRENCY|SA: Hotel / leisure - Non-listed debt products|42_48
q14ROW7_Total_southamerica|_southamerica|q14ROW7_Total72727272|q14ROW7_Total|CURRENCY|SA: TOTAL Hotel / leisure|42_49
q148_1_southamerica|_southamerica|q148_173737373|q148_1|CURRENCY|SA: Other (incl land, parking, self storage) - Non-listed/ commingled real estate funds/private REITs|42_50
q148_2_southamerica|_southamerica|q148_274747474|q148_2|CURRENCY|SA: Other (incl land, parking, self storage) - Separate accounts investing directly into real estate|42_51
q148_3_southamerica|_southamerica|q148_375757575|q148_3|CURRENCY|SA: Other (incl land, parking, self storage) - Separate accounts investing into indirect vehicles|42_52
q148_4_southamerica|_southamerica|q148_476767676|q148_4|CURRENCY|SA: Other (incl land, parking, self storage) - Joint ventures and club deals|42_53
q148_5_southamerica|_southamerica|q148_577777777|q148_5|CURRENCY|SA: Other (incl land, parking, self storage) - Funds of funds|42_54
q148_6_southamerica|_southamerica|q148_678787878|q148_6|CURRENCY|SA: Other (incl land, parking, self storage) - Non-listed debt products|42_55
q14ROW8_Total_southamerica|_southamerica|q14ROW8_Total79797979|q14ROW8_Total|CURRENCY|SA: TOTAL Other (incl land, parking, self storage)|42_56
q14COL1_Total_southamerica|_southamerica|q14COL1_Total80808080|q14COL1_Total|CURRENCY|SA: TOTAL Non-listed/ commingled real estate funds/private REITs|42_57
q14COL2_Total_southamerica|_southamerica|q14COL2_Total81818181|q14COL2_Total|CURRENCY|SA: TOTAL Separate accounts investing directly into real estate|42_58
q14COL3_Total_southamerica|_southamerica|q14COL3_Total82828282|q14COL3_Total|CURRENCY|SA: TOTAL Separate accounts investing into indirect vehicles|42_59
q14COL4_Total_southamerica|_southamerica|q14COL4_Total83838383|q14COL4_Total|CURRENCY|SA: TOTAL Joint ventures and club deals|42_60
q14COL5_Total_southamerica|_southamerica|q14COL5_Total84848484|q14COL5_Total|CURRENCY|SA: TOTAL Funds of funds|42_61
q14COL6_Total_southamerica|_southamerica|q14COL6_Total85858585|q14COL6_Total|CURRENCY|SA: TOTAL Non-listed debt products|42_62
q14GRANDTotal_southamerica|_southamerica|q14GRANDTotal86868686|q14GRANDTotal|CURRENCY|SA: TOTAL Raised by targeted sector|42_63
qBothStrategyGRANDTotal_southamerica|_southamerica|qBothStrategyGRANDTotal87878787|qBothStrategyGRANDTotal|CURRENCY|Total Capital Raised in 2020 for your South American strategy (Shown only when BOTH strategies selected in q12)|42_64
_southamerica|_southamerica||||For your South American strategy*, how much institutional capital did your company raise for non-listed vehicles in 2020 by investment style (million)? |43
q151_1_southamerica|_southamerica|q151_188888888|q151_1|CURRENCY|SA: Core / Senior debt - Non-listed/ commingled real estate funds/private REITs|43_1
q151_2_southamerica|_southamerica|q151_289898989|q151_2|CURRENCY|SA: Core / Senior debt - Separate accounts investing directly into real estate|43_2
q151_3_southamerica|_southamerica|q151_390909090|q151_3|CURRENCY|SA: Core / Senior debt - Separate accounts investing into indirect vehicles|43_3
q151_4_southamerica|_southamerica|q151_491919191|q151_4|CURRENCY|SA: Core / Senior debt - Joint ventures and club deals|43_4
q151_5_southamerica|_southamerica|q151_592929292|q151_5|CURRENCY|SA: Core / Senior debt - Funds of funds|43_5
q151_6_southamerica|_southamerica|q151_693939393|q151_6|CURRENCY|SA: Core / Senior debt - Non-listed debt products|43_6
q15ROW1_Total_southamerica|_southamerica|q15ROW1_Total94949494|q15ROW1_Total|CURRENCY|SA: TOTAL Core / Senior debt|43_7
q152_1_southamerica|_southamerica|q152_195959595|q152_1|CURRENCY|SA: Value added / Junior and other subordinated debt - Non-listed/ commingled real estate funds/private REITs|43_8
q152_2_southamerica|_southamerica|q152_296969696|q152_2|CURRENCY|SA: Value added / Junior and other subordinated debt - Separate accounts investing directly into real estate|43_9
q152_3_southamerica|_southamerica|q152_397979797|q152_3|CURRENCY|SA: Value added / Junior and other subordinated debt - Separate accounts investing into indirect vehicles|43_10
q152_4_southamerica|_southamerica|q152_498989898|q152_4|CURRENCY|SA: Value added / Junior and other subordinated debt - Joint ventures and club deals|43_11
q152_5_southamerica|_southamerica|q152_599999999|q152_5|CURRENCY|SA: Value added / Junior and other subordinated debt - Funds of funds|43_12
q152_6_southamerica|_southamerica|q152_6100100100100|q152_6|CURRENCY|SA: Value added / Junior and other subordinated debt - Non-listed debt products|43_13
q15ROW2_Total_southamerica|_southamerica|q15ROW2_Total101101101101|q15ROW2_Total|CURRENCY|SA: TOTAL Value added / Junior and other subordinated debt|43_14
q153_1_southamerica|_southamerica|q153_1102102102102|q153_1|CURRENCY|SA: Opportunistic / Mezzanine debt - Non-listed/ commingled real estate funds/private REITs|43_15
q153_2_southamerica|_southamerica|q153_2103103103103|q153_2|CURRENCY|SA: Opportunistic / Mezzanine debt - Separate accounts investing directly into real estate|43_16
q153_3_southamerica|_southamerica|q153_3104104104104|q153_3|CURRENCY|SA: Opportunistic / Mezzanine debt - Separate accounts investing into indirect vehicles|43_17
q153_4_southamerica|_southamerica|q153_4105105105105|q153_4|CURRENCY|SA: Opportunistic / Mezzanine debt - Joint ventures and club deals|43_18
q153_5_southamerica|_southamerica|q153_5106106106106|q153_5|CURRENCY|SA: Opportunistic / Mezzanine debt - Funds of funds|43_19
q153_6_southamerica|_southamerica|q153_6107107107107|q153_6|CURRENCY|SA: Opportunistic / Mezzanine debt - Non-listed debt products|43_20
q15ROW3_Total_southamerica|_southamerica|q15ROW3_Total108108108108|q15ROW3_Total|CURRENCY|SA: TOTAL Opportunistic / Mezzanine debt|43_21
q154_1_southamerica|_southamerica|q154_1109109109109|q154_1|CURRENCY|SA: Mixed strategies - Non-listed/ commingled real estate funds/private REITs|43_22
q154_2_southamerica|_southamerica|q154_2110110110110|q154_2|CURRENCY|SA: Mixed strategies - Separate accounts investing directly into real estate|43_23
q154_3_southamerica|_southamerica|q154_3111111111111|q154_3|CURRENCY|SA: Mixed strategies - Separate accounts investing into indirect vehicles|43_24
q154_4_southamerica|_southamerica|q154_4112112112112|q154_4|CURRENCY|SA: Mixed strategies - Joint ventures and club deals|43_25
q154_5_southamerica|_southamerica|q154_5113113113113|q154_5|CURRENCY|SA: Mixed strategies - Funds of funds|43_26
q154_6_southamerica|_southamerica|q154_6114114114114|q154_6|CURRENCY|SA: Mixed strategies - Non-listed debt products|43_27
q15ROW4_Total_southamerica|_southamerica|q15ROW4_Total115115115115|q15ROW4_Total|CURRENCY|SA: TOTAL Mixed strategies|43_28
q15COL1_Total_southamerica|_southamerica|q15COL1_Total116116116116|q15COL1_Total|CURRENCY|SA: TOTAL Non-listed/ commingled real estate funds/private REITs|43_29
q15COL2_Total_southamerica|_southamerica|q15COL2_Total117117117117|q15COL2_Total|CURRENCY|SA: TOTAL Separate accounts investing directly into real estate|43_30
q15COL3_Total_southamerica|_southamerica|q15COL3_Total118118118118|q15COL3_Total|CURRENCY|SA: TOTAL Separate accounts investing into indirect vehicles|43_31
q15COL4_Total_southamerica|_southamerica|q15COL4_Total119119119119|q15COL4_Total|CURRENCY|SA: TOTAL Joint ventures and club deals|43_32
q15COL5_Total_southamerica|_southamerica|q15COL5_Total120120120120|q15COL5_Total|CURRENCY|SA: TOTAL Funds of funds|43_33
q15COL6_Total_southamerica|_southamerica|q15COL6_Total121121121121|q15COL6_Total|CURRENCY|SA: TOTAL Non-listed debt products|43_34
q15GRANDTotal_southamerica|_southamerica|q15GRANDTotal122122122122|q15GRANDTotal|CURRENCY|SA: Total Capital Raised in 2020 for your South American strategy|43_35
AFRICA_africa|_africa|AFRICA|AFRICA|||
_africa|_africa||||For your African strategy*, how much institutional capital did your company raise for non-listed vehicles in 2020 by investor type (million)?|44
q101_1_africa|_africa|q101_1431|q101_1|CURRENCY|AFRICAN: Pension funds - Non-listed/ commingled real estate funds/private REITs|44_1
q101_2_africa|_africa|q101_2432|q101_2|CURRENCY|AFRICAN: Pension funds - Separate accounts investing directly into real estate|44_2
q101_3_africa|_africa|q101_3433|q101_3|CURRENCY|AFRICAN: Pension funds - Separate accounts investing into indirect vehicles|44_3
q101_4_africa|_africa|q101_4434|q101_4|CURRENCY|AFRICAN: Pension funds - Joint ventures and club deals|44_4
q101_5_africa|_africa|q101_5435|q101_5|CURRENCY|AFRICAN: Pension funds - Funds of funds|44_5
q101_6_africa|_africa|q101_6436|q101_6|CURRENCY|AFRICAN: Pension funds - Non-listed debt products|44_6
q10ROW1_Total_africa|_africa|q10ROW1_hidden437|q10ROW1_Total|CURRENCY|AFRICAN: Pension funds - TOTAL|44_7
q102_1_africa|_africa|q102_1438|q102_1|CURRENCY|AFRICAN: Insurance companies - Non-listed/ commingled real estate funds/private REITs|44_8
q102_2_africa|_africa|q102_2439|q102_2|CURRENCY|AFRICAN: Insurance companies - Separate accounts investing directly into real estate|44_9
q102_3_africa|_africa|q102_3440|q102_3|CURRENCY|AFRICAN: Insurance companies - Separate accounts investing into indirect vehicles|44_10
q102_4_africa|_africa|q102_4441|q102_4|CURRENCY|AFRICAN: Insurance companies - Joint ventures and club deals|44_11
q102_5_africa|_africa|q102_5442|q102_5|CURRENCY|AFRICAN: Insurance companies - Funds of funds|44_12
q102_6_africa|_africa|q102_6443|q102_6|CURRENCY|AFRICAN: Insurance companies - Non-listed debt products|44_13
q10ROW2_Total_africa|_africa|q10ROW2_hidden444|q10ROW2_Total|CURRENCY|AFRICAN: Insurance companies - TOTAL|44_14
q103_1_africa|_africa|q103_1445|q103_1|CURRENCY|AFRICAN: Sovereign wealth funds - Non-listed/ commingled real estate funds/private REITs|44_15
q103_2_africa|_africa|q103_2446|q103_2|CURRENCY|AFRICAN: Sovereign wealth funds - Separate accounts investing directly into real estate|44_16
q103_3_africa|_africa|q103_3447|q103_3|CURRENCY|AFRICAN: Sovereign wealth funds - Separate accounts investing into indirect vehicles|44_17
q103_4_africa|_africa|q103_4448|q103_4|CURRENCY|AFRICAN: Sovereign wealth funds - Joint ventures and club deals|44_18
q103_5_africa|_africa|q103_5449|q103_5|CURRENCY|AFRICAN: Sovereign wealth funds - Funds of funds|44_19
q103_6_africa|_africa|q103_6450|q103_6|CURRENCY|AFRICAN: Sovereign wealth funds - Non-listed debt products|44_20
q10ROW3_Total_africa|_africa|q10ROW3_hidden451|q10ROW3_Total|CURRENCY|AFRICAN: Sovereign wealth funds - TOTAL|44_21
q104_1_africa|_africa|q104_1452|q104_1|CURRENCY|AFRICAN: Government institutions - Non-listed/ commingled real estate funds/private REITs|44_22
q104_2_africa|_africa|q104_2453|q104_2|CURRENCY|AFRICAN: Government institutions - Separate accounts investing directly into real estate|44_23
q104_3_africa|_africa|q104_3454|q104_3|CURRENCY|AFRICAN: Government institutions - Separate accounts investing into indirect vehicles|44_24
q104_4_africa|_africa|q104_4455|q104_4|CURRENCY|AFRICAN: Government institutions - Joint ventures and club deals|44_25
q104_5_africa|_africa|q104_5456|q104_5|CURRENCY|AFRICAN: Government institutions - Funds of funds|44_26
q104_6_africa|_africa|q104_6457|q104_6|CURRENCY|AFRICAN: Government institutions - Non-listed debt products|44_27
q10ROW4_Total_africa|_africa|q10ROW4_hidden458|q10ROW4_Total|CURRENCY|AFRICAN: Government institutions - TOTAL|44_28
q105_1_africa|_africa|q105_1459|q105_1|CURRENCY|AFRICAN: Charities, foundations, non-profit organisations - Non-listed/ commingled real estate funds/private REITs|44_29
q105_2_africa|_africa|q105_2460|q105_2|CURRENCY|AFRICAN: Charities, foundations, non-profit organisations - Separate accounts investing directly into real estate|44_30
q105_3_africa|_africa|q105_3461|q105_3|CURRENCY|AFRICAN: Charities, foundations, non-profit organisations - Separate accounts investing into indirect vehicles|44_31
q105_4_africa|_africa|q105_4462|q105_4|CURRENCY|AFRICAN: Charities, foundations, non-profit organisations - Joint ventures and club deals|44_32
q105_5_africa|_africa|q105_5463|q105_5|CURRENCY|AFRICAN: Charities, foundations, non-profit organisations - Funds of funds|44_33
q105_6_africa|_africa|q105_6464|q105_6|CURRENCY|AFRICAN: Charities, foundations, non-profit organisations - Non-listed debt products|44_34
q10ROW5_Total_africa|_africa|q10ROW5_hidden465|q10ROW5_Total|CURRENCY|AFRICAN: Charities, foundations, non-profit organisations - TOTAL|44_35
q106_1_africa|_africa|q106_1466|q106_1|CURRENCY|AFRICAN: Funds of funds - Non-listed/ commingled real estate funds/private REITs|44_36
q106_2_africa|_africa|q106_2467|q106_2|CURRENCY|AFRICAN: Funds of funds - Separate accounts investing directly into real estate|44_37
q106_3_africa|_africa|q106_3468|q106_3|CURRENCY|AFRICAN: Funds of funds - Separate accounts investing into indirect vehicles|44_38
q106_4_africa|_africa|q106_4469|q106_4|CURRENCY|AFRICAN: Funds of funds - Joint ventures and club deals|44_39
q106_5_africa|_africa|q106_5470|q106_5|CURRENCY|AFRICAN: Funds of funds - Funds of funds|44_40
q106_6_africa|_africa|q106_6471|q106_6|CURRENCY|AFRICAN: Funds of funds - Non-listed debt products|44_41
q10ROW6_Total_africa|_africa|q10ROW6_hidden472|q10ROW6_Total|CURRENCY|AFRICAN: Funds of funds - TOTAL|44_42
q107_1_africa|_africa|q107_1473|q107_1|CURRENCY|AFRICAN: High net worth individuals /Family offices - Non-listed/ commingled real estate funds/private REITs|44_43
q107_2_africa|_africa|q107_2474|q107_2|CURRENCY|AFRICAN: High net worth individuals /Family offices - Separate accounts investing directly into real estate|44_44
q107_3_africa|_africa|q107_3475|q107_3|CURRENCY|AFRICAN: High net worth individuals /Family offices - Separate accounts investing into indirect vehicles|44_45
q107_4_africa|_africa|q107_4476|q107_4|CURRENCY|AFRICAN: High net worth individuals /Family offices - Joint ventures and club deals|44_46
q107_5_africa|_africa|q107_5477|q107_5|CURRENCY|AFRICAN: High net worth individuals /Family offices - Funds of funds|44_47
q107_6_africa|_africa|q107_6478|q107_6|CURRENCY|AFRICAN: High net worth individuals /Family offices - Non-listed debt products|44_48
q10ROW7_Total_africa|_africa|q10ROW7_hidden479|q10ROW7_Total|CURRENCY|AFRICAN: High net worth individuals /Family offices - TOTAL|44_49
q10other_africa|_africa|q10other480|q10other|TEXT|AFRICAN: Other investor type (Other)|44_50
q108_1_africa|_africa|q108_1481|q108_1|CURRENCY|AFRICAN: Other - Non-listed/ commingled real estate funds/private REITs|44_51
q108_2_africa|_africa|q108_2482|q108_2|CURRENCY|AFRICAN: Other - Separate accounts investing directly into real estate|44_52
q108_3_africa|_africa|q108_3483|q108_3|CURRENCY|AFRICAN: Other - Separate accounts investing into indirect vehicles|44_53
q108_4_africa|_africa|q108_4484|q108_4|CURRENCY|AFRICAN: Other - Joint ventures and club deals|44_54
q108_5_africa|_africa|q108_5485|q108_5|CURRENCY|AFRICAN: Other - Funds of funds|44_55
q108_6_africa|_africa|q108_6486|q108_6|CURRENCY|AFRICAN: Other - Non-listed debt products|44_56
q10ROW8_Total_africa|_africa|q10ROW8_hidden487|q10ROW8_Total|CURRENCY|AFRICAN: Other - TOTAL|44_57
q10COL1_Total_africa|_africa|q10COL1_hidden488|q10COL1_Total|CURRENCY|AFRICAN TOTAL - Non-listed/ commingled real estate funds/private REITs|44_58
q10COL2_Total_africa|_africa|q10COL2_hidden489|q10COL2_Total|CURRENCY|AFRICAN TOTAL - Separate accounts investing directly into real estate|44_59
q10COL3_Total_africa|_africa|q10COL3_hidden490|q10COL3_Total|CURRENCY|AFRICAN TOTAL - Separate accounts investing into indirect vehicles|44_60
q10COL4_Total_africa|_africa|q10COL4_hidden491|q10COL4_Total|CURRENCY|AFRICAN TOTAL - Joint ventures and club deals|44_61
q10COL5_Total_africa|_africa|q10COL5_hidden492|q10COL5_Total|CURRENCY|AFRICAN TOTAL - Funds of funds|44_62
q10COL6_Total_africa|_africa|q10COL6_hidden493|q10COL6_Total|CURRENCY|AFRICAN TOTAL - Non-listed debt products|44_63
q10GRANDTotal_africa|_africa|q10GRANDTotal_hidden494|q10GRANDTotal|CURRENCY|AFRICAN TOTAL Capital Raised in 2020 for your African strategy by investor type|44_64
_africa|_africa||||For your African strategy*, how much institutional capital did your company raise for non-listed vehicles in 2020 by investor domicile (million)?|45
q111_1_africa|_africa|q111_1495|q111_1|CURRENCY|AFRICAN: Asia Pacific - Non-listed/ commingled real estate funds/private REITs|45_1
q111_2_africa|_africa|q111_2496|q111_2|CURRENCY|AFRICAN: Asia Pacific - Separate accounts investing directly into real estate|45_2
q111_3_africa|_africa|q111_3497|q111_3|CURRENCY|AFRICAN: Asia Pacific - Separate accounts investing into indirect vehicles|45_3
q111_4_africa|_africa|q111_4498|q111_4|CURRENCY|AFRICAN: Asia Pacific - Joint ventures and club deals|45_4
q111_5_africa|_africa|q111_5499|q111_5|CURRENCY|AFRICAN: Asia Pacific - Funds of funds|45_5
q111_6_africa|_africa|q111_6500|q111_6|CURRENCY|AFRICAN: Asia Pacific - Non-listed debt products|45_6
q11ROW1_Total_africa|_africa|q11ROW1_hidden501|q11ROW1_Total|CURRENCY|AFRICAN: Asia Pacific - TOTAL|45_7
q112_1_africa|_africa|q112_1502|q112_1|CURRENCY|AFRICAN: Europe - Non-listed/ commingled real estate funds/private REITs|45_8
q112_2_africa|_africa|q112_2503|q112_2|CURRENCY|AFRICAN: Europe - Separate accounts investing directly into real estate|45_9
q112_3_africa|_africa|q112_3504|q112_3|CURRENCY|AFRICAN: Europe - Separate accounts investing into indirect vehicles|45_10
q112_4_africa|_africa|q112_4505|q112_4|CURRENCY|AFRICAN: Europe - Joint ventures and club deals|45_11
q112_5_africa|_africa|q112_5506|q112_5|CURRENCY|AFRICAN: Europe - Funds of funds|45_12
q112_6_africa|_africa|q112_6507|q112_6|CURRENCY|AFRICAN: Europe - Non-listed debt products|45_13
q11ROW2_Total_africa|_africa|q11ROW2_hidden508|q11ROW2_Total|CURRENCY|AFRICAN: Europe - TOTAL|45_14
q113_1_africa|_africa|q113_1509|q113_1|CURRENCY|AFRICAN: North America - Non-listed/ commingled real estate funds/private REITs|45_15
q113_2_africa|_africa|q113_2510|q113_2|CURRENCY|AFRICAN: North America - Separate accounts investing directly into real estate|45_16
q113_3_africa|_africa|q113_3511|q113_3|CURRENCY|AFRICAN: North America - Separate accounts investing into indirect vehicles|45_17
q113_4_africa|_africa|q113_4512|q113_4|CURRENCY|AFRICAN: North America - Joint ventures and club deals|45_18
q113_5_africa|_africa|q113_5513|q113_5|CURRENCY|AFRICAN: North America - Funds of funds|45_19
q113_6_africa|_africa|q113_6514|q113_6|CURRENCY|AFRICAN: North America - Non-listed debt products|45_20
q11ROW3_Total_africa|_africa|q11ROW3_hidden515|q11ROW3_Total|CURRENCY|AFRICAN: North America - TOTAL|45_21
q114_1_africa|_africa|q114_1516|q114_1|CURRENCY|AFRICAN: South America - Non-listed/ commingled real estate funds/private REITs|45_22
q114_2_africa|_africa|q114_2517|q114_2|CURRENCY|AFRICAN: South America - Separate accounts investing directly into real estate|45_23
q114_3_africa|_africa|q114_3518|q114_3|CURRENCY|AFRICAN: South America - Separate accounts investing into indirect vehicles|45_24
q114_4_africa|_africa|q114_4519|q114_4|CURRENCY|AFRICAN: South America - Joint ventures and club deals|45_25
q114_5_africa|_africa|q114_5520|q114_5|CURRENCY|AFRICAN: South America - Funds of funds|45_26
q114_6_africa|_africa|q114_6521|q114_6|CURRENCY|AFRICAN: South America - Non-listed debt products|45_27
q11ROW4_Total_africa|_africa|q11ROW4_hidden522|q11ROW4_Total|CURRENCY|AFRICAN: South America - TOTAL|45_28
q115_1_africa|_africa|q115_1523|q115_1|CURRENCY|AFRICAN: Africa - Non-listed/ commingled real estate funds/private REITs|45_29
q115_2_africa|_africa|q115_2524|q115_2|CURRENCY|AFRICAN: Africa - Separate accounts investing directly into real estate|45_30
q115_3_africa|_africa|q115_3525|q115_3|CURRENCY|AFRICAN: Africa - Separate accounts investing into indirect vehicles|45_31
q115_4_africa|_africa|q115_4526|q115_4|CURRENCY|AFRICAN: Africa - Joint ventures and club deals|45_32
q115_5_africa|_africa|q115_5527|q115_5|CURRENCY|AFRICAN: Africa - Funds of funds|45_33
q115_6_africa|_africa|q115_6528|q115_6|CURRENCY|AFRICAN: Africa - Non-listed debt products|45_34
q11ROW5_Total_africa|_africa|q11ROW5_hidden529|q11ROW5_Total|CURRENCY|AFRICAN: Africa - TOTAL|45_35
q11COL1_Total_africa|_africa|q11COL1_hidden530|q11COL1_Total|CURRENCY|AFRICAN: TOTAL - Non-listed/ commingled real estate funds/private REITs|45_36
q11COL2_Total_africa|_africa|q11COL2_hidden531|q11COL2_Total|CURRENCY|AFRICAN: TOTAL - Separate accounts investing directly into real estate|45_37
q11COL3_Total_africa|_africa|q11COL3_hidden532|q11COL3_Total|CURRENCY|AFRICAN: TOTAL - Separate accounts investing into indirect vehicles|45_38
q11COL4_Total_africa|_africa|q11COL4_hidden533|q11COL4_Total|CURRENCY|AFRICAN: TOTAL - Joint ventures and club deals|45_39
q11COL5_Total_africa|_africa|q11COL5_hidden534|q11COL5_Total|CURRENCY|AFRICAN: TOTAL - Funds of funds|45_40
q11COL6_Total_africa|_africa|q11COL6_hidden535|q11COL6_Total|CURRENCY|AFRICAN: TOTAL - Non-listed debt products|45_41
q11GRANDTotal_africa|_africa|q11GRANDTotal_hidden536|q11GRANDTotal|CURRENCY|AFRICAN TOTAL Capital Raised in 2020 for your African strategy by investor domicile|45_42
q12_africa|_africa|q1222222|q12|SINGLE|For your African strategy*, for which sector-strategy did your company raise institutional capital for non-listed vehicles in 2020?|46
_africa|_africa||||For your African strategy*, how much institutional capital did your company raise for non-listed vehicles in 2020 by targeted multi-sector (million)?|47
q131_1_africa|_africa|q131_133333|q131_1|CURRENCY|AFRICAN: Main sectors - Non-listed/ commingled real estate funds/private REITs|47_1
q131_2_africa|_africa|q131_244444|q131_2|CURRENCY|AFRICAN: Main sectors - Separate accounts investing directly into real estate|47_2
q131_3_africa|_africa|q131_355555|q131_3|CURRENCY|AFRICAN: Main sectors - Separate accounts investing into indirect vehicles|47_3
q131_4_africa|_africa|q131_466666|q131_4|CURRENCY|AFRICAN: Main sectors - Joint ventures and club deals|47_4
q131_5_africa|_africa|q131_577777|q131_5|CURRENCY|AFRICAN: Main sectors - Funds of funds|47_5
q131_6_africa|_africa|q131_688888|q131_6|CURRENCY|AFRICAN: Main sectors - Non-listed debt products|47_6
q13ROW1_Total_africa|_africa|q13ROW1_Total99999|q13ROW1_Total|CURRENCY|AFRICAN: TOTAL - Main sectors |47_7
q132_1_africa|_africa|q132_11010101010|q132_1|CURRENCY|AFRICAN:  Alternative sectors - Non-listed/ commingled real estate funds/private REITs|47_8
q132_2_africa|_africa|q132_21111111111|q132_2|CURRENCY|AFRICAN:  Alternative sectors - Separate accounts investing directly into real estate|47_9
q132_3_africa|_africa|q132_31212121212|q132_3|CURRENCY|AFRICAN:  Alternative sectors - Separate accounts investing into indirect vehicles|47_10
q132_4_africa|_africa|q132_41313131313|q132_4|CURRENCY|AFRICAN:  Alternative sectors - Joint ventures and club deals|47_11
q132_5_africa|_africa|q132_51414141414|q132_5|CURRENCY|AFRICAN:  Alternative sectors - Funds of funds|47_12
q132_6_africa|_africa|q132_61515151515|q132_6|CURRENCY|AFRICAN:  Alternative sectors - Non-listed debt products|47_13
q13ROW2_Total_africa|_africa|q13ROW2_Total1616161616|q13ROW2_Total|CURRENCY|AFRICAN:  TOTAL - Alternative sectors|47_14
q13COL1_Total_africa|_africa|q13COL1_Total1717171717|q13COL1_Total|CURRENCY|AFRICAN: TOTAL - Non-listed/ commingled real estate funds/private REITs|47_15
q13COL2_Total_africa|_africa|q13COL2_Total1818181818|q13COL2_Total|CURRENCY|AFRICAN: TOTAL - Separate accounts investing directly into real estate|47_16
q13COL3_Total_africa|_africa|q13COL3_Total1919191919|q13COL3_Total|CURRENCY|AFRICAN: TOTAL - Separate accounts investing into indirect vehicles|47_17
q13COL4_Total_africa|_africa|q13COL4_Total2020202020|q13COL4_Total|CURRENCY|AFRICAN: TOTAL - Joint ventures and club deals|47_18
q13COL5_Total_africa|_africa|q13COL5_Total2121212121|q13COL5_Total|CURRENCY|AFRICAN: TOTAL - Funds of funds|47_19
q13COL6_Total_africa|_africa|q13COL6_Total2222222222|q13COL6_Total|CURRENCY|AFRICAN: TOTAL - Non-listed debt products|47_20
q13GRANDTotal_africa|_africa|q13GRANDTotal2323232323|q13GRANDTotal|CURRENCY|AFRICAN TOTAL Raised by targeted multi-sector|47_21
_africa|_africa||||For your African strategy*, how much institutional capital did your company raise for non-listed vehicles in 2020 by targeted sector (million)?|48
q141_1_africa|_africa|q141_12424242424|q141_1|CURRENCY|AFRICAN: Office - Non-listed/ commingled real estate funds/private REITs|48_1
q141_2_africa|_africa|q141_22525252525|q141_2|CURRENCY|AFRICAN: Office - Separate accounts investing directly into real estate|48_2
q141_3_africa|_africa|q141_32626262626|q141_3|CURRENCY|AFRICAN: Office - Separate accounts investing into indirect vehicles|48_3
q141_4_africa|_africa|q141_42727272727|q141_4|CURRENCY|AFRICAN: Office - Joint ventures and club deals|48_4
q141_5_africa|_africa|q141_52828282828|q141_5|CURRENCY|AFRICAN: Office - Funds of funds|48_5
q141_6_africa|_africa|q141_62929292929|q141_6|CURRENCY|AFRICAN: Office - Non-listed debt products|48_6
q14ROW1_Total_africa|_africa|q14ROW1_Total3030303030|q14ROW1_Total|CURRENCY|AFRICAN: TOTAL Office|48_7
q142_1_africa|_africa|q142_13131313131|q142_1|CURRENCY|AFRICAN: Retail - Non-listed/ commingled real estate funds/private REITs|48_8
q142_2_africa|_africa|q142_23232323232|q142_2|CURRENCY|AFRICAN: Retail - Separate accounts investing directly into real estate|48_9
q142_3_africa|_africa|q142_33333333333|q142_3|CURRENCY|AFRICAN: Retail - Separate accounts investing into indirect vehicles|48_10
q142_4_africa|_africa|q142_43434343434|q142_4|CURRENCY|AFRICAN: Retail - Joint ventures and club deals|48_11
q142_5_africa|_africa|q142_53535353535|q142_5|CURRENCY|AFRICAN: Retail - Funds of funds|48_12
q142_6_africa|_africa|q142_63636363636|q142_6|CURRENCY|Non-listed debt products|48_13
q14ROW2_Total_africa|_africa|q14ROW2_Total3737373737|q14ROW2_Total|CURRENCY|AFRICAN: TOTAL Retail|48_14
q143_1_africa|_africa|q143_13838383838|q143_1|CURRENCY|AFRICAN: Industrial / logistics - Non-listed/ commingled real estate funds/private REITs|48_15
q143_2_africa|_africa|q143_23939393939|q143_2|CURRENCY|AFRICAN: Industrial / logistics - Separate accounts investing directly into real estate|48_16
q143_3_africa|_africa|q143_34040404040|q143_3|CURRENCY|AFRICAN: Industrial / logistics - Separate accounts investing into indirect vehicles|48_17
q143_4_africa|_africa|q143_44141414141|q143_4|CURRENCY|AFRICAN: Industrial / logistics - Joint ventures and club deals|48_18
q143_5_africa|_africa|q143_54242424242|q143_5|CURRENCY|AFRICAN: Industrial / logistics - Funds of funds|48_19
q143_6_africa|_africa|q143_64343434343|q143_6|CURRENCY|AFRICAN: Industrial / logistics - Non-listed debt products|48_20
q14ROW3_Total_africa|_africa|q14ROW3_Total4444444444|q14ROW3_Total|CURRENCY|AFRICAN: TOTAL Industrial / logistics|48_21
q144_1_africa|_africa|q144_14545454545|q144_1|CURRENCY|AFRICAN: Residential / multi-family/apartments - Non-listed/ commingled real estate funds/private REITs|48_22
q144_2_africa|_africa|q144_24646464646|q144_2|CURRENCY|AFRICAN: Residential / multi-family/apartments - Separate accounts investing directly into real estate|48_23
q144_3_africa|_africa|q144_34747474747|q144_3|CURRENCY|AFRICAN: Residential / multi-family/apartments - Separate accounts investing into indirect vehicles|48_24
q144_4_africa|_africa|q144_44848484848|q144_4|CURRENCY|AFRICAN: Residential / multi-family/apartments - Joint ventures and club deals|48_25
q144_5_africa|_africa|q144_54949494949|q144_5|CURRENCY|AFRICAN: Residential / multi-family/apartments - Funds of funds|48_26
q144_6_africa|_africa|q144_65050505050|q144_6|CURRENCY|AFRICAN: Residential / multi-family/apartments - Non-listed debt products|48_27
q14ROW4_Total_africa|_africa|q14ROW4_Total5151515151|q14ROW4_Total|CURRENCY|AFRICAN: TOTAL Residential / multi-family/apartments|48_28
q145_1_africa|_africa|q145_15252525252|q145_1|CURRENCY|AFRICAN: Student housing - Non-listed/ commingled real estate funds/private REITs|48_29
q145_2_africa|_africa|q145_25353535353|q145_2|CURRENCY|AFRICAN: Student housing - Separate accounts investing directly into real estate|48_30
q145_3_africa|_africa|q145_35454545454|q145_3|CURRENCY|AFRICAN: Student housing - Separate accounts investing into indirect vehicles|48_31
q145_4_africa|_africa|q145_45555555555|q145_4|CURRENCY|AFRICAN: Student housing - Joint ventures and club deals|48_32
q145_5_africa|_africa|q145_55656565656|q145_5|CURRENCY|AFRICAN: Student housing - Funds of funds|48_33
q145_6_africa|_africa|q145_65757575757|q145_6|CURRENCY|AFRICAN: Student housing - Non-listed debt products|48_34
q14ROW5_Total_africa|_africa|q14ROW5_Total5858585858|q14ROW5_Total|CURRENCY|AFRICAN: TOTAL Student housing |48_35
q146_1_africa|_africa|q146_15959595959|q146_1|CURRENCY|AFRICAN: Senior living / aged care / health care - Non-listed/ commingled real estate funds/private REITs|48_36
q146_2_africa|_africa|q146_26060606060|q146_2|CURRENCY|AFRICAN: Senior living / aged care / health care - Separate accounts investing directly into real estate|48_37
q146_3_africa|_africa|q146_36161616161|q146_3|CURRENCY|AFRICAN: Senior living / aged care / health care - Separate accounts investing into indirect vehicles|48_38
q146_4_africa|_africa|q146_46262626262|q146_4|CURRENCY|AFRICAN: Senior living / aged care / health care - Joint ventures and club deals|48_39
q146_5_africa|_africa|q146_56363636363|q146_5|CURRENCY|AFRICAN: Senior living / aged care / health care - Funds of funds|48_40
q146_6_africa|_africa|q146_6646464642|q146_6|CURRENCY|AFRICAN: Senior living / aged care / health care - Non-listed debt products|48_41
q14ROW6_Total_africa|_africa|q14ROW6_Total656565653|q14ROW6_Total|CURRENCY|AFRICAN: TOTAL Senior living / aged care / health care|48_42
q147_1_africa|_africa|q147_1666666664|q147_1|CURRENCY|AFRICAN: Hotel / leisure - Non-listed/ commingled real estate funds/private REITs|48_43
q147_2_africa|_africa|q147_2676767675|q147_2|CURRENCY|AFRICAN: Hotel / leisure - Separate accounts investing directly into real estate|48_44
q147_3_africa|_africa|q147_3686868686|q147_3|CURRENCY|AFRICAN: Hotel / leisure - Separate accounts investing into indirect vehicles|48_45
q147_4_africa|_africa|q147_4696969697|q147_4|CURRENCY|AFRICAN: Hotel / leisure - Joint ventures and club deals|48_46
q147_5_africa|_africa|q147_5707070708|q147_5|CURRENCY|AFRICAN: Hotel / leisure - Funds of funds|48_47
q147_6_africa|_africa|q147_6717171719|q147_6|CURRENCY|AFRICAN: Hotel / leisure - Non-listed debt products|48_48
q14ROW7_Total_africa|_africa|q14ROW7_Total7272727210|q14ROW7_Total|CURRENCY|AFRICAN: TOTAL Hotel / leisure|48_49
q148_1_africa|_africa|q148_17373737311|q148_1|CURRENCY|AFRICAN: Other (incl land, parking, self storage) - Non-listed/ commingled real estate funds/private REITs|48_50
q148_2_africa|_africa|q148_27474747412|q148_2|CURRENCY|AFRICAN: Other (incl land, parking, self storage) - Separate accounts investing directly into real estate|48_51
q148_3_africa|_africa|q148_37575757513|q148_3|CURRENCY|AFRICAN: Other (incl land, parking, self storage) - Separate accounts investing into indirect vehicles|48_52
q148_4_africa|_africa|q148_47676767614|q148_4|CURRENCY|AFRICAN: Other (incl land, parking, self storage) - Joint ventures and club deals|48_53
q148_5_africa|_africa|q148_57777777715|q148_5|CURRENCY|AFRICAN: Other (incl land, parking, self storage) - Funds of funds|48_54
q148_6_africa|_africa|q148_67878787816|q148_6|CURRENCY|AFRICAN: Other (incl land, parking, self storage) - Non-listed debt products|48_55
q14ROW8_Total_africa|_africa|q14ROW8_Total7979797917|q14ROW8_Total|CURRENCY|AFRICAN: TOTAL Other (incl land, parking, self storage)|48_56
q14COL1_Total_africa|_africa|q14COL1_Total8080808018|q14COL1_Total|CURRENCY|AFRICAN: TOTAL Non-listed/ commingled real estate funds/private REITs|48_57
q14COL2_Total_africa|_africa|q14COL2_Total8181818119|q14COL2_Total|CURRENCY|AFRICAN: TOTAL Separate accounts investing directly into real estate|48_58
q14COL3_Total_africa|_africa|q14COL3_Total8282828220|q14COL3_Total|CURRENCY|AFRICAN: TOTAL Separate accounts investing into indirect vehicles|48_59
q14COL4_Total_africa|_africa|q14COL4_Total8383838321|q14COL4_Total|CURRENCY|AFRICAN: TOTAL Joint ventures and club deals|48_60
q14COL5_Total_africa|_africa|q14COL5_Total8484848422|q14COL5_Total|CURRENCY|AFRICAN: TOTAL Funds of funds|48_61
q14COL6_Total_africa|_africa|q14COL6_Total8585858523|q14COL6_Total|CURRENCY|AFRICAN: TOTAL Non-listed debt products|48_62
q14GRANDTotal_africa|_africa|q14GRANDTotal8686868624|q14GRANDTotal|CURRENCY|AFRICAN: TOTAL Raised by targeted sector|48_63
qBothStrategyGRANDTotal_africa|_africa|qBothStrategyGRANDTotal8787878725|qBothStrategyGRANDTotal|CURRENCY|Total Capital Raised in 2020 for your African strategy (Shown only when BOTH strategies selected in q12)|48_64
_africa|_africa||||For your African strategy*, how much institutional capital did your company raise for non-listed vehicles in 2020 by investment style (million)? |49
q151_1_africa|_africa|q151_18888888826|q151_1|CURRENCY|AFRICAN: Core / Senior debt - Non-listed/ commingled real estate funds/private REITs|49_1
q151_2_africa|_africa|q151_28989898927|q151_2|CURRENCY|AFRICAN: Core / Senior debt - Separate accounts investing directly into real estate|49_2
q151_3_africa|_africa|q151_39090909028|q151_3|CURRENCY|AFRICAN: Core / Senior debt - Separate accounts investing into indirect vehicles|49_3
q151_4_africa|_africa|q151_49191919129|q151_4|CURRENCY|AFRICAN: Core / Senior debt - Joint ventures and club deals|49_4
q151_5_africa|_africa|q151_59292929230|q151_5|CURRENCY|AFRICAN: Core / Senior debt - Funds of funds|49_5
q151_6_africa|_africa|q151_69393939331|q151_6|CURRENCY|AFRICAN: Core / Senior debt - Non-listed debt products|49_6
q15ROW1_Total_africa|_africa|q15ROW1_Total9494949432|q15ROW1_Total|CURRENCY|AFRICAN: TOTAL Core / Senior debt|49_7
q152_1_africa|_africa|q152_19595959533|q152_1|CURRENCY|AFRICAN: Value added / Junior and other subordinated debt - Non-listed/ commingled real estate funds/private REITs|49_8
q152_2_africa|_africa|q152_29696969634|q152_2|CURRENCY|AFRICAN: Value added / Junior and other subordinated debt - Separate accounts investing directly into real estate|49_9
q152_3_africa|_africa|q152_39797979735|q152_3|CURRENCY|AFRICAN: Value added / Junior and other subordinated debt - Separate accounts investing into indirect vehicles|49_10
q152_4_africa|_africa|q152_49898989836|q152_4|CURRENCY|AFRICAN: Value added / Junior and other subordinated debt - Joint ventures and club deals|49_11
q152_5_africa|_africa|q152_59999999937|q152_5|CURRENCY|AFRICAN: Value added / Junior and other subordinated debt - Funds of funds|49_12
q152_6_africa|_africa|q152_610010010010038|q152_6|CURRENCY|AFRICAN: Value added / Junior and other subordinated debt - Non-listed debt products|49_13
q15ROW2_Total_africa|_africa|q15ROW2_Total10110110110139|q15ROW2_Total|CURRENCY|AFRICAN: TOTAL Value added / Junior and other subordinated debt|49_14
q153_1_africa|_africa|q153_110210210210240|q153_1|CURRENCY|AFRICAN: Opportunistic / Mezzanine debt - Non-listed/ commingled real estate funds/private REITs|49_15
q153_2_africa|_africa|q153_210310310310341|q153_2|CURRENCY|AFRICAN: Opportunistic / Mezzanine debt - Separate accounts investing directly into real estate|49_16
q153_3_africa|_africa|q153_310410410410442|q153_3|CURRENCY|AFRICAN: Opportunistic / Mezzanine debt - Separate accounts investing into indirect vehicles|49_17
q153_4_africa|_africa|q153_410510510510543|q153_4|CURRENCY|AFRICAN: Opportunistic / Mezzanine debt - Joint ventures and club deals|49_18
q153_5_africa|_africa|q153_510610610610644|q153_5|CURRENCY|AFRICAN: Opportunistic / Mezzanine debt - Funds of funds|49_19
q153_6_africa|_africa|q153_610710710710745|q153_6|CURRENCY|AFRICAN: Opportunistic / Mezzanine debt - Non-listed debt products|49_20
q15ROW3_Total_africa|_africa|q15ROW3_Total10810810810846|q15ROW3_Total|CURRENCY|AFRICAN: TOTAL Opportunistic / Mezzanine debt|49_21
q154_1_africa|_africa|q154_110910910910947|q154_1|CURRENCY|AFRICAN: Mixed strategies - Non-listed/ commingled real estate funds/private REITs|49_22
q154_2_africa|_africa|q154_211011011011048|q154_2|CURRENCY|AFRICAN: Mixed strategies - Separate accounts investing directly into real estate|49_23
q154_3_africa|_africa|q154_311111111111149|q154_3|CURRENCY|AFRICAN: Mixed strategies - Separate accounts investing into indirect vehicles|49_24
q154_4_africa|_africa|q154_411211211211250|q154_4|CURRENCY|AFRICAN: Mixed strategies - Joint ventures and club deals|49_25
q154_5_africa|_africa|q154_511311311311351|q154_5|CURRENCY|AFRICAN: Mixed strategies - Funds of funds|49_26
q154_6_africa|_africa|q154_611411411411452|q154_6|CURRENCY|AFRICAN: Mixed strategies - Non-listed debt products|49_27
q15ROW4_Total_africa|_africa|q15ROW4_Total11511511511553|q15ROW4_Total|CURRENCY|AFRICAN: TOTAL Mixed strategies|49_28
q15COL1_Total_africa|_africa|q15COL1_Total11611611611654|q15COL1_Total|CURRENCY|AFRICAN: TOTAL Non-listed/ commingled real estate funds/private REITs|49_29
q15COL2_Total_africa|_africa|q15COL2_Total11711711711755|q15COL2_Total|CURRENCY|AFRICAN: TOTAL Separate accounts investing directly into real estate|49_30
q15COL3_Total_africa|_africa|q15COL3_Total11811811811856|q15COL3_Total|CURRENCY|AFRICAN: TOTAL Separate accounts investing into indirect vehicles|49_31
q15COL4_Total_africa|_africa|q15COL4_Total11911911911957|q15COL4_Total|CURRENCY|AFRICAN: TOTAL Joint ventures and club deals|49_32
q15COL5_Total_africa|_africa|q15COL5_Total12012012012058|q15COL5_Total|CURRENCY|AFRICAN: TOTAL Funds of funds|49_33
q15COL6_Total_africa|_africa|q15COL6_Total12112112112159|q15COL6_Total|CURRENCY|AFRICAN: TOTAL Non-listed debt products|49_34
q15GRANDTotal_africa|_africa|q15GRANDTotal12212212212260|q15GRANDTotal|CURRENCY|AFRICAN: Total Capital Raised in 2020 for your African strategy|49_35
||||||
