Column|Format|QuestionText|dtcode|answer_Label|answer_label_condensed|qn_breakdown_label|section|Topic|sub_topic|Question|comment|column_order
Surveycode|TEXT|Surveycode|0_1|||||||||1
Association_Sample|TEXT|Association (from Sample)|0_2|||||||||2
Company_Sample|TEXT|Company (from Sample)|0_3|||||||||3
REGION1|TEXT|Eligible Region|0_4|||||||||4
DateCompleted_Asia|TEXT|DateCompleted (Asia)|0_5|||||||||5
REGION2|TEXT|Eligible Region|0_6|||||||||6
DateCompleted_Europe|TEXT|DateCompleted (Europe)|0_7|||||||||7
REGION3|TEXT|Eligible Region|0_8|||||||||8
DateCompleted_NorthAmerica|TEXT|DateCompleted (NorthAmerica)|0_9|||||||||9
REGION4|TEXT|Eligible Region|0_10|||||||||10
DateCompleted_Global|TEXT|DateCompleted (Global)|0_11|||||||||11
REGION5|TEXT|Eligible Region|0_12|||||||||12
DateCompleted_SouthAmerica|TEXT|DateCompleted (SouthAmerica)|0_13|||||||||13
REGION6|TEXT|Eligible Region|0_14|||||||||14
DateCompleted_Africa|TEXT|DateCompleted (Africa)|0_15|||||||||15
ShowEurope|TEXT|ShowEurope|0_16|||||||||16
ShowAsia|TEXT|ShowAsia|0_17|||||||||17
ShowNA|TEXT|ShowNA|0_18|||||||||18
ShowGlobal|TEXT|ShowGlobal|0_19|||||||||19
ShowSA|TEXT|ShowSA|0_20|||||||||20
ShowAfrica|TEXT|ShowAfrica|0_21|||||||||21
RecordNo|NUMBER|RecordNo|0_22|||||||||22
DateCompleted|TEXT|DateCompleted|0_23|||||||||23
IPaddress|TEXT|IPaddress|0_24|||||||||24
Version|TEXT|SurveyYear|0_25|||||||||25
qName|TEXT|Respondent Name|0_26|||||||||26
qCompany|TEXT|Company|0_27|||||||||27
mnumber|TEXT|Mnumber|0_28|||||||||28
qJobtitle|TEXT|Job title|0_29|||||||||29
qEmail|TEXT|Email address|0_30|||||||||30
qTelephone|TEXT|Contact Number|0_31|||||||||31
qCountry|TEXT|Country of Origin Global Head Office|0_32|||||||||32
qCurrency|TEXT|CURRENCY|0_33|||||||||33
qCurrencyOther|TEXT|Currency (OTHER)|0_34|||||||||34
AUM_Total|CURRENCY|FM_AUM_Total||||||||||35
q1|NUMBER|Did your company raise institutional capital for non-listed real estate vehicles in 2021?|1|CapitalRaisingActivity_NonListedRealEstateVehicles|CRact_NLV|Capital Raising Activity||Capital raising activity||q1||36
q2|NUMBER|If no, please select one of the following reasons|2|NoCapitalRaisingActivity_Reason|NoCR_Reason|Reason||Capital raising activity||q2||37
q2other|Text||3|NoCapitalRaisingActivity_Reason_Othertext|NoCR_Reason_OtherText|Reason - Other Text||Capital raising activity||q3||38
q3A_NonListedRealEstate|CURRENCY|How much institutional capital did your company raise in 2021 (millions)?|4|NonListedRealEstate|NL|Total raised||Capital raised ||q4||39
q3B_NonListedRealEstate|CURRENCY|How much of the institutional capital raised in 2021 (millions) is already invested?|5|CapitalInvested_NonListedRealEstate|CI_NL|Invested||Capital invested||q5||40
||How much institutional capital did your company raise for non-listed vehicles in 2021 by regional strategy (million)?|6|||||||q6||41
q31_1|CURRENCY|Asia Pacific Strategy - Non-listed/ commingled real estate funds/private REITs|6_1|RegionalStrategyAsiaPacific_NonListedFunds|RSAPAC_NLF|Asia Pacific - Non-listed funds||Capital raised |Regional Strategy and Vehicle Type|q6||42
q31_2|CURRENCY|Asia Pacific Strategy - Separate accounts investing directly into real estate|6_2|RegionalStrategyAsiaPacific_SeparateAccountsDirect|RSAPAC_SepAccDirect|Asia Pacific - Separate accounts investing directly||Capital raised |Regional Strategy and Vehicle Type|q6||43
q31_3|CURRENCY|Asia Pacific Strategy - Separate accounts investing into indirect vehicles|6_3|RegionalStrategyAsiaPacific_SeparateAccountsIndirect|RSAPAC_SepAccIndirect|Asia Pacific - Separate accounts investing indirectly||Capital raised |Regional Strategy and Vehicle Type|q6||44
q31_4|CURRENCY|Asia Pacific Strategy - Joint ventures and club deals|6_4|RegionalStrategyAsiaPacific_JVs|RSAPAC_JVs|Asia Pacific - Joint ventures and club deals||Capital raised |Regional Strategy and Vehicle Type|q6||45
q31_5|CURRENCY|Asia Pacific Strategy - Funds of funds|6_5|RegionalStrategyAsiaPacific_FundsOfFunds|RSAPAC_FOF|Asia Pacific - Funds of funds||Capital raised |Regional Strategy and Vehicle Type|q6||46
q31_6|CURRENCY|Asia Pacific Strategy - Non-listed debt products|6_6|RegionalStrategyAsiaPacific_Debt|RSAPAC_Debt|Asia Pacific - Non-listed debt||Capital raised |Regional Strategy and Vehicle Type|q6||47
q3ROW1_Total|CURRENCY|Asia Pacific Strategy - TOTAL|6_7|RegionalStrategyAsiaPacific_VehicleType_Total|RSAPAC_VT_Total|Asia Pacific - Vehicle type total||Capital raised |Regional Strategy and Vehicle Type|q6||48
q32_1|CURRENCY|European Strategy - Non-listed/ commingled real estate funds/private REITs|6_8|RegionalStrategyEurope_NonListedFunds|RSEUR_NLF|Europe - Non-listed funds||Capital raised |Regional Strategy and Vehicle Type|q6||49
q32_2|CURRENCY|European Strategy - Separate accounts investing directly into real estate|6_9|RegionalStrategyEurope_SeparateAccountsDirect|RSEUR_SepAccDirect|Europe - Separate accounts investing directly||Capital raised |Regional Strategy and Vehicle Type|q6||50
q32_3|CURRENCY|European Strategy - Separate accounts investing into indirect vehicles|6_10|RegionalStrategyEurope_SeparateAccountsIndirect|RSEUR_SepAccIndirect|Europe - Separate accounts investing indirectly||Capital raised |Regional Strategy and Vehicle Type|q6||51
q32_4|CURRENCY|European Strategy - Joint ventures and club deals|6_11|RegionalStrategyEurope_JVs|RSEUR_JVs|Europe -  Joint ventures and club deals||Capital raised |Regional Strategy and Vehicle Type|q6||52
q32_5|CURRENCY|European Strategy - Funds of funds|6_12|RegionalStrategyEurope_FundsOfFunds|RSEUR_FOF|Europe - Funds of funds||Capital raised |Regional Strategy and Vehicle Type|q6||53
q32_6|CURRENCY|European Strategy - Non-listed debt products|6_13|RegionalStrategyEurope_Debt|RSEUR_Debt|Europe - Non-listed debt||Capital raised |Regional Strategy and Vehicle Type|q6||54
q3ROW2_Total|CURRENCY|European Strategy - TOTAL|6_14|RegionalStrategyEurope_VehicleType_Total|RSEUR_VT_Total|Europe - Vehicle type total||Capital raised |Regional Strategy and Vehicle Type|q6||55
q33_1|CURRENCY|North American Strategy - Non-listed/ commingled real estate funds/private REITs|6_15|RegionalStrategyNorthAmerica_NonListedFunds|RSNA_NLF|North America - Non-listed funds||Capital raised |Regional Strategy and Vehicle Type|q6||56
q33_2|CURRENCY|North American Strategy - Separate accounts investing directly into real estate|6_16|RegionalStrategyNorthAmerica_SeparateAccountsDirect|RSNA_SepAccDirect|North America - Separate accounts investing directly||Capital raised |Regional Strategy and Vehicle Type|q6||57
q33_3|CURRENCY|North American Strategy - Separate accounts investing into indirect vehicles|6_17|RegionalStrategyNorthAmerica_SeparateAccountsIndirect|RSNA_SepAccIndirect|North America - Separate accounts investing indirectly||Capital raised |Regional Strategy and Vehicle Type|q6||58
q33_4|CURRENCY|North American Strategy - Joint ventures and club deals|6_18|RegionalStrategyNorthAmerica_JVs|RSNA_JVs|North America -  Joint ventures and club deals||Capital raised |Regional Strategy and Vehicle Type|q6||59
q33_5|CURRENCY|North American Strategy - Funds of funds|6_19|RegionalStrategyNorthAmerica_FundsOfFunds|RSNA_FOF|North America - Funds of funds||Capital raised |Regional Strategy and Vehicle Type|q6||60
q33_6|CURRENCY|North American Strategy - Non-listed debt products|6_20|RegionalStrategyNorthAmerica_Debt|RSNA_Debt|North America - Non-listed debt||Capital raised |Regional Strategy and Vehicle Type|q6||61
q3ROW3_Total|CURRENCY|North American Strategy - TOTAL|6_21|RegionalStrategyNorthAmerica_VehicleType_Total|RSNA_VT_Total|North America - Vehicle type total||Capital raised |Regional Strategy and Vehicle Type|q6||62
q34_1|CURRENCY|Global Strategy - Non-listed/ commingled real estate funds/private REITs|6_22|RegionalStrategyGlobal_NonListedFunds|RSGLB_NLF|Global - Non-listed funds||Capital raised |Regional Strategy and Vehicle Type|q6||63
q34_2|CURRENCY|Global Strategy - Separate accounts investing directly into real estate|6_23|RegionalStrategyGlobal_SeparateAccountsDirect|RSGLB_SepAccDirect|Global - Separate accounts investing directly||Capital raised |Regional Strategy and Vehicle Type|q6||64
q34_3|CURRENCY|Global Strategy - Separate accounts investing into indirect vehicles|6_24|RegionalStrategyGlobal_SeparateAccountsIndirect|RSGLB_SepAccIndirect|Global - Separate accounts investing indirectly||Capital raised |Regional Strategy and Vehicle Type|q6||65
q34_4|CURRENCY|Global Strategy - Joint ventures and club deals|6_25|RegionalStrategyGlobal_JVs|RSGLB_JVs|Global -  Joint ventures and club deals||Capital raised |Regional Strategy and Vehicle Type|q6||66
q34_5|CURRENCY|Global Strategy - Funds of funds|6_26|RegionalStrategyGlobal_FundsOfFunds|RSGLB_FOF|Global - Funds of funds||Capital raised |Regional Strategy and Vehicle Type|q6||67
q34_6|CURRENCY|Global Strategy - Non-listed debt products|6_27|RegionalStrategyGlobal_Debt|RSGLB_Debt|Global - Non-listed debt||Capital raised |Regional Strategy and Vehicle Type|q6||68
q3ROW4_Total|CURRENCY|Global Strategy - TOTAL|6_28|RegionalStrategyGlobal_VehicleType_Total|RSGLB_VT_Total|Global - Vehicle type total||Capital raised |Regional Strategy and Vehicle Type|q6||69
q35_1|CURRENCY|South American Strategy - Non-listed/ commingled real estate funds/private REITs|6_29|RegionalStrategySouthAmerica_NonListedFunds|RSSA_NLF|South America - Non-listed funds||Capital raised |Regional Strategy and Vehicle Type|q6||70
q35_2|CURRENCY|South American Strategy - Separate accounts investing directly into real estate|6_30|RegionalStrategySouthAmerica_SeparateAccountsDirect|RSSA_SepAccDirect|South America - Separate accounts investing directly||Capital raised |Regional Strategy and Vehicle Type|q6||71
q35_3|CURRENCY|South American Strategy - Separate accounts investing into indirect vehicles|6_31|RegionalStrategySouthAmerica_SeparateAccountsIndirect|RSSA_SepAccIndirect|South America - Separate accounts investing indirectly||Capital raised |Regional Strategy and Vehicle Type|q6||72
q35_4|CURRENCY|South American Strategy - Joint ventures and club deals|6_32|RegionalStrategySouthAmerica_JVs|RSSA_JVs|South America -  Joint ventures and club deals||Capital raised |Regional Strategy and Vehicle Type|q6||73
q35_5|CURRENCY|South American Strategy - Funds of funds|6_33|RegionalStrategySouthAmerica_FundsOfFunds|RSSA_FOF|South America - Funds of funds||Capital raised |Regional Strategy and Vehicle Type|q6||74
q35_6|CURRENCY|South American Strategy - Non-listed debt products|6_34|RegionalStrategySouthAmerica_Debt|RSSA_Debt|South America - Non-listed debt||Capital raised |Regional Strategy and Vehicle Type|q6||75
q3ROW5_Total|CURRENCY|South American Strategy - TOTAL|6_35|RegionalStrategySouthAmerica_VehicleType_Total|RSSA_VT_Total|South America - Vehicle type total||Capital raised |Regional Strategy and Vehicle Type|q6||76
q36_1|CURRENCY|African Strategy - Non-listed/ commingled real estate funds/private REITs|6_36|RegionalStrategyAfrica_NonListedFunds|RSAFR_NLF|Africa - Non-listed funds||Capital raised |Regional Strategy and Vehicle Type|q6||77
q36_2|CURRENCY|African Strategy - Separate accounts investing directly into real estate|6_37|RegionalStrategyAfrica_SeparateAccountsDirect|RSAFR_SepAccDirect|Africa - Separate accounts investing directly||Capital raised |Regional Strategy and Vehicle Type|q6||78
q36_3|CURRENCY|African Strategy - Separate accounts investing into indirect vehicles|6_38|RegionalStrategyAfrica_SeparateAccountsIndirect|RSAFR_SepAccIndirect|Africa - Separate accounts investing indirectly||Capital raised |Regional Strategy and Vehicle Type|q6||79
q36_4|CURRENCY|African Strategy - Joint ventures and club deals|6_39|RegionalStrategyAfrica_JVs|RSAFR_JVs|Africa -  Joint ventures and club deals||Capital raised |Regional Strategy and Vehicle Type|q6||80
q36_5|CURRENCY|African Strategy - Funds of funds|6_40|RegionalStrategyAfrica_FundsOfFunds|RSAFR_FOF|Africa - Funds of funds||Capital raised |Regional Strategy and Vehicle Type|q6||81
q36_6|CURRENCY|African Strategy - Non-listed debt products|6_41|RegionalStrategyAfrica_Debt|RSAFR_Debt|Africa - Non-listed debt||Capital raised |Regional Strategy and Vehicle Type|q6||82
q3ROW6_Total|CURRENCY|African Strategy - TOTAL|6_42|RegionalStrategyAfrica_VehicleType_Total|RSAFR_VT_Total|Africa - Vehicle type total||Capital raised |Regional Strategy and Vehicle Type|q6||83
q3COL1_Total|CURRENCY|TOTAL - Non-listed/ commingled real estate funds/private REITs|6_43|RegionalStrategy_NonListedFunds_Total|RS_NLF_Total|Regional strategy - Non-listed funds total||Capital raised |Regional Strategy and Vehicle Type|q6||84
q3COL2_Total|CURRENCY|TOTAL - Separate accounts investing directly into real estate|6_44|RegionalStrategy_SeparateAccountsDirect_Total|RS_SepAccDirect_Total|Regional strategy - Separate accounts investing directly total||Capital raised |Regional Strategy and Vehicle Type|q6||85
q3COL3_Total|CURRENCY|TOTAL - Separate accounts investing into indirect vehicles|6_45|RegionalStrategy_SeparateAccountsIndirect_Total|RS_SepAccIndirect_Total|Regional strategy - Separate accounts investing indirectly total||Capital raised |Regional Strategy and Vehicle Type|q6||86
q3COL4_Total|CURRENCY|TOTAL - Joint ventures and club deals|6_46|RegionalStrategy_JVs_Total|RS_JVs_Total|Regional strategy - Joint ventures and club deals total||Capital raised |Regional Strategy and Vehicle Type|q6||87
q3COL5_Total|CURRENCY|TOTAL - Funds of funds|6_47|RegionalStrategy_FundsOfFunds_Total|RS_FOF_Total|Regional strategy - Funds of funds total||Capital raised |Regional Strategy and Vehicle Type|q6||88
q3COL6_Total|CURRENCY|TOTAL - Non-listed debt products|6_48|RegionalStrategy_Debt_Total|RS_Debt_Total|Regional strategy - Non-listed debt total||Capital raised |Regional Strategy and Vehicle Type|q6||89
q3GRANDTotal|CURRENCY|TOTAL Capital Raised in 2021 for non-listed real estate|6_49|RegionalStrategy_VehicleType_Total|RS_VT_Total|Regional strategy - Vehicle type total||Capital raised |Regional Strategy and Vehicle Type|q6||90
||How much institutional capital did your company raise for non-listed vehicles in 2021 by regional strategy (million)?|7|||||||q7||91
q41_1|NUMBER|Asia Pacific - Non-listed/ commingled real estate funds/private REITs|7_1|NOV_RegionalStrategyAsiaPacific_NonListedFunds|NOV_RSAPAC_NLF|Asia Pacific - Non-listed funds||NOV Capital raised|Regional Strategy and Vehicle Type|q7||92
q41_2|NUMBER|Asia Pacific - Separate accounts investing directly into real estate|7_2|NOV_RegionalStrategyAsiaPacific_SeparateAccountsDirect|NOV_RSAPAC_SepAccDirect|Asia Pacific - Separate accounts investing directly||NOV Capital raised|Regional Strategy and Vehicle Type|q7||93
q41_3|NUMBER|Asia Pacific - Separate accounts investing into indirect vehicles|7_3|NOV_RegionalStrategyAsiaPacific_SeparateAccountsIndirect|NOV_RSAPAC_SepAccIndirect|Asia Pacific - Separate accounts investing indirectly||NOV Capital raised|Regional Strategy and Vehicle Type|q7||94
q41_4|NUMBER|Asia Pacific - Joint ventures and club deals|7_4|NOV_RegionalStrategyAsiaPacific_JVs|NOV_RSAPAC_JVs|Asia Pacific - Joint ventures and club deals||NOV Capital raised|Regional Strategy and Vehicle Type|q7||95
q41_5|NUMBER|Asia Pacific - Funds of funds|7_5|NOV_RegionalStrategyAsiaPacific_FundsOfFunds|NOV_RSAPAC_FOF|Asia Pacific - Funds of funds||NOV Capital raised|Regional Strategy and Vehicle Type|q7||96
q41_6|NUMBER|Asia Pacific - Non-listed debt products|7_6|NOV_RegionalStrategyAsiaPacific_Debt|NOV_RSAPAC_Debt|Asia Pacific - Non-listed debt||NOV Capital raised|Regional Strategy and Vehicle Type|q7||97
q4ROW1_Total|NUMBER|Asia Pacific - TOTAL VEHICLES|7_7|NOV_RegionalStrategyAsiaPacific_VehicleType_Total|NOV_RSAPAC_VT_Total|Asia Pacific - Vehicle type total||NOV Capital raised|Regional Strategy and Vehicle Type|q7||98
q42_1|NUMBER|Europe - Non-listed/ commingled real estate funds/private REITs|7_8|NOV_RegionalStrategyEurope_NonListedFunds|NOV_RSEUR_NLF|Europe - Non-listed funds||NOV Capital raised|Regional Strategy and Vehicle Type|q7||99
q42_2|NUMBER|Europe - Separate accounts investing directly into real estate|7_9|NOV_RegionalStrategyEurope_SeparateAccountsDirect|NOV_RSEUR_SepAccDirect|Europe - Separate accounts investing directly||NOV Capital raised|Regional Strategy and Vehicle Type|q7||100
q42_3|NUMBER|Europe - Separate accounts investing into indirect vehicles|7_10|NOV_RegionalStrategyEurope_SeparateAccountsIndirect|NOV_RSEUR_SepAccIndirect|Europe - Separate accounts investing indirectly||NOV Capital raised|Regional Strategy and Vehicle Type|q7||101
q42_4|NUMBER|Europe - Joint ventures and club deals|7_11|NOV_RegionalStrategyEurope_JVs|NOV_RSEUR_JVs|Europe -  Joint ventures and club deals||NOV Capital raised|Regional Strategy and Vehicle Type|q7||102
q42_5|NUMBER|Europe - Funds of funds|7_12|NOV_RegionalStrategyEurope_FundsOfFunds|NOV_RSEUR_FOF|Europe - Funds of funds||NOV Capital raised|Regional Strategy and Vehicle Type|q7||103
q42_6|NUMBER|Europe - Non-listed debt products|7_13|NOV_RegionalStrategyEurope_Debt|NOV_RSEUR_Debt|Europe - Non-listed debt||NOV Capital raised|Regional Strategy and Vehicle Type|q7||104
q4ROW2_Total|NUMBER|Europe - TOTAL VEHICLES|7_14|NOV_RegionalStrategyEurope_VehicleType_Total|NOV_RSEUR_VT_Total|Europe - Vehicle type total||NOV Capital raised|Regional Strategy and Vehicle Type|q7||105
q43_1|NUMBER|North America - Non-listed/ commingled real estate funds/private REITs|7_15|NOV_RegionalStrategyNorthAmerica_NonListedFunds|NOV_RSNA_NLF|North America - Non-listed funds||NOV Capital raised|Regional Strategy and Vehicle Type|q7||106
q43_2|NUMBER|North America - Separate accounts investing directly into real estate|7_16|NOV_RegionalStrategyNorthAmerica_SeparateAccountsDirect|NOV_RSNA_SepAccDirect|North America - Separate accounts investing directly||NOV Capital raised|Regional Strategy and Vehicle Type|q7||107
q43_3|NUMBER|North America - Separate accounts investing into indirect vehicles|7_17|NOV_RegionalStrategyNorthAmerica_SeparateAccountsIndirect|NOV_RSNA_SepAccIndirect|North America - Separate accounts investing indirectly||NOV Capital raised|Regional Strategy and Vehicle Type|q7||108
q43_4|NUMBER|North America - Joint ventures and club deals|7_18|NOV_RegionalStrategyNorthAmerica_JVs|NOV_RSNA_JVs|North America -  Joint ventures and club deals||NOV Capital raised|Regional Strategy and Vehicle Type|q7||109
q43_5|NUMBER|North America - Funds of funds|7_19|NOV_RegionalStrategyNorthAmerica_FundsOfFunds|NOV_RSNA_FOF|North America - Funds of funds||NOV Capital raised|Regional Strategy and Vehicle Type|q7||110
q43_6|NUMBER|North America - Non-listed debt products|7_20|NOV_RegionalStrategyNorthAmerica_Debt|NOV_RSNA_Debt|North America - Non-listed debt||NOV Capital raised|Regional Strategy and Vehicle Type|q7||111
q4ROW3_Total|NUMBER|North America - TOTAL VEHICLES|7_21|NOV_RegionalStrategyNorthAmerica_VehicleType_Total|NOV_RSNA_VT_Total|North America - Vehicle type total||NOV Capital raised|Regional Strategy and Vehicle Type|q7||112
q44_1|NUMBER|Global - Non-listed/ commingled real estate funds/private REITs|7_22|NOV_RegionalStrategyGlobal_NonListedFunds|NOV_RSGLB_NLF|Global - Non-listed funds||NOV Capital raised|Regional Strategy and Vehicle Type|q7||113
q44_2|NUMBER|Global - Separate accounts investing directly into real estate|7_23|NOV_RegionalStrategyGlobal_SeparateAccountsDirect|NOV_RSGLB_SepAccDirect|Global - Separate accounts investing directly||NOV Capital raised|Regional Strategy and Vehicle Type|q7||114
q44_3|NUMBER|Global - Separate accounts investing into indirect vehicles|7_24|NOV_RegionalStrategyGlobal_SeparateAccountsIndirect|NOV_RSGLB_SepAccIndirect|Global - Separate accounts investing indirectly||NOV Capital raised|Regional Strategy and Vehicle Type|q7||115
q44_4|NUMBER|Global - Joint ventures and club deals|7_25|NOV_RegionalStrategyGlobal_JVs|NOV_RSGLB_JVs|Global -  Joint ventures and club deals||NOV Capital raised|Regional Strategy and Vehicle Type|q7||116
q44_5|NUMBER|Global - Funds of funds|7_26|NOV_RegionalStrategyGlobal_FundsOfFunds|NOV_RSGLB_FOF|Global - Funds of funds||NOV Capital raised|Regional Strategy and Vehicle Type|q7||117
q44_6|NUMBER|Global - Non-listed debt products|7_27|NOV_RegionalStrategyGlobal_Debt|NOV_RSGLB_Debt|Global - Non-listed debt||NOV Capital raised|Regional Strategy and Vehicle Type|q7||118
q4ROW4_Total|NUMBER|Global - TOTAL VEHICLES|7_28|NOV_RegionalStrategyGlobal_VehicleType_Total|NOV_RSGLB_VT_Total|Global - Vehicle type total||NOV Capital raised|Regional Strategy and Vehicle Type|q7||119
q45_1|NUMBER|South America - Non-listed/ commingled real estate funds/private REITs|7_29|NOV_RegionalStrategySouthAmerica_NonListedFunds|NOV_RSSA_NLF|South America - Non-listed funds||NOV Capital raised|Regional Strategy and Vehicle Type|q7||120
q45_2|NUMBER|South America - Separate accounts investing directly into real estate|7_30|NOV_RegionalStrategySouthAmerica_SeparateAccountsDirect|NOV_RSSA_SepAccDirect|South America - Separate accounts investing directly||NOV Capital raised|Regional Strategy and Vehicle Type|q7||121
q45_3|NUMBER|South America - Separate accounts investing into indirect vehicles|7_31|NOV_RegionalStrategySouthAmerica_SeparateAccountsIndirect|NOV_RSSA_SepAccIndirect|South America - Separate accounts investing indirectly||NOV Capital raised|Regional Strategy and Vehicle Type|q7||122
q45_4|NUMBER|South America - Joint ventures and club deals|7_32|NOV_RegionalStrategySouthAmerica_JVs|NOV_RSSA_JVs|South America -  Joint ventures and club deals||NOV Capital raised|Regional Strategy and Vehicle Type|q7||123
q45_5|NUMBER|South America - Funds of funds|7_33|NOV_RegionalStrategySouthAmerica_FundsOfFunds|NOV_RSSA_FOF|South America - Funds of funds||NOV Capital raised|Regional Strategy and Vehicle Type|q7||124
q45_6|NUMBER|South America - Non-listed debt products|7_34|NOV_RegionalStrategySouthAmerica_Debt|NOV_RSSA_Debt|South America - Non-listed debt||NOV Capital raised|Regional Strategy and Vehicle Type|q7||125
q4ROW5_Total|NUMBER|South America - TOTAL VEHICLES|7_35|NOV_RegionalStrategySouthAmerica_VehicleType_Total|NOV_RSSA_VT_Total|South America - Vehicle type total||NOV Capital raised|Regional Strategy and Vehicle Type|q7||126
q46_1|NUMBER|Africa - Non-listed/ commingled real estate funds/private REITs|7_36|NOV_RegionalStrategyAfrica_NonListedFunds|NOV_RSAFR_NLF|Africa - Non-listed funds||NOV Capital raised|Regional Strategy and Vehicle Type|q7||127
q46_2|NUMBER|Africa - Separate accounts investing directly into real estate|7_37|NOV_RegionalStrategyAfrica_SeparateAccountsDirect|NOV_RSAFR_SepAccDirect|Africa - Separate accounts investing directly||NOV Capital raised|Regional Strategy and Vehicle Type|q7||128
q46_3|NUMBER|Africa - Separate accounts investing into indirect vehicles|7_38|NOV_RegionalStrategyAfrica_SeparateAccountsIndirect|NOV_RSAFR_SepAccIndirect|Africa - Separate accounts investing indirectly||NOV Capital raised|Regional Strategy and Vehicle Type|q7||129
q46_4|NUMBER|Africa - Joint ventures and club deals|7_39|NOV_RegionalStrategyAfrica_JVs|NOV_RSAFR_JVs|Africa -  Joint ventures and club deals||NOV Capital raised|Regional Strategy and Vehicle Type|q7||130
q46_5|NUMBER|Africa - Funds of funds|7_40|NOV_RegionalStrategyAfrica_FundsOfFunds|NOV_RSAFR_FOF|Africa - Funds of funds||NOV Capital raised|Regional Strategy and Vehicle Type|q7||131
q46_6|NUMBER|Africa - Non-listed debt products|7_41|NOV_RegionalStrategyAfrica_Debt|NOV_RSAFR_Debt|Africa - Non-listed debt||NOV Capital raised|Regional Strategy and Vehicle Type|q7||132
q4ROW6_Total|NUMBER|Africa - TOTAL VEHICLES|7_42|NOV_RegionalStrategyAfrica_VehicleType_Total|NOV_RSAFR_VT_Total|Africa - Vehicle type total||NOV Capital raised|Regional Strategy and Vehicle Type|q7||133
q4COL1_Total|NUMBER|TOTAL VEHICLES - Non-listed/ commingled real estate funds/private REITs|7_43|NOV_RegionalStrategy_NonListedFunds_Total|NOV_RS_NLF_Total|Regional strategy - Non-listed funds total||NOV Capital raised|Regional Strategy and Vehicle Type|q7||134
q4COL2_Total|NUMBER|TOTAL VEHICLES - Separate accounts investing directly into real estate|7_44|NOV_RegionalStrategy_SeparateAccountsDirect_Total|NOV_RS_SepAccDirect_Total|Regional strategy - Separate accounts investing directly total||NOV Capital raised|Regional Strategy and Vehicle Type|q7||135
q4COL3_Total|NUMBER|TOTAL VEHICLES - Separate accounts investing into indirect vehicles|7_45|NOV_RegionalStrategy_SeparateAccountsIndirect_Total|NOV_RS_SepAccIndirect_Total|Regional strategy - Separate accounts investing indirectly total||NOV Capital raised|Regional Strategy and Vehicle Type|q7||136
q4COL4_Total|NUMBER|TOTAL VEHICLES - Joint ventures and club deals|7_46|NOV_RegionalStrategy_JVs_Total|NOV_RS_JVs_Total|Regional strategy - Joint ventures and club deals total||NOV Capital raised|Regional Strategy and Vehicle Type|q7||137
q4COL5_Total|NUMBER|TOTAL VEHICLES - Funds of funds|7_47|NOV_RegionalStrategy_FundsOfFunds_Total|NOV_RS_FOF_Total|Regional strategy - Funds of funds total||NOV Capital raised|Regional Strategy and Vehicle Type|q7||138
q4COL6_Total|NUMBER|TOTAL VEHICLES - Non-listed debt products|7_48|NOV_RegionalStrategy_Debt_Total|NOV_RS_Debt_Total|Regional strategy - Non-listed debt total||NOV Capital raised|Regional Strategy and Vehicle Type|q7||139
q4GRANDTotal|NUMBER|TOTAL Number of non-listed vehicles company raised institutional capital for in 2021|7_49|NOV_RegionalStrategy_VehicleType_Total|NOV_RS_VT_Total|Regional strategy - Vehicle type total||NOV Capital raised|Regional Strategy and Vehicle Type|q7||140
||How much institutional capital did your company raise for non-listed vehicles in 2021 by investor type (million)?|8|||||||q8||141
q51_1|CURRENCY|Pension funds - Non-listed/ commingled real estate funds/private REITs|8_1|PensionFunds_NonListedFunds|PF_NLF|Pension funds - Non-listed fund||Capital raised |Investor Type and Vehicle Type|q8||142
q51_2|CURRENCY|Pension funds - Separate accounts investing directly into real estate|8_2|PensionFunds_SeparateAccountsDirect|PF_SepAccDirect|Pension funds - Separate accounts investing directly||Capital raised |Investor Type and Vehicle Type|q8||143
q51_3|CURRENCY|Pension funds - Separate accounts investing into indirect vehicles|8_3|PensionFunds_SeparateAccountsIndirect|PF_SepAccIndirect|Pension funds - Separate accounts investing indirectly||Capital raised |Investor Type and Vehicle Type|q8||144
q51_4|CURRENCY|Pension funds - Joint ventures and club deals|8_4|PensionFunds_JVs|PF_JVs|Pension funds - Joint ventures and club deals||Capital raised |Investor Type and Vehicle Type|q8||145
q51_5|CURRENCY|Pension funds - Funds of funds|8_5|PensionFunds_FundsOfFunds|PF_FOF|Pension funds - Funds of funds||Capital raised |Investor Type and Vehicle Type|q8||146
q51_6|CURRENCY|Pension funds - Non-listed debt products|8_6|PensionFunds_Debt|PF_Debt|Pension funds - Non-listed debt products||Capital raised |Investor Type and Vehicle Type|q8||147
q5ROW1_Total|CURRENCY|Pension funds - TOTAL|8_7|PensionFunds_VehicleType_Total|PF_VT_Total|Pension funds - Vehicle type total||Capital raised |Investor Type and Vehicle Type|q8||148
q52_1|CURRENCY|Insurance companies - Non-listed/ commingled real estate funds/private REITs|8_8|InsuranceCompanies_NonListedFunds|IC_NLF|Insurance companies - Non-listed fund||Capital raised |Investor Type and Vehicle Type|q8||149
q52_2|CURRENCY|Insurance companies - Separate accounts investing directly into real estate|8_9|InsuranceCompanies_SeparateAccountsDirect|IC_SepAccDirect|Insurance companies - Separate accounts investing directly||Capital raised |Investor Type and Vehicle Type|q8||150
q52_3|CURRENCY|Insurance companies - Separate accounts investing into indirect vehicles|8_10|InsuranceCompanies_SeparateAccountsIndirect|IC_SepAccIndirect|Insurance companies - Separate accounts investing indirectly||Capital raised |Investor Type and Vehicle Type|q8||151
q52_4|CURRENCY|Insurance companies - Joint ventures and club deals|8_11|InsuranceCompanies_JVs|IC_JVs|Insurance companies - Joint ventures and club deals||Capital raised |Investor Type and Vehicle Type|q8||152
q52_5|CURRENCY|Insurance companies - Funds of funds|8_12|InsuranceCompanies_FundsOfFunds|IC_FOF|Insurance companies - Funds of funds||Capital raised |Investor Type and Vehicle Type|q8||153
q52_6|CURRENCY|Insurance companies - Non-listed debt products|8_13|InsuranceCompanies_Debt|IC_Debt|Insurance companies - Non-listed debt products||Capital raised |Investor Type and Vehicle Type|q8||154
q5ROW2_Total|CURRENCY|Insurance companies - TOTAL|8_14|InsuranceCompanies_VehicleType_Total|IC_VT_Total|Insurance companies - Vehicle type total||Capital raised |Investor Type and Vehicle Type|q8||155
q53_1|CURRENCY|Sovereign wealth funds - Non-listed/ commingled real estate funds/private REITs|8_15|SovereignWealthFunds_NonListedFunds|SWF_NLF|Sovereign wealth funds - Non-listed fund||Capital raised |Investor Type and Vehicle Type|q8||156
q53_2|CURRENCY|Sovereign wealth funds - Separate accounts investing directly into real estate|8_16|SovereignWealthFunds_SeparateAccountsDirect|SWF_SepAccDirect|Sovereign wealth funds - Separate accounts investing directly||Capital raised |Investor Type and Vehicle Type|q8||157
q53_3|CURRENCY|Sovereign wealth funds - Separate accounts investing into indirect vehicles|8_17|SovereignWealthFunds_SeparateAccountsIndirect|SWF_SepAccIndirect|Sovereign wealth funds - Separate accounts investing indirectly||Capital raised |Investor Type and Vehicle Type|q8||158
q53_4|CURRENCY|Sovereign wealth funds - Joint ventures and club deals|8_18|SovereignWealthFunds_JVs|SWF_JVs|Sovereign wealth funds - Joint ventures and club deals||Capital raised |Investor Type and Vehicle Type|q8||159
q53_5|CURRENCY|Sovereign wealth funds - Funds of funds|8_19|SovereignWealthFunds_FundsOfFunds|SWF_FOF|Sovereign wealth funds - Funds of funds||Capital raised |Investor Type and Vehicle Type|q8||160
q53_6|CURRENCY|Sovereign wealth funds - Non-listed debt products|8_20|SovereignWealthFunds_Debt|SWF_Debt|Sovereign wealth funds - Non-listed debt products||Capital raised |Investor Type and Vehicle Type|q8||161
q5ROW3_Total|CURRENCY|Sovereign wealth funds - TOTAL|8_21|SovereignWealthFunds_VehicleType_Total|SWF_VT_Total|Sovereign wealth funds - Vehicle type total||Capital raised |Investor Type and Vehicle Type|q8||162
q54_1|CURRENCY|Government institutions - Non-listed/ commingled real estate funds/private REITs|8_22|GovernmentInstitutions_NonListedFunds|GI_NLF|Government institutions - Non-listed fund||Capital raised |Investor Type and Vehicle Type|q8||163
q54_2|CURRENCY|Government institutions - Separate accounts investing directly into real estate|8_23|GovernmentInstitutions_SeparateAccountsDirect|GI_SepAccDirect|Government institutions - Separate accounts investing directly||Capital raised |Investor Type and Vehicle Type|q8||164
q54_3|CURRENCY|Government institutions - Separate accounts investing into indirect vehicles|8_24|GovernmentInstitutions_SeparateAccountsIndirect|GI_SepAccIndirect|Government institutions - Separate accounts investing indirectly||Capital raised |Investor Type and Vehicle Type|q8||165
q54_4|CURRENCY|Government institutions - Joint ventures and club deals|8_25|GovernmentInstitutions_JVs|GI_JVs|Government institutions - Joint ventures and club deals||Capital raised |Investor Type and Vehicle Type|q8||166
q54_5|CURRENCY|Government institutions - Funds of funds|8_26|GovernmentInstitutions_FundsOfFunds|GI_FOF|Government institutions - Funds of funds||Capital raised |Investor Type and Vehicle Type|q8||167
q54_6|CURRENCY|Government institutions - Non-listed debt products|8_27|GovernmentInstitutions_Debt|GI_Debt|Government institutions - Non-listed debt products||Capital raised |Investor Type and Vehicle Type|q8||168
q5ROW4_Total|CURRENCY|Government institutions - TOTAL|8_28|GovernmentInstitutions_VehicleType_Total|GI_VT_Total|Government institutions - Vehicle type total||Capital raised |Investor Type and Vehicle Type|q8||169
q55_1|CURRENCY|Charities, foundations, non-profit organisations - Non-listed/ commingled real estate funds/private REITs|8_29|CharitiesFoundationsNonProfitOrganizations_NonListedFunds|CF&NPO_NLF|Charities, foundations & non-profit organisations - Non-listed fund||Capital raised |Investor Type and Vehicle Type|q8||170
q55_2|CURRENCY|Charities, foundations, non-profit organisations - Separate accounts investing directly into real estate|8_30|CharitiesFoundationsNonProfitOrganizations_SeparateAccountsDirect|CF&NPO_SepAccDirect|Charities, foundations & non-profit organisations - Separate accounts investing directly||Capital raised |Investor Type and Vehicle Type|q8||171
q55_3|CURRENCY|Charities, foundations, non-profit organisations - Separate accounts investing into indirect vehicles|8_31|CharitiesFoundationsNonProfitOrganizations_SeparateAccountsIndirect|CF&NPO_SepAccIndirect|Charities, foundations & non-profit organisations - Separate accounts investing indirectly||Capital raised |Investor Type and Vehicle Type|q8||172
q55_4|CURRENCY|Charities, foundations, non-profit organisations - Joint ventures and club deals|8_32|CharitiesFoundationsNonProfitOrganizations_JVs|CF&NPO_JVs|Charities, foundations & non-profit organisations - Joint ventures and club deals||Capital raised |Investor Type and Vehicle Type|q8||173
q55_5|CURRENCY|Charities, foundations, non-profit organisations - Funds of funds|8_33|CharitiesFoundationsNonProfitOrganizations_FundsOfFunds|CF&NPO_FOF|Charities, foundations & non-profit organisations - Funds of funds||Capital raised |Investor Type and Vehicle Type|q8||174
q55_6|CURRENCY|Charities, foundations, non-profit organisations - Non-listed debt products|8_34|CharitiesFoundationsNonProfitOrganizations_Debt|CF&NPO_Debt|Charities, foundations & non-profit organisations - Non-listed debt products||Capital raised |Investor Type and Vehicle Type|q8||175
q5ROW5_Total|CURRENCY|Charities, foundations, non-profit organisations - TOTAL|8_35|CharitiesFoundationsNonProfitOrganizations_VehicleType_Total|CF&NPO_VT_Total|Charities, foundations & non-profit organisations - Vehicle type total||Capital raised |Investor Type and Vehicle Type|q8||176
q56_1|CURRENCY|Funds of funds - Non-listed/ commingled real estate funds/private REITs|8_36|FundsOfFunds_NonListedFunds|FOF_NLF|Funds of funds - Non-listed fund||Capital raised |Investor Type and Vehicle Type|q8||177
q56_2|CURRENCY|Funds of funds - Separate accounts investing directly into real estate|8_37|FundsOfFunds_SeparateAccountsDirect|FOF_SepAccDirect|Funds of funds - Separate accounts investing directly||Capital raised |Investor Type and Vehicle Type|q8||178
q56_3|CURRENCY|Funds of funds - Separate accounts investing into indirect vehicles|8_38|FundsOfFunds_SeparateAccountsIndirect|FOF_SepAccIndirect|Funds of funds - Separate accounts investing indirectly||Capital raised |Investor Type and Vehicle Type|q8||179
q56_4|CURRENCY|Funds of funds - Joint ventures and club deals|8_39|FundsOfFunds_JVs|FOF_JVs|Funds of funds - Joint ventures and club deals||Capital raised |Investor Type and Vehicle Type|q8||180
q56_5|CURRENCY|Funds of funds - Funds of funds|8_40|FundsOfFunds_FundsOfFunds|FOF_FOF|Funds of funds - Funds of funds||Capital raised |Investor Type and Vehicle Type|q8||181
q56_6|CURRENCY|Funds of funds - Non-listed debt products|8_41|FundsOfFunds_Debt|FOF_Debt|Funds of funds - Non-listed debt products||Capital raised |Investor Type and Vehicle Type|q8||182
q5ROW6_Total|CURRENCY|Funds of funds - TOTAL|8_42|FundsOfFunds_VehicleType_Total|FOF_VT_Total|Funds of funds - Vehicle type total||Capital raised |Investor Type and Vehicle Type|q8||183
q57_1|CURRENCY|High net worth individuals /Family offices - Non-listed/ commingled real estate funds/private REITs|8_43|HighnetWorthIndividualsFamilyOffices_NonListedFunds|HNWI/FO_NLF|Hign net worth individuals/Family offices - Non-listed fund||Capital raised |Investor Type and Vehicle Type|q8||184
q57_2|CURRENCY|High net worth individuals /Family offices - Separate accounts investing directly into real estate|8_44|HighnetWorthIndividualsFamilyOffices_SeparateAccountsDirect|HNWI/FO_SepAccDirect|Hign net worth individuals/Family offices - Separate accounts investing directly||Capital raised |Investor Type and Vehicle Type|q8||185
q57_3|CURRENCY|High net worth individuals /Family offices - Separate accounts investing into indirect vehicles|8_45|HighnetWorthIndividualsFamilyOffices_SeparateAccountsIndirect|HNWI/FO_SepAccIndirect|Hign net worth individuals/Family offices - Separate accounts investing indirectly||Capital raised |Investor Type and Vehicle Type|q8||186
q57_4|CURRENCY|High net worth individuals /Family offices - Joint ventures and club deals|8_46|HighnetWorthIndividualsFamilyOffices_JVs|HNWI/FO_JVs|Hign net worth individuals/Family offices - Joint ventures and club deals||Capital raised |Investor Type and Vehicle Type|q8||187
q57_5|CURRENCY|High net worth individuals /Family offices - Funds of funds|8_47|HighnetWorthIndividualsFamilyOffices_FundsOfFunds|HNWI/FO_FOF|Hign net worth individuals/Family offices - Funds of funds||Capital raised |Investor Type and Vehicle Type|q8||188
q57_6|CURRENCY|High net worth individuals /Family offices - Non-listed debt products|8_48|HighnetWorthIndividualsFamilyOffices_Debt|HNWI/FO_Debt|Hign net worth individuals/Family offices - Non-listed debt products||Capital raised |Investor Type and Vehicle Type|q8||189
q5ROW7_Total|CURRENCY|High net worth individuals /Family offices - TOTAL|8_49|HighnetWorthIndividualsFamilyOffices_VehicleType_Total|HNWI/FO_VT_Total|Hign net worth individuals/Family offices - Vehicle type total||Capital raised |Investor Type and Vehicle Type|q8||190
q5other|TEXT|Other investor type (Other)|8_50|OtherInvestorTypetext|OtherITText|Other investor type||Capital raised |Investor Type and Vehicle Type|q8||191
q58_1|CURRENCY|Other - Non-listed/ commingled real estate funds/private REITs|8_51|OtherInvestorType_NonListedFunds|OtherIT_NLF|Other investor type - Non-listed fund||Capital raised |Investor Type and Vehicle Type|q8||192
q58_2|CURRENCY|Other - Separate accounts investing directly into real estate|8_52|OtherInvestorType_SeparateAccountsDirect|OtherIT_SepAccDirect|Other investor type - Separate accounts investing directly||Capital raised |Investor Type and Vehicle Type|q8||193
q58_3|CURRENCY|Other - Separate accounts investing into indirect vehicles|8_53|OtherInvestorType_SeparateAccountsIndirect|OtherIT_SepAccIndirect|Other investor type - Separate accounts investing indirectly||Capital raised |Investor Type and Vehicle Type|q8||194
q58_4|CURRENCY|Other - Joint ventures and club deals|8_54|OtherInvestorType_JVs|OtherIT_JVs|Other investor type - Joint ventures and club deals||Capital raised |Investor Type and Vehicle Type|q8||195
q58_5|CURRENCY|Other - Funds of funds|8_55|OtherInvestorType_FundsOfFunds|OtherIT_FOF|Other investor type - Funds of funds||Capital raised |Investor Type and Vehicle Type|q8||196
q58_6|CURRENCY|Other - Non-listed debt products|8_56|OtherInvestorType_Debt|OtherIT_Debt|Other investor type - Non-listed debt products||Capital raised |Investor Type and Vehicle Type|q8||197
q5ROW8_Total|CURRENCY|Other - TOTAL|8_57|OtherInvestorType_VehicleType_Total|OtherIT_VT_Total|Other investor type - Vehicle type total||Capital raised |Investor Type and Vehicle Type|q8||198
q5COL1_Total|CURRENCY|TOTAL - Non-listed/ commingled real estate funds/private REITs|8_58|InvestorType_NonListedFunds_Total|IT_NLF_Total|Investor type - Non-listed fund total||Capital raised |Investor Type and Vehicle Type|q8||199
q5COL2_Total|CURRENCY|TOTAL - Separate accounts investing directly into real estate|8_59|InvestorType_SeparateAccountsDirect_Total|IT_SepAccDirect_Total|Investor type - Separate accounts investing directly total||Capital raised |Investor Type and Vehicle Type|q8||200
q5COL3_Total|CURRENCY|TOTAL - Separate accounts investing into indirect vehicles|8_60|InvestorType_SeparateAccountsIndirect_Total|IT_SepAccIndirect_Total|Investor type - Separate accounts investing indirectly total||Capital raised |Investor Type and Vehicle Type|q8||201
q5COL4_Total|CURRENCY|TOTAL - Joint ventures and club deals|8_61|InvestorType_JVs_Total|IT_JVs_Total|Investor type - Joint ventures and club deals total||Capital raised |Investor Type and Vehicle Type|q8||202
q5COL5_Total|CURRENCY|TOTAL - Funds of funds|8_62|InvestorType_FundsOfFunds_Total|IT_FOF_Total|Investor type - Funds of funds total||Capital raised |Investor Type and Vehicle Type|q8||203
q5COL6_Total|CURRENCY|TOTAL - Non-listed debt products|8_63|InvestorType_Debt_Total|IT_Debt_Total|Investor type - Non-listed debt products total||Capital raised |Investor Type and Vehicle Type|q8||204
q5GRANDTotal|CURRENCY|TOTAL raised for non-listed vehicles in 2021 by investor type|8_64|InvestorType_VehicleType_Total|IT_VT_Total|Investor type - Vehicle type total||Capital raised |Investor Type and Vehicle Type|q8||205
||How much institutional capital did your company raise for non-listed vehicles in 2021 by investor domicile (million)?|9|||||||q9||206
q61_1|CURRENCY|Asia Pacific - Non-listed/ commingled real estate funds/private REITs|9_1|InvestorDomicileAsiaPacific_NonListedFunds|IDAPAC_NLF|Asia Pacific - Non-listed funds||Capital raised |Investor Domicile and Vehicle Type|q9||207
q61_2|CURRENCY|Asia Pacific - Separate accounts investing directly into real estate|9_2|InvestorDomicileAsiaPacific_SeparateAccountsDirect|IDAPAC_SepAccDirect|Asia Pacific - Separate accounts direct||Capital raised |Investor Domicile and Vehicle Type|q9||208
q61_3|CURRENCY|Asia Pacific - Separate accounts investing into indirect vehicles|9_3|InvestorDomicileAsiaPacific_SeparateAccountsIndirect|IDAPAC_SepAccIndirect|Asia Pacific - Separate accounts indirect||Capital raised |Investor Domicile and Vehicle Type|q9||209
q61_4|CURRENCY|Asia Pacific - Joint ventures and club deals|9_4|InvestorDomicileAsiaPacific_JVs|IDAPAC_JVs|Asia Pacific - Joint ventures and club deals||Capital raised |Investor Domicile and Vehicle Type|q9||210
q61_5|CURRENCY|Asia Pacific - Funds of funds|9_5|InvestorDomicileAsiaPacific_FundsOfFunds|IDAPAC_FOF|Asia Pacific - Funds of funds||Capital raised |Investor Domicile and Vehicle Type|q9||211
q61_6|CURRENCY|Asia Pacific - Non-listed debt products|9_6|InvestorDomicileAsiaPacific_Debt|IDAPAC_Debt|Asia Pacific - Non-listed debt||Capital raised |Investor Domicile and Vehicle Type|q9||212
q6ROW1_Total|CURRENCY|Asia Pacific - TOTAL|9_7|InvestorDomicileAsiaPacific_VehicleType_Total|IDAPAC_VT_Total|Asia Pacific - Vehicle type total||Capital raised |Investor Domicile and Vehicle Type|q9||213
q62_1|CURRENCY|Europe - Non-listed/ commingled real estate funds/private REITs|9_8|InvestorDomicileEurope_NonListedFunds|IDEUR_NLF|Europe - Non-listed funds||Capital raised |Investor Domicile and Vehicle Type|q9||214
q62_2|CURRENCY|Europe - Separate accounts investing directly into real estate|9_9|InvestorDomicileEurope_SeparateAccountsDirect|IDEUR_SepAccDirect|Europe - Separate accounts direct||Capital raised |Investor Domicile and Vehicle Type|q9||215
q62_3|CURRENCY|Europe - Separate accounts investing into indirect vehicles|9_10|InvestorDomicileEurope_SeparateAccountsIndirect|IDEUR_SepAccIndirect|Europe - Separate accounts indirect||Capital raised |Investor Domicile and Vehicle Type|q9||216
q62_4|CURRENCY|Europe - Joint ventures and club deals|9_11|InvestorDomicileEurope_JVs|IDEUR_JVs|Europe -  Joint ventures and club deals||Capital raised |Investor Domicile and Vehicle Type|q9||217
q62_5|CURRENCY|Europe - Funds of funds|9_12|InvestorDomicileEurope_FundsOfFunds|IDEUR_FOF|Europe - Funds of funds||Capital raised |Investor Domicile and Vehicle Type|q9||218
q62_6|CURRENCY|Europe - Non-listed debt products|9_13|InvestorDomicileEurope_Debt|IDEUR_Debt|Europe - Non-listed debt||Capital raised |Investor Domicile and Vehicle Type|q9||219
q6ROW2_Total|CURRENCY|Europe - TOTAL|9_14|InvestorDomicileEurope_VehicleType_Total|IDEUR_VT_Total|Europe - Vehicle type total||Capital raised |Investor Domicile and Vehicle Type|q9||220
q63_1|CURRENCY|North America - Non-listed/ commingled real estate funds/private REITs|9_15|InvestorDomicileNorthAmerica_NonListedFunds|IDNA_NLF|North America - Non-listed funds||Capital raised |Investor Domicile and Vehicle Type|q9||221
q63_2|CURRENCY|North America - Separate accounts investing directly into real estate|9_16|InvestorDomicileNorthAmerica_SeparateAccountsDirect|IDNA_SepAccDirect|North America - Separate accounts direct||Capital raised |Investor Domicile and Vehicle Type|q9||222
q63_3|CURRENCY|North America - Separate accounts investing into indirect vehicles|9_17|InvestorDomicileNorthAmerica_SeparateAccountsIndirect|IDNA_SepAccIndirect|North America - Separate accounts indirect||Capital raised |Investor Domicile and Vehicle Type|q9||223
q63_4|CURRENCY|North America - Joint ventures and club deals|9_18|InvestorDomicileNorthAmerica_JVs|IDNA_JVs|North America -  Joint ventures and club deals||Capital raised |Investor Domicile and Vehicle Type|q9||224
q63_5|CURRENCY|North America - Funds of funds|9_19|InvestorDomicileNorthAmerica_FundsOfFunds|IDNA_FOF|North America - Funds of funds||Capital raised |Investor Domicile and Vehicle Type|q9||225
q63_6|CURRENCY|North America - Non-listed debt products|9_20|InvestorDomicileNorthAmerica_Debt|IDNA_Debt|North America - Non-listed debt||Capital raised |Investor Domicile and Vehicle Type|q9||226
q6ROW3_Total|CURRENCY|North America - TOTAL|9_21|InvestorDomicileNorthAmerica_VehicleType_Total|IDNA_VT_Total|North America - Vehicle type total||Capital raised |Investor Domicile and Vehicle Type|q9||227
q64_1|CURRENCY|South America - Non-listed/ commingled real estate funds/private REITs|9_22|InvestorDomicileSouthAmerica_NonListedFunds|IDSA_NLF|South America - Non-listed funds||Capital raised |Investor Domicile and Vehicle Type|q9||228
q64_2|CURRENCY|South America - Separate accounts investing directly into real estate|9_23|InvestorDomicileSouthAmerica_SeparateAccountsDirect|IDSA_SepAccDirect|South America - Separate accounts direct||Capital raised |Investor Domicile and Vehicle Type|q9||229
q64_3|CURRENCY|South America - Separate accounts investing into indirect vehicles|9_24|InvestorDomicileSouthAmerica_SeparateAccountsIndirect|IDSA_SepAccIndirect|South America - Separate accounts indirect||Capital raised |Investor Domicile and Vehicle Type|q9||230
q64_4|CURRENCY|South America - Joint ventures and club deals|9_25|InvestorDomicileSouthAmerica_JVs|IDSA_JVs|South America -  Joint ventures and club deals||Capital raised |Investor Domicile and Vehicle Type|q9||231
q64_5|CURRENCY|South America - Funds of funds|9_26|InvestorDomicileSouthAmerica_FundsOfFunds|IDSA_FOF|South America - Funds of funds||Capital raised |Investor Domicile and Vehicle Type|q9||232
q64_6|CURRENCY|South America - Non-listed debt products|9_27|InvestorDomicileSouthAmerica_Debt|IDSA_Debt|South America - Non-listed debt||Capital raised |Investor Domicile and Vehicle Type|q9||233
q6ROW4_Total|CURRENCY|South America - TOTAL|9_28|InvestorDomicileSouthAmerica_VehicleType_Total|IDSA_VT_Total|South America - Vehicle type total||Capital raised |Investor Domicile and Vehicle Type|q9||234
q65_1|CURRENCY|Africa - Non-listed/ commingled real estate funds/private REITs|9_29|InvestorDomicileAfrica_NonListedFunds|IDAFR_NLF|Africa - Non-listed funds||Capital raised |Investor Domicile and Vehicle Type|q9||235
q65_2|CURRENCY|Africa - Separate accounts investing directly into real estate|9_30|InvestorDomicileAfrica_SeparateAccountsDirect|IDAFR_SepAccDirect|Africa - Separate accounts direct||Capital raised |Investor Domicile and Vehicle Type|q9||236
q65_3|CURRENCY|Africa - Separate accounts investing into indirect vehicles|9_31|InvestorDomicileAfrica_SeparateAccountsIndirect|IDAFR_SepAccIndirect|Africa - Separate accounts indirect||Capital raised |Investor Domicile and Vehicle Type|q9||237
q65_4|CURRENCY|Africa - Joint ventures and club deals|9_32|InvestorDomicileAfrica_JVs|IDAFR_JVs|Africa -  Joint ventures and club deals||Capital raised |Investor Domicile and Vehicle Type|q9||238
q65_5|CURRENCY|Africa - Funds of funds|9_33|InvestorDomicileAfrica_FundsOfFunds|IDAFR_FOF|Africa - Funds of funds||Capital raised |Investor Domicile and Vehicle Type|q9||239
q65_6|CURRENCY|Africa - Non-listed debt products|9_34|InvestorDomicileAfrica_Debt|IDAFR_Debt|Africa - Non-listed debt||Capital raised |Investor Domicile and Vehicle Type|q9||240
q6ROW5_Total|CURRENCY|Africa - TOTAL|9_35|InvestorDomicileAfrica_VehicleType_Total|IDAFR_VT_Total|Africa - Vehicle type total||Capital raised |Investor Domicile and Vehicle Type|q9||241
q6COL1_Total|CURRENCY|TOTAL - Non-listed/ commingled real estate funds/private REITs|9_36|InvestorDomicile_NonListedFunds_Total|ID_NLF_Total|Regional strategy - Non-listed funds total||Capital raised |Investor Domicile and Vehicle Type|q9||242
q6COL2_Total|CURRENCY|TOTAL - Separate accounts investing directly into real estate|9_37|InvestorDomicile_SeparateAccountsDirect_Total|ID_SepAccDirect_Total|Regional strategy - Separate accounts investing directly total||Capital raised |Investor Domicile and Vehicle Type|q9||243
q6COL3_Total|CURRENCY|TOTAL - Separate accounts investing into indirect vehicles|9_38|InvestorDomicile_SeparateAccountsIndirect_Total|ID_SepAccIndirect_Total|Regional strategy - Separate accounts indirect total||Capital raised |Investor Domicile and Vehicle Type|q9||244
q6COL4_Total|CURRENCY|TOTAL - Joint ventures and club deals|9_39|InvestorDomicile_JVs_Total|ID_JVs_Total|Regional strategy - Joint ventures and club deals total||Capital raised |Investor Domicile and Vehicle Type|q9||245
q6COL5_Total|CURRENCY|TOTAL - Funds of funds|9_40|InvestorDomicile_FundsOfFunds_Total|ID_FOF_Total|Regional strategy - Funds of funds total||Capital raised |Investor Domicile and Vehicle Type|q9||246
q6COL6_Total|CURRENCY|TOTAL - Non-listed debt products|9_41|InvestorDomicile_Debt_Total|ID_Debt_Total|Regional strategy - Non-listed debt total||Capital raised |Investor Domicile and Vehicle Type|q9||247
q6GRANDTotal|CURRENCY|TOTAL Capital Raised in 2021 for non-listed real estate|9_42|InvestorDomicile_VehicleType_Total|ID_VT_Total|Regional strategy - Vehicle type total||Capital raised |Investor Domicile and Vehicle Type|q9||248
||What percentage of the total institutional capital raised in 2021 was via...?|10|||||||q10||249
q7_1|PERCENT|Placement agent|10_1|PercentMethod_PlacementAgent|PercMeth_PlacAg|Placement agent||Capital raised |Method|q10||250
q7_2|PERCENT|Investors contacting you directly|10_2|PercentMethod_InvestorsContactingDirectly|PercMeth_InvConDirect|Investor contracting directly||Capital raised |Method|q10||251
q7_3|PERCENT|Your own direct relationship with investors|10_3|PercentMethod_RelationshipWithInvestors|PercMeth_RelWithInv|Relationship with investors||Capital raised |Method|q10||252
q7other|Text|Other (please specify):|10_4|PercentMethod_Othertext|PercMeth_OtherText|Other Text||Capital raised |Method|q10||253
q7_4|PERCENT|Other|10_5|PercentMethod_Other|PercMeth_Other|Other Method||Capital raised |Method|q10||254
q7_Total|PERCENT|TOTAL - Percentage|10_6|PercentMethod_Total|PercMeth_Total|Capital raised total||Capital raised |Method|q10||255
q8|NUMBER|How do you expect capital raising activities to develop over the next two years?|11|CapitalRaisingActivity_Development|CRact_Dev|Development||Capital raised |Method|q11||256
q9|NUMBER|What impact do you expect regulation to have on capital raising activities over the next two years?|12|CapitalRaisingActivity_Impactregulation|CRact_ImpReg|Impact Regulation||Capital raised |Method|q12||257
q91|NUMBER|Would you like the name of your company to be included in the list of participants?|13|Companynameincluded|CompNameIncl|Name ||Name|Name|q13||258
_apac||For your Asia Pacific strategy*, how much institutional capital did your company raise for non-listed vehicles in 2021 by investor type (million)?|14|||||||q14||259
q101_1_apac|CURRENCY|APAC: Pension funds - Non-listed/ commingled real estate funds/private REITs|14_1|APAC_PensionFunds_NonListedFunds|APAC_PF_NLF|Pension funds - Non-listed fund||APAC Capital raised|Investor Type and Vehicle Type|q14||260
q101_2_apac|CURRENCY|APAC: Pension funds - Separate accounts investing directly into real estate|14_2|APAC_PensionFunds_SeparateAccountsDirect|APAC_PF_SepAccDirect|Pension funds - Separate accounts investing directly||APAC Capital raised|Investor Type and Vehicle Type|q14||261
q101_3_apac|CURRENCY|APAC: Pension funds - Separate accounts investing into indirect vehicles|14_3|APAC_PensionFunds_SeparateAccountsIndirect|APAC_PF_SepAccIndirect|Pension funds - Separate accounts investing indirectly||APAC Capital raised|Investor Type and Vehicle Type|q14||262
q101_4_apac|CURRENCY|APAC: Pension funds - Joint ventures and club deals|14_4|APAC_PensionFunds_JVs|APAC_PF_JVs|Pension funds - Joint ventures and club deals||APAC Capital raised|Investor Type and Vehicle Type|q14||263
q101_5_apac|CURRENCY|APAC: Pension funds - Funds of funds|14_5|APAC_PensionFunds_FundsOfFunds|APAC_PF_FOF|Pension funds - Funds of funds||APAC Capital raised|Investor Type and Vehicle Type|q14||264
q101_6_apac|CURRENCY|APAC: Pension funds - Non-listed debt products|14_6|APAC_PensionFunds_Debt|APAC_PF_Debt|Pension funds - Non-listed debt products||APAC Capital raised|Investor Type and Vehicle Type|q14||265
q10ROW1_Total_apac|CURRENCY|APAC: Pension funds - TOTAL|14_7|APAC_PensionFunds_VehicleType_Total|APAC_PF_VT_Total|Pension funds - Vehicle type total||APAC Capital raised|Investor Type and Vehicle Type|q14||266
q102_1_apac|CURRENCY|APAC: Insurance companies - Non-listed/ commingled real estate funds/private REITs|14_8|APAC_InsuranceCompanies_NonListedFunds|APAC_IC_NLF|Insurance companies - Non-listed fund||APAC Capital raised|Investor Type and Vehicle Type|q14||267
q102_2_apac|CURRENCY|APAC: Insurance companies - Separate accounts investing directly into real estate|14_9|APAC_InsuranceCompanies_SeparateAccountsDirect|APAC_IC_SepAccDirect|Insurance companies - Separate accounts investing directly||APAC Capital raised|Investor Type and Vehicle Type|q14||268
q102_3_apac|CURRENCY|APAC: Insurance companies - Separate accounts investing into indirect vehicles|14_10|APAC_InsuranceCompanies_SeparateAccountsIndirect|APAC_IC_SepAccIndirect|Insurance companies - Separate accounts investing indirectly||APAC Capital raised|Investor Type and Vehicle Type|q14||269
q102_4_apac|CURRENCY|APAC: Insurance companies - Joint ventures and club deals|14_11|APAC_InsuranceCompanies_JVs|APAC_IC_JVs|Insurance companies - Joint ventures and club deals||APAC Capital raised|Investor Type and Vehicle Type|q14||270
q102_5_apac|CURRENCY|APAC: Insurance companies - Funds of funds|14_12|APAC_InsuranceCompanies_FundsOfFunds|APAC_IC_FOF|Insurance companies - Funds of funds||APAC Capital raised|Investor Type and Vehicle Type|q14||271
q102_6_apac|CURRENCY|APAC: Insurance companies - Non-listed debt products|14_13|APAC_InsuranceCompanies_Debt|APAC_IC_Debt|Insurance companies - Non-listed debt products||APAC Capital raised|Investor Type and Vehicle Type|q14||272
q10ROW2_Total_apac|CURRENCY|APAC: Insurance companies - TOTAL|14_14|APAC_InsuranceCompanies_VehicleType_Total|APAC_IC_VT_Total|Insurance companies - Vehicle type total||APAC Capital raised|Investor Type and Vehicle Type|q14||273
q103_1_apac|CURRENCY|APAC: Sovereign wealth funds - Non-listed/ commingled real estate funds/private REITs|14_15|APAC_SovereignWealthFunds_NonListedFunds|APAC_SWF_NLF|Sovereign wealth funds - Non-listed fund||APAC Capital raised|Investor Type and Vehicle Type|q14||274
q103_2_apac|CURRENCY|APAC: Sovereign wealth funds - Separate accounts investing directly into real estate|14_16|APAC_SovereignWealthFunds_SeparateAccountsDirect|APAC_SWF_SepAccDirect|Sovereign wealth funds - Separate accounts investing directly||APAC Capital raised|Investor Type and Vehicle Type|q14||275
q103_3_apac|CURRENCY|APAC: Sovereign wealth funds - Separate accounts investing into indirect vehicles|14_17|APAC_SovereignWealthFunds_SeparateAccountsIndirect|APAC_SWF_SepAccIndirect|Sovereign wealth funds - Separate accounts investing indirectly||APAC Capital raised|Investor Type and Vehicle Type|q14||276
q103_4_apac|CURRENCY|APAC: Sovereign wealth funds - Joint ventures and club deals|14_18|APAC_SovereignWealthFunds_JVs|APAC_SWF_JVs|Sovereign wealth funds - Joint ventures and club deals||APAC Capital raised|Investor Type and Vehicle Type|q14||277
q103_5_apac|CURRENCY|APAC: Sovereign wealth funds - Funds of funds|14_19|APAC_SovereignWealthFunds_FundsOfFunds|APAC_SWF_FOF|Sovereign wealth funds - Funds of funds||APAC Capital raised|Investor Type and Vehicle Type|q14||278
q103_6_apac|CURRENCY|APAC: Sovereign wealth funds - Non-listed debt products|14_20|APAC_SovereignWealthFunds_Debt|APAC_SWF_Debt|Sovereign wealth funds - Non-listed debt products||APAC Capital raised|Investor Type and Vehicle Type|q14||279
q10ROW3_Total_apac|CURRENCY|APAC: Sovereign wealth funds - TOTAL|14_21|APAC_SovereignWealthFunds_VehicleType_Total|APAC_SWF_VT_Total|Sovereign wealth funds - Vehicle type total||APAC Capital raised|Investor Type and Vehicle Type|q14||280
q104_1_apac|CURRENCY|APAC: Government institutions - Non-listed/ commingled real estate funds/private REITs|14_22|APAC_GovernmentInstitutions_NonListedFunds|APAC_GI_NLF|Government institutions - Non-listed fund||APAC Capital raised|Investor Type and Vehicle Type|q14||281
q104_2_apac|CURRENCY|APAC: Government institutions - Separate accounts investing directly into real estate|14_23|APAC_GovernmentInstitutions_SeparateAccountsDirect|APAC_GI_SepAccDirect|Government institutions - Separate accounts investing directly||APAC Capital raised|Investor Type and Vehicle Type|q14||282
q104_3_apac|CURRENCY|APAC: Government institutions - Separate accounts investing into indirect vehicles|14_24|APAC_GovernmentInstitutions_SeparateAccountsIndirect|APAC_GI_SepAccIndirect|Government institutions - Separate accounts investing indirectly||APAC Capital raised|Investor Type and Vehicle Type|q14||283
q104_4_apac|CURRENCY|APAC: Government institutions - Joint ventures and club deals|14_25|APAC_GovernmentInstitutions_JVs|APAC_GI_JVs|Government institutions - Joint ventures and club deals||APAC Capital raised|Investor Type and Vehicle Type|q14||284
q104_5_apac|CURRENCY|APAC: Government institutions - Funds of funds|14_26|APAC_GovernmentInstitutions_FundsOfFunds|APAC_GI_FOF|Government institutions - Funds of funds||APAC Capital raised|Investor Type and Vehicle Type|q14||285
q104_6_apac|CURRENCY|APAC: Government institutions - Non-listed debt products|14_27|APAC_GovernmentInstitutions_Debt|APAC_GI_Debt|Government institutions - Non-listed debt products||APAC Capital raised|Investor Type and Vehicle Type|q14||286
q10ROW4_Total_apac|CURRENCY|APAC: Government institutions - TOTAL|14_28|APAC_GovernmentInstitutions_VehicleType_Total|APAC_GI_VT_Total|Government institutions - Vehicle type total||APAC Capital raised|Investor Type and Vehicle Type|q14||287
q105_1_apac|CURRENCY|APAC: Charities, foundations, non-profit organisations - Non-listed/ commingled real estate funds/private REITs|14_29|APAC_CharitiesFoundationsNonProfitOrganizations_NonListedFunds|APAC_CF&NPO_NLF|Charities, foundations & non-profit organisations - Non-listed fund||APAC Capital raised|Investor Type and Vehicle Type|q14||288
q105_2_apac|CURRENCY|APAC: Charities, foundations, non-profit organisations - Separate accounts investing directly into real estate|14_30|APAC_CharitiesFoundationsNonProfitOrganizations_SeparateAccountsDirect|APAC_CF&NPO_SepAccDirect|Charities, foundations & non-profit organisations - Separate accounts investing directly||APAC Capital raised|Investor Type and Vehicle Type|q14||289
q105_3_apac|CURRENCY|APAC: Charities, foundations, non-profit organisations - Separate accounts investing into indirect vehicles|14_31|APAC_CharitiesFoundationsNonProfitOrganizations_SeparateAccountsIndirect|APAC_CF&NPO_SepAccIndirect|Charities, foundations & non-profit organisations - Separate accounts investing indirectly||APAC Capital raised|Investor Type and Vehicle Type|q14||290
q105_4_apac|CURRENCY|APAC: Charities, foundations, non-profit organisations - Joint ventures and club deals|14_32|APAC_CharitiesFoundationsNonProfitOrganizations_JVs|APAC_CF&NPO_JVs|Charities, foundations & non-profit organisations - Joint ventures and club deals||APAC Capital raised|Investor Type and Vehicle Type|q14||291
q105_5_apac|CURRENCY|APAC: Charities, foundations, non-profit organisations - Funds of funds|14_33|APAC_CharitiesFoundationsNonProfitOrganizations_FundsOfFunds|APAC_CF&NPO_FOF|Charities, foundations & non-profit organisations - Funds of funds||APAC Capital raised|Investor Type and Vehicle Type|q14||292
q105_6_apac|CURRENCY|APAC: Charities, foundations, non-profit organisations - Non-listed debt products|14_34|APAC_CharitiesFoundationsNonProfitOrganizations_Debt|APAC_CF&NPO_Debt|Charities, foundations & non-profit organisations - Non-listed debt products||APAC Capital raised|Investor Type and Vehicle Type|q14||293
q10ROW5_Total_apac|CURRENCY|APAC: Charities, foundations, non-profit organisations - TOTAL|14_35|APAC_CharitiesFoundationsNonProfitOrganizations_VehicleType_Total|APAC_CF&NPO_VT_Total|Charities, foundations & non-profit organisations - Vehicle type total||APAC Capital raised|Investor Type and Vehicle Type|q14||294
q106_1_apac|CURRENCY|APAC: Funds of funds - Non-listed/ commingled real estate funds/private REITs|14_36|APAC_FundsOfFunds_NonListedFunds|APAC_FOF_NLF|Funds of funds - Non-listed fund||APAC Capital raised|Investor Type and Vehicle Type|q14||295
q106_2_apac|CURRENCY|APAC: Funds of funds - Separate accounts investing directly into real estate|14_37|APAC_FundsOfFunds_SeparateAccountsDirect|APAC_FOF_SepAccDirect|Funds of funds - Separate accounts investing directly||APAC Capital raised|Investor Type and Vehicle Type|q14||296
q106_3_apac|CURRENCY|APAC: Funds of funds - Separate accounts investing into indirect vehicles|14_38|APAC_FundsOfFunds_SeparateAccountsIndirect|APAC_FOF_SepAccIndirect|Funds of funds - Separate accounts investing indirectly||APAC Capital raised|Investor Type and Vehicle Type|q14||297
q106_4_apac|CURRENCY|APAC: Funds of funds - Joint ventures and club deals|14_39|APAC_FundsOfFunds_JVs|APAC_FOF_JVs|Funds of funds - Joint ventures and club deals||APAC Capital raised|Investor Type and Vehicle Type|q14||298
q106_5_apac|CURRENCY|APAC: Funds of funds - Funds of funds|14_40|APAC_FundsOfFunds_FundsOfFunds|APAC_FOF_FOF|Funds of funds - Funds of funds||APAC Capital raised|Investor Type and Vehicle Type|q14||299
q106_6_apac|CURRENCY|APAC: Funds of funds - Non-listed debt products|14_41|APAC_FundsOfFunds_Debt|APAC_FOF_Debt|Funds of funds - Non-listed debt products||APAC Capital raised|Investor Type and Vehicle Type|q14||300
q10ROW6_Total_apac|CURRENCY|APAC: Funds of funds - TOTAL|14_42|APAC_FundsOfFunds_VehicleType_Total|APAC_FOF_VT_Total|Funds of funds - Vehicle type total||APAC Capital raised|Investor Type and Vehicle Type|q14||301
q107_1_apac|CURRENCY|APAC: High net worth individuals /Family offices - Non-listed/ commingled real estate funds/private REITs|14_43|APAC_HighnetWorthIndividualsFamilyOffices_NonListedFunds|APAC_HNWI/FO_NLF|Hign net worth individuals/Family offices - Non-listed fund||APAC Capital raised|Investor Type and Vehicle Type|q14||302
q107_2_apac|CURRENCY|APAC: High net worth individuals /Family offices - Separate accounts investing directly into real estate|14_44|APAC_HighnetWorthIndividualsFamilyOffices_SeparateAccountsDirect|APAC_HNWI/FO_SepAccDirect|Hign net worth individuals/Family offices - Separate accounts investing directly||APAC Capital raised|Investor Type and Vehicle Type|q14||303
q107_3_apac|CURRENCY|APAC: High net worth individuals /Family offices - Separate accounts investing into indirect vehicles|14_45|APAC_HighnetWorthIndividualsFamilyOffices_SeparateAccountsIndirect|APAC_HNWI/FO_SepAccIndirect|Hign net worth individuals/Family offices - Separate accounts investing indirectly||APAC Capital raised|Investor Type and Vehicle Type|q14||304
q107_4_apac|CURRENCY|APAC: High net worth individuals /Family offices - Joint ventures and club deals|14_46|APAC_HighnetWorthIndividualsFamilyOffices_JVs|APAC_HNWI/FO_JVs|Hign net worth individuals/Family offices - Joint ventures and club deals||APAC Capital raised|Investor Type and Vehicle Type|q14||305
q107_5_apac|CURRENCY|APAC: High net worth individuals /Family offices - Funds of funds|14_47|APAC_HighnetWorthIndividualsFamilyOffices_FundsOfFunds|APAC_HNWI/FO_FOF|Hign net worth individuals/Family offices - Funds of funds||APAC Capital raised|Investor Type and Vehicle Type|q14||306
q107_6_apac|CURRENCY|APAC: High net worth individuals /Family offices - Non-listed debt products|14_48|APAC_HighnetWorthIndividualsFamilyOffices_Debt|APAC_HNWI/FO_Debt|Hign net worth individuals/Family offices - Non-listed debt products||APAC Capital raised|Investor Type and Vehicle Type|q14||307
q10ROW7_Total_apac|CURRENCY|APAC: High net worth individuals /Family offices - TOTAL|14_49|APAC_HighnetWorthIndividualsFamilyOffices_VehicleType_Total|APAC_HNWI/FO_VT_Total|Hign net worth individuals/Family offices - Vehicle type total||APAC Capital raised|Investor Type and Vehicle Type|q14||308
q10other_apac|CURRENCY|APAC: Other investor type (Other)|14_50|APAC_OtherInvestorTypetext|APAC_OtherITText|Other investor type||APAC Capital raised|Investor Type and Vehicle Type|q14||309
q108_1_apac|CURRENCY|APAC: Other - Non-listed/ commingled real estate funds/private REITs|14_51|APAC_OtherInvestorType_NonListedFunds|APAC_OtherIT_NLF|Other investor type - Non-listed fund||APAC Capital raised|Investor Type and Vehicle Type|q14||310
q108_2_apac|CURRENCY|APAC: Other - Separate accounts investing directly into real estate|14_52|APAC_OtherInvestorType_SeparateAccountsDirect|APAC_OtherIT_SepAccDirect|Other investor type - Separate accounts investing directly||APAC Capital raised|Investor Type and Vehicle Type|q14||311
q108_3_apac|CURRENCY|APAC: Other - Separate accounts investing into indirect vehicles|14_53|APAC_OtherInvestorType_SeparateAccountsIndirect|APAC_OtherIT_SepAccIndirect|Other investor type - Separate accounts investing indirectly||APAC Capital raised|Investor Type and Vehicle Type|q14||312
q108_4_apac|CURRENCY|APAC: Other - Joint ventures and club deals|14_54|APAC_OtherInvestorType_JVs|APAC_OtherIT_JVs|Other investor type - Joint ventures and club deals||APAC Capital raised|Investor Type and Vehicle Type|q14||313
q108_5_apac|CURRENCY|APAC: Other - Funds of funds|14_55|APAC_OtherInvestorType_FundsOfFunds|APAC_OtherIT_FOF|Other investor type - Funds of funds||APAC Capital raised|Investor Type and Vehicle Type|q14||314
q108_6_apac|CURRENCY|APAC: Other - Non-listed debt products|14_56|APAC_OtherInvestorType_Debt|APAC_OtherIT_Debt|Other investor type - Non-listed debt products||APAC Capital raised|Investor Type and Vehicle Type|q14||315
q10ROW8_Total_apac|CURRENCY|APAC: Other - TOTAL|14_57|APAC_OtherInvestorType_VehicleType_Total|APAC_OtherIT_VT_Total|Other investor type - Vehicle type total||APAC Capital raised|Investor Type and Vehicle Type|q14||316
q10COL1_Total_apac|CURRENCY|APAC TOTAL - Non-listed/ commingled real estate funds/private REITs|14_58|APAC_InvestorType_NonListedFunds_Total|APAC_IT_NLF_Total|Investor type - Non-listed fund total||APAC Capital raised|Investor Type and Vehicle Type|q14||317
q10COL2_Total_apac|CURRENCY|APAC TOTAL - Separate accounts investing directly into real estate|14_59|APAC_InvestorType_SeparateAccountsDirect_Total|APAC_IT_SepAccDirect_Total|Investor type - Separate accounts investing directly total||APAC Capital raised|Investor Type and Vehicle Type|q14||318
q10COL3_Total_apac|CURRENCY|APAC TOTAL - Separate accounts investing into indirect vehicles|14_60|APAC_InvestorType_SeparateAccountsIndirect_Total|APAC_IT_SepAccIndirect_Total|Investor type - Separate accounts investing indirectly total||APAC Capital raised|Investor Type and Vehicle Type|q14||319
q10COL4_Total_apac|CURRENCY|APAC TOTAL - Joint ventures and club deals|14_61|APAC_InvestorType_JVs_Total|APAC_IT_JVs_Total|Investor type - Joint ventures and club deals total||APAC Capital raised|Investor Type and Vehicle Type|q14||320
q10COL5_Total_apac|CURRENCY|APAC TOTAL - Funds of funds|14_62|APAC_InvestorType_FundsOfFunds_Total|APAC_IT_FOF_Total|Investor type - Funds of funds total||APAC Capital raised|Investor Type and Vehicle Type|q14||321
q10COL6_Total_apac|CURRENCY|APAC TOTAL - Non-listed debt products|14_63|APAC_InvestorType_Debt_Total|APAC_IT_Debt_Total|Investor type - Non-listed debt products total||APAC Capital raised|Investor Type and Vehicle Type|q14||322
q10GRANDTotal_apac|CURRENCY|APAC TOTAL Capital Raised in 2021 for your Asia Pacific strategy by investor type|14_64|APAC_InvestorType_VehicleType_Total|APAC_IT_VT_Total|Investor type - Vehicle type total||APAC Capital raised|Investor Type and Vehicle Type|q14||323
_apac||For your Asia Pacific strategy*, how much institutional capital did your company raise for non-listed vehicles in 2021 by investor domicile (million)?|15|||||||q15||324
q111_1_apac|CURRENCY|APAC: Asia Pacific - Non-listed/ commingled real estate funds/private REITs|15_1|APAC_InvestorDomicileAsiaPacific_NonListedFunds|APAC_IDAPAC_NLF|Asia Pacific - Non-listed funds||APAC Capital raised|Investor Domicile and Vehicle Type|q15||325
q111_2_apac|CURRENCY|APAC: Asia Pacific - Separate accounts investing directly into real estate|15_2|APAC_InvestorDomicileAsiaPacific_SeparateAccountsDirect|APAC_IDAPAC_SepAccDirect|Asia Pacific - Separate accounts investing directly||APAC Capital raised|Investor Domicile and Vehicle Type|q15||326
q111_3_apac|CURRENCY|APAC: Asia Pacific - Separate accounts investing into indirect vehicles|15_3|APAC_InvestorDomicileAsiaPacific_SeparateAccountsIndirect|APAC_IDAPAC_SepAccIndirect|Asia Pacific - Separate accounts investing indirectly||APAC Capital raised|Investor Domicile and Vehicle Type|q15||327
q111_4_apac|CURRENCY|APAC: Asia Pacific - Joint ventures and club deals|15_4|APAC_InvestorDomicileAsiaPacific_JVs|APAC_IDAPAC_JVs|Asia Pacific - Joint ventures and club deals||APAC Capital raised|Investor Domicile and Vehicle Type|q15||328
q111_5_apac|CURRENCY|APAC: Asia Pacific - Funds of funds|15_5|APAC_InvestorDomicileAsiaPacific_FundsOfFunds|APAC_IDAPAC_FOF|Asia Pacific - Funds of funds||APAC Capital raised|Investor Domicile and Vehicle Type|q15||329
q111_6_apac|CURRENCY|APAC: Asia Pacific - Non-listed debt products|15_6|APAC_InvestorDomicileAsiaPacific_Debt|APAC_IDAPAC_Debt|Asia Pacific - Non-listed debt products||APAC Capital raised|Investor Domicile and Vehicle Type|q15||330
q11ROW1_Total_apac|CURRENCY|APAC: Asia Pacific - TOTAL|15_7|APAC_InvestorDomicileAsiaPacific_VehicleType_Total|APAC_IDAPAC_VT_Total|Asia Pacific - Vehicle type total||APAC Capital raised|Investor Domicile and Vehicle Type|q15||331
q112_1_apac|CURRENCY|APAC: Europe - Non-listed/ commingled real estate funds/private REITs|15_8|APAC_InvestorDomicileEurope_NonListedFunds|APAC_IDEUR_NLF|Europe - Non-listed funds||APAC Capital raised|Investor Domicile and Vehicle Type|q15||332
q112_2_apac|CURRENCY|APAC: Europe - Separate accounts investing directly into real estate|15_9|APAC_InvestorDomicileEurope_SeparateAccountsDirect|APAC_IDEUR_SepAccDirect|Europe - Separate accounts investing directly||APAC Capital raised|Investor Domicile and Vehicle Type|q15||333
q112_3_apac|CURRENCY|APAC: Europe - Separate accounts investing into indirect vehicles|15_10|APAC_InvestorDomicileEurope_SeparateAccountsIndirect|APAC_IDEUR_SepAccIndirect|Europe - Separate accounts investing indirectly||APAC Capital raised|Investor Domicile and Vehicle Type|q15||334
q112_4_apac|CURRENCY|APAC: Europe - Joint ventures and club deals|15_11|APAC_InvestorDomicileEurope_JVs|APAC_IDEUR_JVs|Europe - Joint ventures and club deals||APAC Capital raised|Investor Domicile and Vehicle Type|q15||335
q112_5_apac|CURRENCY|APAC: Europe - Funds of funds|15_12|APAC_InvestorDomicileEurope_FundsOfFunds|APAC_IDEUR_FOF|Europe - Funds of funds||APAC Capital raised|Investor Domicile and Vehicle Type|q15||336
q112_6_apac|CURRENCY|APAC: Europe - Non-listed debt products|15_13|APAC_InvestorDomicileEurope_Debt|APAC_IDEUR_Debt|Europe - Non-listed debt products||APAC Capital raised|Investor Domicile and Vehicle Type|q15||337
q11ROW2_Total_apac|CURRENCY|APAC: Europe - TOTAL|15_14|APAC_InvestorDomicileEurope_VehicleType_Total|APAC_IDEUR_VT_Total|Europe - Vehicle type total||APAC Capital raised|Investor Domicile and Vehicle Type|q15||338
q113_1_apac|CURRENCY|APAC: North America - Non-listed/ commingled real estate funds/private REITs|15_15|APAC_InvestorDomicileNorthAmerica_NonListedFunds|APAC_IDNA_NLF|North America - Non-listed funds||APAC Capital raised|Investor Domicile and Vehicle Type|q15||339
q113_2_apac|CURRENCY|APAC: North America - Separate accounts investing directly into real estate|15_16|APAC_InvestorDomicileNorthAmerica_SeparateAccountsDirect|APAC_IDNA_SepAccDirect|North America - Separate accounts investing directly||APAC Capital raised|Investor Domicile and Vehicle Type|q15||340
q113_3_apac|CURRENCY|APAC: North America - Separate accounts investing into indirect vehicles|15_17|APAC_InvestorDomicileNorthAmerica_SeparateAccountsIndirect|APAC_IDNA_SepAccIndirect|North America - Separate accounts investing indirectly||APAC Capital raised|Investor Domicile and Vehicle Type|q15||341
q113_4_apac|CURRENCY|APAC: North America - Joint ventures and club deals|15_18|APAC_InvestorDomicileNorthAmerica_JVs|APAC_IDNA_JVs|North America - Joint ventures and club deals||APAC Capital raised|Investor Domicile and Vehicle Type|q15||342
q113_5_apac|CURRENCY|APAC: North America - Funds of funds|15_19|APAC_InvestorDomicileNorthAmerica_FundsOfFunds|APAC_IDNA_FOF|North America - Funds of funds||APAC Capital raised|Investor Domicile and Vehicle Type|q15||343
q113_6_apac|CURRENCY|APAC: North America - Non-listed debt products|15_20|APAC_InvestorDomicileNorthAmerica_Debt|APAC_IDNA_Debt|North America - Non-listed debt products||APAC Capital raised|Investor Domicile and Vehicle Type|q15||344
q11ROW3_Total_apac|CURRENCY|APAC: North America - TOTAL|15_21|APAC_InvestorDomicileNorthAmerica_VehicleType_Total|APAC_IDNA_VT_Total|North America - Vehicle type total||APAC Capital raised|Investor Domicile and Vehicle Type|q15||345
q114_1_apac|CURRENCY|APAC: South America - Non-listed/ commingled real estate funds/private REITs|15_22|APAC_InvestorDomicileSouthAmerica_NonListedFunds|APAC_IDSA_NLF|South America - Non-listed funds||APAC Capital raised|Investor Domicile and Vehicle Type|q15||346
q114_2_apac|CURRENCY|APAC: South America - Separate accounts investing directly into real estate|15_23|APAC_InvestorDomicileSouthAmerica_SeparateAccountsDirect|APAC_IDSA_SepAccDirect|South America - Separate accounts investing directly||APAC Capital raised|Investor Domicile and Vehicle Type|q15||347
q114_3_apac|CURRENCY|APAC: South America - Separate accounts investing into indirect vehicles|15_24|APAC_InvestorDomicileSouthAmerica_SeparateAccountsIndirect|APAC_IDSA_SepAccIndirect|South America - Separate accounts investing indirectly||APAC Capital raised|Investor Domicile and Vehicle Type|q15||348
q114_4_apac|CURRENCY|APAC: South America - Joint ventures and club deals|15_25|APAC_InvestorDomicileSouthAmerica_JVs|APAC_IDSA_JVs|South America - Joint ventures and club deals||APAC Capital raised|Investor Domicile and Vehicle Type|q15||349
q114_5_apac|CURRENCY|APAC: South America - Funds of funds|15_26|APAC_InvestorDomicileSouthAmerica_FundsOfFunds|APAC_IDSA_FOF|South America - Funds of funds||APAC Capital raised|Investor Domicile and Vehicle Type|q15||350
q114_6_apac|CURRENCY|APAC: South America - Non-listed debt products|15_27|APAC_InvestorDomicileSouthAmerica_Debt|APAC_IDSA_Debt|South America - Non-listed debt products||APAC Capital raised|Investor Domicile and Vehicle Type|q15||351
q11ROW4_Total_apac|CURRENCY|APAC: South America - TOTAL|15_28|APAC_InvestorDomicileSouthAmerica_VehicleType_Total|APAC_IDSA_VT_Total|South America - Vehicle type total||APAC Capital raised|Investor Domicile and Vehicle Type|q15||352
q115_1_apac|CURRENCY|APAC: Africa - Non-listed/ commingled real estate funds/private REITs|15_29|APAC_InvestorDomicileAfrica_NonListedFunds|APAC_IDAFR_NLF|Africa - Non-listed funds||APAC Capital raised|Investor Domicile and Vehicle Type|q15||353
q115_2_apac|CURRENCY|APAC: Africa - Separate accounts investing directly into real estate|15_30|APAC_InvestorDomicileAfrica_SeparateAccountsDirect|APAC_IDAFR_SepAccDirect|Africa - Separate accounts investing directly||APAC Capital raised|Investor Domicile and Vehicle Type|q15||354
q115_3_apac|CURRENCY|APAC: Africa - Separate accounts investing into indirect vehicles|15_31|APAC_InvestorDomicileAfrica_SeparateAccountsIndirect|APAC_IDAFR_SepAccIndirect|Africa - Separate accounts investing indirectly||APAC Capital raised|Investor Domicile and Vehicle Type|q15||355
q115_4_apac|CURRENCY|APAC: Africa - Joint ventures and club deals|15_32|APAC_InvestorDomicileAfrica_JVs|APAC_IDAFR_JVs|Africa - Joint ventures and club deals||APAC Capital raised|Investor Domicile and Vehicle Type|q15||356
q115_5_apac|CURRENCY|APAC: Africa - Funds of funds|15_33|APAC_InvestorDomicileAfrica_FundsOfFunds|APAC_IDAFR_FOF|Africa - Funds of funds||APAC Capital raised|Investor Domicile and Vehicle Type|q15||357
q115_6_apac|CURRENCY|APAC: Africa - Non-listed debt products|15_34|APAC_InvestorDomicileAfrica_Debt|APAC_IDAFR_Debt|Africa - Non-listed debt products||APAC Capital raised|Investor Domicile and Vehicle Type|q15||358
q11ROW5_Total_apac|CURRENCY|APAC: Africa - TOTAL|15_35|APAC_InvestorDomicileAfrica_VehicleType_Total|APAC_IDAFR_VT_Total|Africa - Vehicle type total||APAC Capital raised|Investor Domicile and Vehicle Type|q15||359
q11COL1_Total_apac|CURRENCY|APAC: TOTAL - Non-listed/ commingled real estate funds/private REITs|15_36|APAC_InvestorDomicile_NonListedFunds_Total|APAC_ID_NLF_Total|Investor domicile total - Non-listed funds||APAC Capital raised|Investor Domicile and Vehicle Type|q15||360
q11COL2_Total_apac|CURRENCY|APAC: TOTAL - Separate accounts investing directly into real estate|15_37|APAC_InvestorDomicile_SeparateAccountsDirect_Total|APAC_ID_SepAccDirect_Total|Investor domicile total - Separate accounts investing directly||APAC Capital raised|Investor Domicile and Vehicle Type|q15||361
q11COL3_Total_apac|CURRENCY|APAC: TOTAL - Separate accounts investing into indirect vehicles|15_38|APAC_InvestorDomicile_SeparateAccountsIndirect_Total|APAC_ID_SepAccIndirect_Total|Investor domicile total - Separate accounts investing indirectly||APAC Capital raised|Investor Domicile and Vehicle Type|q15||362
q11COL4_Total_apac|CURRENCY|APAC: TOTAL - Joint ventures and club deals|15_39|APAC_InvestorDomicile_JVs_Total|APAC_ID_JVs_Total|Investor domicile total - Joint ventures and club deals||APAC Capital raised|Investor Domicile and Vehicle Type|q15||363
q11COL5_Total_apac|CURRENCY|APAC: TOTAL - Funds of funds|15_40|APAC_InvestorDomicile_FundsOfFunds_Total|APAC_ID_FOF_Total|Investor domicile total - Funds of funds||APAC Capital raised|Investor Domicile and Vehicle Type|q15||364
q11COL6_Total_apac|CURRENCY|APAC: TOTAL - Non-listed debt products|15_41|APAC_InvestorDomicile_Debt_Total|APAC_ID_Debt_Total|Investor domicile total - Non-listed debt products||APAC Capital raised|Investor Domicile and Vehicle Type|q15||365
q11GRANDTotal_apac|CURRENCY|APAC TOTAL Capital Raised in 2021 for your Asia Pacific strategy by investor domicile|15_42|APAC_InvestorDomicile_VehicleType_Total|APAC_ID_VT_Total|Investor domicile total - Vehicle type total||APAC Capital raised|Investor Domicile and Vehicle Type|q15||366
_apac||For your Asia Pacific strategy*, how much institutional capital did your company raise for non-listed vehicles in 2021 by sector strategy (million)?|16|||||||q16||367
q161_1_apac|CURRENCY|APAC (Single) Office - Non-listed/ commingled real estate funds/private REITs|16_1|APAC_NonListedFunds_SingleSectorOffice|APAC_NLF_SSOffice|Non-listed funds - Single sector office||APAC Capital raised|Sector Strategy and Vehicle Type|q16||368
q161_2_apac|CURRENCY|APAC (Single) Office - Separate accounts investing directly into real estate|16_2|APAC_SeparateAccountsDirect_SingleSectorOffice|APAC_SepAccDirect_SSOffice|Separate accounts investing directly - Single sector office||APAC Capital raised|Sector Strategy and Vehicle Type|q16||369
q161_3_apac|CURRENCY|APAC (Single) Office - Separate accounts investing into indirect vehicles|16_3|APAC_SeparateAccountsIndirect_SingleSectorOffice|APAC_SepAccIndirect_SSOffice|Separate accounts investing indirectly - Single sector office||APAC Capital raised|Sector Strategy and Vehicle Type|q16||370
q161_4_apac|CURRENCY|APAC (Single) Office - Joint ventures and club deals|16_4|APAC_JVs_SingleSectorOffice|APAC_JVs_SSOffice|Joint ventures and club deals - Single sector office||APAC Capital raised|Sector Strategy and Vehicle Type|q16||371
q161_5_apac|CURRENCY|APAC (Single) Office - Funds of funds|16_5|APAC_FundsOfFunds_SingleSectorOffice|APAC_FOF_SSOffice|Funds of funds - Single sector office||APAC Capital raised|Sector Strategy and Vehicle Type|q16||372
q161_6_apac|CURRENCY|APAC (Single) Office - Non-listed debt products|16_6|APAC_Debt_SingleSectorOffice|APAC_Debt_SSOffice|Non-listed debt products - Single sector office||APAC Capital raised|Sector Strategy and Vehicle Type|q16||373
q16ROW1_Total_apac|CURRENCY|APAC (Single) Office - TOTAL|16_7|APAC_NonListedVehicles_SingleSectorOffice_Total|APAC_NLV_SSOffice_Total|Non-listed vehicles total - Single sector office||APAC Capital raised|Sector Strategy and Vehicle Type|q16||374
q162_1_apac|CURRENCY|APAC (Single) Retail - Non-listed/ commingled real estate funds/private REITs|16_8|APAC_NonListedFunds_SingleSectorRetail|APAC_NLF_SSRetail|Non-listed funds - Single sector retail||APAC Capital raised|Sector Strategy and Vehicle Type|q16||375
q162_2_apac|CURRENCY|APAC (Single) Retail - Separate accounts investing directly into real estate|16_9|APAC_SeparateAccountsDirect_SingleSectorRetail|APAC_SepAccDirect_SSRetail|Separate accounts investing directly - Single sector retail||APAC Capital raised|Sector Strategy and Vehicle Type|q16||376
q162_3_apac|CURRENCY|APAC (Single) Retail - Separate accounts investing into indirect vehicles|16_10|APAC_SeparateAccountsIndirect_SingleSectorRetail|APAC_SepAccIndirect_SSRetail|Separate accounts investing indirectly - Single sector retail||APAC Capital raised|Sector Strategy and Vehicle Type|q16||377
q162_4_apac|CURRENCY|APAC (Single) Retail - Joint ventures and club deals|16_11|APAC_JVs_SingleSectorRetail|APAC_JVs_SSRetail|Joint ventures and club deals - Single sector retail||APAC Capital raised|Sector Strategy and Vehicle Type|q16||378
q162_5_apac|CURRENCY|APAC (Single) Retail - Funds of funds|16_12|APAC_FundsOfFunds_SingleSectorRetail|APAC_FOF_SSRetail|Funds of funds - Single sector retail||APAC Capital raised|Sector Strategy and Vehicle Type|q16||379
q162_6_apac|CURRENCY|APAC (Single) Retail - Non-listed debt products|16_13|APAC_Debt_SingleSectorRetail|APAC_Debt_SSRetail|Non-listed debt products - Single sector retail||APAC Capital raised|Sector Strategy and Vehicle Type|q16||380
q16ROW2_Total_apac|CURRENCY|APAC (Single) Retail - TOTAL|16_14|APAC_NonListedVehicles_SingleSectorRetail_Total|APAC_NLV_SSRetail_Total|Non-listed vehicles total - Single sector retail||APAC Capital raised|Sector Strategy and Vehicle Type|q16||381
q163_1_apac|CURRENCY|APAC (Single) Industrial / logistics - Non-listed/ commingled real estate funds/private REITs|16_15|APAC_NonListedFunds_SingleSectorIndustrial/Logistics|APAC_NLF_SSInd/Log|Non-listed funds - Single sector industrial/logistics||APAC Capital raised|Sector Strategy and Vehicle Type|q16||382
q163_2_apac|CURRENCY|APAC (Single) Industrial / logistics - Separate accounts investing directly into real estate|16_16|APAC_SeparateAccountsDirect_SingleSectorIndustrial/Logistics|APAC_SepAccDirect_SSInd/Log|Separate accounts investing directly - Single sector industrial/logistics||APAC Capital raised|Sector Strategy and Vehicle Type|q16||383
q163_3_apac|CURRENCY|APAC (Single) Industrial / logistics - Separate accounts investing into indirect vehicles|16_17|APAC_SeparateAccountsIndirect_SingleSectorIndustrial/Logistics|APAC_SepAccIndirect_SSInd/Log|Separate accounts investing indirectly - Single sector industrial/logistics||APAC Capital raised|Sector Strategy and Vehicle Type|q16||384
q163_4_apac|CURRENCY|APAC (Single) Industrial / logistics - Joint ventures and club deals|16_18|APAC_JVs_SingleSectorIndustrial/Logistics|APAC_JVs_SSInd/Log|Joint ventures and club deals - Single sector industrial/logistics||APAC Capital raised|Sector Strategy and Vehicle Type|q16||385
q163_5_apac|CURRENCY|APAC (Single) Industrial / logistics - Funds of funds|16_19|APAC_FundsOfFunds_SingleSectorIndustrial/Logistics|APAC_FOF_SSInd/Log|Funds of funds - Single sector industrial/logistics||APAC Capital raised|Sector Strategy and Vehicle Type|q16||386
q163_6_apac|CURRENCY|APAC (Single) Industrial / logistics - Non-listed debt products|16_20|APAC_Debt_SingleSectorIndustrial/Logistics|APAC_Debt_SSInd/Log|Non-listed debt products - Single sector industrial/logistics||APAC Capital raised|Sector Strategy and Vehicle Type|q16||387
q16ROW3_Total_apac|CURRENCY|APAC (Single) Industrial / logistics - TOTAL|16_21|APAC_NonListedVehicles_SingleSectorIndustrial/Logistics_Total|APAC_NLV_SSInd/Log_Total|Non-listed vehicles total - Single sector industrial/logistics||APAC Capital raised|Sector Strategy and Vehicle Type|q16||388
q164_1_apac|CURRENCY|APAC (Single) Residential / multi-family / apartments - Non-listed/ commingled real estate funds/private REITs|16_22|APAC_NonListedFunds_SingleSectorResidential/Multifamily/Apartments|APAC_NLF_SSResidential|Non-listed funds - Single sector residential/multifamily/ apartment||APAC Capital raised|Sector Strategy and Vehicle Type|q16||389
q164_2_apac|CURRENCY|APAC (Single) Residential / multi-family / apartments - Separate accounts investing directly into real estate|16_23|APAC_SeparateAccountsDirect_SingleSectorResidential/Multifamily/Apartments|APAC_SepAccDirect_SSResidential|Separate accounts investing directly - Single sector residential/multifamily/ apartment||APAC Capital raised|Sector Strategy and Vehicle Type|q16||390
q164_3_apac|CURRENCY|APAC (Single) Residential / multi-family / apartments - Separate accounts investing into indirect vehicles|16_24|APAC_SeparateAccountsIndirect_SingleSectorResidential/Multifamily/Apartments|APAC_SepAccIndirect_SSResidential|Separate accounts investing indirectly - Single sector residential/multifamily/ apartment||APAC Capital raised|Sector Strategy and Vehicle Type|q16||391
q164_4_apac|CURRENCY|APAC (Single) Residential / multi-family / apartments - Joint ventures and club deals|16_25|APAC_JVs_SingleSectorResidential/Multifamily/Apartments|APAC_JVs_SSResidential|Joint ventures and club deals - Single sector residential/multifamily/ apartment||APAC Capital raised|Sector Strategy and Vehicle Type|q16||392
q164_5_apac|CURRENCY|APAC (Single) Residential / multi-family / apartments - Funds of funds|16_26|APAC_FundsOfFunds_SingleSectorResidential/Multifamily/Apartments|APAC_FOF_SSResidential|Funds of funds - Single sector residential/multifamily/ apartment||APAC Capital raised|Sector Strategy and Vehicle Type|q16||393
q164_6_apac|CURRENCY|APAC (Single) Residential / multi-family / apartments - Non-listed debt products|16_27|APAC_Debt_SingleSectorResidential/Multifamily/Apartments|APAC_Debt_SSResidential|Non-listed debt products - Single sector residential/multifamily/ apartment||APAC Capital raised|Sector Strategy and Vehicle Type|q16||394
q16ROW4_Total_apac|CURRENCY|APAC (Single) Residential / multi-family / apartments - TOTAL|16_28|APAC_NonListedVehicles_SingleSectorResidential/Multifamily/Apartments_Total|APAC_NLV_SSResidential_Total|Non-listed vehicles total - Single sector residential/multifamily/ apartment||APAC Capital raised|Sector Strategy and Vehicle Type|q16||395
q165_1_apac|CURRENCY|APAC (Single) Residential / multi-family / apartments - Non-listed/ commingled real estate funds/private REITs|16_29|APAC_NonListedFunds_SingleSectorStudentHousing|APAC_NLF_SSStudHou|Non-listed funds - Single sector student housing||APAC Capital raised|Sector Strategy and Vehicle Type|q16||396
q165_2_apac|CURRENCY|APAC (Single) Residential / multi-family / apartments - Separate accounts investing directly into real estate|16_30|APAC_SeparateAccountsDirect_SingleSectorStudentHousing|APAC_SepAccDirect_SSStudHou|Separate accounts investing directly - Single sector student housing||APAC Capital raised|Sector Strategy and Vehicle Type|q16||397
q165_3_apac|CURRENCY|APAC (Single) Residential / multi-family / apartments - Separate accounts investing into indirect vehicles|16_31|APAC_SeparateAccountsIndirect_SingleSectorStudentHousing|APAC_SepAccIndirect_SSStudHou|Separate accounts investing indirectly - Single sector student housing||APAC Capital raised|Sector Strategy and Vehicle Type|q16||398
q165_4_apac|CURRENCY|APAC (Single) Residential / multi-family / apartments - Joint ventures and club deals|16_32|APAC_JVs_SingleSectorStudentHousing|APAC_JVs_SSStudHou|Joint ventures and club deals - Single sector student housing||APAC Capital raised|Sector Strategy and Vehicle Type|q16||399
q165_5_apac|CURRENCY|APAC (Single) Residential / multi-family / apartments - Funds of funds|16_33|APAC_FundsOfFunds_SingleSectorStudentHousing|APAC_FOF_SSStudHou|Funds of funds - Single sector student housing||APAC Capital raised|Sector Strategy and Vehicle Type|q16||400
q165_6_apac|CURRENCY|APAC (Single) Residential / multi-family / apartments - Non-listed debt products|16_34|APAC_Debt_SingleSectorStudentHousing|APAC_Debt_SSStudHou|Non-listed debt products - Single sector student housing||APAC Capital raised|Sector Strategy and Vehicle Type|q16||401
q16ROW5_Total_apac|CURRENCY|APAC (Single) Residential / multi-family / apartments - TOTAL|16_35|APAC_NonListedVehicles_SingleSectorStudentHousing_Total|APAC_NLV_SSStudHou_Total|Non-listed vehicles total - Single sector student housing||APAC Capital raised|Sector Strategy and Vehicle Type|q16||402
q166_1_apac|CURRENCY|APAC (Single) Senior living / aged care / health care - Non-listed/ commingled real estate funds/private REITs|16_36|APAC_NonListedFunds_SingleSectorSeniorLiving/Agedcare/Healthcare|APAC_NLF_SSSenLiving|Non-listed funds - Single sector senior living/ aged care/ healthcare||APAC Capital raised|Sector Strategy and Vehicle Type|q16||403
q166_2_apac|CURRENCY|APAC (Single) Senior living / aged care / health care - Separate accounts investing directly into real estate|16_37|APAC_SeparateAccountsDirect_SingleSectorSeniorLiving/Agedcare/Healthcare|APAC_SepAccDirect_SSSenLiving|Separate accounts investing directly - Single sector senior living/ aged care/ healthcare||APAC Capital raised|Sector Strategy and Vehicle Type|q16||404
q166_3_apac|CURRENCY|APAC (Single) Senior living / aged care / health care - Separate accounts investing into indirect vehicles|16_38|APAC_SeparateAccountsIndirect_SingleSectorSeniorLiving/Agedcare/Healthcare|APAC_SepAccIndirect_SSSenLiving|Separate accounts investing indirectly - Single sector senior living/ aged care/ healthcare||APAC Capital raised|Sector Strategy and Vehicle Type|q16||405
q166_4_apac|CURRENCY|APAC (Single) Senior living / aged care / health care - Joint ventures and club deals|16_39|APAC_JVs_SingleSectorSeniorLiving/Agedcare/Healthcare|APAC_JVs_SSSenLiving|Joint ventures and club deals - Single sector senior living/ aged care/ healthcare||APAC Capital raised|Sector Strategy and Vehicle Type|q16||406
q166_5_apac|CURRENCY|APAC (Single) Senior living / aged care / health care - Funds of funds|16_40|APAC_FundsOfFunds_SingleSectorSeniorLiving/Agedcare/Healthcare|APAC_FOF_SSSenLiving|Funds of funds - Single sector senior living/ aged care/ healthcare||APAC Capital raised|Sector Strategy and Vehicle Type|q16||407
q166_6_apac|CURRENCY|APAC (Single) Senior living / aged care / health care - Non-listed debt products|16_41|APAC_Debt_SingleSectorSeniorLiving/Agedcare/Healthcare|APAC_Debt_SSSenLiving|Non-listed debt products - Single sector senior living/ aged care/ healthcare||APAC Capital raised|Sector Strategy and Vehicle Type|q16||408
q16ROW6_Total_apac|CURRENCY|APAC (Single) Senior living / aged care / health care - TOTAL|16_42|APAC_NonListedVehicles_SingleSectorSeniorLiving/Agedcare/Healthcare_Total|APAC_NLV_SSSenLiving_Total|Non-listed vehicles total - Single sector senior living/ aged care/ healthcare||APAC Capital raised|Sector Strategy and Vehicle Type|q16||409
q167_1_apac|CURRENCY|APAC (Single) Hotel / leisure - Non-listed/ commingled real estate funds/private REITs|16_43|APAC_NonListedFunds_SingleSectorHotel/Leisure|APAC_NLF_SSHot/Lei|Non-listed funds - Single sector hotel/ leisure||APAC Capital raised|Sector Strategy and Vehicle Type|q16||410
q167_2_apac|CURRENCY|APAC (Single) Hotel / leisure - Separate accounts investing directly into real estate|16_44|APAC_SeparateAccountsDirect_SingleSectorHotel/Leisure|APAC_SepAccDirect_SSHot/Lei|Separate accounts investing directly - Single sector hotel/ leisure||APAC Capital raised|Sector Strategy and Vehicle Type|q16||411
q167_3_apac|CURRENCY|APAC (Single) Hotel / leisure - Separate accounts investing into indirect vehicles|16_45|APAC_SeparateAccountsIndirect_SingleSectorHotel/Leisure|APAC_SepAccIndirect_SSHot/Lei|Separate accounts investing indirectly - Single sector hotel/ leisure||APAC Capital raised|Sector Strategy and Vehicle Type|q16||412
q167_4_apac|CURRENCY|APAC (Single) Hotel / leisure - Joint ventures and club deals|16_46|APAC_JVs_SingleSectorHotel/Leisure|APAC_JVs_SSHot/Lei|Joint ventures and club deals - Single sector hotel/ leisure||APAC Capital raised|Sector Strategy and Vehicle Type|q16||413
q167_5_apac|CURRENCY|APAC (Single) Hotel / leisure - Funds of funds|16_47|APAC_FundsOfFunds_SingleSectorHotel/Leisure|APAC_FOF_SSHot/Lei|Funds of funds - Single sector hotel/ leisure||APAC Capital raised|Sector Strategy and Vehicle Type|q16||414
q167_6_apac|CURRENCY|APAC (Single) Hotel / leisure - Non-listed debt products|16_48|APAC_Debt_SingleSectorHotel/Leisure|APAC_Debt_SSHot/Lei|Non-listed debt products - Single sector hotel/ leisure||APAC Capital raised|Sector Strategy and Vehicle Type|q16||415
q16ROW7_Total_apac|CURRENCY|APAC (Single) Hotel / leisure - TOTAL|16_49|APAC_NonListedVehicles_SingleSectorHotel/Leisure_Total|APAC_NLV_SSHot/Lei_Total|Non-listed vehicles total - Single sector hotel/ leisure||APAC Capital raised|Sector Strategy and Vehicle Type|q16||416
q168_1_apac|CURRENCY|APAC (Single) Other (incl land, parking, self storage) - Non-listed/ commingled real estate funds/private REITs|16_50|APAC_NonListedFunds_SingleSectorOther|APAC_NLF_SSOther|Non-listed funds - Single sector other||APAC Capital raised|Sector Strategy and Vehicle Type|q16||417
q168_2_apac|CURRENCY|APAC (Single) Other (incl land, parking, self storage) - Separate accounts investing directly into real estate|16_51|APAC_SeparateAccountsDirect_SingleSectorOther|APAC_SepAccDirect_SSOther|Separate accounts investing directly - Single sector other||APAC Capital raised|Sector Strategy and Vehicle Type|q16||418
q168_3_apac|CURRENCY|APAC (Single) Other (incl land, parking, self storage) - Separate accounts investing into indirect vehicles|16_52|APAC_SeparateAccountsIndirect_SingleSectorOther|APAC_SepAccIndirect_SSOther|Separate accounts investing indirectly - Single sector other||APAC Capital raised|Sector Strategy and Vehicle Type|q16||419
q168_4_apac|CURRENCY|APAC (Single) Other (incl land, parking, self storage) - Joint ventures and club deals|16_53|APAC_JVs_SingleSectorOther|APAC_JVs_SSOther|Joint ventures and club deals - Single sector other||APAC Capital raised|Sector Strategy and Vehicle Type|q16||420
q168_5_apac|CURRENCY|APAC (Single) Other (incl land, parking, self storage) - Funds of funds|16_54|APAC_FundsOfFunds_SingleSectorOther|APAC_FOF_SSOther|Funds of funds - Single sector other||APAC Capital raised|Sector Strategy and Vehicle Type|q16||421
q168_6_apac|CURRENCY|APAC (Single) Other (incl land, parking, self storage) - Non-listed debt products|16_55|APAC_Debt_SingleSectorOther|APAC_Debt_SSOther|Non-listed debt products - Single sector other||APAC Capital raised|Sector Strategy and Vehicle Type|q16||422
q16ROW8_Total_apac|CURRENCY|APAC (Single) Other (incl land, parking, self storage) - TOTAL|16_56|APAC_NonListedVehicles_SingleSectorOther_Total|APAC_NLV_SSOther_Total|Non-listed vehicles total - Single sector other||APAC Capital raised|Sector Strategy and Vehicle Type|q16||423
q169_1_apac|CURRENCY|APAC (Multi) Main sectors - Non-listed/ commingled real estate funds/private REITs|16_57|APAC_NonListedFunds_MultiSectorMainSectors|APAC_NLF_MSMS|Non-listed funds - Multi sector main sectors ||APAC Capital raised|Sector Strategy and Vehicle Type|q16||424
q169_2_apac|CURRENCY|APAC (Multi) Main sectors - Separate accounts investing directly into real estate|16_58|APAC_SeparateAccountsDirect_MultiSectorMainSectors|APAC_SepAccDirect_MSMS|Separate accounts investing directly - Multi sector main sectors||APAC Capital raised|Sector Strategy and Vehicle Type|q16||425
q169_3_apac|CURRENCY|APAC (Multi) Main sectors - Separate accounts investing into indirect vehicles|16_59|APAC_SeparateAccountsIndirect_MultiSectorMainSectors|APAC_SepAccIndirect_MSMS|Separate accounts investing indirectly - Multi sector main sectors||APAC Capital raised|Sector Strategy and Vehicle Type|q16||426
q169_4_apac|CURRENCY|APAC (Multi) Main sectors - Joint ventures and club deals|16_60|APAC_JVs_MultiSectorMainSectors|APAC_JVs_MSMS|Joint ventures and club deals - Multi sector main sectors||APAC Capital raised|Sector Strategy and Vehicle Type|q16||427
q169_5_apac|CURRENCY|APAC (Multi) Main sectors - Funds of funds|16_61|APAC_FundsOfFunds_MultiSectorMainSectors|APAC_FOF_MSMS|Funds of funds - Multi sector main sectors||APAC Capital raised|Sector Strategy and Vehicle Type|q16||428
q169_6_apac|CURRENCY|APAC (Multi) Main sectors - Non-listed debt products|16_62|APAC_Debt_MultiSectorMainSectors|APAC_Debt_MSMS|Non-listed debt products - Multi sector main sectors||APAC Capital raised|Sector Strategy and Vehicle Type|q16||429
q16ROW9_Total_apac|CURRENCY|APAC (Multi) Main sectors - TOTAL|16_63|APAC_NonListedVehicles_MultiSectorMainSectors_Total|APAC_NLV_MSMS_Total|Non-listed vehicles total - Multi sector main sectors||APAC Capital raised|Sector Strategy and Vehicle Type|q16||430
q1610_1_apac|CURRENCY|APAC (Multi) Alternative sectors - Non-listed/ commingled real estate funds/private REITs|16_64|APAC_NonListedFunds_MultiSectorAlternativeSectors|APAC_NLF_MSAS|Non-listed funds - Multi sector alternative sectors||APAC Capital raised|Sector Strategy and Vehicle Type|q16||431
q1610_2_apac|CURRENCY|APAC (Multi) Alternative sectors - Separate accounts investing directly into real estate|16_65|APAC_SeparateAccountsDirect_MultiSectorAlternativeSectors|APAC_SepAccDirect_MSAS|Separate accounts investing directly - Multi sector alternative sectors||APAC Capital raised|Sector Strategy and Vehicle Type|q16||432
q1610_3_apac|CURRENCY|APAC (Multi) Alternative sectors - Separate accounts investing into indirect vehicles|16_66|APAC_SeparateAccountsIndirect_MultiSectorAlternativeSectors|APAC_SepAccIndirect_MSAS|Separate accounts investing indirectly - Multi sector alternative sectors||APAC Capital raised|Sector Strategy and Vehicle Type|q16||433
q1610_4_apac|CURRENCY|APAC (Multi) Alternative sectors - Joint ventures and club deals|16_67|APAC_JVs_MultiSectorAlternativeSectors|APAC_JVs_MSAS|Joint ventures and club deals - Multi sector alternative sectors||APAC Capital raised|Sector Strategy and Vehicle Type|q16||434
q1610_5_apac|CURRENCY|APAC (Multi) Alternative sectors - Funds of funds|16_68|APAC_FundsOfFunds_MultiSectorAlternativeSectors|APAC_FOF_MSAS|Funds of funds - Multi sector alternative sectors||APAC Capital raised|Sector Strategy and Vehicle Type|q16||435
q1610_6_apac|CURRENCY|APAC (Multi) Alternative sectors - Non-listed debt products|16_69|APAC_Debt_MultiSectorAlternativeSectors|APAC_Debt_MSAS|Non-listed debt products - Multi sector alternative sectors||APAC Capital raised|Sector Strategy and Vehicle Type|q16||436
q16ROW10_Total_apac|CURRENCY|APAC (Multi) Alternative sectors - TOTAL|16_70|APAC_NonListedVehicles_MultiSectorAlternativeSectors_Total|APAC_NLV_MSAS_Total|Non-listed vehicles total - Multi sector alternative sectors||APAC Capital raised|Sector Strategy and Vehicle Type|q16||437
q1611_1_apac|CURRENCY|APAC (Multi) Mix of main and alternative - Non-listed/ commingled real estate funds/private REITs|16_71|APAC_NonListedFunds_MultiSectorMixMainAlternativeSectors|APAC_NLF_MSAS|Non-listed funds - Multi sector mix of main and alternative sectors||APAC Capital raised|Sector Strategy and Vehicle Type|q16||438
q1611_2_apac|CURRENCY|APAC (Multi) Mix of main and alternative - Separate accounts investing directly into real estate|16_72|APAC_SeparateAccountsDirect_MultiSectorMixMainAlternativeSectors|APAC_SepAccDirect_MSMMAS|Separate accounts investing directly - Multi sector mix of main and alternative sectors||APAC Capital raised|Sector Strategy and Vehicle Type|q16||439
q1611_3_apac|CURRENCY|APAC (Multi) Mix of main and alternative - Separate accounts investing into indirect vehicles|16_73|APAC_SeparateAccountsIndirect_MultiSectorMixMainAlternativeSectors|APAC_SepAccIndirect_MSMMAS|Separate accounts investing indirectly - Multi sector mix of main and alternative sectors||APAC Capital raised|Sector Strategy and Vehicle Type|q16||440
q1611_4_apac|CURRENCY|APAC (Multi) Mix of main and alternative - Joint ventures and club deals|16_74|APAC_JVs_MultiSectorMixMainAlternativeSectors|APAC_JVs_MSMMAS|Joint ventures and club deals - Multi sector mix of main and alternative sectors||APAC Capital raised|Sector Strategy and Vehicle Type|q16||441
q1611_5_apac|CURRENCY|APAC (Multi) Mix of main and alternative - Funds of funds|16_75|APAC_FundsOfFunds_MultiSectorMixMainAlternativeSectors|APAC_FOF_MSMMAS|Funds of funds - Multi sector mix of main and alternative sectors||APAC Capital raised|Sector Strategy and Vehicle Type|q16||442
q1611_6_apac|CURRENCY|APAC (Multi) Mix of main and alternative - Non-listed debt products|16_76|APAC_Debt_MultiSectorMixMainAlternativeSectors|APAC_Debt_MSMMAS|Non-listed debt products - Multi sector mix of main and alternative sectors||APAC Capital raised|Sector Strategy and Vehicle Type|q16||443
q16ROW11_Total_apac|CURRENCY|APAC (Multi) Mix of main and alternative - TOTAL|16_77|APAC_NonListedVehicles_MultiSectorMixMainAlternativeSectors_Total|APAC_NLV_MSMMAS_Total|Non-listed vehicles total - Multi sector mix of main and alternative sectors||APAC Capital raised|Sector Strategy and Vehicle Type|q16||444
q16COL1_Total_apac|CURRENCY|TOTAL (APAC): Non-listed/ commingled real estate funds/private REITs|16_78|APAC_SectorStrategy_NonListedFunds_Total|APAC_SS_NLF_Total|Sector strategy total - Non-listed funds ||APAC Capital raised|Sector Strategy and Vehicle Type|q16||445
q16COL2_Total_apac|CURRENCY|TOTAL (APAC): Separate accounts investing directly into real estate|16_79|APAC_SectorStrategy_SeparateAccountsDirect_Total|APAC_SS_SepAccDirect_Total|Sector strategy total - Separate accounts investing directly||APAC Capital raised|Sector Strategy and Vehicle Type|q16||446
q16COL3_Total_apac|CURRENCY|TOTAL (APAC): Separate accounts investing into indirect vehicles|16_80|APAC_SectorStrategy_SeparateAccountsIndirect_Total|APAC_SS_SepAccIndirect_Total|Sector strategy total - Separate accounts investing indirectly||APAC Capital raised|Sector Strategy and Vehicle Type|q16||447
q16COL4_Total_apac|CURRENCY|TOTAL (APAC): Joint ventures and club deals|16_81|APAC_SectorStrategy_JVs_Total|APAC_SS_JVs_Total|Sector strategy total - Joint ventures and club deals||APAC Capital raised|Sector Strategy and Vehicle Type|q16||448
q16COL5_Total_apac|CURRENCY|TOTAL (APAC): Funds of funds|16_82|APAC_SectorStrategy_FundsOfFunds_Total|APAC_SS_FOF_Total|Sector strategy total - Funds of funds ||APAC Capital raised|Sector Strategy and Vehicle Type|q16||449
q16COL6_Total_apac|CURRENCY|TOTAL (APAC): Non-listed debt products|16_83|APAC_SectorStrategy_Debt_Total|APAC_SS_Debt_Total|Sector strategy total - Non-listed debt products||APAC Capital raised|Sector Strategy and Vehicle Type|q16||450
q16GRANDTotal_apac|CURRENCY|APAC: Total raised for your Asia Pacific strategy by sector strategy in 2021|16_84|APAC_SectorStrategy_NonListedVehicles_Total|APAC_SS_NLV_Total|Sector strategy total - Non-listed vehicles total||APAC Capital raised|Sector Strategy and Vehicle Type|q16||451
_apac||For your Asia Pacific strategy*, how much institutional capital did your company raise for non-listed vehicles in 2021 by country strategy (million)?|17|||||||q17||452
q171_1_apac|CURRENCY|APAC Single country strategy - Non-listed/ commingled real estate funds/private REITs|17_1|APAC_NonListedFunds_SingleCountry|APAC_NLF_SC|Non-listed funds - Single country||APAC Capital raised|Country Strategy and Vehicle Type|q17||453
q171_2_apac|CURRENCY|APAC Single country strategy  - Separate accounts investing directly into real estate|17_2|APAC_SeparateAccountsDirect_SingleCountry|APAC_SepAccDirect_SC|Separate accounts investing directly - Single country||APAC Capital raised|Country Strategy and Vehicle Type|q17||454
q171_3_apac|CURRENCY|APAC Single country strategy  - Separate accounts investing into indirect vehicles|17_3|APAC_SeparateAccountsIndirect_SingleCountry|APAC_SepAccIndirect_SC|Separate accounts investing indirectly - Single country||APAC Capital raised|Country Strategy and Vehicle Type|q17||455
q171_4_apac|CURRENCY|APAC Single country strategy  - Joint ventures and club deals|17_4|APAC_JVs_SingleCountry|APAC_JVs_SC|Joint ventures and club deals - Single country||APAC Capital raised|Country Strategy and Vehicle Type|q17||456
q171_5_apac|CURRENCY|APAC Single country strategy  - Funds of funds|17_5|APAC_FundsOfFunds_SingleCountry|APAC_FOF_SC|Funds of funds - Single country||APAC Capital raised|Country Strategy and Vehicle Type|q17||457
q171_6_apac|CURRENCY|APAC Single country strategy  - Non-listed debt products|17_6|APAC_Debt_SingleCountry|APAC_Debt_SC|Non-listed debt products - Single country||APAC Capital raised|Country Strategy and Vehicle Type|q17||458
q17ROW1_Total_apac|CURRENCY|APAC Single country strategy  - TOTAL|17_7|APAC_NonListedVehicles_SingleCountry_Total|APAC_NLV_SC|Non-listed vehicles total - Single country||APAC Capital raised|Country Strategy and Vehicle Type|q17||459
q172_1_apac|CURRENCY|APAC Multi country strategy - Non-listed/ commingled real estate funds/private REITs|17_8|APAC_NonListedFunds_MultiCountry|APAC_NLF_MC|Non-listed funds - Multi country||APAC Capital raised|Country Strategy and Vehicle Type|q17||460
q172_2_apac|CURRENCY|APAC Multi country strategy  - Separate accounts investing directly into real estate|17_9|APAC_SeparateAccountsDirect_MultiCountry|APAC_SepAccDirect_MC|Separate accounts investing directly - Multi country||APAC Capital raised|Country Strategy and Vehicle Type|q17||461
q172_3_apac|CURRENCY|APAC Multi country strategy  - Separate accounts investing into indirect vehicles|17_10|APAC_SeparateAccountsIndirect_MultiCountry|APAC_SepAccIndirect_MC|Separate accounts investing indirectly - Multi country||APAC Capital raised|Country Strategy and Vehicle Type|q17||462
q172_4_apac|CURRENCY|APAC Multi country strategy  - Joint ventures and club deals|17_11|APAC_JVs_MultiCountry|APAC_JVs_MC|Joint ventures and club deals - Multi country||APAC Capital raised|Country Strategy and Vehicle Type|q17||463
q172_5_apac|CURRENCY|APAC Multi country strategy  - Funds of funds|17_12|APAC_FundsOfFunds_MultiCountry|APAC_FOF_MC|Funds of funds - Multi country||APAC Capital raised|Country Strategy and Vehicle Type|q17||464
q172_6_apac|CURRENCY|APAC Multi country strategy  - Non-listed debt products|17_13|APAC_Debt_MultiCountry|APAC_Debt_MC|Non-listed debt products - Multi country||APAC Capital raised|Country Strategy and Vehicle Type|q17||465
q17ROW2_Total_apac|CURRENCY|APAC Multi country strategy  - TOTAL|17_14|APAC_NonListedVehicles_MultiCountry_Total|APAC_NLV_MC|Non-listed vehicles total - Multi country||APAC Capital raised|Country Strategy and Vehicle Type|q17||466
q17COL1_Total_apac|CURRENCY|TOTAL (APAC): Non-listed/ commingled real estate funds/private REITs|17_15|APAC_CountryStrategy_NonListedFunds_Total|APAC_CS_NLF_Total|Country strategy total - Non-listed funds ||APAC Capital raised|Country Strategy and Vehicle Type|q17||467
q17COL2_Total_apac|CURRENCY|TOTAL (APAC): Separate accounts investing directly into real estate|17_16|APAC_CountryStrategy_SeparateAccountsDirect_Total|APAC_CS_SepAccDirect_Total|Country strategy total - Separate accounts investing directly||APAC Capital raised|Country Strategy and Vehicle Type|q17||468
q17COL3_Total_apac|CURRENCY|TOTAL (APAC): Separate accounts investing into indirect vehicles|17_17|APAC_CountryStrategy_SeparateAccountsIndirect_Total|APAC_CS_SepAccIndirect_Total|Country strategy total - Separate accounts investing indirectly||APAC Capital raised|Country Strategy and Vehicle Type|q17||469
q17COL4_Total_apac|CURRENCY|TOTAL (APAC): Joint ventures and club deals|17_18|APAC_CountryStrategy_JVs_Total|APAC_CS_JVs_Total|Country strategy total - Joint ventures and club deals||APAC Capital raised|Country Strategy and Vehicle Type|q17||470
q17COL5_Total_apac|CURRENCY|TOTAL (APAC): Funds of funds|17_19|APAC_CountryStrategy_FundsOfFunds_Total|APAC_CS_FOF_Total|Country strategy total - Funds of funds ||APAC Capital raised|Country Strategy and Vehicle Type|q17||471
q17COL6_Total_apac|CURRENCY|TOTAL (APAC): Non-listed debt products|17_20|APAC_CountryStrategy_Debt_Total|APAC_CS_Debt_Total|Country strategy total - Non-listed debt products||APAC Capital raised|Country Strategy and Vehicle Type|q17||472
q17GRANDTotal_apac|CURRENCY|APAC: Total raised for your Asia Pacific strategy by country strategy in 2021|17_21|APAC_CountryStrategy_NonListedVehicles_Total|APAC_CS_NLV_Total|Country strategy total - Non-listed vehicles total||APAC Capital raised|Country Strategy and Vehicle Type|q17||473
_apac||For your Asia Pacific strategy*, how much institutional capital did your company raise for non-listed vehicles in 2021 by investment style (million)?|18|||||||q19||474
q151_1_apac|CURRENCY|APAC: Core / Senior debt - Non-listed/ commingled real estate funds/private REITs|18_1|APAC_NonListedFunds_Core/SeniorDebt|APAC_NLF_Core|Non-listed funds - Core/ senior debt||APAC Capital raised|Vehicle Type and Investment Style|q18||475
q151_2_apac|CURRENCY|APAC: Core / Senior debt - Separate accounts investing directly into real estate|18_2|APAC_SeparateAccountsDirect_Core/SeniorDebt|APAC_SepAccDirect_Core|Separate accounts investing directly - Core/ senior debt||APAC Capital raised|Vehicle Type and Investment Style|q18||476
q151_3_apac|CURRENCY|APAC: Core / Senior debt - Separate accounts investing into indirect vehicles|18_3|APAC_SeparateAccountsIndirect_Core/SeniorDebt|APAC_SepAccIndirect_Core|Separate accounts investing indirectly - Core/ senior debt||APAC Capital raised|Vehicle Type and Investment Style|q18||477
q151_4_apac|CURRENCY|APAC: Core / Senior debt - Joint ventures and club deals|18_4|APAC_JVs_Core/SeniorDebt|APAC_JVs_Core|Joint ventures and club deals - Core/ senior debt||APAC Capital raised|Vehicle Type and Investment Style|q18||478
q151_5_apac|CURRENCY|APAC: Core / Senior debt - Funds of funds|18_5|APAC_FundsOfFunds_Core/SeniorDebt|APAC_FOF_Core|Funds of funds - Core/ senior debt||APAC Capital raised|Vehicle Type and Investment Style|q18||479
q151_6_apac|CURRENCY|APAC: Core / Senior debt - Non-listed debt products|18_6|APAC_Debt_Core/SeniorDebt|APAC_Debt_Core|Non-listed debt products - Core/ senior debt||APAC Capital raised|Vehicle Type and Investment Style|q18||480
q15ROW1_Total_apac|CURRENCY|APAC: TOTAL Core / Senior debt|18_7|APAC_NonListedVehicles_Core/SeniorDebt_Total|APAC_NLV_Core_Total|Non-listed vehicles total - Value added/ junior and subordinated debt ||APAC Capital raised|Vehicle Type and Investment Style|q18||481
q152_1_apac|CURRENCY|APAC: Value added / Junior and other subordinated debt - Non-listed/ commingled real estate funds/private REITs|18_8|APAC_NonListedFunds_ValueAdded/JuniorAndSubordinatedDebt|APAC_NLF_ValAdd|Non-listed funds - Value added/ junior and subordinated debt ||APAC Capital raised|Vehicle Type and Investment Style|q18||482
q152_2_apac|CURRENCY|APAC: Value added / Junior and other subordinated debt - Separate accounts investing directly into real estate|18_9|APAC_SeparateAccountsDirect_ValueAdded/JuniorAndSubordinatedDebt|APAC_SepAccDirect_ValAdd|Separate accounts investing directly - Value added/ junior and subordinated debt ||APAC Capital raised|Vehicle Type and Investment Style|q18||483
q152_3_apac|CURRENCY|APAC: Value added / Junior and other subordinated debt - Separate accounts investing into indirect vehicles|18_10|APAC_SeparateAccountsIndirect_ValueAdded/JuniorAndSubordinatedDebt|APAC_SepAccIndirect_ValAdd|Separate accounts investing indirectly - Value added/ junior and subordinated debt ||APAC Capital raised|Vehicle Type and Investment Style|q18||484
q152_4_apac|CURRENCY|APAC: Value added / Junior and other subordinated debt - Joint ventures and club deals|18_11|APAC_JVs_ValueAdded/JuniorAndSubordinatedDebt|APAC_JVs_ValAdd|Joint ventures and club deals - Value added/ junior and subordinated debt ||APAC Capital raised|Vehicle Type and Investment Style|q18||485
q152_5_apac|CURRENCY|APAC: Value added / Junior and other subordinated debt - Funds of funds|18_12|APAC_FundsOfFunds_ValueAdded/JuniorAndSubordinatedDebt|APAC_FOF_ValAdd|Funds of funds - Value added/ junior and subordinated debt ||APAC Capital raised|Vehicle Type and Investment Style|q18||486
q152_6_apac|CURRENCY|APAC: Value added / Junior and other subordinated debt - Non-listed debt products|18_13|APAC_Debt_ValueAdded/JuniorAndSubordinatedDebt|APAC_Debt_ValAdd|Non-listed debt products - Value added/ junior and subordinated debt ||APAC Capital raised|Vehicle Type and Investment Style|q18||487
q15ROW2_Total_apac|CURRENCY|APAC: TOTAL Value added / Junior and other subordinated debt|18_14|APAC_NonListedVehicles_ValueAdded/JuniorAndSubordinatedDebt_Total|APAC_NLV_ValAdd_Total|Non-listed vehicles total - Value added/ junior and subordinated debt ||APAC Capital raised|Vehicle Type and Investment Style|q18||488
q153_1_apac|CURRENCY|APAC: Opportunistic / Mezzanine debt - Non-listed/ commingled real estate funds/private REITs|18_15|APAC_NonListedFunds_Opportunistic/MezzanineDebt|APAC_NLF_Opp|Non-listed funds - Opportunistic/ mezzanine debt||APAC Capital raised|Vehicle Type and Investment Style|q18||489
q153_2_apac|CURRENCY|APAC: Opportunistic / Mezzanine debt - Separate accounts investing directly into real estate|18_16|APAC_SeparateAccountsDirect_Opportunistic/MezzanineDebt|APAC_SepAccDirect_Opp|Separate accounts investing directly - Opportunistic/ mezzanine debt||APAC Capital raised|Vehicle Type and Investment Style|q18||490
q153_3_apac|CURRENCY|APAC: Opportunistic / Mezzanine debt - Separate accounts investing into indirect vehicles|18_17|APAC_SeparateAccountsIndirect_Opportunistic/MezzanineDebt|APAC_SepAccIndirect_Opp|Separate accounts investing indirectly - Opportunistic/ mezzanine debt||APAC Capital raised|Vehicle Type and Investment Style|q18||491
q153_4_apac|CURRENCY|APAC: Opportunistic / Mezzanine debt - Joint ventures and club deals|18_18|APAC_JVs_Opportunistic/MezzanineDebt|APAC_JVs_Opp|Joint ventures and club deals - Opportunistic/ mezzanine debt||APAC Capital raised|Vehicle Type and Investment Style|q18||492
q153_5_apac|CURRENCY|APAC: Opportunistic / Mezzanine debt - Funds of funds|18_19|APAC_FundsOfFunds_Opportunistic/MezzanineDebt|APAC_FOF_Opp|Funds of funds - Opportunistic/ mezzanine debt||APAC Capital raised|Vehicle Type and Investment Style|q18||493
q153_6_apac|CURRENCY|APAC: Opportunistic / Mezzanine debt - Non-listed debt products|18_20|APAC_Debt_Opportunistic/MezzanineDebt|APAC_Debt_Opp|Non-listed debt products - Opportunistic/ mezzanine debt||APAC Capital raised|Vehicle Type and Investment Style|q18||494
q15ROW3_Total_apac|CURRENCY|APAC: TOTAL Opportunistic / Mezzanine debt|18_21|APAC_NonListedVehicles_Opportunistic/MezzanineDebt_Total|APAC_NLV_Opp_Total|Non-listed vehicles total - Opportunistic/ mezzanine debt||APAC Capital raised|Vehicle Type and Investment Style|q18||495
q154_1_apac|CURRENCY|APAC: Mixed strategies - Non-listed/ commingled real estate funds/private REITs|18_22|APAC_NonListedFunds_MixedStrategies|APAC_NLF_Mixed|Non-listed funds - Mixed strategies||APAC Capital raised|Vehicle Type and Investment Style|q18||496
q154_2_apac|CURRENCY|APAC: Mixed strategies - Separate accounts investing directly into real estate|18_23|APAC_SeparateAccountsDirect_MixedStrategies|APAC_SepAccDirect_Mixed|Separate accounts investing directly - Mixed strategies||APAC Capital raised|Vehicle Type and Investment Style|q18||497
q154_3_apac|CURRENCY|APAC: Mixed strategies - Separate accounts investing into indirect vehicles|18_24|APAC_SeparateAccountsIndirect_MixedStrategies|APAC_SepAccIndirect_Mixed|Separate accounts investing indirectly - Mixed strategies||APAC Capital raised|Vehicle Type and Investment Style|q18||498
q154_4_apac|CURRENCY|APAC: Mixed strategies - Joint ventures and club deals|18_25|APAC_JVs_MixedStrategies|APAC_JVs_Mixed|Joint ventures and club deals - Mixed strategies||APAC Capital raised|Vehicle Type and Investment Style|q18||499
q154_5_apac|CURRENCY|APAC: Mixed strategies - Funds of funds|18_26|APAC_FundsOfFunds_MixedStrategies|APAC_FOF_Mixed|Funds of funds - Mixed strategies||APAC Capital raised|Vehicle Type and Investment Style|q18||500
q154_6_apac|CURRENCY|APAC: Mixed strategies - Non-listed debt products|18_27|APAC_Debt_MixedStrategies|APAC_Debt_Mixed|Non-listed debt products - Mixed strategies||APAC Capital raised|Vehicle Type and Investment Style|q18||501
q15ROW4_Total_apac|CURRENCY|APAC: TOTAL Mixed strategies|18_28|APAC_NonListedVehicles_MixedStrategies_Total|APAC_NLV_Mixed_Total|Non-listed vehicles total - Mixed strategies||APAC Capital raised|Vehicle Type and Investment Style|q18||502
q15COL1_Total_apac|CURRENCY|APAC: TOTAL Non-listed/ commingled real estate funds/private REITs|18_29|APAC_NonListedFunds_InvestmentStyle_Total|APAC_NLF_IS_Total|Non-listed funds - Investment style total||APAC Capital raised|Vehicle Type and Investment Style|q18||503
q15COL2_Total_apac|CURRENCY|APAC: TOTAL Separate accounts investing directly into real estate|18_30|APAC_SeparateAccountsDirect_InvestmentStyle_Total|APAC_SepAccDirect_IS_Total|Separate accounts investing directly - Investment style total||APAC Capital raised|Vehicle Type and Investment Style|q18||504
q15COL3_Total_apac|CURRENCY|APAC: TOTAL Separate accounts investing into indirect vehicles|18_31|APAC_SeparateAccountsIndirect_InvestmentStyle_Total|APAC_SepAccIndirect_IS_Total|Separate accounts investing indirectly - Investment style total||APAC Capital raised|Vehicle Type and Investment Style|q18||505
q15COL4_Total_apac|CURRENCY|APAC: TOTAL Joint ventures and club deals|18_32|APAC_JVs_InvestmentStyle_Total|APAC_JVs_IS_Total|Joint ventures and club deals - Investment style total||APAC Capital raised|Vehicle Type and Investment Style|q18||506
q15COL5_Total_apac|CURRENCY|APAC: TOTAL Funds of funds|18_33|APAC_FundsOfFunds_InvestmentStyle_Total|APAC_FOF_IS_Total|Funds of funds - Investment style total||APAC Capital raised|Vehicle Type and Investment Style|q18||507
q15COL6_Total_apac|CURRENCY|APAC: TOTAL Non-listed debt products|18_34|APAC_Debt_InvestmentStyle_Total|APAC_Debt_IS_Total|Non-listed debt products - Investment style total||APAC Capital raised|Vehicle Type and Investment Style|q18||508
q15GRANDTotal_apac|CURRENCY|APAC: Total Capital Raised for your Asia Pacific strategy in 2021 by investment style|18_35|APAC_NonListedVehicles_InvestmentStyle_Total|APAC_NLV_IS_Total|Non-listed vehicles total - Investment style total||APAC Capital raised|Vehicle Type and Investment Style|q18||509
_europe||For your European strategy*, how much institutional capital did your company raise for non-listed vehicles in 2021 by investor type (million)?|19|||||||q19||510
q101_1_europe|CURRENCY|EUROPE: Pension funds - Non-listed/ commingled real estate funds/private REITs|19_1|EUROPE_PensionFunds_NonListedFunds|EUR_PF_NLF|Pension funds - Non-listed fund||Europe Capital raised|Investor Type and Vehicle Type|q19||511
q101_2_europe|CURRENCY|EUROPE: Pension funds - Separate accounts investing directly into real estate|19_2|EUROPE_PensionFunds_SeparateAccountsDirect|EUR_PF_SepAccDirect|Pension funds - Separate accounts investing directly||Europe Capital raised|Investor Type and Vehicle Type|q19||512
q101_3_europe|CURRENCY|EUROPE: Pension funds - Separate accounts investing into indirect vehicles|19_3|EUROPE_PensionFunds_SeparateAccountsIndirect|EUR_PF_SepAccIndirect|Pension funds - Separate accounts investing indirectly||Europe Capital raised|Investor Type and Vehicle Type|q19||513
q101_4_europe|CURRENCY|EUROPE: Pension funds - Joint ventures and club deals|19_4|EUROPE_PensionFunds_JVs|EUR_PF_JVs|Pension funds - Joint ventures and club deals||Europe Capital raised|Investor Type and Vehicle Type|q19||514
q101_5_europe|CURRENCY|EUROPE: Pension funds - Funds of funds|19_5|EUROPE_PensionFunds_FundsOfFunds|EUR_PF_FOF|Pension funds - Funds of funds||Europe Capital raised|Investor Type and Vehicle Type|q19||515
q101_6_europe|CURRENCY|EUROPE: Pension funds - Non-listed debt products|19_6|EUROPE_PensionFunds_Debt|EUR_PF_Debt|Pension funds - Non-listed debt products||Europe Capital raised|Investor Type and Vehicle Type|q19||516
q10ROW1_Total_europe|CURRENCY|EUROPE: Pension funds - TOTAL|19_7|EUROPE_PensionFunds_VehicleType_Total|EUR_PF_VT_Total|Pension funds - Vehicle type total||Europe Capital raised|Investor Type and Vehicle Type|q19||517
q102_1_europe|CURRENCY|EUROPE: Insurance companies - Non-listed/ commingled real estate funds/private REITs|19_8|EUROPE_InsuranceCompanies_NonListedFunds|EUR_IC_NLF|Insurance companies - Non-listed fund||Europe Capital raised|Investor Type and Vehicle Type|q19||518
q102_2_europe|CURRENCY|EUROPE: Insurance companies - Separate accounts investing directly into real estate|19_9|EUROPE_InsuranceCompanies_SeparateAccountsDirect|EUR_IC_SepAccDirect|Insurance companies - Separate accounts investing directly||Europe Capital raised|Investor Type and Vehicle Type|q19||519
q102_3_europe|CURRENCY|EUROPE: Insurance companies - Separate accounts investing into indirect vehicles|19_10|EUROPE_InsuranceCompanies_SeparateAccountsIndirect|EUR_IC_SepAccIndirect|Insurance companies - Separate accounts investing indirectly||Europe Capital raised|Investor Type and Vehicle Type|q19||520
q102_4_europe|CURRENCY|EUROPE: Insurance companies - Joint ventures and club deals|19_11|EUROPE_InsuranceCompanies_JVs|EUR_IC_JVs|Insurance companies - Joint ventures and club deals||Europe Capital raised|Investor Type and Vehicle Type|q19||521
q102_5_europe|CURRENCY|EUROPE: Insurance companies - Funds of funds|19_12|EUROPE_InsuranceCompanies_FundsOfFunds|EUR_IC_FOF|Insurance companies - Funds of funds||Europe Capital raised|Investor Type and Vehicle Type|q19||522
q102_6_europe|CURRENCY|EUROPE: Insurance companies - Non-listed debt products|19_13|EUROPE_InsuranceCompanies_Debt|EUR_IC_Debt|Insurance companies - Non-listed debt products||Europe Capital raised|Investor Type and Vehicle Type|q19||523
q10ROW2_Total_europe|CURRENCY|EUROPE: Insurance companies - TOTAL|19_14|EUROPE_InsuranceCompanies_VehicleType_Total|EUR_IC_VT_Total|Insurance companies - Vehicle type total||Europe Capital raised|Investor Type and Vehicle Type|q19||524
q103_1_europe|CURRENCY|EUROPE: Sovereign wealth funds - Non-listed/ commingled real estate funds/private REITs|19_15|EUROPE_SovereignWealthFunds_NonListedFunds|EUR_SWF_NLF|Sovereign wealth funds - Non-listed fund||Europe Capital raised|Investor Type and Vehicle Type|q19||525
q103_2_europe|CURRENCY|EUROPE: Sovereign wealth funds - Separate accounts investing directly into real estate|19_16|EUROPE_SovereignWealthFunds_SeparateAccountsDirect|EUR_SWF_SepAccDirect|Sovereign wealth funds - Separate accounts investing directly||Europe Capital raised|Investor Type and Vehicle Type|q19||526
q103_3_europe|CURRENCY|EUROPE: Sovereign wealth funds - Separate accounts investing into indirect vehicles|19_17|EUROPE_SovereignWealthFunds_SeparateAccountsIndirect|EUR_SWF_SepAccIndirect|Sovereign wealth funds - Separate accounts investing indirectly||Europe Capital raised|Investor Type and Vehicle Type|q19||527
q103_4_europe|CURRENCY|EUROPE: Sovereign wealth funds - Joint ventures and club deals|19_18|EUROPE_SovereignWealthFunds_JVs|EUR_SWF_JVs|Sovereign wealth funds - Joint ventures and club deals||Europe Capital raised|Investor Type and Vehicle Type|q19||528
q103_5_europe|CURRENCY|EUROPE: Sovereign wealth funds - Funds of funds|19_19|EUROPE_SovereignWealthFunds_FundsOfFunds|EUR_SWF_FOF|Sovereign wealth funds - Funds of funds||Europe Capital raised|Investor Type and Vehicle Type|q19||529
q103_6_europe|CURRENCY|EUROPE: Sovereign wealth funds - Non-listed debt products|19_20|EUROPE_SovereignWealthFunds_Debt|EUR_SWF_Debt|Sovereign wealth funds - Non-listed debt products||Europe Capital raised|Investor Type and Vehicle Type|q19||530
q10ROW3_Total_europe|CURRENCY|EUROPE: Sovereign wealth funds - TOTAL|19_21|EUROPE_SovereignWealthFunds_VehicleType_Total|EUR_SWF_VT_Total|Sovereign wealth funds - Vehicle type total||Europe Capital raised|Investor Type and Vehicle Type|q19||531
q104_1_europe|CURRENCY|EUROPE: Government institutions - Non-listed/ commingled real estate funds/private REITs|19_22|EUROPE_GovernmentInstitutions_NonListedFunds|EUR_GI_NLF|Government institutions - Non-listed fund||Europe Capital raised|Investor Type and Vehicle Type|q19||532
q104_2_europe|CURRENCY|EUROPE: Government institutions - Separate accounts investing directly into real estate|19_23|EUROPE_GovernmentInstitutions_SeparateAccountsDirect|EUR_GI_SepAccDirect|Government institutions - Separate accounts investing directly||Europe Capital raised|Investor Type and Vehicle Type|q19||533
q104_3_europe|CURRENCY|EUROPE: Government institutions - Separate accounts investing into indirect vehicles|19_24|EUROPE_GovernmentInstitutions_SeparateAccountsIndirect|EUR_GI_SepAccIndirect|Government institutions - Separate accounts investing indirectly||Europe Capital raised|Investor Type and Vehicle Type|q19||534
q104_4_europe|CURRENCY|EUROPE: Government institutions - Joint ventures and club deals|19_25|EUROPE_GovernmentInstitutions_JVs|EUR_GI_JVs|Government institutions - Joint ventures and club deals||Europe Capital raised|Investor Type and Vehicle Type|q19||535
q104_5_europe|CURRENCY|EUROPE: Government institutions - Funds of funds|19_26|EUROPE_GovernmentInstitutions_FundsOfFunds|EUR_GI_FOF|Government institutions - Funds of funds||Europe Capital raised|Investor Type and Vehicle Type|q19||536
q104_6_europe|CURRENCY|EUROPE: Government institutions - Non-listed debt products|19_27|EUROPE_GovernmentInstitutions_Debt|EUR_GI_Debt|Government institutions - Non-listed debt products||Europe Capital raised|Investor Type and Vehicle Type|q19||537
q10ROW4_Total_europe|CURRENCY|EUROPE: Government institutions - TOTAL|19_28|EUROPE_GovernmentInstitutions_VehicleType_Total|EUR_GI_VT_Total|Government institutions - Vehicle type total||Europe Capital raised|Investor Type and Vehicle Type|q19||538
q105_1_europe|CURRENCY|EUROPE: Charities, foundations, non-profit organisations - Non-listed/ commingled real estate funds/private REITs|19_29|EUROPE_CharitiesFoundationsNonProfitOrganizations_NonListedFunds|EUR_CF&NPO_NLF|Charities, foundations & non-profit organisations - Non-listed fund||Europe Capital raised|Investor Type and Vehicle Type|q19||539
q105_2_europe|CURRENCY|EUROPE: Charities, foundations, non-profit organisations - Separate accounts investing directly into real estate|19_30|EUROPE_CharitiesFoundationsNonProfitOrganizations_SeparateAccountsDirect|EUR_CF&NPO_SepAccDirect|Charities, foundations & non-profit organisations - Separate accounts investing directly||Europe Capital raised|Investor Type and Vehicle Type|q19||540
q105_3_europe|CURRENCY|EUROPE: Charities, foundations, non-profit organisations - Separate accounts investing into indirect vehicles|19_31|EUROPE_CharitiesFoundationsNonProfitOrganizations_SeparateAccountsIndirect|EUR_CF&NPO_SepAccIndirect|Charities, foundations & non-profit organisations - Separate accounts investing indirectly||Europe Capital raised|Investor Type and Vehicle Type|q19||541
q105_4_europe|CURRENCY|EUROPE: Charities, foundations, non-profit organisations - Joint ventures and club deals|19_32|EUROPE_CharitiesFoundationsNonProfitOrganizations_JVs|EUR_CF&NPO_JVs|Charities, foundations & non-profit organisations - Joint ventures and club deals||Europe Capital raised|Investor Type and Vehicle Type|q19||542
q105_5_europe|CURRENCY|EUROPE: Charities, foundations, non-profit organisations - Funds of funds|19_33|EUROPE_CharitiesFoundationsNonProfitOrganizations_FundsOfFunds|EUR_CF&NPO_FOF|Charities, foundations & non-profit organisations - Funds of funds||Europe Capital raised|Investor Type and Vehicle Type|q19||543
q105_6_europe|CURRENCY|EUROPE: Charities, foundations, non-profit organisations - Non-listed debt products|19_34|EUROPE_CharitiesFoundationsNonProfitOrganizations_Debt|EUR_CF&NPO_Debt|Charities, foundations & non-profit organisations - Non-listed debt products||Europe Capital raised|Investor Type and Vehicle Type|q19||544
q10ROW5_Total_europe|CURRENCY|EUROPE: Charities, foundations, non-profit organisations - TOTAL|19_35|EUROPE_CharitiesFoundationsNonProfitOrganizations_VehicleType_Total|EUR_CF&NPO_VT_Total|Charities, foundations & non-profit organisations - Vehicle type total||Europe Capital raised|Investor Type and Vehicle Type|q19||545
q106_1_europe|CURRENCY|EUROPE: Funds of funds - Non-listed/ commingled real estate funds/private REITs|19_36|EUROPE_FundsOfFunds_NonListedFunds|EUR_FOF_NLF|Funds of funds - Non-listed fund||Europe Capital raised|Investor Type and Vehicle Type|q19||546
q106_2_europe|CURRENCY|EUROPE: Funds of funds - Separate accounts investing directly into real estate|19_37|EUROPE_FundsOfFunds_SeparateAccountsDirect|EUR_FOF_SepAccDirect|Funds of funds - Separate accounts investing directly||Europe Capital raised|Investor Type and Vehicle Type|q19||547
q106_3_europe|CURRENCY|EUROPE: Funds of funds - Separate accounts investing into indirect vehicles|19_38|EUROPE_FundsOfFunds_SeparateAccountsIndirect|EUR_FOF_SepAccIndirect|Funds of funds - Separate accounts investing indirectly||Europe Capital raised|Investor Type and Vehicle Type|q19||548
q106_4_europe|CURRENCY|EUROPE: Funds of funds - Joint ventures and club deals|19_39|EUROPE_FundsOfFunds_JVs|EUR_FOF_JVs|Funds of funds - Joint ventures and club deals||Europe Capital raised|Investor Type and Vehicle Type|q19||549
q106_5_europe|CURRENCY|EUROPE: Funds of funds - Funds of funds|19_40|EUROPE_FundsOfFunds_FundsOfFunds|EUR_FOF_FOF|Funds of funds - Funds of funds||Europe Capital raised|Investor Type and Vehicle Type|q19||550
q106_6_europe|CURRENCY|EUROPE: Funds of funds - Non-listed debt products|19_41|EUROPE_FundsOfFunds_Debt|EUR_FOF_Debt|Funds of funds - Non-listed debt products||Europe Capital raised|Investor Type and Vehicle Type|q19||551
q10ROW6_Total_europe|CURRENCY|EUROPE: Funds of funds - TOTAL|19_42|EUROPE_FundsOfFunds_VehicleType_Total|EUR_FOF_VT_Total|Funds of funds - Vehicle type total||Europe Capital raised|Investor Type and Vehicle Type|q19||552
q107_1_europe|CURRENCY|EUROPE: High net worth individuals /Family offices - Non-listed/ commingled real estate funds/private REITs|19_43|EUROPE_HighnetWorthIndividualsFamilyOffices_NonListedFunds|EUR_HNWI/FO_NLF|Hign net worth individuals/Family offices - Non-listed fund||Europe Capital raised|Investor Type and Vehicle Type|q19||553
q107_2_europe|CURRENCY|EUROPE: High net worth individuals /Family offices - Separate accounts investing directly into real estate|19_44|EUROPE_HighnetWorthIndividualsFamilyOffices_SeparateAccountsDirect|EUR_HNWI/FO_SepAccDirect|Hign net worth individuals/Family offices - Separate accounts investing directly||Europe Capital raised|Investor Type and Vehicle Type|q19||554
q107_3_europe|CURRENCY|EUROPE: High net worth individuals /Family offices - Separate accounts investing into indirect vehicles|19_45|EUROPE_HighnetWorthIndividualsFamilyOffices_SeparateAccountsIndirect|EUR_HNWI/FO_SepAccIndirect|Hign net worth individuals/Family offices - Separate accounts investing indirectly||Europe Capital raised|Investor Type and Vehicle Type|q19||555
q107_4_europe|CURRENCY|EUROPE: High net worth individuals /Family offices - Joint ventures and club deals|19_46|EUROPE_HighnetWorthIndividualsFamilyOffices_JVs|EUR_HNWI/FO_JVs|Hign net worth individuals/Family offices - Joint ventures and club deals||Europe Capital raised|Investor Type and Vehicle Type|q19||556
q107_5_europe|CURRENCY|EUROPE: High net worth individuals /Family offices - Funds of funds|19_47|EUROPE_HighnetWorthIndividualsFamilyOffices_FundsOfFunds|EUR_HNWI/FO_FOF|Hign net worth individuals/Family offices - Funds of funds||Europe Capital raised|Investor Type and Vehicle Type|q19||557
q107_6_europe|CURRENCY|EUROPE: High net worth individuals /Family offices - Non-listed debt products|19_48|EUROPE_HighnetWorthIndividualsFamilyOffices_Debt|EUR_HNWI/FO_Debt|Hign net worth individuals/Family offices - Non-listed debt products||Europe Capital raised|Investor Type and Vehicle Type|q19||558
q10ROW7_Total_europe|CURRENCY|EUROPE: High net worth individuals /Family offices - TOTAL|19_49|EUROPE_HighnetWorthIndividualsFamilyOffices_VehicleType_Total|EUR_HNWI/FO_VT_Total|Hign net worth individuals/Family offices - Vehicle type total||Europe Capital raised|Investor Type and Vehicle Type|q19||559
q10other_europe|CURRENCY|EUROPE: Other investor type (Other)|19_50|EUROPE_OtherInvestorTypetext|EUR_OtherITText|Other investor type||Europe Capital raised|Investor Type and Vehicle Type|q19||560
q108_1_europe|CURRENCY|EUROPE: Other - Non-listed/ commingled real estate funds/private REITs|19_51|EUROPE_OtherInvestorType_NonListedFunds|EUR_OtherIT_NLF|Other investor type - Non-listed fund||Europe Capital raised|Investor Type and Vehicle Type|q19||561
q108_2_europe|CURRENCY|EUROPE: Other - Separate accounts investing directly into real estate|19_52|EUROPE_OtherInvestorType_SeparateAccountsDirect|EUR_OtherIT_SepAccDirect|Other investor type - Separate accounts investing directly||Europe Capital raised|Investor Type and Vehicle Type|q19||562
q108_3_europe|CURRENCY|EUROPE: Other - Separate accounts investing into indirect vehicles|19_53|EUROPE_OtherInvestorType_SeparateAccountsIndirect|EUR_OtherIT_SepAccIndirect|Other investor type - Separate accounts investing indirectly||Europe Capital raised|Investor Type and Vehicle Type|q19||563
q108_4_europe|CURRENCY|EUROPE: Other - Joint ventures and club deals|19_54|EUROPE_OtherInvestorType_JVs|EUR_OtherIT_JVs|Other investor type - Joint ventures and club deals||Europe Capital raised|Investor Type and Vehicle Type|q19||564
q108_5_europe|CURRENCY|EUROPE: Other - Funds of funds|19_55|EUROPE_OtherInvestorType_FundsOfFunds|EUR_OtherIT_FOF|Other investor type - Funds of funds||Europe Capital raised|Investor Type and Vehicle Type|q19||565
q108_6_europe|CURRENCY|EUROPE: Other - Non-listed debt products|19_56|EUROPE_OtherInvestorType_Debt|EUR_OtherIT_Debt|Other investor type - Non-listed debt products||Europe Capital raised|Investor Type and Vehicle Type|q19||566
q10ROW8_Total_europe|CURRENCY|EUROPE: Other - TOTAL|19_57|EUROPE_OtherInvestorType_VehicleType_Total|EUR_OtherIT_VT_Total|Other investor type - Vehicle type total||Europe Capital raised|Investor Type and Vehicle Type|q19||567
q10COL1_Total_europe|CURRENCY|EUROPE TOTAL - Non-listed/ commingled real estate funds/private REITs|19_58|EUROPE_InvestorType_NonListedFunds_Total|EUR_IT_NLF_Total|Investor type - Non-listed fund total||Europe Capital raised|Investor Type and Vehicle Type|q19||568
q10COL2_Total_europe|CURRENCY|EUROPE TOTAL - Separate accounts investing directly into real estate|19_59|EUROPE_InvestorType_SeparateAccountsDirect_Total|EUR_IT_SepAccDirect_Total|Investor type - Separate accounts investing directly total||Europe Capital raised|Investor Type and Vehicle Type|q19||569
q10COL3_Total_europe|CURRENCY|EUROPE TOTAL - Separate accounts investing into indirect vehicles|19_60|EUROPE_InvestorType_SeparateAccountsIndirect_Total|EUR_IT_SepAccIndirect_Total|Investor type - Separate accounts investing indirectly total||Europe Capital raised|Investor Type and Vehicle Type|q19||570
q10COL4_Total_europe|CURRENCY|EUROPE TOTAL - Joint ventures and club deals|19_61|EUROPE_InvestorType_JVs_Total|EUR_IT_JVs_Total|Investor type - Joint ventures and club deals total||Europe Capital raised|Investor Type and Vehicle Type|q19||571
q10COL5_Total_europe|CURRENCY|EUROPE TOTAL - Funds of funds|19_62|EUROPE_InvestorType_FundsOfFunds_Total|EUR_IT_FOF_Total|Investor type - Funds of funds total||Europe Capital raised|Investor Type and Vehicle Type|q19||572
q10COL6_Total_europe|CURRENCY|EUROPE TOTAL - Non-listed debt products|19_63|EUROPE_InvestorType_Debt_Total|EUR_IT_Debt_Total|Investor type - Non-listed debt products total||Europe Capital raised|Investor Type and Vehicle Type|q19||573
q10GRANDTotal_europe|CURRENCY|EUROPE TOTAL Capital Raised in 2021 for your European strategy by investor type|19_64|EUROPE_InvestorType_VehicleType_Total|EUR_IT_VT_Total|Investor type - Vehicle type total||Europe Capital raised|Investor Type and Vehicle Type|q19||574
_europe||For your European strategy*, how much institutional capital did your company raise for non-listed vehicles in 2021 by investor domicile (million)?|20|||||||q20||575
q111_1_europe|CURRENCY|EUROPE: Asia Pacific - Non-listed/ commingled real estate funds/private REITs|20_1|EUROPE_InvestorDomicileAsiaPacific_NonListedFunds|EUR_IDAPAC_NLF|Asia Pacific - Non-listed funds||Europe Capital raised|Investor Type and Vehicle Type|q20||576
q111_2_europe|CURRENCY|EUROPE: Asia Pacific - Separate accounts investing directly into real estate|20_2|EUROPE_InvestorDomicileAsiaPacific_SeparateAccountsDirect|EUR_IDAPAC_SepAccDirect|Asia Pacific - Separate accounts investing directly||Europe Capital raised|Investor Type and Vehicle Type|q20||577
q111_3_europe|CURRENCY|EUROPE: Asia Pacific - Separate accounts investing into indirect vehicles|20_3|EUROPE_InvestorDomicileAsiaPacific_SeparateAccountsIndirect|EUR_IDAPAC_SepAccIndirect|Asia Pacific - Separate accounts investing indirectly||Europe Capital raised|Investor Type and Vehicle Type|q20||578
q111_4_europe|CURRENCY|EUROPE: Asia Pacific - Joint ventures and club deals|20_4|EUROPE_InvestorDomicileAsiaPacific_JVs|EUR_IDAPAC_JVs|Asia Pacific - Joint ventures and club deals||Europe Capital raised|Investor Type and Vehicle Type|q20||579
q111_5_europe|CURRENCY|EUROPE: Asia Pacific - Funds of funds|20_5|EUROPE_InvestorDomicileAsiaPacific_FundsOfFunds|EUR_IDAPAC_FOF|Asia Pacific - Funds of funds||Europe Capital raised|Investor Type and Vehicle Type|q20||580
q111_6_europe|CURRENCY|EUROPE: Asia Pacific - Non-listed debt products|20_6|EUROPE_InvestorDomicileAsiaPacific_Debt|EUR_IDAPAC_Debt|Asia Pacific - Non-listed debt products||Europe Capital raised|Investor Type and Vehicle Type|q20||581
q11ROW1_Total_europe|CURRENCY|EUROPE: Asia Pacific - TOTAL|20_7|EUROPE_InvestorDomicileAsiaPacific_VehicleType_Total|EUR_IDAPAC_VT_Total|Asia Pacific - Vehicle type total||Europe Capital raised|Investor Type and Vehicle Type|q20||582
q112_1_europe|CURRENCY|EUROPE: Europe - Non-listed/ commingled real estate funds/private REITs|20_8|EUROPE_InvestorDomicileEurope_NonListedFunds|EUR_IDEUR_NLF|Europe - Non-listed funds||Europe Capital raised|Investor Type and Vehicle Type|q20||583
q112_2_europe|CURRENCY|EUROPE: Europe - Separate accounts investing directly into real estate|20_9|EUROPE_InvestorDomicileEurope_SeparateAccountsDirect|EUR_IDEUR_SepAccDirect|Europe - Separate accounts investing directly||Europe Capital raised|Investor Type and Vehicle Type|q20||584
q112_3_europe|CURRENCY|EUROPE: Europe - Separate accounts investing into indirect vehicles|20_10|EUROPE_InvestorDomicileEurope_SeparateAccountsIndirect|EUR_IDEUR_SepAccIndirect|Europe - Separate accounts investing indirectly||Europe Capital raised|Investor Type and Vehicle Type|q20||585
q112_4_europe|CURRENCY|EUROPE: Europe - Joint ventures and club deals|20_11|EUROPE_InvestorDomicileEurope_JVs|EUR_IDEUR_JVs|Europe - Joint ventures and club deals||Europe Capital raised|Investor Type and Vehicle Type|q20||586
q112_5_europe|CURRENCY|EUROPE: Europe - Funds of funds|20_12|EUROPE_InvestorDomicileEurope_FundsOfFunds|EUR_IDEUR_FOF|Europe - Funds of funds||Europe Capital raised|Investor Type and Vehicle Type|q20||587
q112_6_europe|CURRENCY|EUROPE: Europe - Non-listed debt products|20_13|EUROPE_InvestorDomicileEurope_Debt|EUR_IDEUR_Debt|Europe - Non-listed debt products||Europe Capital raised|Investor Type and Vehicle Type|q20||588
q11ROW2_Total_europe|CURRENCY|EUROPE: Europe - TOTAL|20_14|EUROPE_InvestorDomicileEurope_VehicleType_Total|EUR_IDEUR_VT_Total|Europe - Vehicle type total||Europe Capital raised|Investor Type and Vehicle Type|q20||589
q113_1_europe|CURRENCY|EUROPE: North America - Non-listed/ commingled real estate funds/private REITs|20_15|EUROPE_InvestorDomicileNorthAmerica_NonListedFunds|EUR_IDNA_NLF|North America - Non-listed funds||Europe Capital raised|Investor Type and Vehicle Type|q20||590
q113_2_europe|CURRENCY|EUROPE: North America - Separate accounts investing directly into real estate|20_16|EUROPE_InvestorDomicileNorthAmerica_SeparateAccountsDirect|EUR_IDNA_SepAccDirect|North America - Separate accounts investing directly||Europe Capital raised|Investor Type and Vehicle Type|q20||591
q113_3_europe|CURRENCY|EUROPE: North America - Separate accounts investing into indirect vehicles|20_17|EUROPE_InvestorDomicileNorthAmerica_SeparateAccountsIndirect|EUR_IDNA_SepAccIndirect|North America - Separate accounts investing indirectly||Europe Capital raised|Investor Type and Vehicle Type|q20||592
q113_4_europe|CURRENCY|EUROPE: North America - Joint ventures and club deals|20_18|EUROPE_InvestorDomicileNorthAmerica_JVs|EUR_IDNA_JVs|North America - Joint ventures and club deals||Europe Capital raised|Investor Type and Vehicle Type|q20||593
q113_5_europe|CURRENCY|EUROPE: North America - Funds of funds|20_19|EUROPE_InvestorDomicileNorthAmerica_FundsOfFunds|EUR_IDNA_FOF|North America - Funds of funds||Europe Capital raised|Investor Type and Vehicle Type|q20||594
q113_6_europe|CURRENCY|EUROPE: North America - Non-listed debt products|20_20|EUROPE_InvestorDomicileNorthAmerica_Debt|EUR_IDNA_Debt|North America - Non-listed debt products||Europe Capital raised|Investor Type and Vehicle Type|q20||595
q11ROW3_Total_europe|CURRENCY|EUROPE: North America - TOTAL|20_21|EUROPE_InvestorDomicileNorthAmerica_VehicleType_Total|EUR_IDNA_VT_Total|North America - Vehicle type total||Europe Capital raised|Investor Type and Vehicle Type|q20||596
q114_1_europe|CURRENCY|EUROPE: South America - Non-listed/ commingled real estate funds/private REITs|20_22|EUROPE_InvestorDomicileSouthAmerica_NonListedFunds|EUR_IDSA_NLF|South America - Non-listed funds||Europe Capital raised|Investor Type and Vehicle Type|q20||597
q114_2_europe|CURRENCY|EUROPE: South America - Separate accounts investing directly into real estate|20_23|EUROPE_InvestorDomicileSouthAmerica_SeparateAccountsDirect|EUR_IDSA_SepAccDirect|South America - Separate accounts investing directly||Europe Capital raised|Investor Type and Vehicle Type|q20||598
q114_3_europe|CURRENCY|EUROPE: South America - Separate accounts investing into indirect vehicles|20_24|EUROPE_InvestorDomicileSouthAmerica_SeparateAccountsIndirect|EUR_IDSA_SepAccIndirect|South America - Separate accounts investing indirectly||Europe Capital raised|Investor Type and Vehicle Type|q20||599
q114_4_europe|CURRENCY|EUROPE: South America - Joint ventures and club deals|20_25|EUROPE_InvestorDomicileSouthAmerica_JVs|EUR_IDSA_JVs|South America - Joint ventures and club deals||Europe Capital raised|Investor Type and Vehicle Type|q20||600
q114_5_europe|CURRENCY|EUROPE: South America - Funds of funds|20_26|EUROPE_InvestorDomicileSouthAmerica_FundsOfFunds|EUR_IDSA_FOF|South America - Funds of funds||Europe Capital raised|Investor Type and Vehicle Type|q20||601
q114_6_europe|CURRENCY|EUROPE: South America - Non-listed debt products|20_27|EUROPE_InvestorDomicileSouthAmerica_Debt|EUR_IDSA_Debt|South America - Non-listed debt products||Europe Capital raised|Investor Type and Vehicle Type|q20||602
q11ROW4_Total_europe|CURRENCY|EUROPE: South America - TOTAL|20_28|EUROPE_InvestorDomicileSouthAmerica_VehicleType_Total|EUR_IDSA_VT_Total|South America - Vehicle type total||Europe Capital raised|Investor Type and Vehicle Type|q20||603
q115_1_europe|CURRENCY|EUROPE: Africa - Non-listed/ commingled real estate funds/private REITs|20_29|EUROPE_InvestorDomicileAfrica_NonListedFunds|EUR_IDAFR_NLF|Africa - Non-listed funds||Europe Capital raised|Investor Type and Vehicle Type|q20||604
q115_2_europe|CURRENCY|EUROPE: Africa - Separate accounts investing directly into real estate|20_30|EUROPE_InvestorDomicileAfrica_SeparateAccountsDirect|EUR_IDAFR_SepAccDirect|Africa - Separate accounts investing directly||Europe Capital raised|Investor Type and Vehicle Type|q20||605
q115_3_europe|CURRENCY|EUROPE: Africa - Separate accounts investing into indirect vehicles|20_31|EUROPE_InvestorDomicileAfrica_SeparateAccountsIndirect|EUR_IDAFR_SepAccIndirect|Africa - Separate accounts investing indirectly||Europe Capital raised|Investor Type and Vehicle Type|q20||606
q115_4_europe|CURRENCY|EUROPE: Africa - Joint ventures and club deals|20_32|EUROPE_InvestorDomicileAfrica_JVs|EUR_IDAFR_JVs|Africa - Joint ventures and club deals||Europe Capital raised|Investor Type and Vehicle Type|q20||607
q115_5_europe|CURRENCY|EUROPE: Africa - Funds of funds|20_33|EUROPE_InvestorDomicileAfrica_FundsOfFunds|EUR_IDAFR_FOF|Africa - Funds of funds||Europe Capital raised|Investor Type and Vehicle Type|q20||608
q115_6_europe|CURRENCY|EUROPE: Africa - Non-listed debt products|20_34|EUROPE_InvestorDomicileAfrica_Debt|EUR_IDAFR_Debt|Africa - Non-listed debt products||Europe Capital raised|Investor Type and Vehicle Type|q20||609
q11ROW5_Total_europe|CURRENCY|EUROPE: Africa - TOTAL|20_35|EUROPE_InvestorDomicileAfrica_VehicleType_Total|EUR_IDAFR_VT_Total|Africa - Vehicle type total||Europe Capital raised|Investor Type and Vehicle Type|q20||610
q11COL1_Total_europe|CURRENCY|EUROPE: TOTAL - Non-listed/ commingled real estate funds/private REITs|20_36|EUROPE_InvestorDomicile_NonListedFunds_Total|EUR_ID_NLF_Total|Investor domicile total - Non-listed funds||Europe Capital raised|Investor Type and Vehicle Type|q20||611
q11COL2_Total_europe|CURRENCY|EUROPE: TOTAL - Separate accounts investing directly into real estate|20_37|EUROPE_InvestorDomicile_SeparateAccountsDirect_Total|EUR_ID_SepAccDirect_Total|Investor domicile total - Separate accounts investing directly||Europe Capital raised|Investor Type and Vehicle Type|q20||612
q11COL3_Total_europe|CURRENCY|EUROPE: TOTAL - Separate accounts investing into indirect vehicles|20_38|EUROPE_InvestorDomicile_SeparateAccountsIndirect_Total|EUR_ID_SepAccIndirect_Total|Investor domicile total - Separate accounts investing indirectly||Europe Capital raised|Investor Type and Vehicle Type|q20||613
q11COL4_Total_europe|CURRENCY|EUROPE: TOTAL - Joint ventures and club deals|20_39|EUROPE_InvestorDomicile_JVs_Total|EUR_ID_JVs_Total|Investor domicile total - Joint ventures and club deals||Europe Capital raised|Investor Type and Vehicle Type|q20||614
q11COL5_Total_europe|CURRENCY|EUROPE: TOTAL - Funds of funds|20_40|EUROPE_InvestorDomicile_FundsOfFunds_Total|EUR_ID_FOF_Total|Investor domicile total - Funds of funds||Europe Capital raised|Investor Type and Vehicle Type|q20||615
q11COL6_Total_europe|CURRENCY|EUROPE: TOTAL - Non-listed debt products|20_41|EUROPE_InvestorDomicile_Debt_Total|EUR_ID_Debt_Total|Investor domicile total - Non-listed debt products||Europe Capital raised|Investor Type and Vehicle Type|q20||616
q11GRANDTotal_europe|CURRENCY|EUROPE TOTAL Capital Raised in 2021 for your European strategy by investor domicile|20_42|EUROPE_InvestorDomicile_VehicleType_Total|EUR_ID_VT_Total|Investor domicile total - Vehicle type total||Europe Capital raised|Investor Type and Vehicle Type|q20||617
_europe||For your European strategy*, how much institutional capital did your company raise for non-listed vehicles in 2021 by sector strategy (million)?|21|||||||q21||618
q161_1_europe|CURRENCY|EUROPE: (Single) Office - Non-listed/ commingled real estate funds/private REITs|21_1|EUROPE_NonListedFunds_SingleSectorOffice|EUR_NLF_SSOffice|Non-listed funds - Single sector office||Europe Capital raised|Sector Strategy and Vehicle Type|q21||619
q161_2_europe|CURRENCY|EUROPE: (Single) Office - Separate accounts investing directly into real estate|21_2|EUROPE_SeparateAccountsDirect_SingleSectorOffice|EUR_SepAccDirect_SSOffice|Separate accounts investing directly - Single sector office||Europe Capital raised|Sector Strategy and Vehicle Type|q21||620
q161_3_europe|CURRENCY|EUROPE: (Single) Office - Separate accounts investing into indirect vehicles|21_3|EUROPE_SeparateAccountsIndirect_SingleSectorOffice|EUR_SepAccIndirect_SSOffice|Separate accounts investing indirectly - Single sector office||Europe Capital raised|Sector Strategy and Vehicle Type|q21||621
q161_4_europe|CURRENCY|EUROPE: (Single) Office - Joint ventures and club deals|21_4|EUROPE_JVs_SingleSectorOffice|EUR_JVs_SSOffice|Joint ventures and club deals - Single sector office||Europe Capital raised|Sector Strategy and Vehicle Type|q21||622
q161_5_europe|CURRENCY|EUROPE: (Single) Office - Funds of funds|21_5|EUROPE_FundsOfFunds_SingleSectorOffice|EUR_FOF_SSOffice|Funds of funds - Single sector office||Europe Capital raised|Sector Strategy and Vehicle Type|q21||623
q161_6_europe|CURRENCY|EUROPE: (Single) Office - Non-listed debt products|21_6|EUROPE_Debt_SingleSectorOffice|EUR_Debt_SSOffice|Non-listed debt products - Single sector office||Europe Capital raised|Sector Strategy and Vehicle Type|q21||624
q16ROW1_Total_europe|CURRENCY|EUROPE: (Single) Office - TOTAL|21_7|EUROPE_NonListedVehicles_SingleSectorOffice_Total|EUR_NLV_SSOffice_Total|Non-listed vehicles total - Single sector office||Europe Capital raised|Sector Strategy and Vehicle Type|q21||625
q162_1_europe|CURRENCY|EUROPE: (Single) Retail - Non-listed/ commingled real estate funds/private REITs|21_8|EUROPE_NonListedFunds_SingleSectorRetail|EUR_NLF_SSRetail|Non-listed funds - Single sector retail||Europe Capital raised|Sector Strategy and Vehicle Type|q21||626
q162_2_europe|CURRENCY|EUROPE: (Single) Retail - Separate accounts investing directly into real estate|21_9|EUROPE_SeparateAccountsDirect_SingleSectorRetail|EUR_SepAccDirect_SSRetail|Separate accounts investing directly - Single sector retail||Europe Capital raised|Sector Strategy and Vehicle Type|q21||627
q162_3_europe|CURRENCY|EUROPE: (Single) Retail - Separate accounts investing into indirect vehicles|21_10|EUROPE_SeparateAccountsIndirect_SingleSectorRetail|EUR_SepAccIndirect_SSRetail|Separate accounts investing indirectly - Single sector retail||Europe Capital raised|Sector Strategy and Vehicle Type|q21||628
q162_4_europe|CURRENCY|EUROPE: (Single) Retail - Joint ventures and club deals|21_11|EUROPE_JVs_SingleSectorRetail|EUR_JVs_SSRetail|Joint ventures and club deals - Single sector retail||Europe Capital raised|Sector Strategy and Vehicle Type|q21||629
q162_5_europe|CURRENCY|EUROPE: (Single) Retail - Funds of funds|21_12|EUROPE_FundsOfFunds_SingleSectorRetail|EUR_FOF_SSRetail|Funds of funds - Single sector retail||Europe Capital raised|Sector Strategy and Vehicle Type|q21||630
q162_6_europe|CURRENCY|EUROPE: (Single) Retail - Non-listed debt products|21_13|EUROPE_Debt_SingleSectorRetail|EUR_Debt_SSRetail|Non-listed debt products - Single sector retail||Europe Capital raised|Sector Strategy and Vehicle Type|q21||631
q16ROW2_Total_europe|CURRENCY|EUROPE: (Single) Retail - TOTAL|21_14|EUROPE_NonListedVehicles_SingleSectorRetail_Total|EUR_NLV_SSRetail_Total|Non-listed vehicles total - Single sector retail||Europe Capital raised|Sector Strategy and Vehicle Type|q21||632
q163_1_europe|CURRENCY|EUROPE: (Single) Industrial / logistics - Non-listed/ commingled real estate funds/private REITs|21_15|EUROPE_NonListedFunds_SingleSectorIndustrial/Logistics|EUR_NLF_SSInd/Log|Non-listed funds - Single sector industrial/logistics||Europe Capital raised|Sector Strategy and Vehicle Type|q21||633
q163_2_europe|CURRENCY|EUROPE: (Single) Industrial / logistics - Separate accounts investing directly into real estate|21_16|EUROPE_SeparateAccountsDirect_SingleSectorIndustrial/Logistics|EUR_SepAccDirect_SSInd/Log|Separate accounts investing directly - Single sector industrial/logistics||Europe Capital raised|Sector Strategy and Vehicle Type|q21||634
q163_3_europe|CURRENCY|EUROPE: (Single) Industrial / logistics - Separate accounts investing into indirect vehicles|21_17|EUROPE_SeparateAccountsIndirect_SingleSectorIndustrial/Logistics|EUR_SepAccIndirect_SSInd/Log|Separate accounts investing indirectly - Single sector industrial/logistics||Europe Capital raised|Sector Strategy and Vehicle Type|q21||635
q163_4_europe|CURRENCY|EUROPE: (Single) Industrial / logistics - Joint ventures and club deals|21_18|EUROPE_JVs_SingleSectorIndustrial/Logistics|EUR_JVs_SSInd/Log|Joint ventures and club deals - Single sector industrial/logistics||Europe Capital raised|Sector Strategy and Vehicle Type|q21||636
q163_5_europe|CURRENCY|EUROPE: (Single) Industrial / logistics - Funds of funds|21_19|EUROPE_FundsOfFunds_SingleSectorIndustrial/Logistics|EUR_FOF_SSInd/Log|Funds of funds - Single sector industrial/logistics||Europe Capital raised|Sector Strategy and Vehicle Type|q21||637
q163_6_europe|CURRENCY|EUROPE: (Single) Industrial / logistics - Non-listed debt products|21_20|EUROPE_Debt_SingleSectorIndustrial/Logistics|EUR_Debt_SSInd/Log|Non-listed debt products - Single sector industrial/logistics||Europe Capital raised|Sector Strategy and Vehicle Type|q21||638
q16ROW3_Total_europe|CURRENCY|EUROPE: (Single) Industrial / logistics - TOTAL|21_21|EUROPE_NonListedVehicles_SingleSectorIndustrial/Logistics_Total|EUR_NLV_SSInd/Log_Total|Non-listed vehicles total - Single sector industrial/logistics||Europe Capital raised|Sector Strategy and Vehicle Type|q21||639
q164_1_europe|CURRENCY|EUROPE: (Single) Residential / multi-family / apartments - Non-listed/ commingled real estate funds/private REITs|21_22|EUROPE_NonListedFunds_SingleSectorResidential/Multifamily/Apartments|EUR_NLF_SSResidential|Non-listed funds - Single sector residential/multifamily/ apartment||Europe Capital raised|Sector Strategy and Vehicle Type|q21||640
q164_2_europe|CURRENCY|EUROPE: (Single) Residential / multi-family / apartments - Separate accounts investing directly into real estate|21_23|EUROPE_SeparateAccountsDirect_SingleSectorResidential/Multifamily/Apartments|EUR_SepAccDirect_SSResidential|Separate accounts investing directly - Single sector residential/multifamily/ apartment||Europe Capital raised|Sector Strategy and Vehicle Type|q21||641
q164_3_europe|CURRENCY|EUROPE: (Single) Residential / multi-family / apartments - Separate accounts investing into indirect vehicles|21_24|EUROPE_SeparateAccountsIndirect_SingleSectorResidential/Multifamily/Apartments|EUR_SepAccIndirect_SSResidential|Separate accounts investing indirectly - Single sector residential/multifamily/ apartment||Europe Capital raised|Sector Strategy and Vehicle Type|q21||642
q164_4_europe|CURRENCY|EUROPE: (Single) Residential / multi-family / apartments - Joint ventures and club deals|21_25|EUROPE_JVs_SingleSectorResidential/Multifamily/Apartments|EUR_JVs_SSResidential|Joint ventures and club deals - Single sector residential/multifamily/ apartment||Europe Capital raised|Sector Strategy and Vehicle Type|q21||643
q164_5_europe|CURRENCY|EUROPE: (Single) Residential / multi-family / apartments - Funds of funds|21_26|EUROPE_FundsOfFunds_SingleSectorResidential/Multifamily/Apartments|EUR_FOF_SSResidential|Funds of funds - Single sector residential/multifamily/ apartment||Europe Capital raised|Sector Strategy and Vehicle Type|q21||644
q164_6_europe|CURRENCY|EUROPE: (Single) Residential / multi-family / apartments - Non-listed debt products|21_27|EUROPE_Debt_SingleSectorResidential/Multifamily/Apartments|EUR_Debt_SSResidential|Non-listed debt products - Single sector residential/multifamily/ apartment||Europe Capital raised|Sector Strategy and Vehicle Type|q21||645
q16ROW4_Total_europe|CURRENCY|EUROPE: (Single) Residential / multi-family / apartments - TOTAL|21_28|EUROPE_NonListedVehicles_SingleSectorResidential/Multifamily/Apartments_Total|EUR_NLV_SSResidential_Total|Non-listed vehicles total - Single sector residential/multifamily/ apartment||Europe Capital raised|Sector Strategy and Vehicle Type|q21||646
q165_1_europe|CURRENCY|EUROPE: (Single) Residential / multi-family / apartments - Non-listed/ commingled real estate funds/private REITs|21_29|EUROPE_NonListedFunds_SingleSectorStudentHousing|EUR_NLF_SSStudHou|Non-listed funds - Single sector student housing||Europe Capital raised|Sector Strategy and Vehicle Type|q21||647
q165_2_europe|CURRENCY|EUROPE: (Single) Residential / multi-family / apartments - Separate accounts investing directly into real estate|21_30|EUROPE_SeparateAccountsDirect_SingleSectorStudentHousing|EUR_SepAccDirect_SSStudHou|Separate accounts investing directly - Single sector student housing||Europe Capital raised|Sector Strategy and Vehicle Type|q21||648
q165_3_europe|CURRENCY|EUROPE: (Single) Residential / multi-family / apartments - Separate accounts investing into indirect vehicles|21_31|EUROPE_SeparateAccountsIndirect_SingleSectorStudentHousing|EUR_SepAccIndirect_SSStudHou|Separate accounts investing indirectly - Single sector student housing||Europe Capital raised|Sector Strategy and Vehicle Type|q21||649
q165_4_europe|CURRENCY|EUROPE: (Single) Residential / multi-family / apartments - Joint ventures and club deals|21_32|EUROPE_JVs_SingleSectorStudentHousing|EUR_JVs_SSStudHou|Joint ventures and club deals - Single sector student housing||Europe Capital raised|Sector Strategy and Vehicle Type|q21||650
q165_5_europe|CURRENCY|EUROPE: (Single) Residential / multi-family / apartments - Funds of funds|21_33|EUROPE_FundsOfFunds_SingleSectorStudentHousing|EUR_FOF_SSStudHou|Funds of funds - Single sector student housing||Europe Capital raised|Sector Strategy and Vehicle Type|q21||651
q165_6_europe|CURRENCY|EUROPE: (Single) Residential / multi-family / apartments - Non-listed debt products|21_34|EUROPE_Debt_SingleSectorStudentHousing|EUR_Debt_SSStudHou|Non-listed debt products - Single sector student housing||Europe Capital raised|Sector Strategy and Vehicle Type|q21||652
q16ROW5_Total_europe|CURRENCY|EUROPE: (Single) Residential / multi-family / apartments - TOTAL|21_35|EUROPE_NonListedVehicles_SingleSectorStudentHousing_Total|EUR_NLV_SSStudHou_Total|Non-listed vehicles total - Single sector student housing||Europe Capital raised|Sector Strategy and Vehicle Type|q21||653
q166_1_europe|CURRENCY|EUROPE: (Single) Senior living / aged care / health care - Non-listed/ commingled real estate funds/private REITs|21_36|EUROPE_NonListedFunds_SingleSectorSeniorLiving/Agedcare/Healthcare|EUR_NLF_SSSenLiving|Non-listed funds - Single sector senior living/ aged care/ healthcare||Europe Capital raised|Sector Strategy and Vehicle Type|q21||654
q166_2_europe|CURRENCY|EUROPE: (Single) Senior living / aged care / health care - Separate accounts investing directly into real estate|21_37|EUROPE_SeparateAccountsDirect_SingleSectorSeniorLiving/Agedcare/Healthcare|EUR_SepAccDirect_SSSenLiving|Separate accounts investing directly - Single sector senior living/ aged care/ healthcare||Europe Capital raised|Sector Strategy and Vehicle Type|q21||655
q166_3_europe|CURRENCY|EUROPE: (Single) Senior living / aged care / health care - Separate accounts investing into indirect vehicles|21_38|EUROPE_SeparateAccountsIndirect_SingleSectorSeniorLiving/Agedcare/Healthcare|EUR_SepAccIndirect_SSSenLiving|Separate accounts investing indirectly - Single sector senior living/ aged care/ healthcare||Europe Capital raised|Sector Strategy and Vehicle Type|q21||656
q166_4_europe|CURRENCY|EUROPE: (Single) Senior living / aged care / health care - Joint ventures and club deals|21_39|EUROPE_JVs_SingleSectorSeniorLiving/Agedcare/Healthcare|EUR_JVs_SSSenLiving|Joint ventures and club deals - Single sector senior living/ aged care/ healthcare||Europe Capital raised|Sector Strategy and Vehicle Type|q21||657
q166_5_europe|CURRENCY|EUROPE: (Single) Senior living / aged care / health care - Funds of funds|21_40|EUROPE_FundsOfFunds_SingleSectorSeniorLiving/Agedcare/Healthcare|EUR_FOF_SSSenLiving|Funds of funds - Single sector senior living/ aged care/ healthcare||Europe Capital raised|Sector Strategy and Vehicle Type|q21||658
q166_6_europe|CURRENCY|EUROPE: (Single) Senior living / aged care / health care - Non-listed debt products|21_41|EUROPE_Debt_SingleSectorSeniorLiving/Agedcare/Healthcare|EUR_Debt_SSSenLiving|Non-listed debt products - Single sector senior living/ aged care/ healthcare||Europe Capital raised|Sector Strategy and Vehicle Type|q21||659
q16ROW6_Total_europe|CURRENCY|EUROPE: (Single) Senior living / aged care / health care - TOTAL|21_42|EUROPE_NonListedVehicles_SingleSectorSeniorLiving/Agedcare/Healthcare_Total|EUR_NLV_SSSenLiving_Total|Non-listed vehicles total - Single sector senior living/ aged care/ healthcare||Europe Capital raised|Sector Strategy and Vehicle Type|q21||660
q167_1_europe|CURRENCY|EUROPE: (Single) Hotel / leisure - Non-listed/ commingled real estate funds/private REITs|21_43|EUROPE_NonListedFunds_SingleSectorHotel/Leisure|EUR_NLF_SSHot/Lei|Non-listed funds - Single sector hotel/ leisure||Europe Capital raised|Sector Strategy and Vehicle Type|q21||661
q167_2_europe|CURRENCY|EUROPE: (Single) Hotel / leisure - Separate accounts investing directly into real estate|21_44|EUROPE_SeparateAccountsDirect_SingleSectorHotel/Leisure|EUR_SepAccDirect_SSHot/Lei|Separate accounts investing directly - Single sector hotel/ leisure||Europe Capital raised|Sector Strategy and Vehicle Type|q21||662
q167_3_europe|CURRENCY|EUROPE: (Single) Hotel / leisure - Separate accounts investing into indirect vehicles|21_45|EUROPE_SeparateAccountsIndirect_SingleSectorHotel/Leisure|EUR_SepAccIndirect_SSHot/Lei|Separate accounts investing indirectly - Single sector hotel/ leisure||Europe Capital raised|Sector Strategy and Vehicle Type|q21||663
q167_4_europe|CURRENCY|EUROPE: (Single) Hotel / leisure - Joint ventures and club deals|21_46|EUROPE_JVs_SingleSectorHotel/Leisure|EUR_JVs_SSHot/Lei|Joint ventures and club deals - Single sector hotel/ leisure||Europe Capital raised|Sector Strategy and Vehicle Type|q21||664
q167_5_europe|CURRENCY|EUROPE: (Single) Hotel / leisure - Funds of funds|21_47|EUROPE_FundsOfFunds_SingleSectorHotel/Leisure|EUR_FOF_SSHot/Lei|Funds of funds - Single sector hotel/ leisure||Europe Capital raised|Sector Strategy and Vehicle Type|q21||665
q167_6_europe|CURRENCY|EUROPE: (Single) Hotel / leisure - Non-listed debt products|21_48|EUROPE_Debt_SingleSectorHotel/Leisure|EUR_Debt_SSHot/Lei|Non-listed debt products - Single sector hotel/ leisure||Europe Capital raised|Sector Strategy and Vehicle Type|q21||666
q16ROW7_Total_europe|CURRENCY|EUROPE: (Single) Hotel / leisure - TOTAL|21_49|EUROPE_NonListedVehicles_SingleSectorHotel/Leisure_Total|EUR_NLV_SSHot/Lei_Total|Non-listed vehicles total - Single sector hotel/ leisure||Europe Capital raised|Sector Strategy and Vehicle Type|q21||667
q168_1_europe|CURRENCY|EUROPE: (Single) Other (incl land, parking, self storage) - Non-listed/ commingled real estate funds/private REITs|21_50|EUROPE_NonListedFunds_SingleSectorOther|EUR_NLF_SSOther|Non-listed funds - Single sector other||Europe Capital raised|Sector Strategy and Vehicle Type|q21||668
q168_2_europe|CURRENCY|EUROPE: (Single) Other (incl land, parking, self storage) - Separate accounts investing directly into real estate|21_51|EUROPE_SeparateAccountsDirect_SingleSectorOther|EUR_SepAccDirect_SSOther|Separate accounts investing directly - Single sector other||Europe Capital raised|Sector Strategy and Vehicle Type|q21||669
q168_3_europe|CURRENCY|EUROPE: (Single) Other (incl land, parking, self storage) - Separate accounts investing into indirect vehicles|21_52|EUROPE_SeparateAccountsIndirect_SingleSectorOther|EUR_SepAccIndirect_SSOther|Separate accounts investing indirectly - Single sector other||Europe Capital raised|Sector Strategy and Vehicle Type|q21||670
q168_4_europe|CURRENCY|EUROPE: (Single) Other (incl land, parking, self storage) - Joint ventures and club deals|21_53|EUROPE_JVs_SingleSectorOther|EUR_JVs_SSOther|Joint ventures and club deals - Single sector other||Europe Capital raised|Sector Strategy and Vehicle Type|q21||671
q168_5_europe|CURRENCY|EUROPE: (Single) Other (incl land, parking, self storage) - Funds of funds|21_54|EUROPE_FundsOfFunds_SingleSectorOther|EUR_FOF_SSOther|Funds of funds - Single sector other||Europe Capital raised|Sector Strategy and Vehicle Type|q21||672
q168_6_europe|CURRENCY|EUROPE: (Single) Other (incl land, parking, self storage) - Non-listed debt products|21_55|EUROPE_Debt_SingleSectorOther|EUR_Debt_SSOther|Non-listed debt products - Single sector other||Europe Capital raised|Sector Strategy and Vehicle Type|q21||673
q16ROW8_Total_europe|CURRENCY|EUROPE: (Single) Other (incl land, parking, self storage) - TOTAL|21_56|EUROPE_NonListedVehicles_SingleSectorOther_Total|EUR_NLV_SSOther_Total|Non-listed vehicles total - Single sector other||Europe Capital raised|Sector Strategy and Vehicle Type|q21||674
q169_1_europe|CURRENCY|EUROPE: (Multi) Main sectors - Non-listed/ commingled real estate funds/private REITs|21_57|EUROPE_NonListedFunds_MultiSectorMainSectors|EUR_NLF_MSMS|Non-listed funds - Multi sector main sectors ||Europe Capital raised|Sector Strategy and Vehicle Type|q21||675
q169_2_europe|CURRENCY|EUROPE: (Multi) Main sectors - Separate accounts investing directly into real estate|21_58|EUROPE_SeparateAccountsDirect_MultiSectorMainSectors|EUR_SepAccDirect_MSMS|Separate accounts investing directly - Multi sector main sectors||Europe Capital raised|Sector Strategy and Vehicle Type|q21||676
q169_3_europe|CURRENCY|EUROPE: (Multi) Main sectors - Separate accounts investing into indirect vehicles|21_59|EUROPE_SeparateAccountsIndirect_MultiSectorMainSectors|EUR_SepAccIndirect_MSMS|Separate accounts investing indirectly - Multi sector main sectors||Europe Capital raised|Sector Strategy and Vehicle Type|q21||677
q169_4_europe|CURRENCY|EUROPE: (Multi) Main sectors - Joint ventures and club deals|21_60|EUROPE_JVs_MultiSectorMainSectors|EUR_JVs_MSMS|Joint ventures and club deals - Multi sector main sectors||Europe Capital raised|Sector Strategy and Vehicle Type|q21||678
q169_5_europe|CURRENCY|EUROPE: (Multi) Main sectors - Funds of funds|21_61|EUROPE_FundsOfFunds_MultiSectorMainSectors|EUR_FOF_MSMS|Funds of funds - Multi sector main sectors||Europe Capital raised|Sector Strategy and Vehicle Type|q21||679
q169_6_europe|CURRENCY|EUROPE: (Multi) Main sectors - Non-listed debt products|21_62|EUROPE_Debt_MultiSectorMainSectors|EUR_Debt_MSMS|Non-listed debt products - Multi sector main sectors||Europe Capital raised|Sector Strategy and Vehicle Type|q21||680
q16ROW9_Total_europe|CURRENCY|EUROPE: (Multi) Main sectors - TOTAL|21_63|EUROPE_NonListedVehicles_MultiSectorMainSectors_Total|EUR_NLV_MSMS_Total|Non-listed vehicles total - Multi sector main sectors||Europe Capital raised|Sector Strategy and Vehicle Type|q21||681
q1610_1_europe|CURRENCY|EUROPE: (Multi) Alternative sectors - Non-listed/ commingled real estate funds/private REITs|21_64|EUROPE_NonListedFunds_MultiSectorAlternativeSectors|EUR_NLF_MSAS|Non-listed funds - Multi sector alternative sectors||Europe Capital raised|Sector Strategy and Vehicle Type|q21||682
q1610_2_europe|CURRENCY|EUROPE: (Multi) Alternative sectors - Separate accounts investing directly into real estate|21_65|EUROPE_SeparateAccountsDirect_MultiSectorAlternativeSectors|EUR_SepAccDirect_MSAS|Separate accounts investing directly - Multi sector alternative sectors||Europe Capital raised|Sector Strategy and Vehicle Type|q21||683
q1610_3_europe|CURRENCY|EUROPE: (Multi) Alternative sectors - Separate accounts investing into indirect vehicles|21_66|EUROPE_SeparateAccountsIndirect_MultiSectorAlternativeSectors|EUR_SepAccIndirect_MSAS|Separate accounts investing indirectly - Multi sector alternative sectors||Europe Capital raised|Sector Strategy and Vehicle Type|q21||684
q1610_4_europe|CURRENCY|EUROPE: (Multi) Alternative sectors - Joint ventures and club deals|21_67|EUROPE_JVs_MultiSectorAlternativeSectors|EUR_JVs_MSAS|Joint ventures and club deals - Multi sector alternative sectors||Europe Capital raised|Sector Strategy and Vehicle Type|q21||685
q1610_5_europe|CURRENCY|EUROPE: (Multi) Alternative sectors - Funds of funds|21_68|EUROPE_FundsOfFunds_MultiSectorAlternativeSectors|EUR_FOF_MSAS|Funds of funds - Multi sector alternative sectors||Europe Capital raised|Sector Strategy and Vehicle Type|q21||686
q1610_6_europe|CURRENCY|EUROPE: (Multi) Alternative sectors - Non-listed debt products|21_69|EUROPE_Debt_MultiSectorAlternativeSectors|EUR_Debt_MSAS|Non-listed debt products - Multi sector alternative sectors||Europe Capital raised|Sector Strategy and Vehicle Type|q21||687
q16ROW10_Total_europe|CURRENCY|EUROPE: (Multi) Alternative sectors - TOTAL|21_70|EUROPE_NonListedVehicles_MultiSectorAlternativeSectors_Total|EUR_NLV_MSAS_Total|Non-listed vehicles total - Multi sector alternative sectors||Europe Capital raised|Sector Strategy and Vehicle Type|q21||688
q1611_1_europe|CURRENCY|EUROPE: (Multi) Mix of main and alternative - Non-listed/ commingled real estate funds/private REITs|21_71|EUROPE_NonListedFunds_MultiSectorMixMainAlternativeSectors|EUR_NLF_MSAS|Non-listed funds - Multi sector mix of main and alternative sectors||Europe Capital raised|Sector Strategy and Vehicle Type|q21||689
q1611_2_europe|CURRENCY|EUROPE: (Multi) Mix of main and alternative - Separate accounts investing directly into real estate|21_72|EUROPE_SeparateAccountsDirect_MultiSectorMixMainAlternativeSectors|EUR_SepAccDirect_MSMMAS|Separate accounts investing directly - Multi sector mix of main and alternative sectors||Europe Capital raised|Sector Strategy and Vehicle Type|q21||690
q1611_3_europe|CURRENCY|EUROPE: (Multi) Mix of main and alternative - Separate accounts investing into indirect vehicles|21_73|EUROPE_SeparateAccountsIndirect_MultiSectorMixMainAlternativeSectors|EUR_SepAccIndirect_MSMMAS|Separate accounts investing indirectly - Multi sector mix of main and alternative sectors||Europe Capital raised|Sector Strategy and Vehicle Type|q21||691
q1611_4_europe|CURRENCY|EUROPE: (Multi) Mix of main and alternative - Joint ventures and club deals|21_74|EUROPE_JVs_MultiSectorMixMainAlternativeSectors|EUR_JVs_MSMMAS|Joint ventures and club deals - Multi sector mix of main and alternative sectors||Europe Capital raised|Sector Strategy and Vehicle Type|q21||692
q1611_5_europe|CURRENCY|EUROPE: (Multi) Mix of main and alternative - Funds of funds|21_75|EUROPE_FundsOfFunds_MultiSectorMixMainAlternativeSectors|EUR_FOF_MSMMAS|Funds of funds - Multi sector mix of main and alternative sectors||Europe Capital raised|Sector Strategy and Vehicle Type|q21||693
q1611_6_europe|CURRENCY|EUROPE: (Multi) Mix of main and alternative - Non-listed debt products|21_76|EUROPE_Debt_MultiSectorMixMainAlternativeSectors|EUR_Debt_MSMMAS|Non-listed debt products - Multi sector mix of main and alternative sectors||Europe Capital raised|Sector Strategy and Vehicle Type|q21||694
q16ROW11_Total_europe|CURRENCY|EUROPE: (Multi) Mix of main and alternative - TOTAL|21_77|EUROPE_NonListedVehicles_MultiSectorMixMainAlternativeSectors_Total|EUR_NLV_MSMMAS_Total|Non-listed vehicles total - Multi sector mix of main and alternative sectors||Europe Capital raised|Sector Strategy and Vehicle Type|q21||695
q16COL1_Total_europe|CURRENCY|TOTAL (EUROPE): Non-listed/ commingled real estate funds/private REITs|21_78|EUROPE_SectorStrategy_NonListedFunds_Total|EUR_SS_NLF_Total|Sector strategy total - Non-listed funds ||Europe Capital raised|Sector Strategy and Vehicle Type|q21||696
q16COL2_Total_europe|CURRENCY|TOTAL (EUROPE): Separate accounts investing directly into real estate|21_79|EUROPE_SectorStrategy_SeparateAccountsDirect_Total|EUR_SS_SepAccDirect_Total|Sector strategy total - Separate accounts investing directly||Europe Capital raised|Sector Strategy and Vehicle Type|q21||697
q16COL3_Total_europe|CURRENCY|TOTAL (EUROPE): Separate accounts investing into indirect vehicles|21_80|EUROPE_SectorStrategy_SeparateAccountsIndirect_Total|EUR_SS_SepAccIndirect_Total|Sector strategy total - Separate accounts investing indirectly||Europe Capital raised|Sector Strategy and Vehicle Type|q21||698
q16COL4_Total_europe|CURRENCY|TOTAL (EUROPE): Joint ventures and club deals|21_81|EUROPE_SectorStrategy_JVs_Total|EUR_SS_JVs_Total|Sector strategy total - Joint ventures and club deals||Europe Capital raised|Sector Strategy and Vehicle Type|q21||699
q16COL5_Total_europe|CURRENCY|TOTAL (EUROPE): Funds of funds|21_82|EUROPE_SectorStrategy_FundsOfFunds_Total|EUR_SS_FOF_Total|Sector strategy total - Funds of funds ||Europe Capital raised|Sector Strategy and Vehicle Type|q21||700
q16COL6_Total_europe|CURRENCY|TOTAL (EUROPE): Non-listed debt products|21_83|EUROPE_SectorStrategy_Debt_Total|EUR_SS_Debt_Total|Sector strategy total - Non-listed debt products||Europe Capital raised|Sector Strategy and Vehicle Type|q21||701
q16GRANDTotal_europe|CURRENCY|EUROPE: Total raised for your European strategy by sector strategy in 2021|21_84|EUROPE_SectorStrategy_NonListedVehicles_Total|EUR_SS_NLV_Total|Sector strategy total - Non-listed vehicles total||Europe Capital raised|Sector Strategy and Vehicle Type|q21||702
_europe||For your European strategy*, how much institutional capital did your company raise for non-listed vehicles in 2021 by country strategy (million)?|22|||||||q22||703
q171_1_europe|CURRENCY|EUROPE: Single country strategy - Non-listed/ commingled real estate funds/private REITs|22_1|EUROPE_NonListedFunds_SingleCountry|EUR_NLF_SC|Non-listed funds - Single country||Europe Capital raised|Country Strategy and Vehicle Type|q22||704
q171_2_europe|CURRENCY|EUROPE: Single country strategy  - Separate accounts investing directly into real estate|22_2|EUROPE_SeparateAccountsDirect_SingleCountry|EUR_SepAccDirect_SC|Separate accounts investing directly - Single country||Europe Capital raised|Country Strategy and Vehicle Type|q22||705
q171_3_europe|CURRENCY|EUROPE: Single country strategy  - Separate accounts investing into indirect vehicles|22_3|EUROPE_SeparateAccountsIndirect_SingleCountry|EUR_SepAccIndirect_SC|Separate accounts investing indirectly - Single country||Europe Capital raised|Country Strategy and Vehicle Type|q22||706
q171_4_europe|CURRENCY|EUROPE: Single country strategy  - Joint ventures and club deals|22_4|EUROPE_JVs_SingleCountry|EUR_JVs_SC|Joint ventures and club deals - Single country||Europe Capital raised|Country Strategy and Vehicle Type|q22||707
q171_5_europe|CURRENCY|EUROPE: Single country strategy  - Funds of funds|22_5|EUROPE_FundsOfFunds_SingleCountry|EUR_FOF_SC|Funds of funds - Single country||Europe Capital raised|Country Strategy and Vehicle Type|q22||708
q171_6_europe|CURRENCY|EUROPE: Single country strategy  - Non-listed debt products|22_6|EUROPE_Debt_SingleCountry|EUR_Debt_SC|Non-listed debt products - Single country||Europe Capital raised|Country Strategy and Vehicle Type|q22||709
q17ROW1_Total_europe|CURRENCY|EUROPE: Single country strategy  - TOTAL|22_7|EUROPE_NonListedVehicles_SingleCountry_Total|EUR_NLV_SC|Non-listed vehicles total - Single country||Europe Capital raised|Country Strategy and Vehicle Type|q22||710
q172_1_europe|CURRENCY|EUROPE: Multi country strategy - Non-listed/ commingled real estate funds/private REITs|22_8|EUROPE_NonListedFunds_MultiCountry|EUR_NLF_MC|Non-listed funds - Multi country||Europe Capital raised|Country Strategy and Vehicle Type|q22||711
q172_2_europe|CURRENCY|EUROPE: Multi country strategy  - Separate accounts investing directly into real estate|22_9|EUROPE_SeparateAccountsDirect_MultiCountry|EUR_SepAccDirect_MC|Separate accounts investing directly - Multi country||Europe Capital raised|Country Strategy and Vehicle Type|q22||712
q172_3_europe|CURRENCY|EUROPE: Multi country strategy  - Separate accounts investing into indirect vehicles|22_10|EUROPE_SeparateAccountsIndirect_MultiCountry|EUR_SepAccIndirect_MC|Separate accounts investing indirectly - Multi country||Europe Capital raised|Country Strategy and Vehicle Type|q22||713
q172_4_europe|CURRENCY|EUROPE: Multi country strategy  - Joint ventures and club deals|22_11|EUROPE_JVs_MultiCountry|EUR_JVs_MC|Joint ventures and club deals - Multi country||Europe Capital raised|Country Strategy and Vehicle Type|q22||714
q172_5_europe|CURRENCY|EUROPE: Multi country strategy  - Funds of funds|22_12|EUROPE_FundsOfFunds_MultiCountry|EUR_FOF_MC|Funds of funds - Multi country||Europe Capital raised|Country Strategy and Vehicle Type|q22||715
q172_6_europe|CURRENCY|EUROPE: Multi country strategy  - Non-listed debt products|22_13|EUROPE_Debt_MultiCountry|EUR_Debt_MC|Non-listed debt products - Multi country||Europe Capital raised|Country Strategy and Vehicle Type|q22||716
q17ROW2_Total_europe|CURRENCY|EUROPE: Multi country strategy  - TOTAL|22_14|EUROPE_NonListedVehicles_MultiCountry_Total|EUR_NLV_MC|Non-listed vehicles total - Multi country||Europe Capital raised|Country Strategy and Vehicle Type|q22||717
q17COL1_Total_europe|CURRENCY|TOTAL (EUROPE): Non-listed/ commingled real estate funds/private REITs|22_15|EUROPE_CountryStrategy_NonListedFunds_Total|EUR_CS_NLF_Total|Country strategy total - Non-listed funds ||Europe Capital raised|Country Strategy and Vehicle Type|q22||718
q17COL2_Total_europe|CURRENCY|TOTAL (EUROPE): Separate accounts investing directly into real estate|22_16|EUROPE_CountryStrategy_SeparateAccountsDirect_Total|EUR_CS_SepAccDirect_Total|Country strategy total - Separate accounts investing directly||Europe Capital raised|Country Strategy and Vehicle Type|q22||719
q17COL3_Total_europe|CURRENCY|TOTAL (EUROPE): Separate accounts investing into indirect vehicles|22_17|EUROPE_CountryStrategy_SeparateAccountsIndirect_Total|EUR_CS_SepAccIndirect_Total|Country strategy total - Separate accounts investing indirectly||Europe Capital raised|Country Strategy and Vehicle Type|q22||720
q17COL4_Total_europe|CURRENCY|TOTAL (EUROPE): Joint ventures and club deals|22_18|EUROPE_CountryStrategy_JVs_Total|EUR_CS_JVs_Total|Country strategy total - Joint ventures and club deals||Europe Capital raised|Country Strategy and Vehicle Type|q22||721
q17COL5_Total_europe|CURRENCY|TOTAL (EUROPE): Funds of funds|22_19|EUROPE_CountryStrategy_FundsOfFunds_Total|EUR_CS_FOF_Total|Country strategy total - Funds of funds ||Europe Capital raised|Country Strategy and Vehicle Type|q22||722
q17COL6_Total_europe|CURRENCY|TOTAL (EUROPE): Non-listed debt products|22_20|EUROPE_CountryStrategy_Debt_Total|EUR_CS_Debt_Total|Country strategy total - Non-listed debt products||Europe Capital raised|Country Strategy and Vehicle Type|q22||723
q17GRANDTotal_europe|CURRENCY|EUROPE: Total raised for your European strategy by country strategy in 2021|22_21|EUROPE_CountryStrategy_NonListedVehicles_Total|EUR_CS_NLV_Total|Country strategy total - Non-listed vehicles total||Europe Capital raised|Country Strategy and Vehicle Type|q22||724
_europe||For your European strategy*, how much institutional capital did your company raise for non-listed vehicles in 2021 by investment style (million)?|23|||||||q23||725
q151_1_europe|CURRENCY|EUROPE: Core / Senior debt - Non-listed/ commingled real estate funds/private REITs|23_1|EUROPE_NonListedFunds_Core/SeniorDebt|EUR_NLF_Core|Non-listed funds - Core/ senior debt||Europe Capital raised|Investor Type and Vehicle Type|q23||726
q151_2_europe|CURRENCY|EUROPE: Core / Senior debt - Separate accounts investing directly into real estate|23_2|EUROPE_SeparateAccountsDirect_Core/SeniorDebt|EUR_SepAccDirect_Core|Separate accounts investing directly - Core/ senior debt||Europe Capital raised|Investor Type and Vehicle Type|q23||727
q151_3_europe|CURRENCY|EUROPE: Core / Senior debt - Separate accounts investing into indirect vehicles|23_3|EUROPE_SeparateAccountsIndirect_Core/SeniorDebt|EUR_SepAccIndirect_Core|Separate accounts investing indirectly - Core/ senior debt||Europe Capital raised|Investor Type and Vehicle Type|q23||728
q151_4_europe|CURRENCY|EUROPE: Core / Senior debt - Joint ventures and club deals|23_4|EUROPE_JVs_Core/SeniorDebt|EUR_JVs_Core|Joint ventures and club deals - Core/ senior debt||Europe Capital raised|Investor Type and Vehicle Type|q23||729
q151_5_europe|CURRENCY|EUROPE: Core / Senior debt - Funds of funds|23_5|EUROPE_FundsOfFunds_Core/SeniorDebt|EUR_FOF_Core|Funds of funds - Core/ senior debt||Europe Capital raised|Investor Type and Vehicle Type|q23||730
q151_6_europe|CURRENCY|EUROPE: Core / Senior debt - Non-listed debt products|23_6|EUROPE_Debt_Core/SeniorDebt|EUR_Debt_Core|Non-listed debt products - Core/ senior debt||Europe Capital raised|Investor Type and Vehicle Type|q23||731
q15ROW1_Total_europe|CURRENCY|EUROPE: TOTAL Core / Senior debt|23_7|EUROPE_NonListedVehicles_Core/SeniorDebt_Total|EUR_NLV_Core_Total|Non-listed vehicles total - Value added/ junior and subordinated debt ||Europe Capital raised|Investor Type and Vehicle Type|q23||732
q152_1_europe|CURRENCY|EUROPE: Value added / Junior and other subordinated debt - Non-listed/ commingled real estate funds/private REITs|23_8|EUROPE_NonListedFunds_ValueAdded/JuniorAndSubordinatedDebt|EUR_NLF_ValAdd|Non-listed funds - Value added/ junior and subordinated debt ||Europe Capital raised|Investor Type and Vehicle Type|q23||733
q152_2_europe|CURRENCY|EUROPE: Value added / Junior and other subordinated debt - Separate accounts investing directly into real estate|23_9|EUROPE_SeparateAccountsDirect_ValueAdded/JuniorAndSubordinatedDebt|EUR_SepAccDirect_ValAdd|Separate accounts investing directly - Value added/ junior and subordinated debt ||Europe Capital raised|Investor Type and Vehicle Type|q23||734
q152_3_europe|CURRENCY|EUROPE: Value added / Junior and other subordinated debt - Separate accounts investing into indirect vehicles|23_10|EUROPE_SeparateAccountsIndirect_ValueAdded/JuniorAndSubordinatedDebt|EUR_SepAccIndirect_ValAdd|Separate accounts investing indirectly - Value added/ junior and subordinated debt ||Europe Capital raised|Investor Type and Vehicle Type|q23||735
q152_4_europe|CURRENCY|EUROPE: Value added / Junior and other subordinated debt - Joint ventures and club deals|23_11|EUROPE_JVs_ValueAdded/JuniorAndSubordinatedDebt|EUR_JVs_ValAdd|Joint ventures and club deals - Value added/ junior and subordinated debt ||Europe Capital raised|Investor Type and Vehicle Type|q23||736
q152_5_europe|CURRENCY|EUROPE: Value added / Junior and other subordinated debt - Funds of funds|23_12|EUROPE_FundsOfFunds_ValueAdded/JuniorAndSubordinatedDebt|EUR_FOF_ValAdd|Funds of funds - Value added/ junior and subordinated debt ||Europe Capital raised|Investor Type and Vehicle Type|q23||737
q152_6_europe|CURRENCY|EUROPE: Value added / Junior and other subordinated debt - Non-listed debt products|23_13|EUROPE_Debt_ValueAdded/JuniorAndSubordinatedDebt|EUR_Debt_ValAdd|Non-listed debt products - Value added/ junior and subordinated debt ||Europe Capital raised|Investor Type and Vehicle Type|q23||738
q15ROW2_Total_europe|CURRENCY|EUROPE: TOTAL Value added / Junior and other subordinated debt|23_14|EUROPE_NonListedVehicles_ValueAdded/JuniorAndSubordinatedDebt_Total|EUR_NLV_ValAdd_Total|Non-listed vehicles total - Value added/ junior and subordinated debt ||Europe Capital raised|Investor Type and Vehicle Type|q23||739
q153_1_europe|CURRENCY|EUROPE: Opportunistic / Mezzanine debt - Non-listed/ commingled real estate funds/private REITs|23_15|EUROPE_NonListedFunds_Opportunistic/MezzanineDebt|EUR_NLF_Opp|Non-listed funds - Opportunistic/ mezzanine debt||Europe Capital raised|Investor Type and Vehicle Type|q23||740
q153_2_europe|CURRENCY|EUROPE: Opportunistic / Mezzanine debt - Separate accounts investing directly into real estate|23_16|EUROPE_SeparateAccountsDirect_Opportunistic/MezzanineDebt|EUR_SepAccDirect_Opp|Separate accounts investing directly - Opportunistic/ mezzanine debt||Europe Capital raised|Investor Type and Vehicle Type|q23||741
q153_3_europe|CURRENCY|EUROPE: Opportunistic / Mezzanine debt - Separate accounts investing into indirect vehicles|23_17|EUROPE_SeparateAccountsIndirect_Opportunistic/MezzanineDebt|EUR_SepAccIndirect_Opp|Separate accounts investing indirectly - Opportunistic/ mezzanine debt||Europe Capital raised|Investor Type and Vehicle Type|q23||742
q153_4_europe|CURRENCY|EUROPE: Opportunistic / Mezzanine debt - Joint ventures and club deals|23_18|EUROPE_JVs_Opportunistic/MezzanineDebt|EUR_JVs_Opp|Joint ventures and club deals - Opportunistic/ mezzanine debt||Europe Capital raised|Investor Type and Vehicle Type|q23||743
q153_5_europe|CURRENCY|EUROPE: Opportunistic / Mezzanine debt - Funds of funds|23_19|EUROPE_FundsOfFunds_Opportunistic/MezzanineDebt|EUR_FOF_Opp|Funds of funds - Opportunistic/ mezzanine debt||Europe Capital raised|Investor Type and Vehicle Type|q23||744
q153_6_europe|CURRENCY|EUROPE: Opportunistic / Mezzanine debt - Non-listed debt products|23_20|EUROPE_Debt_Opportunistic/MezzanineDebt|EUR_Debt_Opp|Non-listed debt products - Opportunistic/ mezzanine debt||Europe Capital raised|Investor Type and Vehicle Type|q23||745
q15ROW3_Total_europe|CURRENCY|EUROPE: TOTAL Opportunistic / Mezzanine debt|23_21|EUROPE_NonListedVehicles_Opportunistic/MezzanineDebt_Total|EUR_NLV_Opp_Total|Non-listed vehicles total - Opportunistic/ mezzanine debt||Europe Capital raised|Investor Type and Vehicle Type|q23||746
q154_1_europe|CURRENCY|EUROPE: Mixed strategies - Non-listed/ commingled real estate funds/private REITs|23_22|EUROPE_NonListedFunds_MixedStrategies|EUR_NLF_Mixed|Non-listed funds - Mixed strategies||Europe Capital raised|Investor Type and Vehicle Type|q23||747
q154_2_europe|CURRENCY|EUROPE: Mixed strategies - Separate accounts investing directly into real estate|23_23|EUROPE_SeparateAccountsDirect_MixedStrategies|EUR_SepAccDirect_Mixed|Separate accounts investing directly - Mixed strategies||Europe Capital raised|Investor Type and Vehicle Type|q23||748
q154_3_europe|CURRENCY|EUROPE: Mixed strategies - Separate accounts investing into indirect vehicles|23_24|EUROPE_SeparateAccountsIndirect_MixedStrategies|EUR_SepAccIndirect_Mixed|Separate accounts investing indirectly - Mixed strategies||Europe Capital raised|Investor Type and Vehicle Type|q23||749
q154_4_europe|CURRENCY|EUROPE: Mixed strategies - Joint ventures and club deals|23_25|EUROPE_JVs_MixedStrategies|EUR_JVs_Mixed|Joint ventures and club deals - Mixed strategies||Europe Capital raised|Investor Type and Vehicle Type|q23||750
q154_5_europe|CURRENCY|EUROPE: Mixed strategies - Funds of funds|23_26|EUROPE_FundsOfFunds_MixedStrategies|EUR_FOF_Mixed|Funds of funds - Mixed strategies||Europe Capital raised|Investor Type and Vehicle Type|q23||751
q154_6_europe|CURRENCY|EUROPE: Mixed strategies - Non-listed debt products|23_27|EUROPE_Debt_MixedStrategies|EUR_Debt_Mixed|Non-listed debt products - Mixed strategies||Europe Capital raised|Investor Type and Vehicle Type|q23||752
q15ROW4_Total_europe|CURRENCY|EUROPE: TOTAL Mixed strategies|23_28|EUROPE_NonListedVehicles_MixedStrategies_Total|EUR_NLV_Mixed_Total|Non-listed vehicles total - Mixed strategies||Europe Capital raised|Investor Type and Vehicle Type|q23||753
q15COL1_Total_europe|CURRENCY|EUROPE: TOTAL Non-listed/ commingled real estate funds/private REITs|23_29|EUROPE_NonListedFunds_InvestmentStyle_Total|EUR_NLF_IS_Total|Non-listed funds - Investment style total||Europe Capital raised|Investor Type and Vehicle Type|q23||754
q15COL2_Total_europe|CURRENCY|EUROPE: TOTAL Separate accounts investing directly into real estate|23_30|EUROPE_SeparateAccountsDirect_InvestmentStyle_Total|EUR_SepAccDirect_IS_Total|Separate accounts investing directly - Investment style total||Europe Capital raised|Investor Type and Vehicle Type|q23||755
q15COL3_Total_europe|CURRENCY|EUROPE: TOTAL Separate accounts investing into indirect vehicles|23_31|EUROPE_SeparateAccountsIndirect_InvestmentStyle_Total|EUR_SepAccIndirect_IS_Total|Separate accounts investing indirectly - Investment style total||Europe Capital raised|Investor Type and Vehicle Type|q23||756
q15COL4_Total_europe|CURRENCY|EUROPE: TOTAL Joint ventures and club deals|23_32|EUROPE_JVs_InvestmentStyle_Total|EUR_JVs_IS_Total|Joint ventures and club deals - Investment style total||Europe Capital raised|Investor Type and Vehicle Type|q23||757
q15COL5_Total_europe|CURRENCY|EUROPE: TOTAL Funds of funds|23_33|EUROPE_FundsOfFunds_InvestmentStyle_Total|EUR_FOF_IS_Total|Funds of funds - Investment style total||Europe Capital raised|Investor Type and Vehicle Type|q23||758
q15COL6_Total_europe|CURRENCY|EUROPE: TOTAL Non-listed debt products|23_34|EUROPE_Debt_InvestmentStyle_Total|EUR_Debt_IS_Total|Non-listed debt products - Investment style total||Europe Capital raised|Investor Type and Vehicle Type|q23||759
q15GRANDTotal_europe|CURRENCY|EUROPE: Total Capital Raised for your European strategy in 2021 by investment style|23_35|EUROPE_NonListedVehicles_InvestmentStyle_Total|EUR_NLV_IS_Total|Non-listed vehicles total - Investment style total||Europe Capital raised|Investor Type and Vehicle Type|q23||760
_northamerica||For your North American strategy*, how much institutional capital did your company raise for non-listed vehicles in 2021 by investor type (million)?|24|||||||q24||761
q101_1_northamerica|CURRENCY|NA: Pension funds - Non-listed/ commingled real estate funds/private REITs|24_1|NA_PensionFunds_NonListedFunds|NA_PF_NLF|Pension funds - Non-listed fund||NA Capital raised|Investor Type and Vehicle Type|q24||762
q101_2_northamerica|CURRENCY|NA: Pension funds - Separate accounts investing directly into real estate|24_2|NA_PensionFunds_SeparateAccountsDirect|NA_PF_SepAccDirect|Pension funds - Separate accounts investing directly||NA Capital raised|Investor Type and Vehicle Type|q24||763
q101_3_northamerica|CURRENCY|NA: Pension funds - Separate accounts investing into indirect vehicles|24_3|NA_PensionFunds_SeparateAccountsIndirect|NA_PF_SepAccIndirect|Pension funds - Separate accounts investing indirectly||NA Capital raised|Investor Type and Vehicle Type|q24||764
q101_4_northamerica|CURRENCY|NA: Pension funds - Joint ventures and club deals|24_4|NA_PensionFunds_JVs|NA_PF_JVs|Pension funds - Joint ventures and club deals||NA Capital raised|Investor Type and Vehicle Type|q24||765
q101_5_northamerica|CURRENCY|NA: Pension funds - Funds of funds|24_5|NA_PensionFunds_FundsOfFunds|NA_PF_FOF|Pension funds - Funds of funds||NA Capital raised|Investor Type and Vehicle Type|q24||766
q101_6_northamerica|CURRENCY|NA: Pension funds - Non-listed debt products|24_6|NA_PensionFunds_Debt|NA_PF_Debt|Pension funds - Non-listed debt products||NA Capital raised|Investor Type and Vehicle Type|q24||767
q10ROW1_Total_northamerica|CURRENCY|NA: Pension funds - TOTAL|24_7|NA_PensionFunds_VehicleType_Total|NA_PF_VT_Total|Pension funds - Vehicle type total||NA Capital raised|Investor Type and Vehicle Type|q24||768
q102_1_northamerica|CURRENCY|NA: Insurance companies - Non-listed/ commingled real estate funds/private REITs|24_8|NA_InsuranceCompanies_NonListedFunds|NA_IC_NLF|Insurance companies - Non-listed fund||NA Capital raised|Investor Type and Vehicle Type|q24||769
q102_2_northamerica|CURRENCY|NA: Insurance companies - Separate accounts investing directly into real estate|24_9|NA_InsuranceCompanies_SeparateAccountsDirect|NA_IC_SepAccDirect|Insurance companies - Separate accounts investing directly||NA Capital raised|Investor Type and Vehicle Type|q24||770
q102_3_northamerica|CURRENCY|NA: Insurance companies - Separate accounts investing into indirect vehicles|24_10|NA_InsuranceCompanies_SeparateAccountsIndirect|NA_IC_SepAccIndirect|Insurance companies - Separate accounts investing indirectly||NA Capital raised|Investor Type and Vehicle Type|q24||771
q102_4_northamerica|CURRENCY|NA: Insurance companies - Joint ventures and club deals|24_11|NA_InsuranceCompanies_JVs|NA_IC_JVs|Insurance companies - Joint ventures and club deals||NA Capital raised|Investor Type and Vehicle Type|q24||772
q102_5_northamerica|CURRENCY|NA: Insurance companies - Funds of funds|24_12|NA_InsuranceCompanies_FundsOfFunds|NA_IC_FOF|Insurance companies - Funds of funds||NA Capital raised|Investor Type and Vehicle Type|q24||773
q102_6_northamerica|CURRENCY|NA: Insurance companies - Non-listed debt products|24_13|NA_InsuranceCompanies_Debt|NA_IC_Debt|Insurance companies - Non-listed debt products||NA Capital raised|Investor Type and Vehicle Type|q24||774
q10ROW2_Total_northamerica|CURRENCY|NA: Insurance companies - TOTAL|24_14|NA_InsuranceCompanies_VehicleType_Total|NA_IC_VT_Total|Insurance companies - Vehicle type total||NA Capital raised|Investor Type and Vehicle Type|q24||775
q103_1_northamerica|CURRENCY|NA: Sovereign wealth funds - Non-listed/ commingled real estate funds/private REITs|24_15|NA_SovereignWealthFunds_NonListedFunds|NA_SWF_NLF|Sovereign wealth funds - Non-listed fund||NA Capital raised|Investor Type and Vehicle Type|q24||776
q103_2_northamerica|CURRENCY|NA: Sovereign wealth funds - Separate accounts investing directly into real estate|24_16|NA_SovereignWealthFunds_SeparateAccountsDirect|NA_SWF_SepAccDirect|Sovereign wealth funds - Separate accounts investing directly||NA Capital raised|Investor Type and Vehicle Type|q24||777
q103_3_northamerica|CURRENCY|NA: Sovereign wealth funds - Separate accounts investing into indirect vehicles|24_17|NA_SovereignWealthFunds_SeparateAccountsIndirect|NA_SWF_SepAccIndirect|Sovereign wealth funds - Separate accounts investing indirectly||NA Capital raised|Investor Type and Vehicle Type|q24||778
q103_4_northamerica|CURRENCY|NA: Sovereign wealth funds - Joint ventures and club deals|24_18|NA_SovereignWealthFunds_JVs|NA_SWF_JVs|Sovereign wealth funds - Joint ventures and club deals||NA Capital raised|Investor Type and Vehicle Type|q24||779
q103_5_northamerica|CURRENCY|NA: Sovereign wealth funds - Funds of funds|24_19|NA_SovereignWealthFunds_FundsOfFunds|NA_SWF_FOF|Sovereign wealth funds - Funds of funds||NA Capital raised|Investor Type and Vehicle Type|q24||780
q103_6_northamerica|CURRENCY|NA: Sovereign wealth funds - Non-listed debt products|24_20|NA_SovereignWealthFunds_Debt|NA_SWF_Debt|Sovereign wealth funds - Non-listed debt products||NA Capital raised|Investor Type and Vehicle Type|q24||781
q10ROW3_Total_northamerica|CURRENCY|NA: Sovereign wealth funds - TOTAL|24_21|NA_SovereignWealthFunds_VehicleType_Total|NA_SWF_VT_Total|Sovereign wealth funds - Vehicle type total||NA Capital raised|Investor Type and Vehicle Type|q24||782
q104_1_northamerica|CURRENCY|NA: Government institutions - Non-listed/ commingled real estate funds/private REITs|24_22|NA_GovernmentInstitutions_NonListedFunds|NA_GI_NLF|Government institutions - Non-listed fund||NA Capital raised|Investor Type and Vehicle Type|q24||783
q104_2_northamerica|CURRENCY|NA: Government institutions - Separate accounts investing directly into real estate|24_23|NA_GovernmentInstitutions_SeparateAccountsDirect|NA_GI_SepAccDirect|Government institutions - Separate accounts investing directly||NA Capital raised|Investor Type and Vehicle Type|q24||784
q104_3_northamerica|CURRENCY|NA: Government institutions - Separate accounts investing into indirect vehicles|24_24|NA_GovernmentInstitutions_SeparateAccountsIndirect|NA_GI_SepAccIndirect|Government institutions - Separate accounts investing indirectly||NA Capital raised|Investor Type and Vehicle Type|q24||785
q104_4_northamerica|CURRENCY|NA: Government institutions - Joint ventures and club deals|24_25|NA_GovernmentInstitutions_JVs|NA_GI_JVs|Government institutions - Joint ventures and club deals||NA Capital raised|Investor Type and Vehicle Type|q24||786
q104_5_northamerica|CURRENCY|NA: Government institutions - Funds of funds|24_26|NA_GovernmentInstitutions_FundsOfFunds|NA_GI_FOF|Government institutions - Funds of funds||NA Capital raised|Investor Type and Vehicle Type|q24||787
q104_6_northamerica|CURRENCY|NA: Government institutions - Non-listed debt products|24_27|NA_GovernmentInstitutions_Debt|NA_GI_Debt|Government institutions - Non-listed debt products||NA Capital raised|Investor Type and Vehicle Type|q24||788
q10ROW4_Total_northamerica|CURRENCY|NA: Government institutions - TOTAL|24_28|NA_GovernmentInstitutions_VehicleType_Total|NA_GI_VT_Total|Government institutions - Vehicle type total||NA Capital raised|Investor Type and Vehicle Type|q24||789
q105_1_northamerica|CURRENCY|NA: Charities, foundations, non-profit organisations - Non-listed/ commingled real estate funds/private REITs|24_29|NA_CharitiesFoundationsNonProfitOrganizations_NonListedFunds|NA_CF&NPO_NLF|Charities, foundations & non-profit organisations - Non-listed fund||NA Capital raised|Investor Type and Vehicle Type|q24||790
q105_2_northamerica|CURRENCY|NA: Charities, foundations, non-profit organisations - Separate accounts investing directly into real estate|24_30|NA_CharitiesFoundationsNonProfitOrganizations_SeparateAccountsDirect|NA_CF&NPO_SepAccDirect|Charities, foundations & non-profit organisations - Separate accounts investing directly||NA Capital raised|Investor Type and Vehicle Type|q24||791
q105_3_northamerica|CURRENCY|NA: Charities, foundations, non-profit organisations - Separate accounts investing into indirect vehicles|24_31|NA_CharitiesFoundationsNonProfitOrganizations_SeparateAccountsIndirect|NA_CF&NPO_SepAccIndirect|Charities, foundations & non-profit organisations - Separate accounts investing indirectly||NA Capital raised|Investor Type and Vehicle Type|q24||792
q105_4_northamerica|CURRENCY|NA: Charities, foundations, non-profit organisations - Joint ventures and club deals|24_32|NA_CharitiesFoundationsNonProfitOrganizations_JVs|NA_CF&NPO_JVs|Charities, foundations & non-profit organisations - Joint ventures and club deals||NA Capital raised|Investor Type and Vehicle Type|q24||793
q105_5_northamerica|CURRENCY|NA: Charities, foundations, non-profit organisations - Funds of funds|24_33|NA_CharitiesFoundationsNonProfitOrganizations_FundsOfFunds|NA_CF&NPO_FOF|Charities, foundations & non-profit organisations - Funds of funds||NA Capital raised|Investor Type and Vehicle Type|q24||794
q105_6_northamerica|CURRENCY|NA: Charities, foundations, non-profit organisations - Non-listed debt products|24_34|NA_CharitiesFoundationsNonProfitOrganizations_Debt|NA_CF&NPO_Debt|Charities, foundations & non-profit organisations - Non-listed debt products||NA Capital raised|Investor Type and Vehicle Type|q24||795
q10ROW5_Total_northamerica|CURRENCY|NA: Charities, foundations, non-profit organisations - TOTAL|24_35|NA_CharitiesFoundationsNonProfitOrganizations_VehicleType_Total|NA_CF&NPO_VT_Total|Charities, foundations & non-profit organisations - Vehicle type total||NA Capital raised|Investor Type and Vehicle Type|q24||796
q106_1_northamerica|CURRENCY|NA: Funds of funds - Non-listed/ commingled real estate funds/private REITs|24_36|NA_FundsOfFunds_NonListedFunds|NA_FOF_NLF|Funds of funds - Non-listed fund||NA Capital raised|Investor Type and Vehicle Type|q24||797
q106_2_northamerica|CURRENCY|NA: Funds of funds - Separate accounts investing directly into real estate|24_37|NA_FundsOfFunds_SeparateAccountsDirect|NA_FOF_SepAccDirect|Funds of funds - Separate accounts investing directly||NA Capital raised|Investor Type and Vehicle Type|q24||798
q106_3_northamerica|CURRENCY|NA: Funds of funds - Separate accounts investing into indirect vehicles|24_38|NA_FundsOfFunds_SeparateAccountsIndirect|NA_FOF_SepAccIndirect|Funds of funds - Separate accounts investing indirectly||NA Capital raised|Investor Type and Vehicle Type|q24||799
q106_4_northamerica|CURRENCY|NA: Funds of funds - Joint ventures and club deals|24_39|NA_FundsOfFunds_JVs|NA_FOF_JVs|Funds of funds - Joint ventures and club deals||NA Capital raised|Investor Type and Vehicle Type|q24||800
q106_5_northamerica|CURRENCY|NA: Funds of funds - Funds of funds|24_40|NA_FundsOfFunds_FundsOfFunds|NA_FOF_FOF|Funds of funds - Funds of funds||NA Capital raised|Investor Type and Vehicle Type|q24||801
q106_6_northamerica|CURRENCY|NA: Funds of funds - Non-listed debt products|24_41|NA_FundsOfFunds_Debt|NA_FOF_Debt|Funds of funds - Non-listed debt products||NA Capital raised|Investor Type and Vehicle Type|q24||802
q10ROW6_Total_northamerica|CURRENCY|NA: Funds of funds - TOTAL|24_42|NA_FundsOfFunds_VehicleType_Total|NA_FOF_VT_Total|Funds of funds - Vehicle type total||NA Capital raised|Investor Type and Vehicle Type|q24||803
q107_1_northamerica|CURRENCY|NA: High net worth individuals /Family offices - Non-listed/ commingled real estate funds/private REITs|24_43|NA_HighnetWorthIndividualsFamilyOffices_NonListedFunds|NA_HNWI/FO_NLF|Hign net worth individuals/Family offices - Non-listed fund||NA Capital raised|Investor Type and Vehicle Type|q24||804
q107_2_northamerica|CURRENCY|NA: High net worth individuals /Family offices - Separate accounts investing directly into real estate|24_44|NA_HighnetWorthIndividualsFamilyOffices_SeparateAccountsDirect|NA_HNWI/FO_SepAccDirect|Hign net worth individuals/Family offices - Separate accounts investing directly||NA Capital raised|Investor Type and Vehicle Type|q24||805
q107_3_northamerica|CURRENCY|NA: High net worth individuals /Family offices - Separate accounts investing into indirect vehicles|24_45|NA_HighnetWorthIndividualsFamilyOffices_SeparateAccountsIndirect|NA_HNWI/FO_SepAccIndirect|Hign net worth individuals/Family offices - Separate accounts investing indirectly||NA Capital raised|Investor Type and Vehicle Type|q24||806
q107_4_northamerica|CURRENCY|NA: High net worth individuals /Family offices - Joint ventures and club deals|24_46|NA_HighnetWorthIndividualsFamilyOffices_JVs|NA_HNWI/FO_JVs|Hign net worth individuals/Family offices - Joint ventures and club deals||NA Capital raised|Investor Type and Vehicle Type|q24||807
q107_5_northamerica|CURRENCY|NA: High net worth individuals /Family offices - Funds of funds|24_47|NA_HighnetWorthIndividualsFamilyOffices_FundsOfFunds|NA_HNWI/FO_FOF|Hign net worth individuals/Family offices - Funds of funds||NA Capital raised|Investor Type and Vehicle Type|q24||808
q107_6_northamerica|CURRENCY|NA: High net worth individuals /Family offices - Non-listed debt products|24_48|NA_HighnetWorthIndividualsFamilyOffices_Debt|NA_HNWI/FO_Debt|Hign net worth individuals/Family offices - Non-listed debt products||NA Capital raised|Investor Type and Vehicle Type|q24||809
q10ROW7_Total_northamerica|CURRENCY|NA: High net worth individuals /Family offices - TOTAL|24_49|NA_HighnetWorthIndividualsFamilyOffices_VehicleType_Total|NA_HNWI/FO_VT_Total|Hign net worth individuals/Family offices - Vehicle type total||NA Capital raised|Investor Type and Vehicle Type|q24||810
q10other_northamerica|CURRENCY|NA: Other investor type (Other)|24_50|NA_OtherInvestorTypetext|NA_OtherITText|Other investor type||NA Capital raised|Investor Type and Vehicle Type|q24||811
q108_1_northamerica|CURRENCY|NA: Other - Non-listed/ commingled real estate funds/private REITs|24_51|NA_OtherInvestorType_NonListedFunds|NA_OtherIT_NLF|Other investor type - Non-listed fund||NA Capital raised|Investor Type and Vehicle Type|q24||812
q108_2_northamerica|CURRENCY|NA: Other - Separate accounts investing directly into real estate|24_52|NA_OtherInvestorType_SeparateAccountsDirect|NA_OtherIT_SepAccDirect|Other investor type - Separate accounts investing directly||NA Capital raised|Investor Type and Vehicle Type|q24||813
q108_3_northamerica|CURRENCY|NA: Other - Separate accounts investing into indirect vehicles|24_53|NA_OtherInvestorType_SeparateAccountsIndirect|NA_OtherIT_SepAccIndirect|Other investor type - Separate accounts investing indirectly||NA Capital raised|Investor Type and Vehicle Type|q24||814
q108_4_northamerica|CURRENCY|NA: Other - Joint ventures and club deals|24_54|NA_OtherInvestorType_JVs|NA_OtherIT_JVs|Other investor type - Joint ventures and club deals||NA Capital raised|Investor Type and Vehicle Type|q24||815
q108_5_northamerica|CURRENCY|NA: Other - Funds of funds|24_55|NA_OtherInvestorType_FundsOfFunds|NA_OtherIT_FOF|Other investor type - Funds of funds||NA Capital raised|Investor Type and Vehicle Type|q24||816
q108_6_northamerica|CURRENCY|NA: Other - Non-listed debt products|24_56|NA_OtherInvestorType_Debt|NA_OtherIT_Debt|Other investor type - Non-listed debt products||NA Capital raised|Investor Type and Vehicle Type|q24||817
q10ROW8_Total_northamerica|CURRENCY|NA: Other - TOTAL|24_57|NA_OtherInvestorType_VehicleType_Total|NA_OtherIT_VT_Total|Other investor type - Vehicle type total||NA Capital raised|Investor Type and Vehicle Type|q24||818
q10COL1_Total_northamerica|CURRENCY|NA TOTAL - Non-listed/ commingled real estate funds/private REITs|24_58|NA_InvestorType_NonListedFunds_Total|NA_IT_NLF_Total|Investor type - Non-listed fund total||NA Capital raised|Investor Type and Vehicle Type|q24||819
q10COL2_Total_northamerica|CURRENCY|NA TOTAL - Separate accounts investing directly into real estate|24_59|NA_InvestorType_SeparateAccountsDirect_Total|NA_IT_SepAccDirect_Total|Investor type - Separate accounts investing directly total||NA Capital raised|Investor Type and Vehicle Type|q24||820
q10COL3_Total_northamerica|CURRENCY|NA TOTAL - Separate accounts investing into indirect vehicles|24_60|NA_InvestorType_SeparateAccountsIndirect_Total|NA_IT_SepAccIndirect_Total|Investor type - Separate accounts investing indirectly total||NA Capital raised|Investor Type and Vehicle Type|q24||821
q10COL4_Total_northamerica|CURRENCY|NA TOTAL - Joint ventures and club deals|24_61|NA_InvestorType_JVs_Total|NA_IT_JVs_Total|Investor type - Joint ventures and club deals total||NA Capital raised|Investor Type and Vehicle Type|q24||822
q10COL5_Total_northamerica|CURRENCY|NA TOTAL - Funds of funds|24_62|NA_InvestorType_FundsOfFunds_Total|NA_IT_FOF_Total|Investor type - Funds of funds total||NA Capital raised|Investor Type and Vehicle Type|q24||823
q10COL6_Total_northamerica|CURRENCY|NA TOTAL - Non-listed debt products|24_63|NA_InvestorType_Debt_Total|NA_IT_Debt_Total|Investor type - Non-listed debt products total||NA Capital raised|Investor Type and Vehicle Type|q24||824
q10GRANDTotal_northamerica|CURRENCY|NA TOTAL Capital Raised in 2021 for your North American strategy by investor type|24_64|NA_InvestorType_VehicleType_Total|NA_IT_VT_Total|Investor type - Vehicle type total||NA Capital raised|Investor Type and Vehicle Type|q24||825
_northamerica||For your North American strategy*, how much institutional capital did your company raise for non-listed vehicles in 2021 by investor domicile (million)?|25|||||||q25||826
q111_1_northamerica|CURRENCY|NA: Asia Pacific - Non-listed/ commingled real estate funds/private REITs|25_1|NA_InvestorDomicileAsiaPacific_NonListedFunds|NA_IDAPAC_NLF|Asia Pacific - Non-listed funds||NA Capital raised|Investor Type and Vehicle Type|q25||827
q111_2_northamerica|CURRENCY|NA: Asia Pacific - Separate accounts investing directly into real estate|25_2|NA_InvestorDomicileAsiaPacific_SeparateAccountsDirect|NA_IDAPAC_SepAccDirect|Asia Pacific - Separate accounts investing directly||NA Capital raised|Investor Type and Vehicle Type|q25||828
q111_3_northamerica|CURRENCY|NA: Asia Pacific - Separate accounts investing into indirect vehicles|25_3|NA_InvestorDomicileAsiaPacific_SeparateAccountsIndirect|NA_IDAPAC_SepAccIndirect|Asia Pacific - Separate accounts investing indirectly||NA Capital raised|Investor Type and Vehicle Type|q25||829
q111_4_northamerica|CURRENCY|NA: Asia Pacific - Joint ventures and club deals|25_4|NA_InvestorDomicileAsiaPacific_JVs|NA_IDAPAC_JVs|Asia Pacific - Joint ventures and club deals||NA Capital raised|Investor Type and Vehicle Type|q25||830
q111_5_northamerica|CURRENCY|NA: Asia Pacific - Funds of funds|25_5|NA_InvestorDomicileAsiaPacific_FundsOfFunds|NA_IDAPAC_FOF|Asia Pacific - Funds of funds||NA Capital raised|Investor Type and Vehicle Type|q25||831
q111_6_northamerica|CURRENCY|NA: Asia Pacific - Non-listed debt products|25_6|NA_InvestorDomicileAsiaPacific_Debt|NA_IDAPAC_Debt|Asia Pacific - Non-listed debt products||NA Capital raised|Investor Type and Vehicle Type|q25||832
q11ROW1_Total_northamerica|CURRENCY|NA: Asia Pacific - TOTAL|25_7|NA_InvestorDomicileAsiaPacific_VehicleType_Total|NA_IDAPAC_VT_Total|Asia Pacific - Vehicle type total||NA Capital raised|Investor Type and Vehicle Type|q25||833
q112_1_northamerica|CURRENCY|NA: Europe - Non-listed/ commingled real estate funds/private REITs|25_8|NA_InvestorDomicileEurope_NonListedFunds|NA_IDEUR_NLF|Europe - Non-listed funds||NA Capital raised|Investor Type and Vehicle Type|q25||834
q112_2_northamerica|CURRENCY|NA: Europe - Separate accounts investing directly into real estate|25_9|NA_InvestorDomicileEurope_SeparateAccountsDirect|NA_IDEUR_SepAccDirect|Europe - Separate accounts investing directly||NA Capital raised|Investor Type and Vehicle Type|q25||835
q112_3_northamerica|CURRENCY|NA: Europe - Separate accounts investing into indirect vehicles|25_10|NA_InvestorDomicileEurope_SeparateAccountsIndirect|NA_IDEUR_SepAccIndirect|Europe - Separate accounts investing indirectly||NA Capital raised|Investor Type and Vehicle Type|q25||836
q112_4_northamerica|CURRENCY|NA: Europe - Joint ventures and club deals|25_11|NA_InvestorDomicileEurope_JVs|NA_IDEUR_JVs|Europe - Joint ventures and club deals||NA Capital raised|Investor Type and Vehicle Type|q25||837
q112_5_northamerica|CURRENCY|NA: Europe - Funds of funds|25_12|NA_InvestorDomicileEurope_FundsOfFunds|NA_IDEUR_FOF|Europe - Funds of funds||NA Capital raised|Investor Type and Vehicle Type|q25||838
q112_6_northamerica|CURRENCY|NA: Europe - Non-listed debt products|25_13|NA_InvestorDomicileEurope_Debt|NA_IDEUR_Debt|Europe - Non-listed debt products||NA Capital raised|Investor Type and Vehicle Type|q25||839
q11ROW2_Total_northamerica|CURRENCY|NA: Europe - TOTAL|25_14|NA_InvestorDomicileEurope_VehicleType_Total|NA_IDEUR_VT_Total|Europe - Vehicle type total||NA Capital raised|Investor Type and Vehicle Type|q25||840
q113_1_northamerica|CURRENCY|NA: North America - Non-listed/ commingled real estate funds/private REITs|25_15|NA_InvestorDomicileNorthAmerica_NonListedFunds|NA_IDNA_NLF|North America - Non-listed funds||NA Capital raised|Investor Type and Vehicle Type|q25||841
q113_2_northamerica|CURRENCY|NA: North America - Separate accounts investing directly into real estate|25_16|NA_InvestorDomicileNorthAmerica_SeparateAccountsDirect|NA_IDNA_SepAccDirect|North America - Separate accounts investing directly||NA Capital raised|Investor Type and Vehicle Type|q25||842
q113_3_northamerica|CURRENCY|NA: North America - Separate accounts investing into indirect vehicles|25_17|NA_InvestorDomicileNorthAmerica_SeparateAccountsIndirect|NA_IDNA_SepAccIndirect|North America - Separate accounts investing indirectly||NA Capital raised|Investor Type and Vehicle Type|q25||843
q113_4_northamerica|CURRENCY|NA: North America - Joint ventures and club deals|25_18|NA_InvestorDomicileNorthAmerica_JVs|NA_IDNA_JVs|North America - Joint ventures and club deals||NA Capital raised|Investor Type and Vehicle Type|q25||844
q113_5_northamerica|CURRENCY|NA: North America - Funds of funds|25_19|NA_InvestorDomicileNorthAmerica_FundsOfFunds|NA_IDNA_FOF|North America - Funds of funds||NA Capital raised|Investor Type and Vehicle Type|q25||845
q113_6_northamerica|CURRENCY|NA: North America - Non-listed debt products|25_20|NA_InvestorDomicileNorthAmerica_Debt|NA_IDNA_Debt|North America - Non-listed debt products||NA Capital raised|Investor Type and Vehicle Type|q25||846
q11ROW3_Total_northamerica|CURRENCY|NA: North America - TOTAL|25_21|NA_InvestorDomicileNorthAmerica_VehicleType_Total|NA_IDNA_VT_Total|North America - Vehicle type total||NA Capital raised|Investor Type and Vehicle Type|q25||847
q114_1_northamerica|CURRENCY|NA: South America - Non-listed/ commingled real estate funds/private REITs|25_22|NA_InvestorDomicileSouthAmerica_NonListedFunds|NA_IDSA_NLF|South America - Non-listed funds||NA Capital raised|Investor Type and Vehicle Type|q25||848
q114_2_northamerica|CURRENCY|NA: South America - Separate accounts investing directly into real estate|25_23|NA_InvestorDomicileSouthAmerica_SeparateAccountsDirect|NA_IDSA_SepAccDirect|South America - Separate accounts investing directly||NA Capital raised|Investor Type and Vehicle Type|q25||849
q114_3_northamerica|CURRENCY|NA: South America - Separate accounts investing into indirect vehicles|25_24|NA_InvestorDomicileSouthAmerica_SeparateAccountsIndirect|NA_IDSA_SepAccIndirect|South America - Separate accounts investing indirectly||NA Capital raised|Investor Type and Vehicle Type|q25||850
q114_4_northamerica|CURRENCY|NA: South America - Joint ventures and club deals|25_25|NA_InvestorDomicileSouthAmerica_JVs|NA_IDSA_JVs|South America - Joint ventures and club deals||NA Capital raised|Investor Type and Vehicle Type|q25||851
q114_5_northamerica|CURRENCY|NA: South America - Funds of funds|25_26|NA_InvestorDomicileSouthAmerica_FundsOfFunds|NA_IDSA_FOF|South America - Funds of funds||NA Capital raised|Investor Type and Vehicle Type|q25||852
q114_6_northamerica|CURRENCY|NA: South America - Non-listed debt products|25_27|NA_InvestorDomicileSouthAmerica_Debt|NA_IDSA_Debt|South America - Non-listed debt products||NA Capital raised|Investor Type and Vehicle Type|q25||853
q11ROW4_Total_northamerica|CURRENCY|NA: South America - TOTAL|25_28|NA_InvestorDomicileSouthAmerica_VehicleType_Total|NA_IDSA_VT_Total|South America - Vehicle type total||NA Capital raised|Investor Type and Vehicle Type|q25||854
q115_1_northamerica|CURRENCY|NA: Africa - Non-listed/ commingled real estate funds/private REITs|25_29|NA_InvestorDomicileAfrica_NonListedFunds|NA_IDAFR_NLF|Africa - Non-listed funds||NA Capital raised|Investor Type and Vehicle Type|q25||855
q115_2_northamerica|CURRENCY|NA: Africa - Separate accounts investing directly into real estate|25_30|NA_InvestorDomicileAfrica_SeparateAccountsDirect|NA_IDAFR_SepAccDirect|Africa - Separate accounts investing directly||NA Capital raised|Investor Type and Vehicle Type|q25||856
q115_3_northamerica|CURRENCY|NA: Africa - Separate accounts investing into indirect vehicles|25_31|NA_InvestorDomicileAfrica_SeparateAccountsIndirect|NA_IDAFR_SepAccIndirect|Africa - Separate accounts investing indirectly||NA Capital raised|Investor Type and Vehicle Type|q25||857
q115_4_northamerica|CURRENCY|NA: Africa - Joint ventures and club deals|25_32|NA_InvestorDomicileAfrica_JVs|NA_IDAFR_JVs|Africa - Joint ventures and club deals||NA Capital raised|Investor Type and Vehicle Type|q25||858
q115_5_northamerica|CURRENCY|NA: Africa - Funds of funds|25_33|NA_InvestorDomicileAfrica_FundsOfFunds|NA_IDAFR_FOF|Africa - Funds of funds||NA Capital raised|Investor Type and Vehicle Type|q25||859
q115_6_northamerica|CURRENCY|NA: Africa - Non-listed debt products|25_34|NA_InvestorDomicileAfrica_Debt|NA_IDAFR_Debt|Africa - Non-listed debt products||NA Capital raised|Investor Type and Vehicle Type|q25||860
q11ROW5_Total_northamerica|CURRENCY|NA: Africa - TOTAL|25_35|NA_InvestorDomicileAfrica_VehicleType_Total|NA_IDAFR_VT_Total|Africa - Vehicle type total||NA Capital raised|Investor Type and Vehicle Type|q25||861
q11COL1_Total_northamerica|CURRENCY|NA: TOTAL - Non-listed/ commingled real estate funds/private REITs|25_36|NA_InvestorDomicile_NonListedFunds_Total|NA_ID_NLF_Total|Investor domicile total - Non-listed funds||NA Capital raised|Investor Type and Vehicle Type|q25||862
q11COL2_Total_northamerica|CURRENCY|NA: TOTAL - Separate accounts investing directly into real estate|25_37|NA_InvestorDomicile_SeparateAccountsDirect_Total|NA_ID_SepAccDirect_Total|Investor domicile total - Separate accounts investing directly||NA Capital raised|Investor Type and Vehicle Type|q25||863
q11COL3_Total_northamerica|CURRENCY|NA: TOTAL - Separate accounts investing into indirect vehicles|25_38|NA_InvestorDomicile_SeparateAccountsIndirect_Total|NA_ID_SepAccIndirect_Total|Investor domicile total - Separate accounts investing indirectly||NA Capital raised|Investor Type and Vehicle Type|q25||864
q11COL4_Total_northamerica|CURRENCY|NA: TOTAL - Joint ventures and club deals|25_39|NA_InvestorDomicile_JVs_Total|NA_ID_JVs_Total|Investor domicile total - Joint ventures and club deals||NA Capital raised|Investor Type and Vehicle Type|q25||865
q11COL5_Total_northamerica|CURRENCY|NA: TOTAL - Funds of funds|25_40|NA_InvestorDomicile_FundsOfFunds_Total|NA_ID_FOF_Total|Investor domicile total - Funds of funds||NA Capital raised|Investor Type and Vehicle Type|q25||866
q11COL6_Total_northamerica|CURRENCY|NA: TOTAL - Non-listed debt products|25_41|NA_InvestorDomicile_Debt_Total|NA_ID_Debt_Total|Investor domicile total - Non-listed debt products||NA Capital raised|Investor Type and Vehicle Type|q25||867
q11GRANDTotal_northamerica|CURRENCY|NA TOTAL Capital Raised in 2021 for your North American strategy by investor domicile|25_42|NA_InvestorDomicile_VehicleType_Total|NA_ID_VT_Total|Investor domicile total - Vehicle type total||NA Capital raised|Investor Type and Vehicle Type|q25||868
_northamerica||For your North American strategy*, how much institutional capital did your company raise for non-listed vehicles in 2021 by sector strategy (million)?|26|||||||q26||869
q161_1_northamerica|CURRENCY|NA: (Single) Office - Non-listed/ commingled real estate funds/private REITs|26_1|NA_NonListedFunds_SingleSectorOffice|NA_NLF_SSOffice|Non-listed funds - Single sector office||NA  Capital raised|Sector Strategy and Vehicle Type|q26||870
q161_2_northamerica|CURRENCY|NA: (Single) Office - Separate accounts investing directly into real estate|26_2|NA_SeparateAccountsDirect_SingleSectorOffice|NA_SepAccDirect_SSOffice|Separate accounts investing directly - Single sector office||NA  Capital raised|Sector Strategy and Vehicle Type|q26||871
q161_3_northamerica|CURRENCY|NA: (Single) Office - Separate accounts investing into indirect vehicles|26_3|NA_SeparateAccountsIndirect_SingleSectorOffice|NA_SepAccIndirect_SSOffice|Separate accounts investing indirectly - Single sector office||NA  Capital raised|Sector Strategy and Vehicle Type|q26||872
q161_4_northamerica|CURRENCY|NA: (Single) Office - Joint ventures and club deals|26_4|NA_JVs_SingleSectorOffice|NA_JVs_SSOffice|Joint ventures and club deals - Single sector office||NA  Capital raised|Sector Strategy and Vehicle Type|q26||873
q161_5_northamerica|CURRENCY|NA: (Single) Office - Funds of funds|26_5|NA_FundsOfFunds_SingleSectorOffice|NA_FOF_SSOffice|Funds of funds - Single sector office||NA  Capital raised|Sector Strategy and Vehicle Type|q26||874
q161_6_northamerica|CURRENCY|NA: (Single) Office - Non-listed debt products|26_6|NA_Debt_SingleSectorOffice|NA_Debt_SSOffice|Non-listed debt products - Single sector office||NA  Capital raised|Sector Strategy and Vehicle Type|q26||875
q16ROW1_Total_northamerica|CURRENCY|NA: (Single) Office - TOTAL|26_7|NA_NonListedVehicles_SingleSectorOffice_Total|NA_NLV_SSOffice_Total|Non-listed vehicles total - Single sector office||NA  Capital raised|Sector Strategy and Vehicle Type|q26||876
q162_1_northamerica|CURRENCY|NA: (Single) Retail - Non-listed/ commingled real estate funds/private REITs|26_8|NA_NonListedFunds_SingleSectorRetail|NA_NLF_SSRetail|Non-listed funds - Single sector retail||NA  Capital raised|Sector Strategy and Vehicle Type|q26||877
q162_2_northamerica|CURRENCY|NA: (Single) Retail - Separate accounts investing directly into real estate|26_9|NA_SeparateAccountsDirect_SingleSectorRetail|NA_SepAccDirect_SSRetail|Separate accounts investing directly - Single sector retail||NA  Capital raised|Sector Strategy and Vehicle Type|q26||878
q162_3_northamerica|CURRENCY|NA: (Single) Retail - Separate accounts investing into indirect vehicles|26_10|NA_SeparateAccountsIndirect_SingleSectorRetail|NA_SepAccIndirect_SSRetail|Separate accounts investing indirectly - Single sector retail||NA  Capital raised|Sector Strategy and Vehicle Type|q26||879
q162_4_northamerica|CURRENCY|NA: (Single) Retail - Joint ventures and club deals|26_11|NA_JVs_SingleSectorRetail|NA_JVs_SSRetail|Joint ventures and club deals - Single sector retail||NA  Capital raised|Sector Strategy and Vehicle Type|q26||880
q162_5_northamerica|CURRENCY|NA: (Single) Retail - Funds of funds|26_12|NA_FundsOfFunds_SingleSectorRetail|NA_FOF_SSRetail|Funds of funds - Single sector retail||NA  Capital raised|Sector Strategy and Vehicle Type|q26||881
q162_6_northamerica|CURRENCY|NA: (Single) Retail - Non-listed debt products|26_13|NA_Debt_SingleSectorRetail|NA_Debt_SSRetail|Non-listed debt products - Single sector retail||NA  Capital raised|Sector Strategy and Vehicle Type|q26||882
q16ROW2_Total_northamerica|CURRENCY|NA: (Single) Retail - TOTAL|26_14|NA_NonListedVehicles_SingleSectorRetail_Total|NA_NLV_SSRetail_Total|Non-listed vehicles total - Single sector retail||NA  Capital raised|Sector Strategy and Vehicle Type|q26||883
q163_1_northamerica|CURRENCY|NA: (Single) Industrial / logistics - Non-listed/ commingled real estate funds/private REITs|26_15|NA_NonListedFunds_SingleSectorIndustrial/Logistics|NA_NLF_SSInd/Log|Non-listed funds - Single sector industrial/logistics||NA  Capital raised|Sector Strategy and Vehicle Type|q26||884
q163_2_northamerica|CURRENCY|NA: (Single) Industrial / logistics - Separate accounts investing directly into real estate|26_16|NA_SeparateAccountsDirect_SingleSectorIndustrial/Logistics|NA_SepAccDirect_SSInd/Log|Separate accounts investing directly - Single sector industrial/logistics||NA  Capital raised|Sector Strategy and Vehicle Type|q26||885
q163_3_northamerica|CURRENCY|NA: (Single) Industrial / logistics - Separate accounts investing into indirect vehicles|26_17|NA_SeparateAccountsIndirect_SingleSectorIndustrial/Logistics|NA_SepAccIndirect_SSInd/Log|Separate accounts investing indirectly - Single sector industrial/logistics||NA  Capital raised|Sector Strategy and Vehicle Type|q26||886
q163_4_northamerica|CURRENCY|NA: (Single) Industrial / logistics - Joint ventures and club deals|26_18|NA_JVs_SingleSectorIndustrial/Logistics|NA_JVs_SSInd/Log|Joint ventures and club deals - Single sector industrial/logistics||NA  Capital raised|Sector Strategy and Vehicle Type|q26||887
q163_5_northamerica|CURRENCY|NA: (Single) Industrial / logistics - Funds of funds|26_19|NA_FundsOfFunds_SingleSectorIndustrial/Logistics|NA_FOF_SSInd/Log|Funds of funds - Single sector industrial/logistics||NA  Capital raised|Sector Strategy and Vehicle Type|q26||888
q163_6_northamerica|CURRENCY|NA: (Single) Industrial / logistics - Non-listed debt products|26_20|NA_Debt_SingleSectorIndustrial/Logistics|NA_Debt_SSInd/Log|Non-listed debt products - Single sector industrial/logistics||NA  Capital raised|Sector Strategy and Vehicle Type|q26||889
q16ROW3_Total_northamerica|CURRENCY|NA: (Single) Industrial / logistics - TOTAL|26_21|NA_NonListedVehicles_SingleSectorIndustrial/Logistics_Total|NA_NLV_SSInd/Log_Total|Non-listed vehicles total - Single sector industrial/logistics||NA  Capital raised|Sector Strategy and Vehicle Type|q26||890
q164_1_northamerica|CURRENCY|NA: (Single) Residential / multi-family / apartments - Non-listed/ commingled real estate funds/private REITs|26_22|NA_NonListedFunds_SingleSectorResidential/Multifamily/Apartments|NA_NLF_SSResidential|Non-listed funds - Single sector residential/multifamily/ apartment||NA  Capital raised|Sector Strategy and Vehicle Type|q26||891
q164_2_northamerica|CURRENCY|NA: (Single) Residential / multi-family / apartments - Separate accounts investing directly into real estate|26_23|NA_SeparateAccountsDirect_SingleSectorResidential/Multifamily/Apartments|NA_SepAccDirect_SSResidential|Separate accounts investing directly - Single sector residential/multifamily/ apartment||NA  Capital raised|Sector Strategy and Vehicle Type|q26||892
q164_3_northamerica|CURRENCY|NA: (Single) Residential / multi-family / apartments - Separate accounts investing into indirect vehicles|26_24|NA_SeparateAccountsIndirect_SingleSectorResidential/Multifamily/Apartments|NA_SepAccIndirect_SSResidential|Separate accounts investing indirectly - Single sector residential/multifamily/ apartment||NA  Capital raised|Sector Strategy and Vehicle Type|q26||893
q164_4_northamerica|CURRENCY|NA: (Single) Residential / multi-family / apartments - Joint ventures and club deals|26_25|NA_JVs_SingleSectorResidential/Multifamily/Apartments|NA_JVs_SSResidential|Joint ventures and club deals - Single sector residential/multifamily/ apartment||NA  Capital raised|Sector Strategy and Vehicle Type|q26||894
q164_5_northamerica|CURRENCY|NA: (Single) Residential / multi-family / apartments - Funds of funds|26_26|NA_FundsOfFunds_SingleSectorResidential/Multifamily/Apartments|NA_FOF_SSResidential|Funds of funds - Single sector residential/multifamily/ apartment||NA  Capital raised|Sector Strategy and Vehicle Type|q26||895
q164_6_northamerica|CURRENCY|NA: (Single) Residential / multi-family / apartments - Non-listed debt products|26_27|NA_Debt_SingleSectorResidential/Multifamily/Apartments|NA_Debt_SSResidential|Non-listed debt products - Single sector residential/multifamily/ apartment||NA  Capital raised|Sector Strategy and Vehicle Type|q26||896
q16ROW4_Total_northamerica|CURRENCY|NA: (Single) Residential / multi-family / apartments - TOTAL|26_28|NA_NonListedVehicles_SingleSectorResidential/Multifamily/Apartments_Total|NA_NLV_SSResidential_Total|Non-listed vehicles total - Single sector residential/multifamily/ apartment||NA  Capital raised|Sector Strategy and Vehicle Type|q26||897
q165_1_northamerica|CURRENCY|NA: (Single) Residential / multi-family / apartments - Non-listed/ commingled real estate funds/private REITs|26_29|NA_NonListedFunds_SingleSectorStudentHousing|NA_NLF_SSStudHou|Non-listed funds - Single sector student housing||NA  Capital raised|Sector Strategy and Vehicle Type|q26||898
q165_2_northamerica|CURRENCY|NA: (Single) Residential / multi-family / apartments - Separate accounts investing directly into real estate|26_30|NA_SeparateAccountsDirect_SingleSectorStudentHousing|NA_SepAccDirect_SSStudHou|Separate accounts investing directly - Single sector student housing||NA  Capital raised|Sector Strategy and Vehicle Type|q26||899
q165_3_northamerica|CURRENCY|NA: (Single) Residential / multi-family / apartments - Separate accounts investing into indirect vehicles|26_31|NA_SeparateAccountsIndirect_SingleSectorStudentHousing|NA_SepAccIndirect_SSStudHou|Separate accounts investing indirectly - Single sector student housing||NA  Capital raised|Sector Strategy and Vehicle Type|q26||900
q165_4_northamerica|CURRENCY|NA: (Single) Residential / multi-family / apartments - Joint ventures and club deals|26_32|NA_JVs_SingleSectorStudentHousing|NA_JVs_SSStudHou|Joint ventures and club deals - Single sector student housing||NA  Capital raised|Sector Strategy and Vehicle Type|q26||901
q165_5_northamerica|CURRENCY|NA: (Single) Residential / multi-family / apartments - Funds of funds|26_33|NA_FundsOfFunds_SingleSectorStudentHousing|NA_FOF_SSStudHou|Funds of funds - Single sector student housing||NA  Capital raised|Sector Strategy and Vehicle Type|q26||902
q165_6_northamerica|CURRENCY|NA: (Single) Residential / multi-family / apartments - Non-listed debt products|26_34|NA_Debt_SingleSectorStudentHousing|NA_Debt_SSStudHou|Non-listed debt products - Single sector student housing||NA  Capital raised|Sector Strategy and Vehicle Type|q26||903
q16ROW5_Total_northamerica|CURRENCY|NA: (Single) Residential / multi-family / apartments - TOTAL|26_35|NA_NonListedVehicles_SingleSectorStudentHousing_Total|NA_NLV_SSStudHou_Total|Non-listed vehicles total - Single sector student housing||NA  Capital raised|Sector Strategy and Vehicle Type|q26||904
q166_1_northamerica|CURRENCY|NA: (Single) Senior living / aged care / health care - Non-listed/ commingled real estate funds/private REITs|26_36|NA_NonListedFunds_SingleSectorSeniorLiving/Agedcare/Healthcare|NA_NLF_SSSenLiving|Non-listed funds - Single sector senior living/ aged care/ healthcare||NA  Capital raised|Sector Strategy and Vehicle Type|q26||905
q166_2_northamerica|CURRENCY|NA: (Single) Senior living / aged care / health care - Separate accounts investing directly into real estate|26_37|NA_SeparateAccountsDirect_SingleSectorSeniorLiving/Agedcare/Healthcare|NA_SepAccDirect_SSSenLiving|Separate accounts investing directly - Single sector senior living/ aged care/ healthcare||NA  Capital raised|Sector Strategy and Vehicle Type|q26||906
q166_3_northamerica|CURRENCY|NA: (Single) Senior living / aged care / health care - Separate accounts investing into indirect vehicles|26_38|NA_SeparateAccountsIndirect_SingleSectorSeniorLiving/Agedcare/Healthcare|NA_SepAccIndirect_SSSenLiving|Separate accounts investing indirectly - Single sector senior living/ aged care/ healthcare||NA  Capital raised|Sector Strategy and Vehicle Type|q26||907
q166_4_northamerica|CURRENCY|NA: (Single) Senior living / aged care / health care - Joint ventures and club deals|26_39|NA_JVs_SingleSectorSeniorLiving/Agedcare/Healthcare|NA_JVs_SSSenLiving|Joint ventures and club deals - Single sector senior living/ aged care/ healthcare||NA  Capital raised|Sector Strategy and Vehicle Type|q26||908
q166_5_northamerica|CURRENCY|NA: (Single) Senior living / aged care / health care - Funds of funds|26_40|NA_FundsOfFunds_SingleSectorSeniorLiving/Agedcare/Healthcare|NA_FOF_SSSenLiving|Funds of funds - Single sector senior living/ aged care/ healthcare||NA  Capital raised|Sector Strategy and Vehicle Type|q26||909
q166_6_northamerica|CURRENCY|NA: (Single) Senior living / aged care / health care - Non-listed debt products|26_41|NA_Debt_SingleSectorSeniorLiving/Agedcare/Healthcare|NA_Debt_SSSenLiving|Non-listed debt products - Single sector senior living/ aged care/ healthcare||NA  Capital raised|Sector Strategy and Vehicle Type|q26||910
q16ROW6_Total_northamerica|CURRENCY|NA: (Single) Senior living / aged care / health care - TOTAL|26_42|NA_NonListedVehicles_SingleSectorSeniorLiving/Agedcare/Healthcare_Total|NA_NLV_SSSenLiving_Total|Non-listed vehicles total - Single sector senior living/ aged care/ healthcare||NA  Capital raised|Sector Strategy and Vehicle Type|q26||911
q167_1_northamerica|CURRENCY|NA: (Single) Hotel / leisure - Non-listed/ commingled real estate funds/private REITs|26_43|NA_NonListedFunds_SingleSectorHotel/Leisure|NA_NLF_SSHot/Lei|Non-listed funds - Single sector hotel/ leisure||NA  Capital raised|Sector Strategy and Vehicle Type|q26||912
q167_2_northamerica|CURRENCY|NA: (Single) Hotel / leisure - Separate accounts investing directly into real estate|26_44|NA_SeparateAccountsDirect_SingleSectorHotel/Leisure|NA_SepAccDirect_SSHot/Lei|Separate accounts investing directly - Single sector hotel/ leisure||NA  Capital raised|Sector Strategy and Vehicle Type|q26||913
q167_3_northamerica|CURRENCY|NA: (Single) Hotel / leisure - Separate accounts investing into indirect vehicles|26_45|NA_SeparateAccountsIndirect_SingleSectorHotel/Leisure|NA_SepAccIndirect_SSHot/Lei|Separate accounts investing indirectly - Single sector hotel/ leisure||NA  Capital raised|Sector Strategy and Vehicle Type|q26||914
q167_4_northamerica|CURRENCY|NA: (Single) Hotel / leisure - Joint ventures and club deals|26_46|NA_JVs_SingleSectorHotel/Leisure|NA_JVs_SSHot/Lei|Joint ventures and club deals - Single sector hotel/ leisure||NA  Capital raised|Sector Strategy and Vehicle Type|q26||915
q167_5_northamerica|CURRENCY|NA: (Single) Hotel / leisure - Funds of funds|26_47|NA_FundsOfFunds_SingleSectorHotel/Leisure|NA_FOF_SSHot/Lei|Funds of funds - Single sector hotel/ leisure||NA  Capital raised|Sector Strategy and Vehicle Type|q26||916
q167_6_northamerica|CURRENCY|NA: (Single) Hotel / leisure - Non-listed debt products|26_48|NA_Debt_SingleSectorHotel/Leisure|NA_Debt_SSHot/Lei|Non-listed debt products - Single sector hotel/ leisure||NA  Capital raised|Sector Strategy and Vehicle Type|q26||917
q16ROW7_Total_northamerica|CURRENCY|NA: (Single) Hotel / leisure - TOTAL|26_49|NA_NonListedVehicles_SingleSectorHotel/Leisure_Total|NA_NLV_SSHot/Lei_Total|Non-listed vehicles total - Single sector hotel/ leisure||NA  Capital raised|Sector Strategy and Vehicle Type|q26||918
q168_1_northamerica|CURRENCY|NA: (Single) Other (incl land, parking, self storage) - Non-listed/ commingled real estate funds/private REITs|26_50|NA_NonListedFunds_SingleSectorOther|NA_NLF_SSOther|Non-listed funds - Single sector other||NA  Capital raised|Sector Strategy and Vehicle Type|q26||919
q168_2_northamerica|CURRENCY|NA: (Single) Other (incl land, parking, self storage) - Separate accounts investing directly into real estate|26_51|NA_SeparateAccountsDirect_SingleSectorOther|NA_SepAccDirect_SSOther|Separate accounts investing directly - Single sector other||NA  Capital raised|Sector Strategy and Vehicle Type|q26||920
q168_3_northamerica|CURRENCY|NA: (Single) Other (incl land, parking, self storage) - Separate accounts investing into indirect vehicles|26_52|NA_SeparateAccountsIndirect_SingleSectorOther|NA_SepAccIndirect_SSOther|Separate accounts investing indirectly - Single sector other||NA  Capital raised|Sector Strategy and Vehicle Type|q26||921
q168_4_northamerica|CURRENCY|NA: (Single) Other (incl land, parking, self storage) - Joint ventures and club deals|26_53|NA_JVs_SingleSectorOther|NA_JVs_SSOther|Joint ventures and club deals - Single sector other||NA  Capital raised|Sector Strategy and Vehicle Type|q26||922
q168_5_northamerica|CURRENCY|NA: (Single) Other (incl land, parking, self storage) - Funds of funds|26_54|NA_FundsOfFunds_SingleSectorOther|NA_FOF_SSOther|Funds of funds - Single sector other||NA  Capital raised|Sector Strategy and Vehicle Type|q26||923
q168_6_northamerica|CURRENCY|NA: (Single) Other (incl land, parking, self storage) - Non-listed debt products|26_55|NA_Debt_SingleSectorOther|NA_Debt_SSOther|Non-listed debt products - Single sector other||NA  Capital raised|Sector Strategy and Vehicle Type|q26||924
q16ROW8_Total_northamerica|CURRENCY|NA: (Single) Other (incl land, parking, self storage) - TOTAL|26_56|NA_NonListedVehicles_SingleSectorOther_Total|NA_NLV_SSOther_Total|Non-listed vehicles total - Single sector other||NA  Capital raised|Sector Strategy and Vehicle Type|q26||925
q169_1_northamerica|CURRENCY|NA: (Multi) Main sectors - Non-listed/ commingled real estate funds/private REITs|26_57|NA_NonListedFunds_MultiSectorMainSectors|NA_NLF_MSMS|Non-listed funds - Multi sector main sectors ||NA  Capital raised|Sector Strategy and Vehicle Type|q26||926
q169_2_northamerica|CURRENCY|NA: (Multi) Main sectors - Separate accounts investing directly into real estate|26_58|NA_SeparateAccountsDirect_MultiSectorMainSectors|NA_SepAccDirect_MSMS|Separate accounts investing directly - Multi sector main sectors||NA  Capital raised|Sector Strategy and Vehicle Type|q26||927
q169_3_northamerica|CURRENCY|NA: (Multi) Main sectors - Separate accounts investing into indirect vehicles|26_59|NA_SeparateAccountsIndirect_MultiSectorMainSectors|NA_SepAccIndirect_MSMS|Separate accounts investing indirectly - Multi sector main sectors||NA  Capital raised|Sector Strategy and Vehicle Type|q26||928
q169_4_northamerica|CURRENCY|NA: (Multi) Main sectors - Joint ventures and club deals|26_60|NA_JVs_MultiSectorMainSectors|NA_JVs_MSMS|Joint ventures and club deals - Multi sector main sectors||NA  Capital raised|Sector Strategy and Vehicle Type|q26||929
q169_5_northamerica|CURRENCY|NA: (Multi) Main sectors - Funds of funds|26_61|NA_FundsOfFunds_MultiSectorMainSectors|NA_FOF_MSMS|Funds of funds - Multi sector main sectors||NA  Capital raised|Sector Strategy and Vehicle Type|q26||930
q169_6_northamerica|CURRENCY|NA: (Multi) Main sectors - Non-listed debt products|26_62|NA_Debt_MultiSectorMainSectors|NA_Debt_MSMS|Non-listed debt products - Multi sector main sectors||NA  Capital raised|Sector Strategy and Vehicle Type|q26||931
q16ROW9_Total_northamerica|CURRENCY|NA: (Multi) Main sectors - TOTAL|26_63|NA_NonListedVehicles_MultiSectorMainSectors_Total|NA_NLV_MSMS_Total|Non-listed vehicles total - Multi sector main sectors||NA  Capital raised|Sector Strategy and Vehicle Type|q26||932
q1610_1_northamerica|CURRENCY|NA: (Multi) Alternative sectors - Non-listed/ commingled real estate funds/private REITs|26_64|NA_NonListedFunds_MultiSectorAlternativeSectors|NA_NLF_MSAS|Non-listed funds - Multi sector alternative sectors||NA  Capital raised|Sector Strategy and Vehicle Type|q26||933
q1610_2_northamerica|CURRENCY|NA: (Multi) Alternative sectors - Separate accounts investing directly into real estate|26_65|NA_SeparateAccountsDirect_MultiSectorAlternativeSectors|NA_SepAccDirect_MSAS|Separate accounts investing directly - Multi sector alternative sectors||NA  Capital raised|Sector Strategy and Vehicle Type|q26||934
q1610_3_northamerica|CURRENCY|NA: (Multi) Alternative sectors - Separate accounts investing into indirect vehicles|26_66|NA_SeparateAccountsIndirect_MultiSectorAlternativeSectors|NA_SepAccIndirect_MSAS|Separate accounts investing indirectly - Multi sector alternative sectors||NA  Capital raised|Sector Strategy and Vehicle Type|q26||935
q1610_4_northamerica|CURRENCY|NA: (Multi) Alternative sectors - Joint ventures and club deals|26_67|NA_JVs_MultiSectorAlternativeSectors|NA_JVs_MSAS|Joint ventures and club deals - Multi sector alternative sectors||NA  Capital raised|Sector Strategy and Vehicle Type|q26||936
q1610_5_northamerica|CURRENCY|NA: (Multi) Alternative sectors - Funds of funds|26_68|NA_FundsOfFunds_MultiSectorAlternativeSectors|NA_FOF_MSAS|Funds of funds - Multi sector alternative sectors||NA  Capital raised|Sector Strategy and Vehicle Type|q26||937
q1610_6_northamerica|CURRENCY|NA: (Multi) Alternative sectors - Non-listed debt products|26_69|NA_Debt_MultiSectorAlternativeSectors|NA_Debt_MSAS|Non-listed debt products - Multi sector alternative sectors||NA  Capital raised|Sector Strategy and Vehicle Type|q26||938
q16ROW10_Total_northamerica|CURRENCY|NA: (Multi) Alternative sectors - TOTAL|26_70|NA_NonListedVehicles_MultiSectorAlternativeSectors_Total|NA_NLV_MSAS_Total|Non-listed vehicles total - Multi sector alternative sectors||NA  Capital raised|Sector Strategy and Vehicle Type|q26||939
q1611_1_northamerica|CURRENCY|NA: (Multi) Mix of main and alternative - Non-listed/ commingled real estate funds/private REITs|26_71|NA_NonListedFunds_MultiSectorMixMainAlternativeSectors|NA_NLF_MSAS|Non-listed funds - Multi sector mix of main and alternative sectors||NA  Capital raised|Sector Strategy and Vehicle Type|q26||940
q1611_2_northamerica|CURRENCY|NA: (Multi) Mix of main and alternative - Separate accounts investing directly into real estate|26_72|NA_SeparateAccountsDirect_MultiSectorMixMainAlternativeSectors|NA_SepAccDirect_MSMMAS|Separate accounts investing directly - Multi sector mix of main and alternative sectors||NA  Capital raised|Sector Strategy and Vehicle Type|q26||941
q1611_3_northamerica|CURRENCY|NA: (Multi) Mix of main and alternative - Separate accounts investing into indirect vehicles|26_73|NA_SeparateAccountsIndirect_MultiSectorMixMainAlternativeSectors|NA_SepAccIndirect_MSMMAS|Separate accounts investing indirectly - Multi sector mix of main and alternative sectors||NA  Capital raised|Sector Strategy and Vehicle Type|q26||942
q1611_4_northamerica|CURRENCY|NA: (Multi) Mix of main and alternative - Joint ventures and club deals|26_74|NA_JVs_MultiSectorMixMainAlternativeSectors|NA_JVs_MSMMAS|Joint ventures and club deals - Multi sector mix of main and alternative sectors||NA  Capital raised|Sector Strategy and Vehicle Type|q26||943
q1611_5_northamerica|CURRENCY|NA: (Multi) Mix of main and alternative - Funds of funds|26_75|NA_FundsOfFunds_MultiSectorMixMainAlternativeSectors|NA_FOF_MSMMAS|Funds of funds - Multi sector mix of main and alternative sectors||NA  Capital raised|Sector Strategy and Vehicle Type|q26||944
q1611_6_northamerica|CURRENCY|NA: (Multi) Mix of main and alternative - Non-listed debt products|26_76|NA_Debt_MultiSectorMixMainAlternativeSectors|NA_Debt_MSMMAS|Non-listed debt products - Multi sector mix of main and alternative sectors||NA  Capital raised|Sector Strategy and Vehicle Type|q26||945
q16ROW11_Total_northamerica|CURRENCY|NA: (Multi) Mix of main and alternative - TOTAL|26_77|NA_NonListedVehicles_MultiSectorMixMainAlternativeSectors_Total|NA_NLV_MSMMAS_Total|Non-listed vehicles total - Multi sector mix of main and alternative sectors||NA  Capital raised|Sector Strategy and Vehicle Type|q26||946
q16COL1_Total_northamerica|CURRENCY|TOTAL (NA): Non-listed/ commingled real estate funds/private REITs|26_78|NA_SectorStrategy_NonListedFunds_Total|NA_SS_NLF_Total|Sector strategy total - Non-listed funds ||NA  Capital raised|Sector Strategy and Vehicle Type|q26||947
q16COL2_Total_northamerica|CURRENCY|TOTAL (NA): Separate accounts investing directly into real estate|26_79|NA_SectorStrategy_SeparateAccountsDirect_Total|NA_SS_SepAccDirect_Total|Sector strategy total - Separate accounts investing directly||NA  Capital raised|Sector Strategy and Vehicle Type|q26||948
q16COL3_Total_northamerica|CURRENCY|TOTAL (NA): Separate accounts investing into indirect vehicles|26_80|NA_SectorStrategy_SeparateAccountsIndirect_Total|NA_SS_SepAccIndirect_Total|Sector strategy total - Separate accounts investing indirectly||NA  Capital raised|Sector Strategy and Vehicle Type|q26||949
q16COL4_Total_northamerica|CURRENCY|TOTAL (NA): Joint ventures and club deals|26_81|NA_SectorStrategy_JVs_Total|NA_SS_JVs_Total|Sector strategy total - Joint ventures and club deals||NA  Capital raised|Sector Strategy and Vehicle Type|q26||950
q16COL5_Total_northamerica|CURRENCY|TOTAL (NA): Funds of funds|26_82|NA_SectorStrategy_FundsOfFunds_Total|NA_SS_FOF_Total|Sector strategy total - Funds of funds ||NA  Capital raised|Sector Strategy and Vehicle Type|q26||951
q16COL6_Total_northamerica|CURRENCY|TOTAL (NA): Non-listed debt products|26_83|NA_SectorStrategy_Debt_Total|NA_SS_Debt_Total|Sector strategy total - Non-listed debt products||NA  Capital raised|Sector Strategy and Vehicle Type|q26||952
q16GRANDTotal_northamerica|CURRENCY|NA: Total raised for your North American strategy by sector strategy in 2021|26_84|NA_SectorStrategy_NonListedVehicles_Total|NA_SS_NLV_Total|Sector strategy total - Non-listed vehicles total||NA  Capital raised|Sector Strategy and Vehicle Type|q26||953
_northamerica||For your North American strategy*, how much institutional capital did your company raise for non-listed vehicles in 2021 by country strategy (million)?|27|||||||q27||954
q171_1_northamerica|CURRENCY|NA: Single country strategy - Non-listed/ commingled real estate funds/private REITs|27_1|NA_NonListedFunds_SingleCountry|NA_NLF_SC|Non-listed funds - Single country||NA  Capital raised|Country Strategy and Vehicle Type|q27||955
q171_2_northamerica|CURRENCY|NA: Single country strategy  - Separate accounts investing directly into real estate|27_2|NA_SeparateAccountsDirect_SingleCountry|NA_SepAccDirect_SC|Separate accounts investing directly - Single country||NA  Capital raised|Country Strategy and Vehicle Type|q27||956
q171_3_northamerica|CURRENCY|NA: Single country strategy  - Separate accounts investing into indirect vehicles|27_3|NA_SeparateAccountsIndirect_SingleCountry|NA_SepAccIndirect_SC|Separate accounts investing indirectly - Single country||NA  Capital raised|Country Strategy and Vehicle Type|q27||957
q171_4_northamerica|CURRENCY|NA: Single country strategy  - Joint ventures and club deals|27_4|NA_JVs_SingleCountry|NA_JVs_SC|Joint ventures and club deals - Single country||NA  Capital raised|Country Strategy and Vehicle Type|q27||958
q171_5_northamerica|CURRENCY|NA: Single country strategy  - Funds of funds|27_5|NA_FundsOfFunds_SingleCountry|NA_FOF_SC|Funds of funds - Single country||NA  Capital raised|Country Strategy and Vehicle Type|q27||959
q171_6_northamerica|CURRENCY|NA: Single country strategy  - Non-listed debt products|27_6|NA_Debt_SingleCountry|NA_Debt_SC|Non-listed debt products - Single country||NA  Capital raised|Country Strategy and Vehicle Type|q27||960
q17ROW1_Total_northamerica|CURRENCY|NA: Single country strategy  - TOTAL|27_7|NA_NonListedVehicles_SingleCountry_Total|NA_NLV_SC|Non-listed vehicles total - Single country||NA  Capital raised|Country Strategy and Vehicle Type|q27||961
q172_1_northamerica|CURRENCY|NA: Multi country strategy - Non-listed/ commingled real estate funds/private REITs|27_8|NA_NonListedFunds_MultiCountry|NA_NLF_MC|Non-listed funds - Multi country||NA  Capital raised|Country Strategy and Vehicle Type|q27||962
q172_2_northamerica|CURRENCY|NA: Multi country strategy  - Separate accounts investing directly into real estate|27_9|NA_SeparateAccountsDirect_MultiCountry|NA_SepAccDirect_MC|Separate accounts investing directly - Multi country||NA  Capital raised|Country Strategy and Vehicle Type|q27||963
q172_3_northamerica|CURRENCY|NA: Multi country strategy  - Separate accounts investing into indirect vehicles|27_10|NA_SeparateAccountsIndirect_MultiCountry|NA_SepAccIndirect_MC|Separate accounts investing indirectly - Multi country||NA  Capital raised|Country Strategy and Vehicle Type|q27||964
q172_4_northamerica|CURRENCY|NA: Multi country strategy  - Joint ventures and club deals|27_11|NA_JVs_MultiCountry|NA_JVs_MC|Joint ventures and club deals - Multi country||NA  Capital raised|Country Strategy and Vehicle Type|q27||965
q172_5_northamerica|CURRENCY|NA: Multi country strategy  - Funds of funds|27_12|NA_FundsOfFunds_MultiCountry|NA_FOF_MC|Funds of funds - Multi country||NA  Capital raised|Country Strategy and Vehicle Type|q27||966
q172_6_northamerica|CURRENCY|NA: Multi country strategy  - Non-listed debt products|27_13|NA_Debt_MultiCountry|NA_Debt_MC|Non-listed debt products - Multi country||NA  Capital raised|Country Strategy and Vehicle Type|q27||967
q17ROW2_Total_northamerica|CURRENCY|NA: Multi country strategy  - TOTAL|27_14|NA_NonListedVehicles_MultiCountry_Total|NA_NLV_MC|Non-listed vehicles total - Multi country||NA  Capital raised|Country Strategy and Vehicle Type|q27||968
q17COL1_Total_northamerica|CURRENCY|TOTAL (NA): Non-listed/ commingled real estate funds/private REITs|27_15|NA_CountryStrategy_NonListedFunds_Total|NA_CS_NLF_Total|Country strategy total - Non-listed funds ||NA  Capital raised|Country Strategy and Vehicle Type|q27||969
q17COL2_Total_northamerica|CURRENCY|TOTAL (NA): Separate accounts investing directly into real estate|27_16|NA_CountryStrategy_SeparateAccountsDirect_Total|NA_CS_SepAccDirect_Total|Country strategy total - Separate accounts investing directly||NA  Capital raised|Country Strategy and Vehicle Type|q27||970
q17COL3_Total_northamerica|CURRENCY|TOTAL (NA): Separate accounts investing into indirect vehicles|27_17|NA_CountryStrategy_SeparateAccountsIndirect_Total|NA_CS_SepAccIndirect_Total|Country strategy total - Separate accounts investing indirectly||NA  Capital raised|Country Strategy and Vehicle Type|q27||971
q17COL4_Total_northamerica|CURRENCY|TOTAL (NA): Joint ventures and club deals|27_18|NA_CountryStrategy_JVs_Total|NA_CS_JVs_Total|Country strategy total - Joint ventures and club deals||NA  Capital raised|Country Strategy and Vehicle Type|q27||972
q17COL5_Total_northamerica|CURRENCY|TOTAL (NA): Funds of funds|27_19|NA_CountryStrategy_FundsOfFunds_Total|NA_CS_FOF_Total|Country strategy total - Funds of funds ||NA  Capital raised|Country Strategy and Vehicle Type|q27||973
q17COL6_Total_northamerica|CURRENCY|TOTAL (NA): Non-listed debt products|27_20|NA_CountryStrategy_Debt_Total|NA_CS_Debt_Total|Country strategy total - Non-listed debt products||NA  Capital raised|Country Strategy and Vehicle Type|q27||974
q17GRANDTotal_northamerica|CURRENCY|NA: Total raised for your North American strategy by country strategy in 2021|27_21|NA_CountryStrategy_NonListedVehicles_Total|NA_CS_NLV_Total|Country strategy total - Non-listed vehicles total||NA  Capital raised|Country Strategy and Vehicle Type|q27||975
_northamerica||For your North American strategy*, how much institutional capital did your company raise for non-listed vehicles in 2021 by investment style (million)?|28|||||||q28||976
q151_1_northamerica|CURRENCY|NA: Core / Senior debt - Non-listed/ commingled real estate funds/private REITs|28_1|NA_NonListedFunds_Core/SeniorDebt|NA_NLF_Core|Non-listed funds - Core/ senior debt||NA Capital raised|Investor Type and Vehicle Type|q28||977
q151_2_northamerica|CURRENCY|NA: Core / Senior debt - Separate accounts investing directly into real estate|28_2|NA_SeparateAccountsDirect_Core/SeniorDebt|NA_SepAccDirect_Core|Separate accounts investing directly - Core/ senior debt||NA Capital raised|Investor Type and Vehicle Type|q28||978
q151_3_northamerica|CURRENCY|NA: Core / Senior debt - Separate accounts investing into indirect vehicles|28_3|NA_SeparateAccountsIndirect_Core/SeniorDebt|NA_SepAccIndirect_Core|Separate accounts investing indirectly - Core/ senior debt||NA Capital raised|Investor Type and Vehicle Type|q28||979
q151_4_northamerica|CURRENCY|NA: Core / Senior debt - Joint ventures and club deals|28_4|NA_JVs_Core/SeniorDebt|NA_JVs_Core|Joint ventures and club deals - Core/ senior debt||NA Capital raised|Investor Type and Vehicle Type|q28||980
q151_5_northamerica|CURRENCY|NA: Core / Senior debt - Funds of funds|28_5|NA_FundsOfFunds_Core/SeniorDebt|NA_FOF_Core|Funds of funds - Core/ senior debt||NA Capital raised|Investor Type and Vehicle Type|q28||981
q151_6_northamerica|CURRENCY|NA: Core / Senior debt - Non-listed debt products|28_6|NA_Debt_Core/SeniorDebt|NA_Debt_Core|Non-listed debt products - Core/ senior debt||NA Capital raised|Investor Type and Vehicle Type|q28||982
q15ROW1_Total_northamerica|CURRENCY|NA: TOTAL Core / Senior debt|28_7|NA_NonListedVehicles_Core/SeniorDebt_Total|NA_NLV_Core_Total|Non-listed vehicles total - Value added/ junior and subordinated debt ||NA Capital raised|Investor Type and Vehicle Type|q28||983
q152_1_northamerica|CURRENCY|NA: Value added / Junior and other subordinated debt - Non-listed/ commingled real estate funds/private REITs|28_8|NA_NonListedFunds_ValueAdded/JuniorAndSubordinatedDebt|NA_NLF_ValAdd|Non-listed funds - Value added/ junior and subordinated debt ||NA Capital raised|Investor Type and Vehicle Type|q28||984
q152_2_northamerica|CURRENCY|NA: Value added / Junior and other subordinated debt - Separate accounts investing directly into real estate|28_9|NA_SeparateAccountsDirect_ValueAdded/JuniorAndSubordinatedDebt|NA_SepAccDirect_ValAdd|Separate accounts investing directly - Value added/ junior and subordinated debt ||NA Capital raised|Investor Type and Vehicle Type|q28||985
q152_3_northamerica|CURRENCY|NA: Value added / Junior and other subordinated debt - Separate accounts investing into indirect vehicles|28_10|NA_SeparateAccountsIndirect_ValueAdded/JuniorAndSubordinatedDebt|NA_SepAccIndirect_ValAdd|Separate accounts investing indirectly - Value added/ junior and subordinated debt ||NA Capital raised|Investor Type and Vehicle Type|q28||986
q152_4_northamerica|CURRENCY|NA: Value added / Junior and other subordinated debt - Joint ventures and club deals|28_11|NA_JVs_ValueAdded/JuniorAndSubordinatedDebt|NA_JVs_ValAdd|Joint ventures and club deals - Value added/ junior and subordinated debt ||NA Capital raised|Investor Type and Vehicle Type|q28||987
q152_5_northamerica|CURRENCY|NA: Value added / Junior and other subordinated debt - Funds of funds|28_12|NA_FundsOfFunds_ValueAdded/JuniorAndSubordinatedDebt|NA_FOF_ValAdd|Funds of funds - Value added/ junior and subordinated debt ||NA Capital raised|Investor Type and Vehicle Type|q28||988
q152_6_northamerica|CURRENCY|NA: Value added / Junior and other subordinated debt - Non-listed debt products|28_13|NA_Debt_ValueAdded/JuniorAndSubordinatedDebt|NA_Debt_ValAdd|Non-listed debt products - Value added/ junior and subordinated debt ||NA Capital raised|Investor Type and Vehicle Type|q28||989
q15ROW2_Total_northamerica|CURRENCY|NA: TOTAL Value added / Junior and other subordinated debt|28_14|NA_NonListedVehicles_ValueAdded/JuniorAndSubordinatedDebt_Total|NA_NLV_ValAdd_Total|Non-listed vehicles total - Value added/ junior and subordinated debt ||NA Capital raised|Investor Type and Vehicle Type|q28||990
q153_1_northamerica|CURRENCY|NA: Opportunistic / Mezzanine debt - Non-listed/ commingled real estate funds/private REITs|28_15|NA_NonListedFunds_Opportunistic/MezzanineDebt|NA_NLF_Opp|Non-listed funds - Opportunistic/ mezzanine debt||NA Capital raised|Investor Type and Vehicle Type|q28||991
q153_2_northamerica|CURRENCY|NA: Opportunistic / Mezzanine debt - Separate accounts investing directly into real estate|28_16|NA_SeparateAccountsDirect_Opportunistic/MezzanineDebt|NA_SepAccDirect_Opp|Separate accounts investing directly - Opportunistic/ mezzanine debt||NA Capital raised|Investor Type and Vehicle Type|q28||992
q153_3_northamerica|CURRENCY|NA: Opportunistic / Mezzanine debt - Separate accounts investing into indirect vehicles|28_17|NA_SeparateAccountsIndirect_Opportunistic/MezzanineDebt|NA_SepAccIndirect_Opp|Separate accounts investing indirectly - Opportunistic/ mezzanine debt||NA Capital raised|Investor Type and Vehicle Type|q28||993
q153_4_northamerica|CURRENCY|NA: Opportunistic / Mezzanine debt - Joint ventures and club deals|28_18|NA_JVs_Opportunistic/MezzanineDebt|NA_JVs_Opp|Joint ventures and club deals - Opportunistic/ mezzanine debt||NA Capital raised|Investor Type and Vehicle Type|q28||994
q153_5_northamerica|CURRENCY|NA: Opportunistic / Mezzanine debt - Funds of funds|28_19|NA_FundsOfFunds_Opportunistic/MezzanineDebt|NA_FOF_Opp|Funds of funds - Opportunistic/ mezzanine debt||NA Capital raised|Investor Type and Vehicle Type|q28||995
q153_6_northamerica|CURRENCY|NA: Opportunistic / Mezzanine debt - Non-listed debt products|28_20|NA_Debt_Opportunistic/MezzanineDebt|NA_Debt_Opp|Non-listed debt products - Opportunistic/ mezzanine debt||NA Capital raised|Investor Type and Vehicle Type|q28||996
q15ROW3_Total_northamerica|CURRENCY|NA: TOTAL Opportunistic / Mezzanine debt|28_21|NA_NonListedVehicles_Opportunistic/MezzanineDebt_Total|NA_NLV_Opp_Total|Non-listed vehicles total - Opportunistic/ mezzanine debt||NA Capital raised|Investor Type and Vehicle Type|q28||997
q154_1_northamerica|CURRENCY|NA: Mixed strategies - Non-listed/ commingled real estate funds/private REITs|28_22|NA_NonListedFunds_MixedStrategies|NA_NLF_Mixed|Non-listed funds - Mixed strategies||NA Capital raised|Investor Type and Vehicle Type|q28||998
q154_2_northamerica|CURRENCY|NA: Mixed strategies - Separate accounts investing directly into real estate|28_23|NA_SeparateAccountsDirect_MixedStrategies|NA_SepAccDirect_Mixed|Separate accounts investing directly - Mixed strategies||NA Capital raised|Investor Type and Vehicle Type|q28||999
q154_3_northamerica|CURRENCY|NA: Mixed strategies - Separate accounts investing into indirect vehicles|28_24|NA_SeparateAccountsIndirect_MixedStrategies|NA_SepAccIndirect_Mixed|Separate accounts investing indirectly - Mixed strategies||NA Capital raised|Investor Type and Vehicle Type|q28||1000
q154_4_northamerica|CURRENCY|NA: Mixed strategies - Joint ventures and club deals|28_25|NA_JVs_MixedStrategies|NA_JVs_Mixed|Joint ventures and club deals - Mixed strategies||NA Capital raised|Investor Type and Vehicle Type|q28||1001
q154_5_northamerica|CURRENCY|NA: Mixed strategies - Funds of funds|28_26|NA_FundsOfFunds_MixedStrategies|NA_FOF_Mixed|Funds of funds - Mixed strategies||NA Capital raised|Investor Type and Vehicle Type|q28||1002
q154_6_northamerica|CURRENCY|NA: Mixed strategies - Non-listed debt products|28_27|NA_Debt_MixedStrategies|NA_Debt_Mixed|Non-listed debt products - Mixed strategies||NA Capital raised|Investor Type and Vehicle Type|q28||1003
q15ROW4_Total_northamerica|CURRENCY|NA: TOTAL Mixed strategies|28_28|NA_NonListedVehicles_MixedStrategies_Total|NA_NLV_Mixed_Total|Non-listed vehicles total - Mixed strategies||NA Capital raised|Investor Type and Vehicle Type|q28||1004
q15COL1_Total_northamerica|CURRENCY|NA: TOTAL Non-listed/ commingled real estate funds/private REITs|28_29|NA_NonListedFunds_InvestmentStyle_Total|NA_NLF_IS_Total|Non-listed funds - Investment style total||NA Capital raised|Investor Type and Vehicle Type|q28||1005
q15COL2_Total_northamerica|CURRENCY|NA: TOTAL Separate accounts investing directly into real estate|28_30|NA_SeparateAccountsDirect_InvestmentStyle_Total|NA_SepAccDirect_IS_Total|Separate accounts investing directly - Investment style total||NA Capital raised|Investor Type and Vehicle Type|q28||1006
q15COL3_Total_northamerica|CURRENCY|NA: TOTAL Separate accounts investing into indirect vehicles|28_31|NA_SeparateAccountsIndirect_InvestmentStyle_Total|NA_SepAccIndirect_IS_Total|Separate accounts investing indirectly - Investment style total||NA Capital raised|Investor Type and Vehicle Type|q28||1007
q15COL4_Total_northamerica|CURRENCY|NA: TOTAL Joint ventures and club deals|28_32|NA_JVs_InvestmentStyle_Total|NA_JVs_IS_Total|Joint ventures and club deals - Investment style total||NA Capital raised|Investor Type and Vehicle Type|q28||1008
q15COL5_Total_northamerica|CURRENCY|NA: TOTAL Funds of funds|28_33|NA_FundsOfFunds_InvestmentStyle_Total|NA_FOF_IS_Total|Funds of funds - Investment style total||NA Capital raised|Investor Type and Vehicle Type|q28||1009
q15COL6_Total_northamerica|CURRENCY|NA: TOTAL Non-listed debt products|28_34|NA_Debt_InvestmentStyle_Total|NA_Debt_IS_Total|Non-listed debt products - Investment style total||NA Capital raised|Investor Type and Vehicle Type|q28||1010
q15GRANDTotal_northamerica|CURRENCY|NA: Total Capital Raised for your North American strategy in 2021 by investment style|28_35|NA_NonListedVehicles_InvestmentStyle_Total|NA_NLV_IS_Total|Non-listed vehicles total - Investment style total||NA Capital raised|Investor Type and Vehicle Type|q28||1011
_global||For your Global strategy*, how much institutional capital did your company raise for non-listed vehicles in 2021 by investor type (million)?|29|||||||q29||1012
q101_1_global|CURRENCY|GLOBAL: Pension funds - Non-listed/ commingled real estate funds/private REITs|29_1|GLOBAL_PensionFunds_NonListedFunds|GLB_PF_NLF|Pension funds - Non-listed fund||Global Capital raised|Investor Type and Vehicle Type|q29||1013
q101_2_global|CURRENCY|GLOBAL: Pension funds - Separate accounts investing directly into real estate|29_2|GLOBAL_PensionFunds_SeparateAccountsDirect|GLB_PF_SepAccDirect|Pension funds - Separate accounts investing directly||Global Capital raised|Investor Type and Vehicle Type|q29||1014
q101_3_global|CURRENCY|GLOBAL: Pension funds - Separate accounts investing into indirect vehicles|29_3|GLOBAL_PensionFunds_SeparateAccountsIndirect|GLB_PF_SepAccIndirect|Pension funds - Separate accounts investing indirectly||Global Capital raised|Investor Type and Vehicle Type|q29||1015
q101_4_global|CURRENCY|GLOBAL: Pension funds - Joint ventures and club deals|29_4|GLOBAL_PensionFunds_JVs|GLB_PF_JVs|Pension funds - Joint ventures and club deals||Global Capital raised|Investor Type and Vehicle Type|q29||1016
q101_5_global|CURRENCY|GLOBAL: Pension funds - Funds of funds|29_5|GLOBAL_PensionFunds_FundsOfFunds|GLB_PF_FOF|Pension funds - Funds of funds||Global Capital raised|Investor Type and Vehicle Type|q29||1017
q101_6_global|CURRENCY|GLOBAL: Pension funds - Non-listed debt products|29_6|GLOBAL_PensionFunds_Debt|GLB_PF_Debt|Pension funds - Non-listed debt products||Global Capital raised|Investor Type and Vehicle Type|q29||1018
q10ROW1_Total_global|CURRENCY|GLOBAL: Pension funds - TOTAL|29_7|GLOBAL_PensionFunds_VehicleType_Total|GLB_PF_VT_Total|Pension funds - Vehicle type total||Global Capital raised|Investor Type and Vehicle Type|q29||1019
q102_1_global|CURRENCY|GLOBAL: Insurance companies - Non-listed/ commingled real estate funds/private REITs|29_8|GLOBAL_InsuranceCompanies_NonListedFunds|GLB_IC_NLF|Insurance companies - Non-listed fund||Global Capital raised|Investor Type and Vehicle Type|q29||1020
q102_2_global|CURRENCY|GLOBAL: Insurance companies - Separate accounts investing directly into real estate|29_9|GLOBAL_InsuranceCompanies_SeparateAccountsDirect|GLB_IC_SepAccDirect|Insurance companies - Separate accounts investing directly||Global Capital raised|Investor Type and Vehicle Type|q29||1021
q102_3_global|CURRENCY|GLOBAL: Insurance companies - Separate accounts investing into indirect vehicles|29_10|GLOBAL_InsuranceCompanies_SeparateAccountsIndirect|GLB_IC_SepAccIndirect|Insurance companies - Separate accounts investing indirectly||Global Capital raised|Investor Type and Vehicle Type|q29||1022
q102_4_global|CURRENCY|GLOBAL: Insurance companies - Joint ventures and club deals|29_11|GLOBAL_InsuranceCompanies_JVs|GLB_IC_JVs|Insurance companies - Joint ventures and club deals||Global Capital raised|Investor Type and Vehicle Type|q29||1023
q102_5_global|CURRENCY|GLOBAL: Insurance companies - Funds of funds|29_12|GLOBAL_InsuranceCompanies_FundsOfFunds|GLB_IC_FOF|Insurance companies - Funds of funds||Global Capital raised|Investor Type and Vehicle Type|q29||1024
q102_6_global|CURRENCY|GLOBAL: Insurance companies - Non-listed debt products|29_13|GLOBAL_InsuranceCompanies_Debt|GLB_IC_Debt|Insurance companies - Non-listed debt products||Global Capital raised|Investor Type and Vehicle Type|q29||1025
q10ROW2_Total_global|CURRENCY|GLOBAL: Insurance companies - TOTAL|29_14|GLOBAL_InsuranceCompanies_VehicleType_Total|GLB_IC_VT_Total|Insurance companies - Vehicle type total||Global Capital raised|Investor Type and Vehicle Type|q29||1026
q103_1_global|CURRENCY|GLOBAL: Sovereign wealth funds - Non-listed/ commingled real estate funds/private REITs|29_15|GLOBAL_SovereignWealthFunds_NonListedFunds|GLB_SWF_NLF|Sovereign wealth funds - Non-listed fund||Global Capital raised|Investor Type and Vehicle Type|q29||1027
q103_2_global|CURRENCY|GLOBAL: Sovereign wealth funds - Separate accounts investing directly into real estate|29_16|GLOBAL_SovereignWealthFunds_SeparateAccountsDirect|GLB_SWF_SepAccDirect|Sovereign wealth funds - Separate accounts investing directly||Global Capital raised|Investor Type and Vehicle Type|q29||1028
q103_3_global|CURRENCY|GLOBAL: Sovereign wealth funds - Separate accounts investing into indirect vehicles|29_17|GLOBAL_SovereignWealthFunds_SeparateAccountsIndirect|GLB_SWF_SepAccIndirect|Sovereign wealth funds - Separate accounts investing indirectly||Global Capital raised|Investor Type and Vehicle Type|q29||1029
q103_4_global|CURRENCY|GLOBAL: Sovereign wealth funds - Joint ventures and club deals|29_18|GLOBAL_SovereignWealthFunds_JVs|GLB_SWF_JVs|Sovereign wealth funds - Joint ventures and club deals||Global Capital raised|Investor Type and Vehicle Type|q29||1030
q103_5_global|CURRENCY|GLOBAL: Sovereign wealth funds - Funds of funds|29_19|GLOBAL_SovereignWealthFunds_FundsOfFunds|GLB_SWF_FOF|Sovereign wealth funds - Funds of funds||Global Capital raised|Investor Type and Vehicle Type|q29||1031
q103_6_global|CURRENCY|GLOBAL: Sovereign wealth funds - Non-listed debt products|29_20|GLOBAL_SovereignWealthFunds_Debt|GLB_SWF_Debt|Sovereign wealth funds - Non-listed debt products||Global Capital raised|Investor Type and Vehicle Type|q29||1032
q10ROW3_Total_global|CURRENCY|GLOBAL: Sovereign wealth funds - TOTAL|29_21|GLOBAL_SovereignWealthFunds_VehicleType_Total|GLB_SWF_VT_Total|Sovereign wealth funds - Vehicle type total||Global Capital raised|Investor Type and Vehicle Type|q29||1033
q104_1_global|CURRENCY|GLOBAL: Government institutions - Non-listed/ commingled real estate funds/private REITs|29_22|GLOBAL_GovernmentInstitutions_NonListedFunds|GLB_GI_NLF|Government institutions - Non-listed fund||Global Capital raised|Investor Type and Vehicle Type|q29||1034
q104_2_global|CURRENCY|GLOBAL: Government institutions - Separate accounts investing directly into real estate|29_23|GLOBAL_GovernmentInstitutions_SeparateAccountsDirect|GLB_GI_SepAccDirect|Government institutions - Separate accounts investing directly||Global Capital raised|Investor Type and Vehicle Type|q29||1035
q104_3_global|CURRENCY|GLOBAL: Government institutions - Separate accounts investing into indirect vehicles|29_24|GLOBAL_GovernmentInstitutions_SeparateAccountsIndirect|GLB_GI_SepAccIndirect|Government institutions - Separate accounts investing indirectly||Global Capital raised|Investor Type and Vehicle Type|q29||1036
q104_4_global|CURRENCY|GLOBAL: Government institutions - Joint ventures and club deals|29_25|GLOBAL_GovernmentInstitutions_JVs|GLB_GI_JVs|Government institutions - Joint ventures and club deals||Global Capital raised|Investor Type and Vehicle Type|q29||1037
q104_5_global|CURRENCY|GLOBAL: Government institutions - Funds of funds|29_26|GLOBAL_GovernmentInstitutions_FundsOfFunds|GLB_GI_FOF|Government institutions - Funds of funds||Global Capital raised|Investor Type and Vehicle Type|q29||1038
q104_6_global|CURRENCY|GLOBAL: Government institutions - Non-listed debt products|29_27|GLOBAL_GovernmentInstitutions_Debt|GLB_GI_Debt|Government institutions - Non-listed debt products||Global Capital raised|Investor Type and Vehicle Type|q29||1039
q10ROW4_Total_global|CURRENCY|GLOBAL: Government institutions - TOTAL|29_28|GLOBAL_GovernmentInstitutions_VehicleType_Total|GLB_GI_VT_Total|Government institutions - Vehicle type total||Global Capital raised|Investor Type and Vehicle Type|q29||1040
q105_1_global|CURRENCY|GLOBAL: Charities, foundations, non-profit organisations - Non-listed/ commingled real estate funds/private REITs|29_29|GLOBAL_CharitiesFoundationsNonProfitOrganizations_NonListedFunds|GLB_CF&NPO_NLF|Charities, foundations & non-profit organisations - Non-listed fund||Global Capital raised|Investor Type and Vehicle Type|q29||1041
q105_2_global|CURRENCY|GLOBAL: Charities, foundations, non-profit organisations - Separate accounts investing directly into real estate|29_30|GLOBAL_CharitiesFoundationsNonProfitOrganizations_SeparateAccountsDirect|GLB_CF&NPO_SepAccDirect|Charities, foundations & non-profit organisations - Separate accounts investing directly||Global Capital raised|Investor Type and Vehicle Type|q29||1042
q105_3_global|CURRENCY|GLOBAL: Charities, foundations, non-profit organisations - Separate accounts investing into indirect vehicles|29_31|GLOBAL_CharitiesFoundationsNonProfitOrganizations_SeparateAccountsIndirect|GLB_CF&NPO_SepAccIndirect|Charities, foundations & non-profit organisations - Separate accounts investing indirectly||Global Capital raised|Investor Type and Vehicle Type|q29||1043
q105_4_global|CURRENCY|GLOBAL: Charities, foundations, non-profit organisations - Joint ventures and club deals|29_32|GLOBAL_CharitiesFoundationsNonProfitOrganizations_JVs|GLB_CF&NPO_JVs|Charities, foundations & non-profit organisations - Joint ventures and club deals||Global Capital raised|Investor Type and Vehicle Type|q29||1044
q105_5_global|CURRENCY|GLOBAL: Charities, foundations, non-profit organisations - Funds of funds|29_33|GLOBAL_CharitiesFoundationsNonProfitOrganizations_FundsOfFunds|GLB_CF&NPO_FOF|Charities, foundations & non-profit organisations - Funds of funds||Global Capital raised|Investor Type and Vehicle Type|q29||1045
q105_6_global|CURRENCY|GLOBAL: Charities, foundations, non-profit organisations - Non-listed debt products|29_34|GLOBAL_CharitiesFoundationsNonProfitOrganizations_Debt|GLB_CF&NPO_Debt|Charities, foundations & non-profit organisations - Non-listed debt products||Global Capital raised|Investor Type and Vehicle Type|q29||1046
q10ROW5_Total_global|CURRENCY|GLOBAL: Charities, foundations, non-profit organisations - TOTAL|29_35|GLOBAL_CharitiesFoundationsNonProfitOrganizations_VehicleType_Total|GLB_CF&NPO_VT_Total|Charities, foundations & non-profit organisations - Vehicle type total||Global Capital raised|Investor Type and Vehicle Type|q29||1047
q106_1_global|CURRENCY|GLOBAL: Funds of funds - Non-listed/ commingled real estate funds/private REITs|29_36|GLOBAL_FundsOfFunds_NonListedFunds|GLB_FOF_NLF|Funds of funds - Non-listed fund||Global Capital raised|Investor Type and Vehicle Type|q29||1048
q106_2_global|CURRENCY|GLOBAL: Funds of funds - Separate accounts investing directly into real estate|29_37|GLOBAL_FundsOfFunds_SeparateAccountsDirect|GLB_FOF_SepAccDirect|Funds of funds - Separate accounts investing directly||Global Capital raised|Investor Type and Vehicle Type|q29||1049
q106_3_global|CURRENCY|GLOBAL: Funds of funds - Separate accounts investing into indirect vehicles|29_38|GLOBAL_FundsOfFunds_SeparateAccountsIndirect|GLB_FOF_SepAccIndirect|Funds of funds - Separate accounts investing indirectly||Global Capital raised|Investor Type and Vehicle Type|q29||1050
q106_4_global|CURRENCY|GLOBAL: Funds of funds - Joint ventures and club deals|29_39|GLOBAL_FundsOfFunds_JVs|GLB_FOF_JVs|Funds of funds - Joint ventures and club deals||Global Capital raised|Investor Type and Vehicle Type|q29||1051
q106_5_global|CURRENCY|GLOBAL: Funds of funds - Funds of funds|29_40|GLOBAL_FundsOfFunds_FundsOfFunds|GLB_FOF_FOF|Funds of funds - Funds of funds||Global Capital raised|Investor Type and Vehicle Type|q29||1052
q106_6_global|CURRENCY|GLOBAL: Funds of funds - Non-listed debt products|29_41|GLOBAL_FundsOfFunds_Debt|GLB_FOF_Debt|Funds of funds - Non-listed debt products||Global Capital raised|Investor Type and Vehicle Type|q29||1053
q10ROW6_Total_global|CURRENCY|GLOBAL: Funds of funds - TOTAL|29_42|GLOBAL_FundsOfFunds_VehicleType_Total|GLB_FOF_VT_Total|Funds of funds - Vehicle type total||Global Capital raised|Investor Type and Vehicle Type|q29||1054
q107_1_global|CURRENCY|GLOBAL: High net worth individuals /Family offices - Non-listed/ commingled real estate funds/private REITs|29_43|GLOBAL_HighnetWorthIndividualsFamilyOffices_NonListedFunds|GLB_HNWI/FO_NLF|Hign net worth individuals/Family offices - Non-listed fund||Global Capital raised|Investor Type and Vehicle Type|q29||1055
q107_2_global|CURRENCY|GLOBAL: High net worth individuals /Family offices - Separate accounts investing directly into real estate|29_44|GLOBAL_HighnetWorthIndividualsFamilyOffices_SeparateAccountsDirect|GLB_HNWI/FO_SepAccDirect|Hign net worth individuals/Family offices - Separate accounts investing directly||Global Capital raised|Investor Type and Vehicle Type|q29||1056
q107_3_global|CURRENCY|GLOBAL: High net worth individuals /Family offices - Separate accounts investing into indirect vehicles|29_45|GLOBAL_HighnetWorthIndividualsFamilyOffices_SeparateAccountsIndirect|GLB_HNWI/FO_SepAccIndirect|Hign net worth individuals/Family offices - Separate accounts investing indirectly||Global Capital raised|Investor Type and Vehicle Type|q29||1057
q107_4_global|CURRENCY|GLOBAL: High net worth individuals /Family offices - Joint ventures and club deals|29_46|GLOBAL_HighnetWorthIndividualsFamilyOffices_JVs|GLB_HNWI/FO_JVs|Hign net worth individuals/Family offices - Joint ventures and club deals||Global Capital raised|Investor Type and Vehicle Type|q29||1058
q107_5_global|CURRENCY|GLOBAL: High net worth individuals /Family offices - Funds of funds|29_47|GLOBAL_HighnetWorthIndividualsFamilyOffices_FundsOfFunds|GLB_HNWI/FO_FOF|Hign net worth individuals/Family offices - Funds of funds||Global Capital raised|Investor Type and Vehicle Type|q29||1059
q107_6_global|CURRENCY|GLOBAL: High net worth individuals /Family offices - Non-listed debt products|29_48|GLOBAL_HighnetWorthIndividualsFamilyOffices_Debt|GLB_HNWI/FO_Debt|Hign net worth individuals/Family offices - Non-listed debt products||Global Capital raised|Investor Type and Vehicle Type|q29||1060
q10ROW7_Total_global|CURRENCY|GLOBAL: High net worth individuals /Family offices - TOTAL|29_49|GLOBAL_HighnetWorthIndividualsFamilyOffices_VehicleType_Total|GLB_HNWI/FO_VT_Total|Hign net worth individuals/Family offices - Vehicle type total||Global Capital raised|Investor Type and Vehicle Type|q29||1061
q10other_global|CURRENCY|GLOBAL: Other investor type (Other)|29_50|GLOBAL_OtherInvestorTypetext|GLB_OtherITText|Other investor type||Global Capital raised|Investor Type and Vehicle Type|q29||1062
q108_1_global|CURRENCY|GLOBAL: Other - Non-listed/ commingled real estate funds/private REITs|29_51|GLOBAL_OtherInvestorType_NonListedFunds|GLB_OtherIT_NLF|Other investor type - Non-listed fund||Global Capital raised|Investor Type and Vehicle Type|q29||1063
q108_2_global|CURRENCY|GLOBAL: Other - Separate accounts investing directly into real estate|29_52|GLOBAL_OtherInvestorType_SeparateAccountsDirect|GLB_OtherIT_SepAccDirect|Other investor type - Separate accounts investing directly||Global Capital raised|Investor Type and Vehicle Type|q29||1064
q108_3_global|CURRENCY|GLOBAL: Other - Separate accounts investing into indirect vehicles|29_53|GLOBAL_OtherInvestorType_SeparateAccountsIndirect|GLB_OtherIT_SepAccIndirect|Other investor type - Separate accounts investing indirectly||Global Capital raised|Investor Type and Vehicle Type|q29||1065
q108_4_global|CURRENCY|GLOBAL: Other - Joint ventures and club deals|29_54|GLOBAL_OtherInvestorType_JVs|GLB_OtherIT_JVs|Other investor type - Joint ventures and club deals||Global Capital raised|Investor Type and Vehicle Type|q29||1066
q108_5_global|CURRENCY|GLOBAL: Other - Funds of funds|29_55|GLOBAL_OtherInvestorType_FundsOfFunds|GLB_OtherIT_FOF|Other investor type - Funds of funds||Global Capital raised|Investor Type and Vehicle Type|q29||1067
q108_6_global|CURRENCY|GLOBAL: Other - Non-listed debt products|29_56|GLOBAL_OtherInvestorType_Debt|GLB_OtherIT_Debt|Other investor type - Non-listed debt products||Global Capital raised|Investor Type and Vehicle Type|q29||1068
q10ROW8_Total_global|CURRENCY|GLOBAL: Other - TOTAL|29_57|GLOBAL_OtherInvestorType_VehicleType_Total|GLB_OtherIT_VT_Total|Other investor type - Vehicle type total||Global Capital raised|Investor Type and Vehicle Type|q29||1069
q10COL1_Total_global|CURRENCY|GLOBAL TOTAL - Non-listed/ commingled real estate funds/private REITs|29_58|GLOBAL_InvestorType_NonListedFunds_Total|GLB_IT_NLF_Total|Investor type - Non-listed fund total||Global Capital raised|Investor Type and Vehicle Type|q29||1070
q10COL2_Total_global|CURRENCY|GLOBAL TOTAL - Separate accounts investing directly into real estate|29_59|GLOBAL_InvestorType_SeparateAccountsDirect_Total|GLB_IT_SepAccDirect_Total|Investor type - Separate accounts investing directly total||Global Capital raised|Investor Type and Vehicle Type|q29||1071
q10COL3_Total_global|CURRENCY|GLOBAL TOTAL - Separate accounts investing into indirect vehicles|29_60|GLOBAL_InvestorType_SeparateAccountsIndirect_Total|GLB_IT_SepAccIndirect_Total|Investor type - Separate accounts investing indirectly total||Global Capital raised|Investor Type and Vehicle Type|q29||1072
q10COL4_Total_global|CURRENCY|GLOBAL TOTAL - Joint ventures and club deals|29_61|GLOBAL_InvestorType_JVs_Total|GLB_IT_JVs_Total|Investor type - Joint ventures and club deals total||Global Capital raised|Investor Type and Vehicle Type|q29||1073
q10COL5_Total_global|CURRENCY|GLOBAL TOTAL - Funds of funds|29_62|GLOBAL_InvestorType_FundsOfFunds_Total|GLB_IT_FOF_Total|Investor type - Funds of funds total||Global Capital raised|Investor Type and Vehicle Type|q29||1074
q10COL6_Total_global|CURRENCY|GLOBAL TOTAL - Non-listed debt products|29_63|GLOBAL_InvestorType_Debt_Total|GLB_IT_Debt_Total|Investor type - Non-listed debt products total||Global Capital raised|Investor Type and Vehicle Type|q29||1075
q10GRANDTotal_global|CURRENCY|GLOBAL TOTAL Capital Raised in 2021 for your Global strategy by investor type|29_64|GLOBAL_InvestorType_VehicleType_Total|GLB_IT_VT_Total|Investor type - Vehicle type total||Global Capital raised|Investor Type and Vehicle Type|q29||1076
_global||For your Global strategy*, how much institutional capital did your company raise for non-listed vehicles in 2021 by investor domicile (million)?|30|||||||q30||1077
q111_1_global|CURRENCY|GLOBAL: Asia Pacific - Non-listed/ commingled real estate funds/private REITs|30_1|GLOBAL_InvestorDomicileAsiaPacific_NonListedFunds|GLB_IDAPAC_NLF|Asia Pacific - Non-listed funds||Global Capital raised|Investor Type and Vehicle Type|q30||1078
q111_2_global|CURRENCY|GLOBAL: Asia Pacific - Separate accounts investing directly into real estate|30_2|GLOBAL_InvestorDomicileAsiaPacific_SeparateAccountsDirect|GLB_IDAPAC_SepAccDirect|Asia Pacific - Separate accounts investing directly||Global Capital raised|Investor Type and Vehicle Type|q30||1079
q111_3_global|CURRENCY|GLOBAL: Asia Pacific - Separate accounts investing into indirect vehicles|30_3|GLOBAL_InvestorDomicileAsiaPacific_SeparateAccountsIndirect|GLB_IDAPAC_SepAccIndirect|Asia Pacific - Separate accounts investing indirectly||Global Capital raised|Investor Type and Vehicle Type|q30||1080
q111_4_global|CURRENCY|GLOBAL: Asia Pacific - Joint ventures and club deals|30_4|GLOBAL_InvestorDomicileAsiaPacific_JVs|GLB_IDAPAC_JVs|Asia Pacific - Joint ventures and club deals||Global Capital raised|Investor Type and Vehicle Type|q30||1081
q111_5_global|CURRENCY|GLOBAL: Asia Pacific - Funds of funds|30_5|GLOBAL_InvestorDomicileAsiaPacific_FundsOfFunds|GLB_IDAPAC_FOF|Asia Pacific - Funds of funds||Global Capital raised|Investor Type and Vehicle Type|q30||1082
q111_6_global|CURRENCY|GLOBAL: Asia Pacific - Non-listed debt products|30_6|GLOBAL_InvestorDomicileAsiaPacific_Debt|GLB_IDAPAC_Debt|Asia Pacific - Non-listed debt products||Global Capital raised|Investor Type and Vehicle Type|q30||1083
q11ROW1_Total_global|CURRENCY|GLOBAL: Asia Pacific - TOTAL|30_7|GLOBAL_InvestorDomicileAsiaPacific_VehicleType_Total|GLB_IDAPAC_VT_Total|Asia Pacific - Vehicle type total||Global Capital raised|Investor Type and Vehicle Type|q30||1084
q112_1_global|CURRENCY|GLOBAL: Europe - Non-listed/ commingled real estate funds/private REITs|30_8|GLOBAL_InvestorDomicileEurope_NonListedFunds|GLB_IDEUR_NLF|Europe - Non-listed funds||Global Capital raised|Investor Type and Vehicle Type|q30||1085
q112_2_global|CURRENCY|GLOBAL: Europe - Separate accounts investing directly into real estate|30_9|GLOBAL_InvestorDomicileEurope_SeparateAccountsDirect|GLB_IDEUR_SepAccDirect|Europe - Separate accounts investing directly||Global Capital raised|Investor Type and Vehicle Type|q30||1086
q112_3_global|CURRENCY|GLOBAL: Europe - Separate accounts investing into indirect vehicles|30_10|GLOBAL_InvestorDomicileEurope_SeparateAccountsIndirect|GLB_IDEUR_SepAccIndirect|Europe - Separate accounts investing indirectly||Global Capital raised|Investor Type and Vehicle Type|q30||1087
q112_4_global|CURRENCY|GLOBAL: Europe - Joint ventures and club deals|30_11|GLOBAL_InvestorDomicileEurope_JVs|GLB_IDEUR_JVs|Europe - Joint ventures and club deals||Global Capital raised|Investor Type and Vehicle Type|q30||1088
q112_5_global|CURRENCY|GLOBAL: Europe - Funds of funds|30_12|GLOBAL_InvestorDomicileEurope_FundsOfFunds|GLB_IDEUR_FOF|Europe - Funds of funds||Global Capital raised|Investor Type and Vehicle Type|q30||1089
q112_6_global|CURRENCY|GLOBAL: Europe - Non-listed debt products|30_13|GLOBAL_InvestorDomicileEurope_Debt|GLB_IDEUR_Debt|Europe - Non-listed debt products||Global Capital raised|Investor Type and Vehicle Type|q30||1090
q11ROW2_Total_global|CURRENCY|GLOBAL: Europe - TOTAL|30_14|GLOBAL_InvestorDomicileEurope_VehicleType_Total|GLB_IDEUR_VT_Total|Europe - Vehicle type total||Global Capital raised|Investor Type and Vehicle Type|q30||1091
q113_1_global|CURRENCY|GLOBAL: North America - Non-listed/ commingled real estate funds/private REITs|30_15|GLOBAL_InvestorDomicileNorthAmerica_NonListedFunds|GLB_IDNA_NLF|North America - Non-listed funds||Global Capital raised|Investor Type and Vehicle Type|q30||1092
q113_2_global|CURRENCY|GLOBAL: North America - Separate accounts investing directly into real estate|30_16|GLOBAL_InvestorDomicileNorthAmerica_SeparateAccountsDirect|GLB_IDNA_SepAccDirect|North America - Separate accounts investing directly||Global Capital raised|Investor Type and Vehicle Type|q30||1093
q113_3_global|CURRENCY|GLOBAL: North America - Separate accounts investing into indirect vehicles|30_17|GLOBAL_InvestorDomicileNorthAmerica_SeparateAccountsIndirect|GLB_IDNA_SepAccIndirect|North America - Separate accounts investing indirectly||Global Capital raised|Investor Type and Vehicle Type|q30||1094
q113_4_global|CURRENCY|GLOBAL: North America - Joint ventures and club deals|30_18|GLOBAL_InvestorDomicileNorthAmerica_JVs|GLB_IDNA_JVs|North America - Joint ventures and club deals||Global Capital raised|Investor Type and Vehicle Type|q30||1095
q113_5_global|CURRENCY|GLOBAL: North America - Funds of funds|30_19|GLOBAL_InvestorDomicileNorthAmerica_FundsOfFunds|GLB_IDNA_FOF|North America - Funds of funds||Global Capital raised|Investor Type and Vehicle Type|q30||1096
q113_6_global|CURRENCY|GLOBAL: North America - Non-listed debt products|30_20|GLOBAL_InvestorDomicileNorthAmerica_Debt|GLB_IDNA_Debt|North America - Non-listed debt products||Global Capital raised|Investor Type and Vehicle Type|q30||1097
q11ROW3_Total_global|CURRENCY|GLOBAL: North America - TOTAL|30_21|GLOBAL_InvestorDomicileNorthAmerica_VehicleType_Total|GLB_IDNA_VT_Total|North America - Vehicle type total||Global Capital raised|Investor Type and Vehicle Type|q30||1098
q114_1_global|CURRENCY|GLOBAL: South America - Non-listed/ commingled real estate funds/private REITs|30_22|GLOBAL_InvestorDomicileSouthAmerica_NonListedFunds|GLB_IDSA_NLF|South America - Non-listed funds||Global Capital raised|Investor Type and Vehicle Type|q30||1099
q114_2_global|CURRENCY|GLOBAL: South America - Separate accounts investing directly into real estate|30_23|GLOBAL_InvestorDomicileSouthAmerica_SeparateAccountsDirect|GLB_IDSA_SepAccDirect|South America - Separate accounts investing directly||Global Capital raised|Investor Type and Vehicle Type|q30||1100
q114_3_global|CURRENCY|GLOBAL: South America - Separate accounts investing into indirect vehicles|30_24|GLOBAL_InvestorDomicileSouthAmerica_SeparateAccountsIndirect|GLB_IDSA_SepAccIndirect|South America - Separate accounts investing indirectly||Global Capital raised|Investor Type and Vehicle Type|q30||1101
q114_4_global|CURRENCY|GLOBAL: South America - Joint ventures and club deals|30_25|GLOBAL_InvestorDomicileSouthAmerica_JVs|GLB_IDSA_JVs|South America - Joint ventures and club deals||Global Capital raised|Investor Type and Vehicle Type|q30||1102
q114_5_global|CURRENCY|GLOBAL: South America - Funds of funds|30_26|GLOBAL_InvestorDomicileSouthAmerica_FundsOfFunds|GLB_IDSA_FOF|South America - Funds of funds||Global Capital raised|Investor Type and Vehicle Type|q30||1103
q114_6_global|CURRENCY|GLOBAL: South America - Non-listed debt products|30_27|GLOBAL_InvestorDomicileSouthAmerica_Debt|GLB_IDSA_Debt|South America - Non-listed debt products||Global Capital raised|Investor Type and Vehicle Type|q30||1104
q11ROW4_Total_global|CURRENCY|GLOBAL: South America - TOTAL|30_28|GLOBAL_InvestorDomicileSouthAmerica_VehicleType_Total|GLB_IDSA_VT_Total|South America - Vehicle type total||Global Capital raised|Investor Type and Vehicle Type|q30||1105
q115_1_global|CURRENCY|GLOBAL: Africa - Non-listed/ commingled real estate funds/private REITs|30_29|GLOBAL_InvestorDomicileAfrica_NonListedFunds|GLB_IDAFR_NLF|Africa - Non-listed funds||Global Capital raised|Investor Type and Vehicle Type|q30||1106
q115_2_global|CURRENCY|GLOBAL: Africa - Separate accounts investing directly into real estate|30_30|GLOBAL_InvestorDomicileAfrica_SeparateAccountsDirect|GLB_IDAFR_SepAccDirect|Africa - Separate accounts investing directly||Global Capital raised|Investor Type and Vehicle Type|q30||1107
q115_3_global|CURRENCY|GLOBAL: Africa - Separate accounts investing into indirect vehicles|30_31|GLOBAL_InvestorDomicileAfrica_SeparateAccountsIndirect|GLB_IDAFR_SepAccIndirect|Africa - Separate accounts investing indirectly||Global Capital raised|Investor Type and Vehicle Type|q30||1108
q115_4_global|CURRENCY|GLOBAL: Africa - Joint ventures and club deals|30_32|GLOBAL_InvestorDomicileAfrica_JVs|GLB_IDAFR_JVs|Africa - Joint ventures and club deals||Global Capital raised|Investor Type and Vehicle Type|q30||1109
q115_5_global|CURRENCY|GLOBAL: Africa - Funds of funds|30_33|GLOBAL_InvestorDomicileAfrica_FundsOfFunds|GLB_IDAFR_FOF|Africa - Funds of funds||Global Capital raised|Investor Type and Vehicle Type|q30||1110
q115_6_global|CURRENCY|GLOBAL: Africa - Non-listed debt products|30_34|GLOBAL_InvestorDomicileAfrica_Debt|GLB_IDAFR_Debt|Africa - Non-listed debt products||Global Capital raised|Investor Type and Vehicle Type|q30||1111
q11ROW5_Total_global|CURRENCY|GLOBAL: Africa - TOTAL|30_35|GLOBAL_InvestorDomicileAfrica_VehicleType_Total|GLB_IDAFR_VT_Total|Africa - Vehicle type total||Global Capital raised|Investor Type and Vehicle Type|q30||1112
q11COL1_Total_global|CURRENCY|GLOBAL: TOTAL - Non-listed/ commingled real estate funds/private REITs|30_36|GLOBAL_InvestorDomicile_NonListedFunds_Total|GLB_ID_NLF_Total|Investor domicile total - Non-listed funds||Global Capital raised|Investor Type and Vehicle Type|q30||1113
q11COL2_Total_global|CURRENCY|GLOBAL: TOTAL - Separate accounts investing directly into real estate|30_37|GLOBAL_InvestorDomicile_SeparateAccountsDirect_Total|GLB_ID_SepAccDirect_Total|Investor domicile total - Separate accounts investing directly||Global Capital raised|Investor Type and Vehicle Type|q30||1114
q11COL3_Total_global|CURRENCY|GLOBAL: TOTAL - Separate accounts investing into indirect vehicles|30_38|GLOBAL_InvestorDomicile_SeparateAccountsIndirect_Total|GLB_ID_SepAccIndirect_Total|Investor domicile total - Separate accounts investing indirectly||Global Capital raised|Investor Type and Vehicle Type|q30||1115
q11COL4_Total_global|CURRENCY|GLOBAL: TOTAL - Joint ventures and club deals|30_39|GLOBAL_InvestorDomicile_JVs_Total|GLB_ID_JVs_Total|Investor domicile total - Joint ventures and club deals||Global Capital raised|Investor Type and Vehicle Type|q30||1116
q11COL5_Total_global|CURRENCY|GLOBAL: TOTAL - Funds of funds|30_40|GLOBAL_InvestorDomicile_FundsOfFunds_Total|GLB_ID_FOF_Total|Investor domicile total - Funds of funds||Global Capital raised|Investor Type and Vehicle Type|q30||1117
q11COL6_Total_global|CURRENCY|GLOBAL: TOTAL - Non-listed debt products|30_41|GLOBAL_InvestorDomicile_Debt_Total|GLB_ID_Debt_Total|Investor domicile total - Non-listed debt products||Global Capital raised|Investor Type and Vehicle Type|q30||1118
q11GRANDTotal_global|CURRENCY|GLOBAL TOTAL Capital Raised in 2021 for your Global strategy by investor domicile|30_42|GLOBAL_InvestorDomicile_VehicleType_Total|GLB_ID_VT_Total|Investor domicile total - Vehicle type total||Global Capital raised|Investor Type and Vehicle Type|q30||1119
_global||For your Global strategy*, how much institutional capital did your company raise for non-listed vehicles in 2021 by sector strategy (million)?|31|||||||q31||1120
q161_1_global|CURRENCY|GLOBAL: (Single) Office - Non-listed/ commingled real estate funds/private REITs|31_1|GLOBAL_NonListedFunds_SingleSectorOffice|GLB_NLF_SSOffice|Non-listed funds - Single sector office||Global  Capital raised|Sector Strategy and Vehicle Type|q31||1121
q161_2_global|CURRENCY|GLOBAL: (Single) Office - Separate accounts investing directly into real estate|31_2|GLOBAL_SeparateAccountsDirect_SingleSectorOffice|GLB_SepAccDirect_SSOffice|Separate accounts investing directly - Single sector office||Global  Capital raised|Sector Strategy and Vehicle Type|q31||1122
q161_3_global|CURRENCY|GLOBAL: (Single) Office - Separate accounts investing into indirect vehicles|31_3|GLOBAL_SeparateAccountsIndirect_SingleSectorOffice|GLB_SepAccIndirect_SSOffice|Separate accounts investing indirectly - Single sector office||Global  Capital raised|Sector Strategy and Vehicle Type|q31||1123
q161_4_global|CURRENCY|GLOBAL: (Single) Office - Joint ventures and club deals|31_4|GLOBAL_JVs_SingleSectorOffice|GLB_JVs_SSOffice|Joint ventures and club deals - Single sector office||Global  Capital raised|Sector Strategy and Vehicle Type|q31||1124
q161_5_global|CURRENCY|GLOBAL: (Single) Office - Funds of funds|31_5|GLOBAL_FundsOfFunds_SingleSectorOffice|GLB_FOF_SSOffice|Funds of funds - Single sector office||Global  Capital raised|Sector Strategy and Vehicle Type|q31||1125
q161_6_global|CURRENCY|GLOBAL: (Single) Office - Non-listed debt products|31_6|GLOBAL_Debt_SingleSectorOffice|GLB_Debt_SSOffice|Non-listed debt products - Single sector office||Global  Capital raised|Sector Strategy and Vehicle Type|q31||1126
q16ROW1_Total_global|CURRENCY|GLOBAL: (Single) Office - TOTAL|31_7|GLOBAL_NonListedVehicles_SingleSectorOffice_Total|GLB_NLV_SSOffice_Total|Non-listed vehicles total - Single sector office||Global  Capital raised|Sector Strategy and Vehicle Type|q31||1127
q162_1_global|CURRENCY|GLOBAL: (Single) Retail - Non-listed/ commingled real estate funds/private REITs|31_8|GLOBAL_NonListedFunds_SingleSectorRetail|GLB_NLF_SSRetail|Non-listed funds - Single sector retail||Global  Capital raised|Sector Strategy and Vehicle Type|q31||1128
q162_2_global|CURRENCY|GLOBAL: (Single) Retail - Separate accounts investing directly into real estate|31_9|GLOBAL_SeparateAccountsDirect_SingleSectorRetail|GLB_SepAccDirect_SSRetail|Separate accounts investing directly - Single sector retail||Global  Capital raised|Sector Strategy and Vehicle Type|q31||1129
q162_3_global|CURRENCY|GLOBAL: (Single) Retail - Separate accounts investing into indirect vehicles|31_10|GLOBAL_SeparateAccountsIndirect_SingleSectorRetail|GLB_SepAccIndirect_SSRetail|Separate accounts investing indirectly - Single sector retail||Global  Capital raised|Sector Strategy and Vehicle Type|q31||1130
q162_4_global|CURRENCY|GLOBAL: (Single) Retail - Joint ventures and club deals|31_11|GLOBAL_JVs_SingleSectorRetail|GLB_JVs_SSRetail|Joint ventures and club deals - Single sector retail||Global  Capital raised|Sector Strategy and Vehicle Type|q31||1131
q162_5_global|CURRENCY|GLOBAL: (Single) Retail - Funds of funds|31_12|GLOBAL_FundsOfFunds_SingleSectorRetail|GLB_FOF_SSRetail|Funds of funds - Single sector retail||Global  Capital raised|Sector Strategy and Vehicle Type|q31||1132
q162_6_global|CURRENCY|GLOBAL: (Single) Retail - Non-listed debt products|31_13|GLOBAL_Debt_SingleSectorRetail|GLB_Debt_SSRetail|Non-listed debt products - Single sector retail||Global  Capital raised|Sector Strategy and Vehicle Type|q31||1133
q16ROW2_Total_global|CURRENCY|GLOBAL: (Single) Retail - TOTAL|31_14|GLOBAL_NonListedVehicles_SingleSectorRetail_Total|GLB_NLV_SSRetail_Total|Non-listed vehicles total - Single sector retail||Global  Capital raised|Sector Strategy and Vehicle Type|q31||1134
q163_1_global|CURRENCY|GLOBAL: (Single) Industrial / logistics - Non-listed/ commingled real estate funds/private REITs|31_15|GLOBAL_NonListedFunds_SingleSectorIndustrial/Logistics|GLB_NLF_SSInd/Log|Non-listed funds - Single sector industrial/logistics||Global  Capital raised|Sector Strategy and Vehicle Type|q31||1135
q163_2_global|CURRENCY|GLOBAL: (Single) Industrial / logistics - Separate accounts investing directly into real estate|31_16|GLOBAL_SeparateAccountsDirect_SingleSectorIndustrial/Logistics|GLB_SepAccDirect_SSInd/Log|Separate accounts investing directly - Single sector industrial/logistics||Global  Capital raised|Sector Strategy and Vehicle Type|q31||1136
q163_3_global|CURRENCY|GLOBAL: (Single) Industrial / logistics - Separate accounts investing into indirect vehicles|31_17|GLOBAL_SeparateAccountsIndirect_SingleSectorIndustrial/Logistics|GLB_SepAccIndirect_SSInd/Log|Separate accounts investing indirectly - Single sector industrial/logistics||Global  Capital raised|Sector Strategy and Vehicle Type|q31||1137
q163_4_global|CURRENCY|GLOBAL: (Single) Industrial / logistics - Joint ventures and club deals|31_18|GLOBAL_JVs_SingleSectorIndustrial/Logistics|GLB_JVs_SSInd/Log|Joint ventures and club deals - Single sector industrial/logistics||Global  Capital raised|Sector Strategy and Vehicle Type|q31||1138
q163_5_global|CURRENCY|GLOBAL: (Single) Industrial / logistics - Funds of funds|31_19|GLOBAL_FundsOfFunds_SingleSectorIndustrial/Logistics|GLB_FOF_SSInd/Log|Funds of funds - Single sector industrial/logistics||Global  Capital raised|Sector Strategy and Vehicle Type|q31||1139
q163_6_global|CURRENCY|GLOBAL: (Single) Industrial / logistics - Non-listed debt products|31_20|GLOBAL_Debt_SingleSectorIndustrial/Logistics|GLB_Debt_SSInd/Log|Non-listed debt products - Single sector industrial/logistics||Global  Capital raised|Sector Strategy and Vehicle Type|q31||1140
q16ROW3_Total_global|CURRENCY|GLOBAL: (Single) Industrial / logistics - TOTAL|31_21|GLOBAL_NonListedVehicles_SingleSectorIndustrial/Logistics_Total|GLB_NLV_SSInd/Log_Total|Non-listed vehicles total - Single sector industrial/logistics||Global  Capital raised|Sector Strategy and Vehicle Type|q31||1141
q164_1_global|CURRENCY|GLOBAL: (Single) Residential / multi-family / apartments - Non-listed/ commingled real estate funds/private REITs|31_22|GLOBAL_NonListedFunds_SingleSectorResidential/Multifamily/Apartments|GLB_NLF_SSResidential|Non-listed funds - Single sector residential/multifamily/ apartment||Global  Capital raised|Sector Strategy and Vehicle Type|q31||1142
q164_2_global|CURRENCY|GLOBAL: (Single) Residential / multi-family / apartments - Separate accounts investing directly into real estate|31_23|GLOBAL_SeparateAccountsDirect_SingleSectorResidential/Multifamily/Apartments|GLB_SepAccDirect_SSResidential|Separate accounts investing directly - Single sector residential/multifamily/ apartment||Global  Capital raised|Sector Strategy and Vehicle Type|q31||1143
q164_3_global|CURRENCY|GLOBAL: (Single) Residential / multi-family / apartments - Separate accounts investing into indirect vehicles|31_24|GLOBAL_SeparateAccountsIndirect_SingleSectorResidential/Multifamily/Apartments|GLB_SepAccIndirect_SSResidential|Separate accounts investing indirectly - Single sector residential/multifamily/ apartment||Global  Capital raised|Sector Strategy and Vehicle Type|q31||1144
q164_4_global|CURRENCY|GLOBAL: (Single) Residential / multi-family / apartments - Joint ventures and club deals|31_25|GLOBAL_JVs_SingleSectorResidential/Multifamily/Apartments|GLB_JVs_SSResidential|Joint ventures and club deals - Single sector residential/multifamily/ apartment||Global  Capital raised|Sector Strategy and Vehicle Type|q31||1145
q164_5_global|CURRENCY|GLOBAL: (Single) Residential / multi-family / apartments - Funds of funds|31_26|GLOBAL_FundsOfFunds_SingleSectorResidential/Multifamily/Apartments|GLB_FOF_SSResidential|Funds of funds - Single sector residential/multifamily/ apartment||Global  Capital raised|Sector Strategy and Vehicle Type|q31||1146
q164_6_global|CURRENCY|GLOBAL: (Single) Residential / multi-family / apartments - Non-listed debt products|31_27|GLOBAL_Debt_SingleSectorResidential/Multifamily/Apartments|GLB_Debt_SSResidential|Non-listed debt products - Single sector residential/multifamily/ apartment||Global  Capital raised|Sector Strategy and Vehicle Type|q31||1147
q16ROW4_Total_global|CURRENCY|GLOBAL: (Single) Residential / multi-family / apartments - TOTAL|31_28|GLOBAL_NonListedVehicles_SingleSectorResidential/Multifamily/Apartments_Total|GLB_NLV_SSResidential_Total|Non-listed vehicles total - Single sector residential/multifamily/ apartment||Global  Capital raised|Sector Strategy and Vehicle Type|q31||1148
q165_1_global|CURRENCY|GLOBAL: (Single) Residential / multi-family / apartments - Non-listed/ commingled real estate funds/private REITs|31_29|GLOBAL_NonListedFunds_SingleSectorStudentHousing|GLB_NLF_SSStudHou|Non-listed funds - Single sector student housing||Global  Capital raised|Sector Strategy and Vehicle Type|q31||1149
q165_2_global|CURRENCY|GLOBAL: (Single) Residential / multi-family / apartments - Separate accounts investing directly into real estate|31_30|GLOBAL_SeparateAccountsDirect_SingleSectorStudentHousing|GLB_SepAccDirect_SSStudHou|Separate accounts investing directly - Single sector student housing||Global  Capital raised|Sector Strategy and Vehicle Type|q31||1150
q165_3_global|CURRENCY|GLOBAL: (Single) Residential / multi-family / apartments - Separate accounts investing into indirect vehicles|31_31|GLOBAL_SeparateAccountsIndirect_SingleSectorStudentHousing|GLB_SepAccIndirect_SSStudHou|Separate accounts investing indirectly - Single sector student housing||Global  Capital raised|Sector Strategy and Vehicle Type|q31||1151
q165_4_global|CURRENCY|GLOBAL: (Single) Residential / multi-family / apartments - Joint ventures and club deals|31_32|GLOBAL_JVs_SingleSectorStudentHousing|GLB_JVs_SSStudHou|Joint ventures and club deals - Single sector student housing||Global  Capital raised|Sector Strategy and Vehicle Type|q31||1152
q165_5_global|CURRENCY|GLOBAL: (Single) Residential / multi-family / apartments - Funds of funds|31_33|GLOBAL_FundsOfFunds_SingleSectorStudentHousing|GLB_FOF_SSStudHou|Funds of funds - Single sector student housing||Global  Capital raised|Sector Strategy and Vehicle Type|q31||1153
q165_6_global|CURRENCY|GLOBAL: (Single) Residential / multi-family / apartments - Non-listed debt products|31_34|GLOBAL_Debt_SingleSectorStudentHousing|GLB_Debt_SSStudHou|Non-listed debt products - Single sector student housing||Global  Capital raised|Sector Strategy and Vehicle Type|q31||1154
q16ROW5_Total_global|CURRENCY|GLOBAL: (Single) Residential / multi-family / apartments - TOTAL|31_35|GLOBAL_NonListedVehicles_SingleSectorStudentHousing_Total|GLB_NLV_SSStudHou_Total|Non-listed vehicles total - Single sector student housing||Global  Capital raised|Sector Strategy and Vehicle Type|q31||1155
q166_1_global|CURRENCY|GLOBAL: (Single) Senior living / aged care / health care - Non-listed/ commingled real estate funds/private REITs|31_36|GLOBAL_NonListedFunds_SingleSectorSeniorLiving/Agedcare/Healthcare|GLB_NLF_SSSenLiving|Non-listed funds - Single sector senior living/ aged care/ healthcare||Global  Capital raised|Sector Strategy and Vehicle Type|q31||1156
q166_2_global|CURRENCY|GLOBAL: (Single) Senior living / aged care / health care - Separate accounts investing directly into real estate|31_37|GLOBAL_SeparateAccountsDirect_SingleSectorSeniorLiving/Agedcare/Healthcare|GLB_SepAccDirect_SSSenLiving|Separate accounts investing directly - Single sector senior living/ aged care/ healthcare||Global  Capital raised|Sector Strategy and Vehicle Type|q31||1157
q166_3_global|CURRENCY|GLOBAL: (Single) Senior living / aged care / health care - Separate accounts investing into indirect vehicles|31_38|GLOBAL_SeparateAccountsIndirect_SingleSectorSeniorLiving/Agedcare/Healthcare|GLB_SepAccIndirect_SSSenLiving|Separate accounts investing indirectly - Single sector senior living/ aged care/ healthcare||Global  Capital raised|Sector Strategy and Vehicle Type|q31||1158
q166_4_global|CURRENCY|GLOBAL: (Single) Senior living / aged care / health care - Joint ventures and club deals|31_39|GLOBAL_JVs_SingleSectorSeniorLiving/Agedcare/Healthcare|GLB_JVs_SSSenLiving|Joint ventures and club deals - Single sector senior living/ aged care/ healthcare||Global  Capital raised|Sector Strategy and Vehicle Type|q31||1159
q166_5_global|CURRENCY|GLOBAL: (Single) Senior living / aged care / health care - Funds of funds|31_40|GLOBAL_FundsOfFunds_SingleSectorSeniorLiving/Agedcare/Healthcare|GLB_FOF_SSSenLiving|Funds of funds - Single sector senior living/ aged care/ healthcare||Global  Capital raised|Sector Strategy and Vehicle Type|q31||1160
q166_6_global|CURRENCY|GLOBAL: (Single) Senior living / aged care / health care - Non-listed debt products|31_41|GLOBAL_Debt_SingleSectorSeniorLiving/Agedcare/Healthcare|GLB_Debt_SSSenLiving|Non-listed debt products - Single sector senior living/ aged care/ healthcare||Global  Capital raised|Sector Strategy and Vehicle Type|q31||1161
q16ROW6_Total_global|CURRENCY|GLOBAL: (Single) Senior living / aged care / health care - TOTAL|31_42|GLOBAL_NonListedVehicles_SingleSectorSeniorLiving/Agedcare/Healthcare_Total|GLB_NLV_SSSenLiving_Total|Non-listed vehicles total - Single sector senior living/ aged care/ healthcare||Global  Capital raised|Sector Strategy and Vehicle Type|q31||1162
q167_1_global|CURRENCY|GLOBAL: (Single) Hotel / leisure - Non-listed/ commingled real estate funds/private REITs|31_43|GLOBAL_NonListedFunds_SingleSectorHotel/Leisure|GLB_NLF_SSHot/Lei|Non-listed funds - Single sector hotel/ leisure||Global  Capital raised|Sector Strategy and Vehicle Type|q31||1163
q167_2_global|CURRENCY|GLOBAL: (Single) Hotel / leisure - Separate accounts investing directly into real estate|31_44|GLOBAL_SeparateAccountsDirect_SingleSectorHotel/Leisure|GLB_SepAccDirect_SSHot/Lei|Separate accounts investing directly - Single sector hotel/ leisure||Global  Capital raised|Sector Strategy and Vehicle Type|q31||1164
q167_3_global|CURRENCY|GLOBAL: (Single) Hotel / leisure - Separate accounts investing into indirect vehicles|31_45|GLOBAL_SeparateAccountsIndirect_SingleSectorHotel/Leisure|GLB_SepAccIndirect_SSHot/Lei|Separate accounts investing indirectly - Single sector hotel/ leisure||Global  Capital raised|Sector Strategy and Vehicle Type|q31||1165
q167_4_global|CURRENCY|GLOBAL: (Single) Hotel / leisure - Joint ventures and club deals|31_46|GLOBAL_JVs_SingleSectorHotel/Leisure|GLB_JVs_SSHot/Lei|Joint ventures and club deals - Single sector hotel/ leisure||Global  Capital raised|Sector Strategy and Vehicle Type|q31||1166
q167_5_global|CURRENCY|GLOBAL: (Single) Hotel / leisure - Funds of funds|31_47|GLOBAL_FundsOfFunds_SingleSectorHotel/Leisure|GLB_FOF_SSHot/Lei|Funds of funds - Single sector hotel/ leisure||Global  Capital raised|Sector Strategy and Vehicle Type|q31||1167
q167_6_global|CURRENCY|GLOBAL: (Single) Hotel / leisure - Non-listed debt products|31_48|GLOBAL_Debt_SingleSectorHotel/Leisure|GLB_Debt_SSHot/Lei|Non-listed debt products - Single sector hotel/ leisure||Global  Capital raised|Sector Strategy and Vehicle Type|q31||1168
q16ROW7_Total_global|CURRENCY|GLOBAL: (Single) Hotel / leisure - TOTAL|31_49|GLOBAL_NonListedVehicles_SingleSectorHotel/Leisure_Total|GLB_NLV_SSHot/Lei_Total|Non-listed vehicles total - Single sector hotel/ leisure||Global  Capital raised|Sector Strategy and Vehicle Type|q31||1169
q168_1_global|CURRENCY|GLOBAL: (Single) Other (incl land, parking, self storage) - Non-listed/ commingled real estate funds/private REITs|31_50|GLOBAL_NonListedFunds_SingleSectorOther|GLB_NLF_SSOther|Non-listed funds - Single sector other||Global  Capital raised|Sector Strategy and Vehicle Type|q31||1170
q168_2_global|CURRENCY|GLOBAL: (Single) Other (incl land, parking, self storage) - Separate accounts investing directly into real estate|31_51|GLOBAL_SeparateAccountsDirect_SingleSectorOther|GLB_SepAccDirect_SSOther|Separate accounts investing directly - Single sector other||Global  Capital raised|Sector Strategy and Vehicle Type|q31||1171
q168_3_global|CURRENCY|GLOBAL: (Single) Other (incl land, parking, self storage) - Separate accounts investing into indirect vehicles|31_52|GLOBAL_SeparateAccountsIndirect_SingleSectorOther|GLB_SepAccIndirect_SSOther|Separate accounts investing indirectly - Single sector other||Global  Capital raised|Sector Strategy and Vehicle Type|q31||1172
q168_4_global|CURRENCY|GLOBAL: (Single) Other (incl land, parking, self storage) - Joint ventures and club deals|31_53|GLOBAL_JVs_SingleSectorOther|GLB_JVs_SSOther|Joint ventures and club deals - Single sector other||Global  Capital raised|Sector Strategy and Vehicle Type|q31||1173
q168_5_global|CURRENCY|GLOBAL: (Single) Other (incl land, parking, self storage) - Funds of funds|31_54|GLOBAL_FundsOfFunds_SingleSectorOther|GLB_FOF_SSOther|Funds of funds - Single sector other||Global  Capital raised|Sector Strategy and Vehicle Type|q31||1174
q168_6_global|CURRENCY|GLOBAL: (Single) Other (incl land, parking, self storage) - Non-listed debt products|31_55|GLOBAL_Debt_SingleSectorOther|GLB_Debt_SSOther|Non-listed debt products - Single sector other||Global  Capital raised|Sector Strategy and Vehicle Type|q31||1175
q16ROW8_Total_global|CURRENCY|GLOBAL: (Single) Other (incl land, parking, self storage) - TOTAL|31_56|GLOBAL_NonListedVehicles_SingleSectorOther_Total|GLB_NLV_SSOther_Total|Non-listed vehicles total - Single sector other||Global  Capital raised|Sector Strategy and Vehicle Type|q31||1176
q169_1_global|CURRENCY|GLOBAL: (Multi) Main sectors - Non-listed/ commingled real estate funds/private REITs|31_57|GLOBAL_NonListedFunds_MultiSectorMainSectors|GLB_NLF_MSMS|Non-listed funds - Multi sector main sectors ||Global  Capital raised|Sector Strategy and Vehicle Type|q31||1177
q169_2_global|CURRENCY|GLOBAL: (Multi) Main sectors - Separate accounts investing directly into real estate|31_58|GLOBAL_SeparateAccountsDirect_MultiSectorMainSectors|GLB_SepAccDirect_MSMS|Separate accounts investing directly - Multi sector main sectors||Global  Capital raised|Sector Strategy and Vehicle Type|q31||1178
q169_3_global|CURRENCY|GLOBAL: (Multi) Main sectors - Separate accounts investing into indirect vehicles|31_59|GLOBAL_SeparateAccountsIndirect_MultiSectorMainSectors|GLB_SepAccIndirect_MSMS|Separate accounts investing indirectly - Multi sector main sectors||Global  Capital raised|Sector Strategy and Vehicle Type|q31||1179
q169_4_global|CURRENCY|GLOBAL: (Multi) Main sectors - Joint ventures and club deals|31_60|GLOBAL_JVs_MultiSectorMainSectors|GLB_JVs_MSMS|Joint ventures and club deals - Multi sector main sectors||Global  Capital raised|Sector Strategy and Vehicle Type|q31||1180
q169_5_global|CURRENCY|GLOBAL: (Multi) Main sectors - Funds of funds|31_61|GLOBAL_FundsOfFunds_MultiSectorMainSectors|GLB_FOF_MSMS|Funds of funds - Multi sector main sectors||Global  Capital raised|Sector Strategy and Vehicle Type|q31||1181
q169_6_global|CURRENCY|GLOBAL: (Multi) Main sectors - Non-listed debt products|31_62|GLOBAL_Debt_MultiSectorMainSectors|GLB_Debt_MSMS|Non-listed debt products - Multi sector main sectors||Global  Capital raised|Sector Strategy and Vehicle Type|q31||1182
q16ROW9_Total_global|CURRENCY|GLOBAL: (Multi) Main sectors - TOTAL|31_63|GLOBAL_NonListedVehicles_MultiSectorMainSectors_Total|GLB_NLV_MSMS_Total|Non-listed vehicles total - Multi sector main sectors||Global  Capital raised|Sector Strategy and Vehicle Type|q31||1183
q1610_1_global|CURRENCY|GLOBAL: (Multi) Alternative sectors - Non-listed/ commingled real estate funds/private REITs|31_64|GLOBAL_NonListedFunds_MultiSectorAlternativeSectors|GLB_NLF_MSAS|Non-listed funds - Multi sector alternative sectors||Global  Capital raised|Sector Strategy and Vehicle Type|q31||1184
q1610_2_global|CURRENCY|GLOBAL: (Multi) Alternative sectors - Separate accounts investing directly into real estate|31_65|GLOBAL_SeparateAccountsDirect_MultiSectorAlternativeSectors|GLB_SepAccDirect_MSAS|Separate accounts investing directly - Multi sector alternative sectors||Global  Capital raised|Sector Strategy and Vehicle Type|q31||1185
q1610_3_global|CURRENCY|GLOBAL: (Multi) Alternative sectors - Separate accounts investing into indirect vehicles|31_66|GLOBAL_SeparateAccountsIndirect_MultiSectorAlternativeSectors|GLB_SepAccIndirect_MSAS|Separate accounts investing indirectly - Multi sector alternative sectors||Global  Capital raised|Sector Strategy and Vehicle Type|q31||1186
q1610_4_global|CURRENCY|GLOBAL: (Multi) Alternative sectors - Joint ventures and club deals|31_67|GLOBAL_JVs_MultiSectorAlternativeSectors|GLB_JVs_MSAS|Joint ventures and club deals - Multi sector alternative sectors||Global  Capital raised|Sector Strategy and Vehicle Type|q31||1187
q1610_5_global|CURRENCY|GLOBAL: (Multi) Alternative sectors - Funds of funds|31_68|GLOBAL_FundsOfFunds_MultiSectorAlternativeSectors|GLB_FOF_MSAS|Funds of funds - Multi sector alternative sectors||Global  Capital raised|Sector Strategy and Vehicle Type|q31||1188
q1610_6_global|CURRENCY|GLOBAL: (Multi) Alternative sectors - Non-listed debt products|31_69|GLOBAL_Debt_MultiSectorAlternativeSectors|GLB_Debt_MSAS|Non-listed debt products - Multi sector alternative sectors||Global  Capital raised|Sector Strategy and Vehicle Type|q31||1189
q16ROW10_Total_global|CURRENCY|GLOBAL: (Multi) Alternative sectors - TOTAL|31_70|GLOBAL_NonListedVehicles_MultiSectorAlternativeSectors_Total|GLB_NLV_MSAS_Total|Non-listed vehicles total - Multi sector alternative sectors||Global  Capital raised|Sector Strategy and Vehicle Type|q31||1190
q1611_1_global|CURRENCY|GLOBAL: (Multi) Mix of main and alternative - Non-listed/ commingled real estate funds/private REITs|31_71|GLOBAL_NonListedFunds_MultiSectorMixMainAlternativeSectors|GLB_NLF_MSMMAS|Non-listed funds - Multi sector mix of main and alternative sectors||Global  Capital raised|Sector Strategy and Vehicle Type|q31||1191
q1611_2_global|CURRENCY|GLOBAL: (Multi) Mix of main and alternative - Separate accounts investing directly into real estate|31_72|GLOBAL_SeparateAccountsDirect_MultiSectorMixMainAlternativeSectors|GLB_SepAccDirect_MSMMAS|Separate accounts investing directly - Multi sector mix of main and alternative sectors||Global  Capital raised|Sector Strategy and Vehicle Type|q31||1192
q1611_3_global|CURRENCY|GLOBAL: (Multi) Mix of main and alternative - Separate accounts investing into indirect vehicles|31_73|GLOBAL_SeparateAccountsIndirect_MultiSectorMixMainAlternativeSectors|GLB_SepAccIndirect_MSMMAS|Separate accounts investing indirectly - Multi sector mix of main and alternative sectors||Global  Capital raised|Sector Strategy and Vehicle Type|q31||1193
q1611_4_global|CURRENCY|GLOBAL: (Multi) Mix of main and alternative - Joint ventures and club deals|31_74|GLOBAL_JVs_MultiSectorMixMainAlternativeSectors|GLB_JVs_MSMMAS|Joint ventures and club deals - Multi sector mix of main and alternative sectors||Global  Capital raised|Sector Strategy and Vehicle Type|q31||1194
q1611_5_global|CURRENCY|GLOBAL: (Multi) Mix of main and alternative - Funds of funds|31_75|GLOBAL_FundsOfFunds_MultiSectorMixMainAlternativeSectors|GLB_FOF_MSMMAS|Funds of funds - Multi sector mix of main and alternative sectors||Global  Capital raised|Sector Strategy and Vehicle Type|q31||1195
q1611_6_global|CURRENCY|GLOBAL: (Multi) Mix of main and alternative - Non-listed debt products|31_76|GLOBAL_Debt_MultiSectorMixMainAlternativeSectors|GLB_Debt_MSMMAS|Non-listed debt products - Multi sector mix of main and alternative sectors||Global  Capital raised|Sector Strategy and Vehicle Type|q31||1196
q16ROW11_Total_global|CURRENCY|GLOBAL: (Multi) Mix of main and alternative - TOTAL|31_77|GLOBAL_NonListedVehicles_MultiSectorMixMainAlternativeSectors_Total|GLB_NLV_MSMMAS_Total|Non-listed vehicles total - Multi sector mix of main and alternative sectors||Global  Capital raised|Sector Strategy and Vehicle Type|q31||1197
q16COL1_Total_global|CURRENCY|TOTAL (GLOBAL): Non-listed/ commingled real estate funds/private REITs|31_78|GLOBAL_SectorStrategy_NonListedFunds_Total|GLB_SS_NLF_Total|Sector strategy total - Non-listed funds ||Global  Capital raised|Sector Strategy and Vehicle Type|q31||1198
q16COL2_Total_global|CURRENCY|TOTAL (GLOBAL): Separate accounts investing directly into real estate|31_79|GLOBAL_SectorStrategy_SeparateAccountsDirect_Total|GLB_SS_SepAccDirect_Total|Sector strategy total - Separate accounts investing directly||Global  Capital raised|Sector Strategy and Vehicle Type|q31||1199
q16COL3_Total_global|CURRENCY|TOTAL (GLOBAL): Separate accounts investing into indirect vehicles|31_80|GLOBAL_SectorStrategy_SeparateAccountsIndirect_Total|GLB_SS_SepAccIndirect_Total|Sector strategy total - Separate accounts investing indirectly||Global  Capital raised|Sector Strategy and Vehicle Type|q31||1200
q16COL4_Total_global|CURRENCY|TOTAL (GLOBAL): Joint ventures and club deals|31_81|GLOBAL_SectorStrategy_JVs_Total|GLB_SS_JVs_Total|Sector strategy total - Joint ventures and club deals||Global  Capital raised|Sector Strategy and Vehicle Type|q31||1201
q16COL5_Total_global|CURRENCY|TOTAL (GLOBAL): Funds of funds|31_82|GLOBAL_SectorStrategy_FundsOfFunds_Total|GLB_SS_FOF_Total|Sector strategy total - Funds of funds ||Global  Capital raised|Sector Strategy and Vehicle Type|q31||1202
q16COL6_Total_global|CURRENCY|TOTAL (GLOBAL): Non-listed debt products|31_83|GLOBAL_SectorStrategy_Debt_Total|GLB_SS_Debt_Total|Sector strategy total - Non-listed debt products||Global  Capital raised|Sector Strategy and Vehicle Type|q31||1203
q16GRANDTotal_global|CURRENCY|GLOBAL: Total raised for your Global strategy by sector strategy in 2021|31_84|GLOBAL_SectorStrategy_NonListedVehicles_Total|GLB_SS_NLV_Total|Sector strategy total - Non-listed vehicles total||Global  Capital raised|Sector Strategy and Vehicle Type|q31||1204
_global||For your Global strategy*, how much institutional capital did your company raise for non-listed vehicles in 2021 by country strategy (million)?|32|||||||q32||1205
q171_1_global|CURRENCY|GLOBAL: Single country strategy - Non-listed/ commingled real estate funds/private REITs|32_1|GLOBAL_NonListedFunds_SingleCountry|GLB_NLF_SC|Non-listed funds - Single country||Global  Capital raised|Country Strategy and Vehicle Type|q32||1206
q171_2_global|CURRENCY|GLOBAL: Single country strategy  - Separate accounts investing directly into real estate|32_2|GLOBAL_SeparateAccountsDirect_SingleCountry|GLB_SepAccDirect_SC|Separate accounts investing directly - Single country||Global  Capital raised|Country Strategy and Vehicle Type|q32||1207
q171_3_global|CURRENCY|GLOBAL: Single country strategy  - Separate accounts investing into indirect vehicles|32_3|GLOBAL_SeparateAccountsIndirect_SingleCountry|GLB_SepAccIndirect_SC|Separate accounts investing indirectly - Single country||Global  Capital raised|Country Strategy and Vehicle Type|q32||1208
q171_4_global|CURRENCY|GLOBAL: Single country strategy  - Joint ventures and club deals|32_4|GLOBAL_JVs_SingleCountry|GLB_JVs_SC|Joint ventures and club deals - Single country||Global  Capital raised|Country Strategy and Vehicle Type|q32||1209
q171_5_global|CURRENCY|GLOBAL: Single country strategy  - Funds of funds|32_5|GLOBAL_FundsOfFunds_SingleCountry|GLB_FOF_SC|Funds of funds - Single country||Global  Capital raised|Country Strategy and Vehicle Type|q32||1210
q171_6_global|CURRENCY|GLOBAL: Single country strategy  - Non-listed debt products|32_6|GLOBAL_Debt_SingleCountry|GLB_Debt_SC|Non-listed debt products - Single country||Global  Capital raised|Country Strategy and Vehicle Type|q32||1211
q17ROW1_Total_global|CURRENCY|GLOBAL: Single country strategy  - TOTAL|32_7|GLOBAL_NonListedVehicles_SingleCountry_Total|GLB_NLV_SC|Non-listed vehicles total - Single country||Global  Capital raised|Country Strategy and Vehicle Type|q32||1212
q172_1_global|CURRENCY|GLOBAL: Multi country strategy - Non-listed/ commingled real estate funds/private REITs|32_8|GLOBAL_NonListedFunds_MultiCountry|GLB_NLF_MC|Non-listed funds - Multi country||Global  Capital raised|Country Strategy and Vehicle Type|q32||1213
q172_2_global|CURRENCY|GLOBAL: Multi country strategy  - Separate accounts investing directly into real estate|32_9|GLOBAL_SeparateAccountsDirect_MultiCountry|GLB_SepAccDirect_MC|Separate accounts investing directly - Multi country||Global  Capital raised|Country Strategy and Vehicle Type|q32||1214
q172_3_global|CURRENCY|GLOBAL: Multi country strategy  - Separate accounts investing into indirect vehicles|32_10|GLOBAL_SeparateAccountsIndirect_MultiCountry|GLB_SepAccIndirect_MC|Separate accounts investing indirectly - Multi country||Global  Capital raised|Country Strategy and Vehicle Type|q32||1215
q172_4_global|CURRENCY|GLOBAL: Multi country strategy  - Joint ventures and club deals|32_11|GLOBAL_JVs_MultiCountry|GLB_JVs_MC|Joint ventures and club deals - Multi country||Global  Capital raised|Country Strategy and Vehicle Type|q32||1216
q172_5_global|CURRENCY|GLOBAL: Multi country strategy  - Funds of funds|32_12|GLOBAL_FundsOfFunds_MultiCountry|GLB_FOF_MC|Funds of funds - Multi country||Global  Capital raised|Country Strategy and Vehicle Type|q32||1217
q172_6_global|CURRENCY|GLOBAL: Multi country strategy  - Non-listed debt products|32_13|GLOBAL_Debt_MultiCountry|GLB_Debt_MC|Non-listed debt products - Multi country||Global  Capital raised|Country Strategy and Vehicle Type|q32||1218
q17ROW2_Total_global|CURRENCY|GLOBAL: Multi country strategy  - TOTAL|32_14|GLOBAL_NonListedVehicles_MultiCountry_Total|GLB_NLV_MC|Non-listed vehicles total - Multi country||Global  Capital raised|Country Strategy and Vehicle Type|q32||1219
q17COL1_Total_global|CURRENCY|TOTAL (GLOBAL): Non-listed/ commingled real estate funds/private REITs|32_15|GLOBAL_CountryStrategy_NonListedFunds_Total|GLB_CS_NLF_Total|Country strategy total - Non-listed funds ||Global  Capital raised|Country Strategy and Vehicle Type|q32||1220
q17COL2_Total_global|CURRENCY|TOTAL (GLOBAL): Separate accounts investing directly into real estate|32_16|GLOBAL_CountryStrategy_SeparateAccountsDirect_Total|GLB_CS_SepAccDirect_Total|Country strategy total - Separate accounts investing directly||Global  Capital raised|Country Strategy and Vehicle Type|q32||1221
q17COL3_Total_global|CURRENCY|TOTAL (GLOBAL): Separate accounts investing into indirect vehicles|32_17|GLOBAL_CountryStrategy_SeparateAccountsIndirect_Total|GLB_CS_SepAccIndirect_Total|Country strategy total - Separate accounts investing indirectly||Global  Capital raised|Country Strategy and Vehicle Type|q32||1222
q17COL4_Total_global|CURRENCY|TOTAL (GLOBAL): Joint ventures and club deals|32_18|GLOBAL_CountryStrategy_JVs_Total|GLB_CS_JVs_Total|Country strategy total - Joint ventures and club deals||Global  Capital raised|Country Strategy and Vehicle Type|q32||1223
q17COL5_Total_global|CURRENCY|TOTAL (GLOBAL): Funds of funds|32_19|GLOBAL_CountryStrategy_FundsOfFunds_Total|GLB_CS_FOF_Total|Country strategy total - Funds of funds ||Global  Capital raised|Country Strategy and Vehicle Type|q32||1224
q17COL6_Total_global|CURRENCY|TOTAL (GLOBAL): Non-listed debt products|32_20|GLOBAL_CountryStrategy_Debt_Total|GLB_CS_Debt_Total|Country strategy total - Non-listed debt products||Global  Capital raised|Country Strategy and Vehicle Type|q32||1225
q17GRANDTotal_global|CURRENCY|GLOBAL: Total raised for your Global strategy by country strategy in 2021|32_21|GLOBAL_CountryStrategy_NonListedVehicles_Total|GLB_CS_NLV_Total|Country strategy total - Non-listed vehicles total||Global  Capital raised|Country Strategy and Vehicle Type|q32||1226
_global||For your Global strategy*, how much institutional capital did your company raise for non-listed vehicles in 2021 by investment style (million)?|33|||||||q33||1227
q151_1_global|CURRENCY|GLOBAL: Core / Senior debt - Non-listed/ commingled real estate funds/private REITs|33_1|GLOBAL_NonListedFunds_Core/SeniorDebt|GLB_NLF_Core|Non-listed funds - Core/ senior debt||Global Capital raised|Investor Type and Vehicle Type|q33||1228
q151_2_global|CURRENCY|GLOBAL: Core / Senior debt - Separate accounts investing directly into real estate|33_2|GLOBAL_SeparateAccountsDirect_Core/SeniorDebt|GLB_SepAccDirect_Core|Separate accounts investing directly - Core/ senior debt||Global Capital raised|Investor Type and Vehicle Type|q33||1229
q151_3_global|CURRENCY|GLOBAL: Core / Senior debt - Separate accounts investing into indirect vehicles|33_3|GLOBAL_SeparateAccountsIndirect_Core/SeniorDebt|GLB_SepAccIndirect_Core|Separate accounts investing indirectly - Core/ senior debt||Global Capital raised|Investor Type and Vehicle Type|q33||1230
q151_4_global|CURRENCY|GLOBAL: Core / Senior debt - Joint ventures and club deals|33_4|GLOBAL_JVs_Core/SeniorDebt|GLB_JVs_Core|Joint ventures and club deals - Core/ senior debt||Global Capital raised|Investor Type and Vehicle Type|q33||1231
q151_5_global|CURRENCY|GLOBAL: Core / Senior debt - Funds of funds|33_5|GLOBAL_FundsOfFunds_Core/SeniorDebt|GLB_FOF_Core|Funds of funds - Core/ senior debt||Global Capital raised|Investor Type and Vehicle Type|q33||1232
q151_6_global|CURRENCY|GLOBAL: Core / Senior debt - Non-listed debt products|33_6|GLOBAL_Debt_Core/SeniorDebt|GLB_Debt_Core|Non-listed debt products - Core/ senior debt||Global Capital raised|Investor Type and Vehicle Type|q33||1233
q15ROW1_Total_global|CURRENCY|GLOBAL: TOTAL Core / Senior debt|33_7|GLOBAL_NonListedVehicles_Core/SeniorDebt_Total|GLB_NLV_Core_Total|Non-listed vehicles total - Value added/ junior and subordinated debt ||Global Capital raised|Investor Type and Vehicle Type|q33||1234
q152_1_global|CURRENCY|GLOBAL: Value added / Junior and other subordinated debt - Non-listed/ commingled real estate funds/private REITs|33_8|GLOBAL_NonListedFunds_ValueAdded/JuniorAndSubordinatedDebt|GLB_NLF_ValAdd|Non-listed funds - Value added/ junior and subordinated debt ||Global Capital raised|Investor Type and Vehicle Type|q33||1235
q152_2_global|CURRENCY|GLOBAL: Value added / Junior and other subordinated debt - Separate accounts investing directly into real estate|33_9|GLOBAL_SeparateAccountsDirect_ValueAdded/JuniorAndSubordinatedDebt|GLB_SepAccDirect_ValAdd|Separate accounts investing directly - Value added/ junior and subordinated debt ||Global Capital raised|Investor Type and Vehicle Type|q33||1236
q152_3_global|CURRENCY|GLOBAL: Value added / Junior and other subordinated debt - Separate accounts investing into indirect vehicles|33_10|GLOBAL_SeparateAccountsIndirect_ValueAdded/JuniorAndSubordinatedDebt|GLB_SepAccIndirect_ValAdd|Separate accounts investing indirectly - Value added/ junior and subordinated debt ||Global Capital raised|Investor Type and Vehicle Type|q33||1237
q152_4_global|CURRENCY|GLOBAL: Value added / Junior and other subordinated debt - Joint ventures and club deals|33_11|GLOBAL_JVs_ValueAdded/JuniorAndSubordinatedDebt|GLB_JVs_ValAdd|Joint ventures and club deals - Value added/ junior and subordinated debt ||Global Capital raised|Investor Type and Vehicle Type|q33||1238
q152_5_global|CURRENCY|GLOBAL: Value added / Junior and other subordinated debt - Funds of funds|33_12|GLOBAL_FundsOfFunds_ValueAdded/JuniorAndSubordinatedDebt|GLB_FOF_ValAdd|Funds of funds - Value added/ junior and subordinated debt ||Global Capital raised|Investor Type and Vehicle Type|q33||1239
q152_6_global|CURRENCY|GLOBAL: Value added / Junior and other subordinated debt - Non-listed debt products|33_13|GLOBAL_Debt_ValueAdded/JuniorAndSubordinatedDebt|GLB_Debt_ValAdd|Non-listed debt products - Value added/ junior and subordinated debt ||Global Capital raised|Investor Type and Vehicle Type|q33||1240
q15ROW2_Total_global|CURRENCY|GLOBAL: TOTAL Value added / Junior and other subordinated debt|33_14|GLOBAL_NonListedVehicles_ValueAdded/JuniorAndSubordinatedDebt_Total|GLB_NLV_ValAdd_Total|Non-listed vehicles total - Value added/ junior and subordinated debt ||Global Capital raised|Investor Type and Vehicle Type|q33||1241
q153_1_global|CURRENCY|GLOBAL: Opportunistic / Mezzanine debt - Non-listed/ commingled real estate funds/private REITs|33_15|GLOBAL_NonListedFunds_Opportunistic/MezzanineDebt|GLB_NLF_Opp|Non-listed funds - Opportunistic/ mezzanine debt||Global Capital raised|Investor Type and Vehicle Type|q33||1242
q153_2_global|CURRENCY|GLOBAL: Opportunistic / Mezzanine debt - Separate accounts investing directly into real estate|33_16|GLOBAL_SeparateAccountsDirect_Opportunistic/MezzanineDebt|GLB_SepAccDirect_Opp|Separate accounts investing directly - Opportunistic/ mezzanine debt||Global Capital raised|Investor Type and Vehicle Type|q33||1243
q153_3_global|CURRENCY|GLOBAL: Opportunistic / Mezzanine debt - Separate accounts investing into indirect vehicles|33_17|GLOBAL_SeparateAccountsIndirect_Opportunistic/MezzanineDebt|GLB_SepAccIndirect_Opp|Separate accounts investing indirectly - Opportunistic/ mezzanine debt||Global Capital raised|Investor Type and Vehicle Type|q33||1244
q153_4_global|CURRENCY|GLOBAL: Opportunistic / Mezzanine debt - Joint ventures and club deals|33_18|GLOBAL_JVs_Opportunistic/MezzanineDebt|GLB_JVs_Opp|Joint ventures and club deals - Opportunistic/ mezzanine debt||Global Capital raised|Investor Type and Vehicle Type|q33||1245
q153_5_global|CURRENCY|GLOBAL: Opportunistic / Mezzanine debt - Funds of funds|33_19|GLOBAL_FundsOfFunds_Opportunistic/MezzanineDebt|GLB_FOF_Opp|Funds of funds - Opportunistic/ mezzanine debt||Global Capital raised|Investor Type and Vehicle Type|q33||1246
q153_6_global|CURRENCY|GLOBAL: Opportunistic / Mezzanine debt - Non-listed debt products|33_20|GLOBAL_Debt_Opportunistic/MezzanineDebt|GLB_Debt_Opp|Non-listed debt products - Opportunistic/ mezzanine debt||Global Capital raised|Investor Type and Vehicle Type|q33||1247
q15ROW3_Total_global|CURRENCY|GLOBAL: TOTAL Opportunistic / Mezzanine debt|33_21|GLOBAL_NonListedVehicles_Opportunistic/MezzanineDebt_Total|GLB_NLV_Opp_Total|Non-listed vehicles total - Opportunistic/ mezzanine debt||Global Capital raised|Investor Type and Vehicle Type|q33||1248
q154_1_global|CURRENCY|GLOBAL: Mixed strategies - Non-listed/ commingled real estate funds/private REITs|33_22|GLOBAL_NonListedFunds_MixedStrategies|GLB_NLF_Mixed|Non-listed funds - Mixed strategies||Global Capital raised|Investor Type and Vehicle Type|q33||1249
q154_2_global|CURRENCY|GLOBAL: Mixed strategies - Separate accounts investing directly into real estate|33_23|GLOBAL_SeparateAccountsDirect_MixedStrategies|GLB_SepAccDirect_Mixed|Separate accounts investing directly - Mixed strategies||Global Capital raised|Investor Type and Vehicle Type|q33||1250
q154_3_global|CURRENCY|GLOBAL: Mixed strategies - Separate accounts investing into indirect vehicles|33_24|GLOBAL_SeparateAccountsIndirect_MixedStrategies|GLB_SepAccIndirect_Mixed|Separate accounts investing indirectly - Mixed strategies||Global Capital raised|Investor Type and Vehicle Type|q33||1251
q154_4_global|CURRENCY|GLOBAL: Mixed strategies - Joint ventures and club deals|33_25|GLOBAL_JVs_MixedStrategies|GLB_JVs_Mixed|Joint ventures and club deals - Mixed strategies||Global Capital raised|Investor Type and Vehicle Type|q33||1252
q154_5_global|CURRENCY|GLOBAL: Mixed strategies - Funds of funds|33_26|GLOBAL_FundsOfFunds_MixedStrategies|GLB_FOF_Mixed|Funds of funds - Mixed strategies||Global Capital raised|Investor Type and Vehicle Type|q33||1253
q154_6_global|CURRENCY|GLOBAL: Mixed strategies - Non-listed debt products|33_27|GLOBAL_Debt_MixedStrategies|GLB_Debt_Mixed|Non-listed debt products - Mixed strategies||Global Capital raised|Investor Type and Vehicle Type|q33||1254
q15ROW4_Total_global|CURRENCY|GLOBAL: TOTAL Mixed strategies|33_28|GLOBAL_NonListedVehicles_MixedStrategies_Total|GLB_NLV_Mixed_Total|Non-listed vehicles total - Mixed strategies||Global Capital raised|Investor Type and Vehicle Type|q33||1255
q15COL1_Total_global|CURRENCY|GLOBAL: TOTAL Non-listed/ commingled real estate funds/private REITs|33_29|GLOBAL_NonListedFunds_InvestmentStyle_Total|GLB_NLF_IS_Total|Non-listed funds - Investment style total||Global Capital raised|Investor Type and Vehicle Type|q33||1256
q15COL2_Total_global|CURRENCY|GLOBAL: TOTAL Separate accounts investing directly into real estate|33_30|GLOBAL_SeparateAccountsDirect_InvestmentStyle_Total|GLB_SepAccDirect_IS_Total|Separate accounts investing directly - Investment style total||Global Capital raised|Investor Type and Vehicle Type|q33||1257
q15COL3_Total_global|CURRENCY|GLOBAL: TOTAL Separate accounts investing into indirect vehicles|33_31|GLOBAL_SeparateAccountsIndirect_InvestmentStyle_Total|GLB_SepAccIndirect_IS_Total|Separate accounts investing indirectly - Investment style total||Global Capital raised|Investor Type and Vehicle Type|q33||1258
q15COL4_Total_global|CURRENCY|GLOBAL: TOTAL Joint ventures and club deals|33_32|GLOBAL_JVs_InvestmentStyle_Total|GLB_JVs_IS_Total|Joint ventures and club deals - Investment style total||Global Capital raised|Investor Type and Vehicle Type|q33||1259
q15COL5_Total_global|CURRENCY|GLOBAL: TOTAL Funds of funds|33_33|GLOBAL_FundsOfFunds_InvestmentStyle_Total|GLB_FOF_IS_Total|Funds of funds - Investment style total||Global Capital raised|Investor Type and Vehicle Type|q33||1260
q15COL6_Total_global|CURRENCY|GLOBAL: TOTAL Non-listed debt products|33_34|GLOBAL_Debt_InvestmentStyle_Total|GLB_Debt_IS_Total|Non-listed debt products - Investment style total||Global Capital raised|Investor Type and Vehicle Type|q33||1261
q15GRANDTotal_global|CURRENCY|GLOBAL: Total Capital Raised for your Global strategy in 2021 by investment style|33_35|GLOBAL_NonListedVehicles_InvestmentStyle_Total|GLB_NLV_IS_Total|Non-listed vehicles total - Investment style total||Global Capital raised|Investor Type and Vehicle Type|q33||1262
_southamerica||For your South American strategy*, how much institutional capital did your company raise for non-listed vehicles in 2021 by investor type (million)?|34|||||||q34||1263
q101_1_southamerica|CURRENCY|SA: Pension funds - Non-listed/ commingled real estate funds/private REITs|34_1|SA_PensionFunds_NonListedFunds|SA_PF_NLF|Pension funds - Non-listed fund||SA Capital raised|Investor Type and Vehicle Type|q34||1264
q101_2_southamerica|CURRENCY|SA: Pension funds - Separate accounts investing directly into real estate|34_2|SA_PensionFunds_SeparateAccountsDirect|SA_PF_SepAccDirect|Pension funds - Separate accounts investing directly||SA Capital raised|Investor Type and Vehicle Type|q34||1265
q101_3_southamerica|CURRENCY|SA: Pension funds - Separate accounts investing into indirect vehicles|34_3|SA_PensionFunds_SeparateAccountsIndirect|SA_PF_SepAccIndirect|Pension funds - Separate accounts investing indirectly||SA Capital raised|Investor Type and Vehicle Type|q34||1266
q101_4_southamerica|CURRENCY|SA: Pension funds - Joint ventures and club deals|34_4|SA_PensionFunds_JVs|SA_PF_JVs|Pension funds - Joint ventures and club deals||SA Capital raised|Investor Type and Vehicle Type|q34||1267
q101_5_southamerica|CURRENCY|SA: Pension funds - Funds of funds|34_5|SA_PensionFunds_FundsOfFunds|SA_PF_FOF|Pension funds - Funds of funds||SA Capital raised|Investor Type and Vehicle Type|q34||1268
q101_6_southamerica|CURRENCY|SA: Pension funds - Non-listed debt products|34_6|SA_PensionFunds_Debt|SA_PF_Debt|Pension funds - Non-listed debt products||SA Capital raised|Investor Type and Vehicle Type|q34||1269
q10ROW1_Total_southamerica|CURRENCY|SA: Pension funds - TOTAL|34_7|SA_PensionFunds_VehicleType_Total|SA_PF_VT_Total|Pension funds - Vehicle type total||SA Capital raised|Investor Type and Vehicle Type|q34||1270
q102_1_southamerica|CURRENCY|SA: Insurance companies - Non-listed/ commingled real estate funds/private REITs|34_8|SA_InsuranceCompanies_NonListedFunds|SA_IC_NLF|Insurance companies - Non-listed fund||SA Capital raised|Investor Type and Vehicle Type|q34||1271
q102_2_southamerica|CURRENCY|SA: Insurance companies - Separate accounts investing directly into real estate|34_9|SA_InsuranceCompanies_SeparateAccountsDirect|SA_IC_SepAccDirect|Insurance companies - Separate accounts investing directly||SA Capital raised|Investor Type and Vehicle Type|q34||1272
q102_3_southamerica|CURRENCY|SA: Insurance companies - Separate accounts investing into indirect vehicles|34_10|SA_InsuranceCompanies_SeparateAccountsIndirect|SA_IC_SepAccIndirect|Insurance companies - Separate accounts investing indirectly||SA Capital raised|Investor Type and Vehicle Type|q34||1273
q102_4_southamerica|CURRENCY|SA: Insurance companies - Joint ventures and club deals|34_11|SA_InsuranceCompanies_JVs|SA_IC_JVs|Insurance companies - Joint ventures and club deals||SA Capital raised|Investor Type and Vehicle Type|q34||1274
q102_5_southamerica|CURRENCY|SA: Insurance companies - Funds of funds|34_12|SA_InsuranceCompanies_FundsOfFunds|SA_IC_FOF|Insurance companies - Funds of funds||SA Capital raised|Investor Type and Vehicle Type|q34||1275
q102_6_southamerica|CURRENCY|SA: Insurance companies - Non-listed debt products|34_13|SA_InsuranceCompanies_Debt|SA_IC_Debt|Insurance companies - Non-listed debt products||SA Capital raised|Investor Type and Vehicle Type|q34||1276
q10ROW2_Total_southamerica|CURRENCY|SA: Insurance companies - TOTAL|34_14|SA_InsuranceCompanies_VehicleType_Total|SA_IC_VT_Total|Insurance companies - Vehicle type total||SA Capital raised|Investor Type and Vehicle Type|q34||1277
q103_1_southamerica|CURRENCY|SA: Sovereign wealth funds - Non-listed/ commingled real estate funds/private REITs|34_15|SA_SovereignWealthFunds_NonListedFunds|SA_SWF_NLF|Sovereign wealth funds - Non-listed fund||SA Capital raised|Investor Type and Vehicle Type|q34||1278
q103_2_southamerica|CURRENCY|SA: Sovereign wealth funds - Separate accounts investing directly into real estate|34_16|SA_SovereignWealthFunds_SeparateAccountsDirect|SA_SWF_SepAccDirect|Sovereign wealth funds - Separate accounts investing directly||SA Capital raised|Investor Type and Vehicle Type|q34||1279
q103_3_southamerica|CURRENCY|SA: Sovereign wealth funds - Separate accounts investing into indirect vehicles|34_17|SA_SovereignWealthFunds_SeparateAccountsIndirect|SA_SWF_SepAccIndirect|Sovereign wealth funds - Separate accounts investing indirectly||SA Capital raised|Investor Type and Vehicle Type|q34||1280
q103_4_southamerica|CURRENCY|SA: Sovereign wealth funds - Joint ventures and club deals|34_18|SA_SovereignWealthFunds_JVs|SA_SWF_JVs|Sovereign wealth funds - Joint ventures and club deals||SA Capital raised|Investor Type and Vehicle Type|q34||1281
q103_5_southamerica|CURRENCY|SA: Sovereign wealth funds - Funds of funds|34_19|SA_SovereignWealthFunds_FundsOfFunds|SA_SWF_FOF|Sovereign wealth funds - Funds of funds||SA Capital raised|Investor Type and Vehicle Type|q34||1282
q103_6_southamerica|CURRENCY|SA: Sovereign wealth funds - Non-listed debt products|34_20|SA_SovereignWealthFunds_Debt|SA_SWF_Debt|Sovereign wealth funds - Non-listed debt products||SA Capital raised|Investor Type and Vehicle Type|q34||1283
q10ROW3_Total_southamerica|CURRENCY|SA: Sovereign wealth funds - TOTAL|34_21|SA_SovereignWealthFunds_VehicleType_Total|SA_SWF_VT_Total|Sovereign wealth funds - Vehicle type total||SA Capital raised|Investor Type and Vehicle Type|q34||1284
q104_1_southamerica|CURRENCY|SA: Government institutions - Non-listed/ commingled real estate funds/private REITs|34_22|SA_GovernmentInstitutions_NonListedFunds|SA_GI_NLF|Government institutions - Non-listed fund||SA Capital raised|Investor Type and Vehicle Type|q34||1285
q104_2_southamerica|CURRENCY|SA: Government institutions - Separate accounts investing directly into real estate|34_23|SA_GovernmentInstitutions_SeparateAccountsDirect|SA_GI_SepAccDirect|Government institutions - Separate accounts investing directly||SA Capital raised|Investor Type and Vehicle Type|q34||1286
q104_3_southamerica|CURRENCY|SA: Government institutions - Separate accounts investing into indirect vehicles|34_24|SA_GovernmentInstitutions_SeparateAccountsIndirect|SA_GI_SepAccIndirect|Government institutions - Separate accounts investing indirectly||SA Capital raised|Investor Type and Vehicle Type|q34||1287
q104_4_southamerica|CURRENCY|SA: Government institutions - Joint ventures and club deals|34_25|SA_GovernmentInstitutions_JVs|SA_GI_JVs|Government institutions - Joint ventures and club deals||SA Capital raised|Investor Type and Vehicle Type|q34||1288
q104_5_southamerica|CURRENCY|SA: Government institutions - Funds of funds|34_26|SA_GovernmentInstitutions_FundsOfFunds|SA_GI_FOF|Government institutions - Funds of funds||SA Capital raised|Investor Type and Vehicle Type|q34||1289
q104_6_southamerica|CURRENCY|SA: Government institutions - Non-listed debt products|34_27|SA_GovernmentInstitutions_Debt|SA_GI_Debt|Government institutions - Non-listed debt products||SA Capital raised|Investor Type and Vehicle Type|q34||1290
q10ROW4_Total_southamerica|CURRENCY|SA: Government institutions - TOTAL|34_28|SA_GovernmentInstitutions_VehicleType_Total|SA_GI_VT_Total|Government institutions - Vehicle type total||SA Capital raised|Investor Type and Vehicle Type|q34||1291
q105_1_southamerica|CURRENCY|SA: Charities, foundations, non-profit organisations - Non-listed/ commingled real estate funds/private REITs|34_29|SA_CharitiesFoundationsNonProfitOrganizations_NonListedFunds|SA_CF&NPO_NLF|Charities, foundations & non-profit organisations - Non-listed fund||SA Capital raised|Investor Type and Vehicle Type|q34||1292
q105_2_southamerica|CURRENCY|SA: Charities, foundations, non-profit organisations - Separate accounts investing directly into real estate|34_30|SA_CharitiesFoundationsNonProfitOrganizations_SeparateAccountsDirect|SA_CF&NPO_SepAccDirect|Charities, foundations & non-profit organisations - Separate accounts investing directly||SA Capital raised|Investor Type and Vehicle Type|q34||1293
q105_3_southamerica|CURRENCY|SA: Charities, foundations, non-profit organisations - Separate accounts investing into indirect vehicles|34_31|SA_CharitiesFoundationsNonProfitOrganizations_SeparateAccountsIndirect|SA_CF&NPO_SepAccIndirect|Charities, foundations & non-profit organisations - Separate accounts investing indirectly||SA Capital raised|Investor Type and Vehicle Type|q34||1294
q105_4_southamerica|CURRENCY|SA: Charities, foundations, non-profit organisations - Joint ventures and club deals|34_32|SA_CharitiesFoundationsNonProfitOrganizations_JVs|SA_CF&NPO_JVs|Charities, foundations & non-profit organisations - Joint ventures and club deals||SA Capital raised|Investor Type and Vehicle Type|q34||1295
q105_5_southamerica|CURRENCY|SA: Charities, foundations, non-profit organisations - Funds of funds|34_33|SA_CharitiesFoundationsNonProfitOrganizations_FundsOfFunds|SA_CF&NPO_FOF|Charities, foundations & non-profit organisations - Funds of funds||SA Capital raised|Investor Type and Vehicle Type|q34||1296
q105_6_southamerica|CURRENCY|SA: Charities, foundations, non-profit organisations - Non-listed debt products|34_34|SA_CharitiesFoundationsNonProfitOrganizations_Debt|SA_CF&NPO_Debt|Charities, foundations & non-profit organisations - Non-listed debt products||SA Capital raised|Investor Type and Vehicle Type|q34||1297
q10ROW5_Total_southamerica|CURRENCY|SA: Charities, foundations, non-profit organisations - TOTAL|34_35|SA_CharitiesFoundationsNonProfitOrganizations_VehicleType_Total|SA_CF&NPO_VT_Total|Charities, foundations & non-profit organisations - Vehicle type total||SA Capital raised|Investor Type and Vehicle Type|q34||1298
q106_1_southamerica|CURRENCY|SA: Funds of funds - Non-listed/ commingled real estate funds/private REITs|34_36|SA_FundsOfFunds_NonListedFunds|SA_FOF_NLF|Funds of funds - Non-listed fund||SA Capital raised|Investor Type and Vehicle Type|q34||1299
q106_2_southamerica|CURRENCY|SA: Funds of funds - Separate accounts investing directly into real estate|34_37|SA_FundsOfFunds_SeparateAccountsDirect|SA_FOF_SepAccDirect|Funds of funds - Separate accounts investing directly||SA Capital raised|Investor Type and Vehicle Type|q34||1300
q106_3_southamerica|CURRENCY|SA: Funds of funds - Separate accounts investing into indirect vehicles|34_38|SA_FundsOfFunds_SeparateAccountsIndirect|SA_FOF_SepAccIndirect|Funds of funds - Separate accounts investing indirectly||SA Capital raised|Investor Type and Vehicle Type|q34||1301
q106_4_southamerica|CURRENCY|SA: Funds of funds - Joint ventures and club deals|34_39|SA_FundsOfFunds_JVs|SA_FOF_JVs|Funds of funds - Joint ventures and club deals||SA Capital raised|Investor Type and Vehicle Type|q34||1302
q106_5_southamerica|CURRENCY|SA: Funds of funds - Funds of funds|34_40|SA_FundsOfFunds_FundsOfFunds|SA_FOF_FOF|Funds of funds - Funds of funds||SA Capital raised|Investor Type and Vehicle Type|q34||1303
q106_6_southamerica|CURRENCY|SA: Funds of funds - Non-listed debt products|34_41|SA_FundsOfFunds_Debt|SA_FOF_Debt|Funds of funds - Non-listed debt products||SA Capital raised|Investor Type and Vehicle Type|q34||1304
q10ROW6_Total_southamerica|CURRENCY|SA: Funds of funds - TOTAL|34_42|SA_FundsOfFunds_VehicleType_Total|SA_FOF_VT_Total|Funds of funds - Vehicle type total||SA Capital raised|Investor Type and Vehicle Type|q34||1305
q107_1_southamerica|CURRENCY|SA: High net worth individuals /Family offices - Non-listed/ commingled real estate funds/private REITs|34_43|SA_HighnetWorthIndividualsFamilyOffices_NonListedFunds|SA_HNWI/FO_NLF|Hign net worth individuals/Family offices - Non-listed fund||SA Capital raised|Investor Type and Vehicle Type|q34||1306
q107_2_southamerica|CURRENCY|SA: High net worth individuals /Family offices - Separate accounts investing directly into real estate|34_44|SA_HighnetWorthIndividualsFamilyOffices_SeparateAccountsDirect|SA_HNWI/FO_SepAccDirect|Hign net worth individuals/Family offices - Separate accounts investing directly||SA Capital raised|Investor Type and Vehicle Type|q34||1307
q107_3_southamerica|CURRENCY|SA: High net worth individuals /Family offices - Separate accounts investing into indirect vehicles|34_45|SA_HighnetWorthIndividualsFamilyOffices_SeparateAccountsIndirect|SA_HNWI/FO_SepAccIndirect|Hign net worth individuals/Family offices - Separate accounts investing indirectly||SA Capital raised|Investor Type and Vehicle Type|q34||1308
q107_4_southamerica|CURRENCY|SA: High net worth individuals /Family offices - Joint ventures and club deals|34_46|SA_HighnetWorthIndividualsFamilyOffices_JVs|SA_HNWI/FO_JVs|Hign net worth individuals/Family offices - Joint ventures and club deals||SA Capital raised|Investor Type and Vehicle Type|q34||1309
q107_5_southamerica|CURRENCY|SA: High net worth individuals /Family offices - Funds of funds|34_47|SA_HighnetWorthIndividualsFamilyOffices_FundsOfFunds|SA_HNWI/FO_FOF|Hign net worth individuals/Family offices - Funds of funds||SA Capital raised|Investor Type and Vehicle Type|q34||1310
q107_6_southamerica|CURRENCY|SA: High net worth individuals /Family offices - Non-listed debt products|34_48|SA_HighnetWorthIndividualsFamilyOffices_Debt|SA_HNWI/FO_Debt|Hign net worth individuals/Family offices - Non-listed debt products||SA Capital raised|Investor Type and Vehicle Type|q34||1311
q10ROW7_Total_southamerica|CURRENCY|SA: High net worth individuals /Family offices - TOTAL|34_49|SA_HighnetWorthIndividualsFamilyOffices_VehicleType_Total|SA_HNWI/FO_VT_Total|Hign net worth individuals/Family offices - Vehicle type total||SA Capital raised|Investor Type and Vehicle Type|q34||1312
q10other_southamerica|CURRENCY|SA: Other investor type (Other)|34_50|SA_OtherInvestorTypetext|SA_OtherITText|Other investor type||SA Capital raised|Investor Type and Vehicle Type|q34||1313
q108_1_southamerica|CURRENCY|SA: Other - Non-listed/ commingled real estate funds/private REITs|34_51|SA_OtherInvestorType_NonListedFunds|SA_OtherIT_NLF|Other investor type - Non-listed fund||SA Capital raised|Investor Type and Vehicle Type|q34||1314
q108_2_southamerica|CURRENCY|SA: Other - Separate accounts investing directly into real estate|34_52|SA_OtherInvestorType_SeparateAccountsDirect|SA_OtherIT_SepAccDirect|Other investor type - Separate accounts investing directly||SA Capital raised|Investor Type and Vehicle Type|q34||1315
q108_3_southamerica|CURRENCY|SA: Other - Separate accounts investing into indirect vehicles|34_53|SA_OtherInvestorType_SeparateAccountsIndirect|SA_OtherIT_SepAccIndirect|Other investor type - Separate accounts investing indirectly||SA Capital raised|Investor Type and Vehicle Type|q34||1316
q108_4_southamerica|CURRENCY|SA: Other - Joint ventures and club deals|34_54|SA_OtherInvestorType_JVs|SA_OtherIT_JVs|Other investor type - Joint ventures and club deals||SA Capital raised|Investor Type and Vehicle Type|q34||1317
q108_5_southamerica|CURRENCY|SA: Other - Funds of funds|34_55|SA_OtherInvestorType_FundsOfFunds|SA_OtherIT_FOF|Other investor type - Funds of funds||SA Capital raised|Investor Type and Vehicle Type|q34||1318
q108_6_southamerica|CURRENCY|SA: Other - Non-listed debt products|34_56|SA_OtherInvestorType_Debt|SA_OtherIT_Debt|Other investor type - Non-listed debt products||SA Capital raised|Investor Type and Vehicle Type|q34||1319
q10ROW8_Total_southamerica|CURRENCY|SA: Other - TOTAL|34_57|SA_OtherInvestorType_VehicleType_Total|SA_OtherIT_VT_Total|Other investor type - Vehicle type total||SA Capital raised|Investor Type and Vehicle Type|q34||1320
q10COL1_Total_southamerica|CURRENCY|SA TOTAL - Non-listed/ commingled real estate funds/private REITs|34_58|SA_InvestorType_NonListedFunds_Total|SA_IT_NLF_Total|Investor type - Non-listed fund total||SA Capital raised|Investor Type and Vehicle Type|q34||1321
q10COL2_Total_southamerica|CURRENCY|SA TOTAL - Separate accounts investing directly into real estate|34_59|SA_InvestorType_SeparateAccountsDirect_Total|SA_IT_SepAccDirect_Total|Investor type - Separate accounts investing directly total||SA Capital raised|Investor Type and Vehicle Type|q34||1322
q10COL3_Total_southamerica|CURRENCY|SA TOTAL - Separate accounts investing into indirect vehicles|34_60|SA_InvestorType_SeparateAccountsIndirect_Total|SA_IT_SepAccIndirect_Total|Investor type - Separate accounts investing indirectly total||SA Capital raised|Investor Type and Vehicle Type|q34||1323
q10COL4_Total_southamerica|CURRENCY|SA TOTAL - Joint ventures and club deals|34_61|SA_InvestorType_JVs_Total|SA_IT_JVs_Total|Investor type - Joint ventures and club deals total||SA Capital raised|Investor Type and Vehicle Type|q34||1324
q10COL5_Total_southamerica|CURRENCY|SA TOTAL - Funds of funds|34_62|SA_InvestorType_FundsOfFunds_Total|SA_IT_FOF_Total|Investor type - Funds of funds total||SA Capital raised|Investor Type and Vehicle Type|q34||1325
q10COL6_Total_southamerica|CURRENCY|SA TOTAL - Non-listed debt products|34_63|SA_InvestorType_Debt_Total|SA_IT_Debt_Total|Investor type - Non-listed debt products total||SA Capital raised|Investor Type and Vehicle Type|q34||1326
q10GRANDTotal_southamerica|CURRENCY|SA TOTAL Capital Raised in 2021 for your South American strategy by investor type|34_64|SA_InvestorType_VehicleType_Total|SA_IT_VT_Total|Investor type - Vehicle type total||SA Capital raised|Investor Type and Vehicle Type|q34||1327
_southamerica||For your South American strategy*, how much institutional capital did your company raise for non-listed vehicles in 2021 by investor domicile (million)?|35|||||||q35||1328
q111_1_southamerica|CURRENCY|SA: Asia Pacific - Non-listed/ commingled real estate funds/private REITs|35_1|SA_InvestorDomicileAsiaPacific_NonListedFunds|SA_IDAPAC_NLF|Asia Pacific - Non-listed funds||SA Capital raised|Investor Type and Vehicle Type|q35||1329
q111_2_southamerica|CURRENCY|SA: Asia Pacific - Separate accounts investing directly into real estate|35_2|SA_InvestorDomicileAsiaPacific_SeparateAccountsDirect|SA_IDAPAC_SepAccDirect|Asia Pacific - Separate accounts investing directly||SA Capital raised|Investor Type and Vehicle Type|q35||1330
q111_3_southamerica|CURRENCY|SA: Asia Pacific - Separate accounts investing into indirect vehicles|35_3|SA_InvestorDomicileAsiaPacific_SeparateAccountsIndirect|SA_IDAPAC_SepAccIndirect|Asia Pacific - Separate accounts investing indirectly||SA Capital raised|Investor Type and Vehicle Type|q35||1331
q111_4_southamerica|CURRENCY|SA: Asia Pacific - Joint ventures and club deals|35_4|SA_InvestorDomicileAsiaPacific_JVs|SA_IDAPAC_JVs|Asia Pacific - Joint ventures and club deals||SA Capital raised|Investor Type and Vehicle Type|q35||1332
q111_5_southamerica|CURRENCY|SA: Asia Pacific - Funds of funds|35_5|SA_InvestorDomicileAsiaPacific_FundsOfFunds|SA_IDAPAC_FOF|Asia Pacific - Funds of funds||SA Capital raised|Investor Type and Vehicle Type|q35||1333
q111_6_southamerica|CURRENCY|SA: Asia Pacific - Non-listed debt products|35_6|SA_InvestorDomicileAsiaPacific_Debt|SA_IDAPAC_Debt|Asia Pacific - Non-listed debt products||SA Capital raised|Investor Type and Vehicle Type|q35||1334
q11ROW1_Total_southamerica|CURRENCY|SA: Asia Pacific - TOTAL|35_7|SA_InvestorDomicileAsiaPacific_VehicleType_Total|SA_IDAPAC_VT_Total|Asia Pacific - Vehicle type total||SA Capital raised|Investor Type and Vehicle Type|q35||1335
q112_1_southamerica|CURRENCY|SA: Europe - Non-listed/ commingled real estate funds/private REITs|35_8|SA_InvestorDomicileEurope_NonListedFunds|SA_IDEUR_NLF|Europe - Non-listed funds||SA Capital raised|Investor Type and Vehicle Type|q35||1336
q112_2_southamerica|CURRENCY|SA: Europe - Separate accounts investing directly into real estate|35_9|SA_InvestorDomicileEurope_SeparateAccountsDirect|SA_IDEUR_SepAccDirect|Europe - Separate accounts investing directly||SA Capital raised|Investor Type and Vehicle Type|q35||1337
q112_3_southamerica|CURRENCY|SA: Europe - Separate accounts investing into indirect vehicles|35_10|SA_InvestorDomicileEurope_SeparateAccountsIndirect|SA_IDEUR_SepAccIndirect|Europe - Separate accounts investing indirectly||SA Capital raised|Investor Type and Vehicle Type|q35||1338
q112_4_southamerica|CURRENCY|SA: Europe - Joint ventures and club deals|35_11|SA_InvestorDomicileEurope_JVs|SA_IDEUR_JVs|Europe - Joint ventures and club deals||SA Capital raised|Investor Type and Vehicle Type|q35||1339
q112_5_southamerica|CURRENCY|SA: Europe - Funds of funds|35_12|SA_InvestorDomicileEurope_FundsOfFunds|SA_IDEUR_FOF|Europe - Funds of funds||SA Capital raised|Investor Type and Vehicle Type|q35||1340
q112_6_southamerica|CURRENCY|SA: Europe - Non-listed debt products|35_13|SA_InvestorDomicileEurope_Debt|SA_IDEUR_Debt|Europe - Non-listed debt products||SA Capital raised|Investor Type and Vehicle Type|q35||1341
q11ROW2_Total_southamerica|CURRENCY|SA: Europe - TOTAL|35_14|SA_InvestorDomicileEurope_VehicleType_Total|SA_IDEUR_VT_Total|Europe - Vehicle type total||SA Capital raised|Investor Type and Vehicle Type|q35||1342
q113_1_southamerica|CURRENCY|SA: North America - Non-listed/ commingled real estate funds/private REITs|35_15|SA_InvestorDomicileNorthAmerica_NonListedFunds|SA_IDNA_NLF|North America - Non-listed funds||SA Capital raised|Investor Type and Vehicle Type|q35||1343
q113_2_southamerica|CURRENCY|SA: North America - Separate accounts investing directly into real estate|35_16|SA_InvestorDomicileNorthAmerica_SeparateAccountsDirect|SA_IDNA_SepAccDirect|North America - Separate accounts investing directly||SA Capital raised|Investor Type and Vehicle Type|q35||1344
q113_3_southamerica|CURRENCY|SA: North America - Separate accounts investing into indirect vehicles|35_17|SA_InvestorDomicileNorthAmerica_SeparateAccountsIndirect|SA_IDNA_SepAccIndirect|North America - Separate accounts investing indirectly||SA Capital raised|Investor Type and Vehicle Type|q35||1345
q113_4_southamerica|CURRENCY|SA: North America - Joint ventures and club deals|35_18|SA_InvestorDomicileNorthAmerica_JVs|SA_IDNA_JVs|North America - Joint ventures and club deals||SA Capital raised|Investor Type and Vehicle Type|q35||1346
q113_5_southamerica|CURRENCY|SA: North America - Funds of funds|35_19|SA_InvestorDomicileNorthAmerica_FundsOfFunds|SA_IDNA_FOF|North America - Funds of funds||SA Capital raised|Investor Type and Vehicle Type|q35||1347
q113_6_southamerica|CURRENCY|SA: North America - Non-listed debt products|35_20|SA_InvestorDomicileNorthAmerica_Debt|SA_IDNA_Debt|North America - Non-listed debt products||SA Capital raised|Investor Type and Vehicle Type|q35||1348
q11ROW3_Total_southamerica|CURRENCY|SA: North America - TOTAL|35_21|SA_InvestorDomicileNorthAmerica_VehicleType_Total|SA_IDNA_VT_Total|North America - Vehicle type total||SA Capital raised|Investor Type and Vehicle Type|q35||1349
q114_1_southamerica|CURRENCY|SA: South America - Non-listed/ commingled real estate funds/private REITs|35_22|SA_InvestorDomicileSouthAmerica_NonListedFunds|SA_IDSA_NLF|South America - Non-listed funds||SA Capital raised|Investor Type and Vehicle Type|q35||1350
q114_2_southamerica|CURRENCY|SA: South America - Separate accounts investing directly into real estate|35_23|SA_InvestorDomicileSouthAmerica_SeparateAccountsDirect|SA_IDSA_SepAccDirect|South America - Separate accounts investing directly||SA Capital raised|Investor Type and Vehicle Type|q35||1351
q114_3_southamerica|CURRENCY|SA: South America - Separate accounts investing into indirect vehicles|35_24|SA_InvestorDomicileSouthAmerica_SeparateAccountsIndirect|SA_IDSA_SepAccIndirect|South America - Separate accounts investing indirectly||SA Capital raised|Investor Type and Vehicle Type|q35||1352
q114_4_southamerica|CURRENCY|SA: South America - Joint ventures and club deals|35_25|SA_InvestorDomicileSouthAmerica_JVs|SA_IDSA_JVs|South America - Joint ventures and club deals||SA Capital raised|Investor Type and Vehicle Type|q35||1353
q114_5_southamerica|CURRENCY|SA: South America - Funds of funds|35_26|SA_InvestorDomicileSouthAmerica_FundsOfFunds|SA_IDSA_FOF|South America - Funds of funds||SA Capital raised|Investor Type and Vehicle Type|q35||1354
q114_6_southamerica|CURRENCY|SA: South America - Non-listed debt products|35_27|SA_InvestorDomicileSouthAmerica_Debt|SA_IDSA_Debt|South America - Non-listed debt products||SA Capital raised|Investor Type and Vehicle Type|q35||1355
q11ROW4_Total_southamerica|CURRENCY|SA: South America - TOTAL|35_28|SA_InvestorDomicileSouthAmerica_VehicleType_Total|SA_IDSA_VT_Total|South America - Vehicle type total||SA Capital raised|Investor Type and Vehicle Type|q35||1356
q115_1_southamerica|CURRENCY|SA: Africa - Non-listed/ commingled real estate funds/private REITs|35_29|SA_InvestorDomicileAfrica_NonListedFunds|SA_IDAFR_NLF|Africa - Non-listed funds||SA Capital raised|Investor Type and Vehicle Type|q35||1357
q115_2_southamerica|CURRENCY|SA: Africa - Separate accounts investing directly into real estate|35_30|SA_InvestorDomicileAfrica_SeparateAccountsDirect|SA_IDAFR_SepAccDirect|Africa - Separate accounts investing directly||SA Capital raised|Investor Type and Vehicle Type|q35||1358
q115_3_southamerica|CURRENCY|SA: Africa - Separate accounts investing into indirect vehicles|35_31|SA_InvestorDomicileAfrica_SeparateAccountsIndirect|SA_IDAFR_SepAccIndirect|Africa - Separate accounts investing indirectly||SA Capital raised|Investor Type and Vehicle Type|q35||1359
q115_4_southamerica|CURRENCY|SA: Africa - Joint ventures and club deals|35_32|SA_InvestorDomicileAfrica_JVs|SA_IDAFR_JVs|Africa - Joint ventures and club deals||SA Capital raised|Investor Type and Vehicle Type|q35||1360
q115_5_southamerica|CURRENCY|SA: Africa - Funds of funds|35_33|SA_InvestorDomicileAfrica_FundsOfFunds|SA_IDAFR_FOF|Africa - Funds of funds||SA Capital raised|Investor Type and Vehicle Type|q35||1361
q115_6_southamerica|CURRENCY|SA: Africa - Non-listed debt products|35_34|SA_InvestorDomicileAfrica_Debt|SA_IDAFR_Debt|Africa - Non-listed debt products||SA Capital raised|Investor Type and Vehicle Type|q35||1362
q11ROW5_Total_southamerica|CURRENCY|SA: Africa - TOTAL|35_35|SA_InvestorDomicileAfrica_VehicleType_Total|SA_IDAFR_VT_Total|Africa - Vehicle type total||SA Capital raised|Investor Type and Vehicle Type|q35||1363
q11COL1_Total_southamerica|CURRENCY|SA: TOTAL - Non-listed/ commingled real estate funds/private REITs|35_36|SA_InvestorDomicile_NonListedFunds_Total|SA_ID_NLF_Total|Investor domicile total - Non-listed funds||SA Capital raised|Investor Type and Vehicle Type|q35||1364
q11COL2_Total_southamerica|CURRENCY|SA: TOTAL - Separate accounts investing directly into real estate|35_37|SA_InvestorDomicile_SeparateAccountsDirect_Total|SA_ID_SepAccDirect_Total|Investor domicile total - Separate accounts investing directly||SA Capital raised|Investor Type and Vehicle Type|q35||1365
q11COL3_Total_southamerica|CURRENCY|SA: TOTAL - Separate accounts investing into indirect vehicles|35_38|SA_InvestorDomicile_SeparateAccountsIndirect_Total|SA_ID_SepAccIndirect_Total|Investor domicile total - Separate accounts investing indirectly||SA Capital raised|Investor Type and Vehicle Type|q35||1366
q11COL4_Total_southamerica|CURRENCY|SA: TOTAL - Joint ventures and club deals|35_39|SA_InvestorDomicile_JVs_Total|SA_ID_JVs_Total|Investor domicile total - Joint ventures and club deals||SA Capital raised|Investor Type and Vehicle Type|q35||1367
q11COL5_Total_southamerica|CURRENCY|SA: TOTAL - Funds of funds|35_40|SA_InvestorDomicile_FundsOfFunds_Total|SA_ID_FOF_Total|Investor domicile total - Funds of funds||SA Capital raised|Investor Type and Vehicle Type|q35||1368
q11COL6_Total_southamerica|CURRENCY|SA: TOTAL - Non-listed debt products|35_41|SA_InvestorDomicile_Debt_Total|SA_ID_Debt_Total|Investor domicile total - Non-listed debt products||SA Capital raised|Investor Type and Vehicle Type|q35||1369
q11GRANDTotal_southamerica|CURRENCY|SA TOTAL Capital Raised in 2021 for your South American strategy by investor domicile|35_42|SA_InvestorDomicile_VehicleType_Total|SA_ID_VT_Total|Investor domicile total - Vehicle type total||SA Capital raised|Investor Type and Vehicle Type|q35||1370
_southamerica||For your South American strategy*, how much institutional capital did your company raise for non-listed vehicles in 2021 by sector strategy (million)?|36|||||||q36||1371
q161_1_southamerica|CURRENCY|SA: (Single) Office - Non-listed/ commingled real estate funds/private REITs|36_1|SA_NonListedFunds_SingleSectorOffice|SA_NLF_SSOffice|Non-listed funds - Single sector office||SA  Capital raised|Sector Strategy and Vehicle Type|q36||1372
q161_2_southamerica|CURRENCY|SA: (Single) Office - Separate accounts investing directly into real estate|36_2|SA_SeparateAccountsDirect_SingleSectorOffice|SA_SepAccDirect_SSOffice|Separate accounts investing directly - Single sector office||SA  Capital raised|Sector Strategy and Vehicle Type|q36||1373
q161_3_southamerica|CURRENCY|SA: (Single) Office - Separate accounts investing into indirect vehicles|36_3|SA_SeparateAccountsIndirect_SingleSectorOffice|SA_SepAccIndirect_SSOffice|Separate accounts investing indirectly - Single sector office||SA  Capital raised|Sector Strategy and Vehicle Type|q36||1374
q161_4_southamerica|CURRENCY|SA: (Single) Office - Joint ventures and club deals|36_4|SA_JVs_SingleSectorOffice|SA_JVs_SSOffice|Joint ventures and club deals - Single sector office||SA  Capital raised|Sector Strategy and Vehicle Type|q36||1375
q161_5_southamerica|CURRENCY|SA: (Single) Office - Funds of funds|36_5|SA_FundsOfFunds_SingleSectorOffice|SA_FOF_SSOffice|Funds of funds - Single sector office||SA  Capital raised|Sector Strategy and Vehicle Type|q36||1376
q161_6_southamerica|CURRENCY|SA: (Single) Office - Non-listed debt products|36_6|SA_Debt_SingleSectorOffice|SA_Debt_SSOffice|Non-listed debt products - Single sector office||SA  Capital raised|Sector Strategy and Vehicle Type|q36||1377
q16ROW1_Total_southamerica|CURRENCY|SA: (Single) Office - TOTAL|36_7|SA_NonListedVehicles_SingleSectorOffice_Total|SA_NLV_SSOffice_Total|Non-listed vehicles total - Single sector office||SA  Capital raised|Sector Strategy and Vehicle Type|q36||1378
q162_1_southamerica|CURRENCY|SA: (Single) Retail - Non-listed/ commingled real estate funds/private REITs|36_8|SA_NonListedFunds_SingleSectorRetail|SA_NLF_SSRetail|Non-listed funds - Single sector retail||SA  Capital raised|Sector Strategy and Vehicle Type|q36||1379
q162_2_southamerica|CURRENCY|SA: (Single) Retail - Separate accounts investing directly into real estate|36_9|SA_SeparateAccountsDirect_SingleSectorRetail|SA_SepAccDirect_SSRetail|Separate accounts investing directly - Single sector retail||SA  Capital raised|Sector Strategy and Vehicle Type|q36||1380
q162_3_southamerica|CURRENCY|SA: (Single) Retail - Separate accounts investing into indirect vehicles|36_10|SA_SeparateAccountsIndirect_SingleSectorRetail|SA_SepAccIndirect_SSRetail|Separate accounts investing indirectly - Single sector retail||SA  Capital raised|Sector Strategy and Vehicle Type|q36||1381
q162_4_southamerica|CURRENCY|SA: (Single) Retail - Joint ventures and club deals|36_11|SA_JVs_SingleSectorRetail|SA_JVs_SSRetail|Joint ventures and club deals - Single sector retail||SA  Capital raised|Sector Strategy and Vehicle Type|q36||1382
q162_5_southamerica|CURRENCY|SA: (Single) Retail - Funds of funds|36_12|SA_FundsOfFunds_SingleSectorRetail|SA_FOF_SSRetail|Funds of funds - Single sector retail||SA  Capital raised|Sector Strategy and Vehicle Type|q36||1383
q162_6_southamerica|CURRENCY|SA: (Single) Retail - Non-listed debt products|36_13|SA_Debt_SingleSectorRetail|SA_Debt_SSRetail|Non-listed debt products - Single sector retail||SA  Capital raised|Sector Strategy and Vehicle Type|q36||1384
q16ROW2_Total_southamerica|CURRENCY|SA: (Single) Retail - TOTAL|36_14|SA_NonListedVehicles_SingleSectorRetail_Total|SA_NLV_SSRetail_Total|Non-listed vehicles total - Single sector retail||SA  Capital raised|Sector Strategy and Vehicle Type|q36||1385
q163_1_southamerica|CURRENCY|SA: (Single) Industrial / logistics - Non-listed/ commingled real estate funds/private REITs|36_15|SA_NonListedFunds_SingleSectorIndustrial/Logistics|SA_NLF_SSInd/Log|Non-listed funds - Single sector industrial/logistics||SA  Capital raised|Sector Strategy and Vehicle Type|q36||1386
q163_2_southamerica|CURRENCY|SA: (Single) Industrial / logistics - Separate accounts investing directly into real estate|36_16|SA_SeparateAccountsDirect_SingleSectorIndustrial/Logistics|SA_SepAccDirect_SSInd/Log|Separate accounts investing directly - Single sector industrial/logistics||SA  Capital raised|Sector Strategy and Vehicle Type|q36||1387
q163_3_southamerica|CURRENCY|SA: (Single) Industrial / logistics - Separate accounts investing into indirect vehicles|36_17|SA_SeparateAccountsIndirect_SingleSectorIndustrial/Logistics|SA_SepAccIndirect_SSInd/Log|Separate accounts investing indirectly - Single sector industrial/logistics||SA  Capital raised|Sector Strategy and Vehicle Type|q36||1388
q163_4_southamerica|CURRENCY|SA: (Single) Industrial / logistics - Joint ventures and club deals|36_18|SA_JVs_SingleSectorIndustrial/Logistics|SA_JVs_SSInd/Log|Joint ventures and club deals - Single sector industrial/logistics||SA  Capital raised|Sector Strategy and Vehicle Type|q36||1389
q163_5_southamerica|CURRENCY|SA: (Single) Industrial / logistics - Funds of funds|36_19|SA_FundsOfFunds_SingleSectorIndustrial/Logistics|SA_FOF_SSInd/Log|Funds of funds - Single sector industrial/logistics||SA  Capital raised|Sector Strategy and Vehicle Type|q36||1390
q163_6_southamerica|CURRENCY|SA: (Single) Industrial / logistics - Non-listed debt products|36_20|SA_Debt_SingleSectorIndustrial/Logistics|SA_Debt_SSInd/Log|Non-listed debt products - Single sector industrial/logistics||SA  Capital raised|Sector Strategy and Vehicle Type|q36||1391
q16ROW3_Total_southamerica|CURRENCY|SA: (Single) Industrial / logistics - TOTAL|36_21|SA_NonListedVehicles_SingleSectorIndustrial/Logistics_Total|SA_NLV_SSInd/Log_Total|Non-listed vehicles total - Single sector industrial/logistics||SA  Capital raised|Sector Strategy and Vehicle Type|q36||1392
q164_1_southamerica|CURRENCY|SA: (Single) Residential / multi-family / apartments - Non-listed/ commingled real estate funds/private REITs|36_22|SA_NonListedFunds_SingleSectorResidential/Multifamily/Apartments|SA_NLF_SSResidential|Non-listed funds - Single sector residential/multifamily/ apartment||SA  Capital raised|Sector Strategy and Vehicle Type|q36||1393
q164_2_southamerica|CURRENCY|SA: (Single) Residential / multi-family / apartments - Separate accounts investing directly into real estate|36_23|SA_SeparateAccountsDirect_SingleSectorResidential/Multifamily/Apartments|SA_SepAccDirect_SSResidential|Separate accounts investing directly - Single sector residential/multifamily/ apartment||SA  Capital raised|Sector Strategy and Vehicle Type|q36||1394
q164_3_southamerica|CURRENCY|SA: (Single) Residential / multi-family / apartments - Separate accounts investing into indirect vehicles|36_24|SA_SeparateAccountsIndirect_SingleSectorResidential/Multifamily/Apartments|SA_SepAccIndirect_SSResidential|Separate accounts investing indirectly - Single sector residential/multifamily/ apartment||SA  Capital raised|Sector Strategy and Vehicle Type|q36||1395
q164_4_southamerica|CURRENCY|SA: (Single) Residential / multi-family / apartments - Joint ventures and club deals|36_25|SA_JVs_SingleSectorResidential/Multifamily/Apartments|SA_JVs_SSResidential|Joint ventures and club deals - Single sector residential/multifamily/ apartment||SA  Capital raised|Sector Strategy and Vehicle Type|q36||1396
q164_5_southamerica|CURRENCY|SA: (Single) Residential / multi-family / apartments - Funds of funds|36_26|SA_FundsOfFunds_SingleSectorResidential/Multifamily/Apartments|SA_FOF_SSResidential|Funds of funds - Single sector residential/multifamily/ apartment||SA  Capital raised|Sector Strategy and Vehicle Type|q36||1397
q164_6_southamerica|CURRENCY|SA: (Single) Residential / multi-family / apartments - Non-listed debt products|36_27|SA_Debt_SingleSectorResidential/Multifamily/Apartments|SA_Debt_SSResidential|Non-listed debt products - Single sector residential/multifamily/ apartment||SA  Capital raised|Sector Strategy and Vehicle Type|q36||1398
q16ROW4_Total_southamerica|CURRENCY|SA: (Single) Residential / multi-family / apartments - TOTAL|36_28|SA_NonListedVehicles_SingleSectorResidential/Multifamily/Apartments_Total|SA_NLV_SSResidential_Total|Non-listed vehicles total - Single sector residential/multifamily/ apartment||SA  Capital raised|Sector Strategy and Vehicle Type|q36||1399
q165_1_southamerica|CURRENCY|SA: (Single) Residential / multi-family / apartments - Non-listed/ commingled real estate funds/private REITs|36_29|SA_NonListedFunds_SingleSectorStudentHousing|SA_NLF_SSStudHou|Non-listed funds - Single sector student housing||SA  Capital raised|Sector Strategy and Vehicle Type|q36||1400
q165_2_southamerica|CURRENCY|SA: (Single) Residential / multi-family / apartments - Separate accounts investing directly into real estate|36_30|SA_SeparateAccountsDirect_SingleSectorStudentHousing|SA_SepAccDirect_SSStudHou|Separate accounts investing directly - Single sector student housing||SA  Capital raised|Sector Strategy and Vehicle Type|q36||1401
q165_3_southamerica|CURRENCY|SA: (Single) Residential / multi-family / apartments - Separate accounts investing into indirect vehicles|36_31|SA_SeparateAccountsIndirect_SingleSectorStudentHousing|SA_SepAccIndirect_SSStudHou|Separate accounts investing indirectly - Single sector student housing||SA  Capital raised|Sector Strategy and Vehicle Type|q36||1402
q165_4_southamerica|CURRENCY|SA: (Single) Residential / multi-family / apartments - Joint ventures and club deals|36_32|SA_JVs_SingleSectorStudentHousing|SA_JVs_SSStudHou|Joint ventures and club deals - Single sector student housing||SA  Capital raised|Sector Strategy and Vehicle Type|q36||1403
q165_5_southamerica|CURRENCY|SA: (Single) Residential / multi-family / apartments - Funds of funds|36_33|SA_FundsOfFunds_SingleSectorStudentHousing|SA_FOF_SSStudHou|Funds of funds - Single sector student housing||SA  Capital raised|Sector Strategy and Vehicle Type|q36||1404
q165_6_southamerica|CURRENCY|SA: (Single) Residential / multi-family / apartments - Non-listed debt products|36_34|SA_Debt_SingleSectorStudentHousing|SA_Debt_SSStudHou|Non-listed debt products - Single sector student housing||SA  Capital raised|Sector Strategy and Vehicle Type|q36||1405
q16ROW5_Total_southamerica|CURRENCY|SA: (Single) Residential / multi-family / apartments - TOTAL|36_35|SA_NonListedVehicles_SingleSectorStudentHousing_Total|SA_NLV_SSStudHou_Total|Non-listed vehicles total - Single sector student housing||SA  Capital raised|Sector Strategy and Vehicle Type|q36||1406
q166_1_southamerica|CURRENCY|SA: (Single) Senior living / aged care / health care - Non-listed/ commingled real estate funds/private REITs|36_36|SA_NonListedFunds_SingleSectorSeniorLiving/Agedcare/Healthcare|SA_NLF_SSSenLiving|Non-listed funds - Single sector senior living/ aged care/ healthcare||SA  Capital raised|Sector Strategy and Vehicle Type|q36||1407
q166_2_southamerica|CURRENCY|SA: (Single) Senior living / aged care / health care - Separate accounts investing directly into real estate|36_37|SA_SeparateAccountsDirect_SingleSectorSeniorLiving/Agedcare/Healthcare|SA_SepAccDirect_SSSenLiving|Separate accounts investing directly - Single sector senior living/ aged care/ healthcare||SA  Capital raised|Sector Strategy and Vehicle Type|q36||1408
q166_3_southamerica|CURRENCY|SA: (Single) Senior living / aged care / health care - Separate accounts investing into indirect vehicles|36_38|SA_SeparateAccountsIndirect_SingleSectorSeniorLiving/Agedcare/Healthcare|SA_SepAccIndirect_SSSenLiving|Separate accounts investing indirectly - Single sector senior living/ aged care/ healthcare||SA  Capital raised|Sector Strategy and Vehicle Type|q36||1409
q166_4_southamerica|CURRENCY|SA: (Single) Senior living / aged care / health care - Joint ventures and club deals|36_39|SA_JVs_SingleSectorSeniorLiving/Agedcare/Healthcare|SA_JVs_SSSenLiving|Joint ventures and club deals - Single sector senior living/ aged care/ healthcare||SA  Capital raised|Sector Strategy and Vehicle Type|q36||1410
q166_5_southamerica|CURRENCY|SA: (Single) Senior living / aged care / health care - Funds of funds|36_40|SA_FundsOfFunds_SingleSectorSeniorLiving/Agedcare/Healthcare|SA_FOF_SSSenLiving|Funds of funds - Single sector senior living/ aged care/ healthcare||SA  Capital raised|Sector Strategy and Vehicle Type|q36||1411
q166_6_southamerica|CURRENCY|SA: (Single) Senior living / aged care / health care - Non-listed debt products|36_41|SA_Debt_SingleSectorSeniorLiving/Agedcare/Healthcare|SA_Debt_SSSenLiving|Non-listed debt products - Single sector senior living/ aged care/ healthcare||SA  Capital raised|Sector Strategy and Vehicle Type|q36||1412
q16ROW6_Total_southamerica|CURRENCY|SA: (Single) Senior living / aged care / health care - TOTAL|36_42|SA_NonListedVehicles_SingleSectorSeniorLiving/Agedcare/Healthcare_Total|SA_NLV_SSSenLiving_Total|Non-listed vehicles total - Single sector senior living/ aged care/ healthcare||SA  Capital raised|Sector Strategy and Vehicle Type|q36||1413
q167_1_southamerica|CURRENCY|SA: (Single) Hotel / leisure - Non-listed/ commingled real estate funds/private REITs|36_43|SA_NonListedFunds_SingleSectorHotel/Leisure|SA_NLF_SSHot/Lei|Non-listed funds - Single sector hotel/ leisure||SA  Capital raised|Sector Strategy and Vehicle Type|q36||1414
q167_2_southamerica|CURRENCY|SA: (Single) Hotel / leisure - Separate accounts investing directly into real estate|36_44|SA_SeparateAccountsDirect_SingleSectorHotel/Leisure|SA_SepAccDirect_SSHot/Lei|Separate accounts investing directly - Single sector hotel/ leisure||SA  Capital raised|Sector Strategy and Vehicle Type|q36||1415
q167_3_southamerica|CURRENCY|SA: (Single) Hotel / leisure - Separate accounts investing into indirect vehicles|36_45|SA_SeparateAccountsIndirect_SingleSectorHotel/Leisure|SA_SepAccIndirect_SSHot/Lei|Separate accounts investing indirectly - Single sector hotel/ leisure||SA  Capital raised|Sector Strategy and Vehicle Type|q36||1416
q167_4_southamerica|CURRENCY|SA: (Single) Hotel / leisure - Joint ventures and club deals|36_46|SA_JVs_SingleSectorHotel/Leisure|SA_JVs_SSHot/Lei|Joint ventures and club deals - Single sector hotel/ leisure||SA  Capital raised|Sector Strategy and Vehicle Type|q36||1417
q167_5_southamerica|CURRENCY|SA: (Single) Hotel / leisure - Funds of funds|36_47|SA_FundsOfFunds_SingleSectorHotel/Leisure|SA_FOF_SSHot/Lei|Funds of funds - Single sector hotel/ leisure||SA  Capital raised|Sector Strategy and Vehicle Type|q36||1418
q167_6_southamerica|CURRENCY|SA: (Single) Hotel / leisure - Non-listed debt products|36_48|SA_Debt_SingleSectorHotel/Leisure|SA_Debt_SSHot/Lei|Non-listed debt products - Single sector hotel/ leisure||SA  Capital raised|Sector Strategy and Vehicle Type|q36||1419
q16ROW7_Total_southamerica|CURRENCY|SA: (Single) Hotel / leisure - TOTAL|36_49|SA_NonListedVehicles_SingleSectorHotel/Leisure_Total|SA_NLV_SSHot/Lei_Total|Non-listed vehicles total - Single sector hotel/ leisure||SA  Capital raised|Sector Strategy and Vehicle Type|q36||1420
q168_1_southamerica|CURRENCY|SA: (Single) Other (incl land, parking, self storage) - Non-listed/ commingled real estate funds/private REITs|36_50|SA_NonListedFunds_SingleSectorOther|SA_NLF_SSOther|Non-listed funds - Single sector other||SA  Capital raised|Sector Strategy and Vehicle Type|q36||1421
q168_2_southamerica|CURRENCY|SA: (Single) Other (incl land, parking, self storage) - Separate accounts investing directly into real estate|36_51|SA_SeparateAccountsDirect_SingleSectorOther|SA_SepAccDirect_SSOther|Separate accounts investing directly - Single sector other||SA  Capital raised|Sector Strategy and Vehicle Type|q36||1422
q168_3_southamerica|CURRENCY|SA: (Single) Other (incl land, parking, self storage) - Separate accounts investing into indirect vehicles|36_52|SA_SeparateAccountsIndirect_SingleSectorOther|SA_SepAccIndirect_SSOther|Separate accounts investing indirectly - Single sector other||SA  Capital raised|Sector Strategy and Vehicle Type|q36||1423
q168_4_southamerica|CURRENCY|SA: (Single) Other (incl land, parking, self storage) - Joint ventures and club deals|36_53|SA_JVs_SingleSectorOther|SA_JVs_SSOther|Joint ventures and club deals - Single sector other||SA  Capital raised|Sector Strategy and Vehicle Type|q36||1424
q168_5_southamerica|CURRENCY|SA: (Single) Other (incl land, parking, self storage) - Funds of funds|36_54|SA_FundsOfFunds_SingleSectorOther|SA_FOF_SSOther|Funds of funds - Single sector other||SA  Capital raised|Sector Strategy and Vehicle Type|q36||1425
q168_6_southamerica|CURRENCY|SA: (Single) Other (incl land, parking, self storage) - Non-listed debt products|36_55|SA_Debt_SingleSectorOther|SA_Debt_SSOther|Non-listed debt products - Single sector other||SA  Capital raised|Sector Strategy and Vehicle Type|q36||1426
q16ROW8_Total_southamerica|CURRENCY|SA: (Single) Other (incl land, parking, self storage) - TOTAL|36_56|SA_NonListedVehicles_SingleSectorOther_Total|SA_NLV_SSOther_Total|Non-listed vehicles total - Single sector other||SA  Capital raised|Sector Strategy and Vehicle Type|q36||1427
q169_1_southamerica|CURRENCY|SA: (Multi) Main sectors - Non-listed/ commingled real estate funds/private REITs|36_57|SA_NonListedFunds_MultiSectorMainSectors|SA_NLF_MSMS|Non-listed funds - Multi sector main sectors ||SA  Capital raised|Sector Strategy and Vehicle Type|q36||1428
q169_2_southamerica|CURRENCY|SA: (Multi) Main sectors - Separate accounts investing directly into real estate|36_58|SA_SeparateAccountsDirect_MultiSectorMainSectors|SA_SepAccDirect_MSMS|Separate accounts investing directly - Multi sector main sectors||SA  Capital raised|Sector Strategy and Vehicle Type|q36||1429
q169_3_southamerica|CURRENCY|SA: (Multi) Main sectors - Separate accounts investing into indirect vehicles|36_59|SA_SeparateAccountsIndirect_MultiSectorMainSectors|SA_SepAccIndirect_MSMS|Separate accounts investing indirectly - Multi sector main sectors||SA  Capital raised|Sector Strategy and Vehicle Type|q36||1430
q169_4_southamerica|CURRENCY|SA: (Multi) Main sectors - Joint ventures and club deals|36_60|SA_JVs_MultiSectorMainSectors|SA_JVs_MSMS|Joint ventures and club deals - Multi sector main sectors||SA  Capital raised|Sector Strategy and Vehicle Type|q36||1431
q169_5_southamerica|CURRENCY|SA: (Multi) Main sectors - Funds of funds|36_61|SA_FundsOfFunds_MultiSectorMainSectors|SA_FOF_MSMS|Funds of funds - Multi sector main sectors||SA  Capital raised|Sector Strategy and Vehicle Type|q36||1432
q169_6_southamerica|CURRENCY|SA: (Multi) Main sectors - Non-listed debt products|36_62|SA_Debt_MultiSectorMainSectors|SA_Debt_MSMS|Non-listed debt products - Multi sector main sectors||SA  Capital raised|Sector Strategy and Vehicle Type|q36||1433
q16ROW9_Total_southamerica|CURRENCY|SA: (Multi) Main sectors - TOTAL|36_63|SA_NonListedVehicles_MultiSectorMainSectors_Total|SA_NLV_MSMS_Total|Non-listed vehicles total - Multi sector main sectors||SA  Capital raised|Sector Strategy and Vehicle Type|q36||1434
q1610_1_southamerica|CURRENCY|SA: (Multi) Alternative sectors - Non-listed/ commingled real estate funds/private REITs|36_64|SA_NonListedFunds_MultiSectorAlternativeSectors|SA_NLF_MSAS|Non-listed funds - Multi sector alternative sectors||SA  Capital raised|Sector Strategy and Vehicle Type|q36||1435
q1610_2_southamerica|CURRENCY|SA: (Multi) Alternative sectors - Separate accounts investing directly into real estate|36_65|SA_SeparateAccountsDirect_MultiSectorAlternativeSectors|SA_SepAccDirect_MSAS|Separate accounts investing directly - Multi sector alternative sectors||SA  Capital raised|Sector Strategy and Vehicle Type|q36||1436
q1610_3_southamerica|CURRENCY|SA: (Multi) Alternative sectors - Separate accounts investing into indirect vehicles|36_66|SA_SeparateAccountsIndirect_MultiSectorAlternativeSectors|SA_SepAccIndirect_MSAS|Separate accounts investing indirectly - Multi sector alternative sectors||SA  Capital raised|Sector Strategy and Vehicle Type|q36||1437
q1610_4_southamerica|CURRENCY|SA: (Multi) Alternative sectors - Joint ventures and club deals|36_67|SA_JVs_MultiSectorAlternativeSectors|SA_JVs_MSAS|Joint ventures and club deals - Multi sector alternative sectors||SA  Capital raised|Sector Strategy and Vehicle Type|q36||1438
q1610_5_southamerica|CURRENCY|SA: (Multi) Alternative sectors - Funds of funds|36_68|SA_FundsOfFunds_MultiSectorAlternativeSectors|SA_FOF_MSAS|Funds of funds - Multi sector alternative sectors||SA  Capital raised|Sector Strategy and Vehicle Type|q36||1439
q1610_6_southamerica|CURRENCY|SA: (Multi) Alternative sectors - Non-listed debt products|36_69|SA_Debt_MultiSectorAlternativeSectors|SA_Debt_MSAS|Non-listed debt products - Multi sector alternative sectors||SA  Capital raised|Sector Strategy and Vehicle Type|q36||1440
q16ROW10_Total_southamerica|CURRENCY|SA: (Multi) Alternative sectors - TOTAL|36_70|SA_NonListedVehicles_MultiSectorAlternativeSectors_Total|SA_NLV_MSAS_Total|Non-listed vehicles total - Multi sector alternative sectors||SA  Capital raised|Sector Strategy and Vehicle Type|q36||1441
q1611_1_southamerica|CURRENCY|SA: (Multi) Mix of main and alternative - Non-listed/ commingled real estate funds/private REITs|36_71|SA_NonListedFunds_MultiSectorMixMainAlternativeSectors|SA_NLF_MSAS|Non-listed funds - Multi sector mix of main and alternative sectors||SA  Capital raised|Sector Strategy and Vehicle Type|q36||1442
q1611_2_southamerica|CURRENCY|SA: (Multi) Mix of main and alternative - Separate accounts investing directly into real estate|36_72|SA_SeparateAccountsDirect_MultiSectorMixMainAlternativeSectors|SA_SepAccDirect_MSMMAS|Separate accounts investing directly - Multi sector mix of main and alternative sectors||SA  Capital raised|Sector Strategy and Vehicle Type|q36||1443
q1611_3_southamerica|CURRENCY|SA: (Multi) Mix of main and alternative - Separate accounts investing into indirect vehicles|36_73|SA_SeparateAccountsIndirect_MultiSectorMixMainAlternativeSectors|SA_SepAccIndirect_MSMMAS|Separate accounts investing indirectly - Multi sector mix of main and alternative sectors||SA  Capital raised|Sector Strategy and Vehicle Type|q36||1444
q1611_4_southamerica|CURRENCY|SA: (Multi) Mix of main and alternative - Joint ventures and club deals|36_74|SA_JVs_MultiSectorMixMainAlternativeSectors|SA_JVs_MSMMAS|Joint ventures and club deals - Multi sector mix of main and alternative sectors||SA  Capital raised|Sector Strategy and Vehicle Type|q36||1445
q1611_5_southamerica|CURRENCY|SA: (Multi) Mix of main and alternative - Funds of funds|36_75|SA_FundsOfFunds_MultiSectorMixMainAlternativeSectors|SA_FOF_MSMMAS|Funds of funds - Multi sector mix of main and alternative sectors||SA  Capital raised|Sector Strategy and Vehicle Type|q36||1446
q1611_6_southamerica|CURRENCY|SA: (Multi) Mix of main and alternative - Non-listed debt products|36_76|SA_Debt_MultiSectorMixMainAlternativeSectors|SA_Debt_MSMMAS|Non-listed debt products - Multi sector mix of main and alternative sectors||SA  Capital raised|Sector Strategy and Vehicle Type|q36||1447
q16ROW11_Total_southamerica|CURRENCY|SA: (Multi) Mix of main and alternative - TOTAL|36_77|SA_NonListedVehicles_MultiSectorMixMainAlternativeSectors_Total|SA_NLV_MSMMAS_Total|Non-listed vehicles total - Multi sector mix of main and alternative sectors||SA  Capital raised|Sector Strategy and Vehicle Type|q36||1448
q16COL1_Total_southamerica|CURRENCY|TOTAL (SA): Non-listed/ commingled real estate funds/private REITs|36_78|SA_SectorStrategy_NonListedFunds_Total|SA_SS_NLF_Total|Sector strategy total - Non-listed funds ||SA  Capital raised|Sector Strategy and Vehicle Type|q36||1449
q16COL2_Total_southamerica|CURRENCY|TOTAL (SA): Separate accounts investing directly into real estate|36_79|SA_SectorStrategy_SeparateAccountsDirect_Total|SA_SS_SepAccDirect_Total|Sector strategy total - Separate accounts investing directly||SA  Capital raised|Sector Strategy and Vehicle Type|q36||1450
q16COL3_Total_southamerica|CURRENCY|TOTAL (SA): Separate accounts investing into indirect vehicles|36_80|SA_SectorStrategy_SeparateAccountsIndirect_Total|SA_SS_SepAccIndirect_Total|Sector strategy total - Separate accounts investing indirectly||SA  Capital raised|Sector Strategy and Vehicle Type|q36||1451
q16COL4_Total_southamerica|CURRENCY|TOTAL (SA): Joint ventures and club deals|36_81|SA_SectorStrategy_JVs_Total|SA_SS_JVs_Total|Sector strategy total - Joint ventures and club deals||SA  Capital raised|Sector Strategy and Vehicle Type|q36||1452
q16COL5_Total_southamerica|CURRENCY|TOTAL (SA): Funds of funds|36_82|SA_SectorStrategy_FundsOfFunds_Total|SA_SS_FOF_Total|Sector strategy total - Funds of funds ||SA  Capital raised|Sector Strategy and Vehicle Type|q36||1453
q16COL6_Total_southamerica|CURRENCY|TOTAL (SA): Non-listed debt products|36_83|SA_SectorStrategy_Debt_Total|SA_SS_Debt_Total|Sector strategy total - Non-listed debt products||SA  Capital raised|Sector Strategy and Vehicle Type|q36||1454
q16GRANDTotal_southamerica|CURRENCY|SA: Total raised for your South American strategy by sector strategy in 2021|36_84|SA_SectorStrategy_NonListedVehicles_Total|SA_SS_NLV_Total|Sector strategy total - Non-listed vehicles total||SA  Capital raised|Sector Strategy and Vehicle Type|q36||1455
_southamerica||For your South American strategy*, how much institutional capital did your company raise for non-listed vehicles in 2021 by country strategy (million)?|37|||||||q37||1456
q171_1_southamerica|CURRENCY|SA: Single country strategy - Non-listed/ commingled real estate funds/private REITs|37_1|SA_NonListedFunds_SingleCountry|SA_NLF_SC|Non-listed funds - Single country||SA  Capital raised|Country Strategy and Vehicle Type|q37||1457
q171_2_southamerica|CURRENCY|SA: Single country strategy  - Separate accounts investing directly into real estate|37_2|SA_SeparateAccountsDirect_SingleCountry|SA_SepAccDirect_SC|Separate accounts investing directly - Single country||SA  Capital raised|Country Strategy and Vehicle Type|q37||1458
q171_3_southamerica|CURRENCY|SA: Single country strategy  - Separate accounts investing into indirect vehicles|37_3|SA_SeparateAccountsIndirect_SingleCountry|SA_SepAccIndirect_SC|Separate accounts investing indirectly - Single country||SA  Capital raised|Country Strategy and Vehicle Type|q37||1459
q171_4_southamerica|CURRENCY|SA: Single country strategy  - Joint ventures and club deals|37_4|SA_JVs_SingleCountry|SA_JVs_SC|Joint ventures and club deals - Single country||SA  Capital raised|Country Strategy and Vehicle Type|q37||1460
q171_5_southamerica|CURRENCY|SA: Single country strategy  - Funds of funds|37_5|SA_FundsOfFunds_SingleCountry|SA_FOF_SC|Funds of funds - Single country||SA  Capital raised|Country Strategy and Vehicle Type|q37||1461
q171_6_southamerica|CURRENCY|SA: Single country strategy  - Non-listed debt products|37_6|SA_Debt_SingleCountry|SA_Debt_SC|Non-listed debt products - Single country||SA  Capital raised|Country Strategy and Vehicle Type|q37||1462
q17ROW1_Total_southamerica|CURRENCY|SA: Single country strategy  - TOTAL|37_7|SA_NonListedVehicles_SingleCountry_Total|SA_NLV_SC|Non-listed vehicles total - Single country||SA  Capital raised|Country Strategy and Vehicle Type|q37||1463
q172_1_southamerica|CURRENCY|SA: Multi country strategy - Non-listed/ commingled real estate funds/private REITs|37_8|SA_NonListedFunds_MultiCountry|SA_NLF_MC|Non-listed funds - Multi country||SA  Capital raised|Country Strategy and Vehicle Type|q37||1464
q172_2_southamerica|CURRENCY|SA: Multi country strategy  - Separate accounts investing directly into real estate|37_9|SA_SeparateAccountsDirect_MultiCountry|SA_SepAccDirect_MC|Separate accounts investing directly - Multi country||SA  Capital raised|Country Strategy and Vehicle Type|q37||1465
q172_3_southamerica|CURRENCY|SA: Multi country strategy  - Separate accounts investing into indirect vehicles|37_10|SA_SeparateAccountsIndirect_MultiCountry|SA_SepAccIndirect_MC|Separate accounts investing indirectly - Multi country||SA  Capital raised|Country Strategy and Vehicle Type|q37||1466
q172_4_southamerica|CURRENCY|SA: Multi country strategy  - Joint ventures and club deals|37_11|SA_JVs_MultiCountry|SA_JVs_MC|Joint ventures and club deals - Multi country||SA  Capital raised|Country Strategy and Vehicle Type|q37||1467
q172_5_southamerica|CURRENCY|SA: Multi country strategy  - Funds of funds|37_12|SA_FundsOfFunds_MultiCountry|SA_FOF_MC|Funds of funds - Multi country||SA  Capital raised|Country Strategy and Vehicle Type|q37||1468
q172_6_southamerica|CURRENCY|SA: Multi country strategy  - Non-listed debt products|37_13|SA_Debt_MultiCountry|SA_Debt_MC|Non-listed debt products - Multi country||SA  Capital raised|Country Strategy and Vehicle Type|q37||1469
q17ROW2_Total_southamerica|CURRENCY|SA: Multi country strategy  - TOTAL|37_14|SA_NonListedVehicles_MultiCountry_Total|SA_NLV_MC|Non-listed vehicles total - Multi country||SA  Capital raised|Country Strategy and Vehicle Type|q37||1470
q17COL1_Total_southamerica|CURRENCY|TOTAL (SA): Non-listed/ commingled real estate funds/private REITs|37_15|SA_CountryStrategy_NonListedFunds_Total|SA_CS_NLF_Total|Country strategy total - Non-listed funds ||SA  Capital raised|Country Strategy and Vehicle Type|q37||1471
q17COL2_Total_southamerica|CURRENCY|TOTAL (SA): Separate accounts investing directly into real estate|37_16|SA_CountryStrategy_SeparateAccountsDirect_Total|SA_CS_SepAccDirect_Total|Country strategy total - Separate accounts investing directly||SA  Capital raised|Country Strategy and Vehicle Type|q37||1472
q17COL3_Total_southamerica|CURRENCY|TOTAL (SA): Separate accounts investing into indirect vehicles|37_17|SA_CountryStrategy_SeparateAccountsIndirect_Total|SA_CS_SepAccIndirect_Total|Country strategy total - Separate accounts investing indirectly||SA  Capital raised|Country Strategy and Vehicle Type|q37||1473
q17COL4_Total_southamerica|CURRENCY|TOTAL (SA): Joint ventures and club deals|37_18|SA_CountryStrategy_JVs_Total|SA_CS_JVs_Total|Country strategy total - Joint ventures and club deals||SA  Capital raised|Country Strategy and Vehicle Type|q37||1474
q17COL5_Total_southamerica|CURRENCY|TOTAL (SA): Funds of funds|37_19|SA_CountryStrategy_FundsOfFunds_Total|SA_CS_FOF_Total|Country strategy total - Funds of funds ||SA  Capital raised|Country Strategy and Vehicle Type|q37||1475
q17COL6_Total_southamerica|CURRENCY|TOTAL (SA): Non-listed debt products|37_20|SA_CountryStrategy_Debt_Total|SA_CS_Debt_Total|Country strategy total - Non-listed debt products||SA  Capital raised|Country Strategy and Vehicle Type|q37||1476
q17GRANDTotal_southamerica|CURRENCY|SA: Total raised for your South American strategy by country strategy in 2021|37_21|SA_CountryStrategy_NonListedVehicles_Total|SA_CS_NLV_Total|Country strategy total - Non-listed vehicles total||SA  Capital raised|Country Strategy and Vehicle Type|q37||1477
_southamerica||For your South American strategy*, how much institutional capital did your company raise for non-listed vehicles in 2021 by investment style (million)?|38|||||||q38||1478
q151_1_southamerica|CURRENCY|SA: Core / Senior debt - Non-listed/ commingled real estate funds/private REITs|38_1|SA_NonListedFunds_Core/SeniorDebt|SA_NLF_Core|Non-listed funds - Core/ senior debt||SA Capital raised|Investor Type and Vehicle Type|q38||1479
q151_2_southamerica|CURRENCY|SA: Core / Senior debt - Separate accounts investing directly into real estate|38_2|SA_SeparateAccountsDirect_Core/SeniorDebt|SA_SepAccDirect_Core|Separate accounts investing directly - Core/ senior debt||SA Capital raised|Investor Type and Vehicle Type|q38||1480
q151_3_southamerica|CURRENCY|SA: Core / Senior debt - Separate accounts investing into indirect vehicles|38_3|SA_SeparateAccountsIndirect_Core/SeniorDebt|SA_SepAccIndirect_Core|Separate accounts investing indirectly - Core/ senior debt||SA Capital raised|Investor Type and Vehicle Type|q38||1481
q151_4_southamerica|CURRENCY|SA: Core / Senior debt - Joint ventures and club deals|38_4|SA_JVs_Core/SeniorDebt|SA_JVs_Core|Joint ventures and club deals - Core/ senior debt||SA Capital raised|Investor Type and Vehicle Type|q38||1482
q151_5_southamerica|CURRENCY|SA: Core / Senior debt - Funds of funds|38_5|SA_FundsOfFunds_Core/SeniorDebt|SA_FOF_Core|Funds of funds - Core/ senior debt||SA Capital raised|Investor Type and Vehicle Type|q38||1483
q151_6_southamerica|CURRENCY|SA: Core / Senior debt - Non-listed debt products|38_6|SA_Debt_Core/SeniorDebt|SA_Debt_Core|Non-listed debt products - Core/ senior debt||SA Capital raised|Investor Type and Vehicle Type|q38||1484
q15ROW1_Total_southamerica|CURRENCY|SA: TOTAL Core / Senior debt|38_7|SA_NonListedVehicles_Core/SeniorDebt_Total|SA_NLV_Core_Total|Non-listed vehicles total - Value added/ junior and subordinated debt ||SA Capital raised|Investor Type and Vehicle Type|q38||1485
q152_1_southamerica|CURRENCY|SA: Value added / Junior and other subordinated debt - Non-listed/ commingled real estate funds/private REITs|38_8|SA_NonListedFunds_ValueAdded/JuniorAndSubordinatedDebt|SA_NLF_ValAdd|Non-listed funds - Value added/ junior and subordinated debt ||SA Capital raised|Investor Type and Vehicle Type|q38||1486
q152_2_southamerica|CURRENCY|SA: Value added / Junior and other subordinated debt - Separate accounts investing directly into real estate|38_9|SA_SeparateAccountsDirect_ValueAdded/JuniorAndSubordinatedDebt|SA_SepAccDirect_ValAdd|Separate accounts investing directly - Value added/ junior and subordinated debt ||SA Capital raised|Investor Type and Vehicle Type|q38||1487
q152_3_southamerica|CURRENCY|SA: Value added / Junior and other subordinated debt - Separate accounts investing into indirect vehicles|38_10|SA_SeparateAccountsIndirect_ValueAdded/JuniorAndSubordinatedDebt|SA_SepAccIndirect_ValAdd|Separate accounts investing indirectly - Value added/ junior and subordinated debt ||SA Capital raised|Investor Type and Vehicle Type|q38||1488
q152_4_southamerica|CURRENCY|SA: Value added / Junior and other subordinated debt - Joint ventures and club deals|38_11|SA_JVs_ValueAdded/JuniorAndSubordinatedDebt|SA_JVs_ValAdd|Joint ventures and club deals - Value added/ junior and subordinated debt ||SA Capital raised|Investor Type and Vehicle Type|q38||1489
q152_5_southamerica|CURRENCY|SA: Value added / Junior and other subordinated debt - Funds of funds|38_12|SA_FundsOfFunds_ValueAdded/JuniorAndSubordinatedDebt|SA_FOF_ValAdd|Funds of funds - Value added/ junior and subordinated debt ||SA Capital raised|Investor Type and Vehicle Type|q38||1490
q152_6_southamerica|CURRENCY|SA: Value added / Junior and other subordinated debt - Non-listed debt products|38_13|SA_Debt_ValueAdded/JuniorAndSubordinatedDebt|SA_Debt_ValAdd|Non-listed debt products - Value added/ junior and subordinated debt ||SA Capital raised|Investor Type and Vehicle Type|q38||1491
q15ROW2_Total_southamerica|CURRENCY|SA: TOTAL Value added / Junior and other subordinated debt|38_14|SA_NonListedVehicles_ValueAdded/JuniorAndSubordinatedDebt_Total|SA_NLV_ValAdd_Total|Non-listed vehicles total - Value added/ junior and subordinated debt ||SA Capital raised|Investor Type and Vehicle Type|q38||1492
q153_1_southamerica|CURRENCY|SA: Opportunistic / Mezzanine debt - Non-listed/ commingled real estate funds/private REITs|38_15|SA_NonListedFunds_Opportunistic/MezzanineDebt|SA_NLF_Opp|Non-listed funds - Opportunistic/ mezzanine debt||SA Capital raised|Investor Type and Vehicle Type|q38||1493
q153_2_southamerica|CURRENCY|SA: Opportunistic / Mezzanine debt - Separate accounts investing directly into real estate|38_16|SA_SeparateAccountsDirect_Opportunistic/MezzanineDebt|SA_SepAccDirect_Opp|Separate accounts investing directly - Opportunistic/ mezzanine debt||SA Capital raised|Investor Type and Vehicle Type|q38||1494
q153_3_southamerica|CURRENCY|SA: Opportunistic / Mezzanine debt - Separate accounts investing into indirect vehicles|38_17|SA_SeparateAccountsIndirect_Opportunistic/MezzanineDebt|SA_SepAccIndirect_Opp|Separate accounts investing indirectly - Opportunistic/ mezzanine debt||SA Capital raised|Investor Type and Vehicle Type|q38||1495
q153_4_southamerica|CURRENCY|SA: Opportunistic / Mezzanine debt - Joint ventures and club deals|38_18|SA_JVs_Opportunistic/MezzanineDebt|SA_JVs_Opp|Joint ventures and club deals - Opportunistic/ mezzanine debt||SA Capital raised|Investor Type and Vehicle Type|q38||1496
q153_5_southamerica|CURRENCY|SA: Opportunistic / Mezzanine debt - Funds of funds|38_19|SA_FundsOfFunds_Opportunistic/MezzanineDebt|SA_FOF_Opp|Funds of funds - Opportunistic/ mezzanine debt||SA Capital raised|Investor Type and Vehicle Type|q38||1497
q153_6_southamerica|CURRENCY|SA: Opportunistic / Mezzanine debt - Non-listed debt products|38_20|SA_Debt_Opportunistic/MezzanineDebt|SA_Debt_Opp|Non-listed debt products - Opportunistic/ mezzanine debt||SA Capital raised|Investor Type and Vehicle Type|q38||1498
q15ROW3_Total_southamerica|CURRENCY|SA: TOTAL Opportunistic / Mezzanine debt|38_21|SA_NonListedVehicles_Opportunistic/MezzanineDebt_Total|SA_NLV_Opp_Total|Non-listed vehicles total - Opportunistic/ mezzanine debt||SA Capital raised|Investor Type and Vehicle Type|q38||1499
q154_1_southamerica|CURRENCY|SA: Mixed strategies - Non-listed/ commingled real estate funds/private REITs|38_22|SA_NonListedFunds_MixedStrategies|SA_NLF_Mixed|Non-listed funds - Mixed strategies||SA Capital raised|Investor Type and Vehicle Type|q38||1500
q154_2_southamerica|CURRENCY|SA: Mixed strategies - Separate accounts investing directly into real estate|38_23|SA_SeparateAccountsDirect_MixedStrategies|SA_SepAccDirect_Mixed|Separate accounts investing directly - Mixed strategies||SA Capital raised|Investor Type and Vehicle Type|q38||1501
q154_3_southamerica|CURRENCY|SA: Mixed strategies - Separate accounts investing into indirect vehicles|38_24|SA_SeparateAccountsIndirect_MixedStrategies|SA_SepAccIndirect_Mixed|Separate accounts investing indirectly - Mixed strategies||SA Capital raised|Investor Type and Vehicle Type|q38||1502
q154_4_southamerica|CURRENCY|SA: Mixed strategies - Joint ventures and club deals|38_25|SA_JVs_MixedStrategies|SA_JVs_Mixed|Joint ventures and club deals - Mixed strategies||SA Capital raised|Investor Type and Vehicle Type|q38||1503
q154_5_southamerica|CURRENCY|SA: Mixed strategies - Funds of funds|38_26|SA_FundsOfFunds_MixedStrategies|SA_FOF_Mixed|Funds of funds - Mixed strategies||SA Capital raised|Investor Type and Vehicle Type|q38||1504
q154_6_southamerica|CURRENCY|SA: Mixed strategies - Non-listed debt products|38_27|SA_Debt_MixedStrategies|SA_Debt_Mixed|Non-listed debt products - Mixed strategies||SA Capital raised|Investor Type and Vehicle Type|q38||1505
q15ROW4_Total_southamerica|CURRENCY|SA: TOTAL Mixed strategies|38_28|SA_NonListedVehicles_MixedStrategies_Total|SA_NLV_Mixed_Total|Non-listed vehicles total - Mixed strategies||SA Capital raised|Investor Type and Vehicle Type|q38||1506
q15COL1_Total_southamerica|CURRENCY|SA: TOTAL Non-listed/ commingled real estate funds/private REITs|38_29|SA_NonListedFunds_InvestmentStyle_Total|SA_NLF_IS_Total|Non-listed funds - Investment style total||SA Capital raised|Investor Type and Vehicle Type|q38||1507
q15COL2_Total_southamerica|CURRENCY|SA: TOTAL Separate accounts investing directly into real estate|38_30|SA_SeparateAccountsDirect_InvestmentStyle_Total|SA_SepAccDirect_IS_Total|Separate accounts investing directly - Investment style total||SA Capital raised|Investor Type and Vehicle Type|q38||1508
q15COL3_Total_southamerica|CURRENCY|SA: TOTAL Separate accounts investing into indirect vehicles|38_31|SA_SeparateAccountsIndirect_InvestmentStyle_Total|SA_SepAccIndirect_IS_Total|Separate accounts investing indirectly - Investment style total||SA Capital raised|Investor Type and Vehicle Type|q38||1509
q15COL4_Total_southamerica|CURRENCY|SA: TOTAL Joint ventures and club deals|38_32|SA_JVs_InvestmentStyle_Total|SA_JVs_IS_Total|Joint ventures and club deals - Investment style total||SA Capital raised|Investor Type and Vehicle Type|q38||1510
q15COL5_Total_southamerica|CURRENCY|SA: TOTAL Funds of funds|38_33|SA_FundsOfFunds_InvestmentStyle_Total|SA_FOF_IS_Total|Funds of funds - Investment style total||SA Capital raised|Investor Type and Vehicle Type|q38||1511
q15COL6_Total_southamerica|CURRENCY|SA: TOTAL Non-listed debt products|38_34|SA_Debt_InvestmentStyle_Total|SA_Debt_IS_Total|Non-listed debt products - Investment style total||SA Capital raised|Investor Type and Vehicle Type|q38||1512
q15GRANDTotal_southamerica|CURRENCY|SA: Total Capital Raised for your South American strategy in 2021 by investment style|38_35|SA_NonListedVehicles_InvestmentStyle_Total|SA_NLV_IS_Total|Non-listed vehicles total - Investment style total||SA Capital raised|Investor Type and Vehicle Type|q38||1513
_africa||For your African strategy*, how much institutional capital did your company raise for non-listed vehicles in 2021 by investor type (million)?|39|||||||q39||1514
q101_1_africa|CURRENCY|AFRICA: Pension funds - Non-listed/ commingled real estate funds/private REITs|39_1|AFRICA_PensionFunds_NonListedFunds|AFR_PF_NLF|Pension funds - Non-listed fund||Africa Capital raised|Investor Type and Vehicle Type|q39||1515
q101_2_africa|CURRENCY|AFRICA: Pension funds - Separate accounts investing directly into real estate|39_2|AFRICA_PensionFunds_SeparateAccountsDirect|AFR_PF_SepAccDirect|Pension funds - Separate accounts investing directly||Africa Capital raised|Investor Type and Vehicle Type|q39||1516
q101_3_africa|CURRENCY|AFRICA: Pension funds - Separate accounts investing into indirect vehicles|39_3|AFRICA_PensionFunds_SeparateAccountsIndirect|AFR_PF_SepAccIndirect|Pension funds - Separate accounts investing indirectly||Africa Capital raised|Investor Type and Vehicle Type|q39||1517
q101_4_africa|CURRENCY|AFRICA: Pension funds - Joint ventures and club deals|39_4|AFRICA_PensionFunds_JVs|AFR_PF_JVs|Pension funds - Joint ventures and club deals||Africa Capital raised|Investor Type and Vehicle Type|q39||1518
q101_5_africa|CURRENCY|AFRICA: Pension funds - Funds of funds|39_5|AFRICA_PensionFunds_FundsOfFunds|AFR_PF_FOF|Pension funds - Funds of funds||Africa Capital raised|Investor Type and Vehicle Type|q39||1519
q101_6_africa|CURRENCY|AFRICA: Pension funds - Non-listed debt products|39_6|AFRICA_PensionFunds_Debt|AFR_PF_Debt|Pension funds - Non-listed debt products||Africa Capital raised|Investor Type and Vehicle Type|q39||1520
q10ROW1_Total_africa|CURRENCY|AFRICA: Pension funds - TOTAL|39_7|AFRICA_PensionFunds_VehicleType_Total|AFR_PF_VT_Total|Pension funds - Vehicle type total||Africa Capital raised|Investor Type and Vehicle Type|q39||1521
q102_1_africa|CURRENCY|AFRICA: Insurance companies - Non-listed/ commingled real estate funds/private REITs|39_8|AFRICA_InsuranceCompanies_NonListedFunds|AFR_IC_NLF|Insurance companies - Non-listed fund||Africa Capital raised|Investor Type and Vehicle Type|q39||1522
q102_2_africa|CURRENCY|AFRICA: Insurance companies - Separate accounts investing directly into real estate|39_9|AFRICA_InsuranceCompanies_SeparateAccountsDirect|AFR_IC_SepAccDirect|Insurance companies - Separate accounts investing directly||Africa Capital raised|Investor Type and Vehicle Type|q39||1523
q102_3_africa|CURRENCY|AFRICA: Insurance companies - Separate accounts investing into indirect vehicles|39_10|AFRICA_InsuranceCompanies_SeparateAccountsIndirect|AFR_IC_SepAccIndirect|Insurance companies - Separate accounts investing indirectly||Africa Capital raised|Investor Type and Vehicle Type|q39||1524
q102_4_africa|CURRENCY|AFRICA: Insurance companies - Joint ventures and club deals|39_11|AFRICA_InsuranceCompanies_JVs|AFR_IC_JVs|Insurance companies - Joint ventures and club deals||Africa Capital raised|Investor Type and Vehicle Type|q39||1525
q102_5_africa|CURRENCY|AFRICA: Insurance companies - Funds of funds|39_12|AFRICA_InsuranceCompanies_FundsOfFunds|AFR_IC_FOF|Insurance companies - Funds of funds||Africa Capital raised|Investor Type and Vehicle Type|q39||1526
q102_6_africa|CURRENCY|AFRICA: Insurance companies - Non-listed debt products|39_13|AFRICA_InsuranceCompanies_Debt|AFR_IC_Debt|Insurance companies - Non-listed debt products||Africa Capital raised|Investor Type and Vehicle Type|q39||1527
q10ROW2_Total_africa|CURRENCY|AFRICA: Insurance companies - TOTAL|39_14|AFRICA_InsuranceCompanies_VehicleType_Total|AFR_IC_VT_Total|Insurance companies - Vehicle type total||Africa Capital raised|Investor Type and Vehicle Type|q39||1528
q103_1_africa|CURRENCY|AFRICA: Sovereign wealth funds - Non-listed/ commingled real estate funds/private REITs|39_15|AFRICA_SovereignWealthFunds_NonListedFunds|AFR_SWF_NLF|Sovereign wealth funds - Non-listed fund||Africa Capital raised|Investor Type and Vehicle Type|q39||1529
q103_2_africa|CURRENCY|AFRICA: Sovereign wealth funds - Separate accounts investing directly into real estate|39_16|AFRICA_SovereignWealthFunds_SeparateAccountsDirect|AFR_SWF_SepAccDirect|Sovereign wealth funds - Separate accounts investing directly||Africa Capital raised|Investor Type and Vehicle Type|q39||1530
q103_3_africa|CURRENCY|AFRICA: Sovereign wealth funds - Separate accounts investing into indirect vehicles|39_17|AFRICA_SovereignWealthFunds_SeparateAccountsIndirect|AFR_SWF_SepAccIndirect|Sovereign wealth funds - Separate accounts investing indirectly||Africa Capital raised|Investor Type and Vehicle Type|q39||1531
q103_4_africa|CURRENCY|AFRICA: Sovereign wealth funds - Joint ventures and club deals|39_18|AFRICA_SovereignWealthFunds_JVs|AFR_SWF_JVs|Sovereign wealth funds - Joint ventures and club deals||Africa Capital raised|Investor Type and Vehicle Type|q39||1532
q103_5_africa|CURRENCY|AFRICA: Sovereign wealth funds - Funds of funds|39_19|AFRICA_SovereignWealthFunds_FundsOfFunds|AFR_SWF_FOF|Sovereign wealth funds - Funds of funds||Africa Capital raised|Investor Type and Vehicle Type|q39||1533
q103_6_africa|CURRENCY|AFRICA: Sovereign wealth funds - Non-listed debt products|39_20|AFRICA_SovereignWealthFunds_Debt|AFR_SWF_Debt|Sovereign wealth funds - Non-listed debt products||Africa Capital raised|Investor Type and Vehicle Type|q39||1534
q10ROW3_Total_africa|CURRENCY|AFRICA: Sovereign wealth funds - TOTAL|39_21|AFRICA_SovereignWealthFunds_VehicleType_Total|AFR_SWF_VT_Total|Sovereign wealth funds - Vehicle type total||Africa Capital raised|Investor Type and Vehicle Type|q39||1535
q104_1_africa|CURRENCY|AFRICA: Government institutions - Non-listed/ commingled real estate funds/private REITs|39_22|AFRICA_GovernmentInstitutions_NonListedFunds|AFR_GI_NLF|Government institutions - Non-listed fund||Africa Capital raised|Investor Type and Vehicle Type|q39||1536
q104_2_africa|CURRENCY|AFRICA: Government institutions - Separate accounts investing directly into real estate|39_23|AFRICA_GovernmentInstitutions_SeparateAccountsDirect|AFR_GI_SepAccDirect|Government institutions - Separate accounts investing directly||Africa Capital raised|Investor Type and Vehicle Type|q39||1537
q104_3_africa|CURRENCY|AFRICA: Government institutions - Separate accounts investing into indirect vehicles|39_24|AFRICA_GovernmentInstitutions_SeparateAccountsIndirect|AFR_GI_SepAccIndirect|Government institutions - Separate accounts investing indirectly||Africa Capital raised|Investor Type and Vehicle Type|q39||1538
q104_4_africa|CURRENCY|AFRICA: Government institutions - Joint ventures and club deals|39_25|AFRICA_GovernmentInstitutions_JVs|AFR_GI_JVs|Government institutions - Joint ventures and club deals||Africa Capital raised|Investor Type and Vehicle Type|q39||1539
q104_5_africa|CURRENCY|AFRICA: Government institutions - Funds of funds|39_26|AFRICA_GovernmentInstitutions_FundsOfFunds|AFR_GI_FOF|Government institutions - Funds of funds||Africa Capital raised|Investor Type and Vehicle Type|q39||1540
q104_6_africa|CURRENCY|AFRICA: Government institutions - Non-listed debt products|39_27|AFRICA_GovernmentInstitutions_Debt|AFR_GI_Debt|Government institutions - Non-listed debt products||Africa Capital raised|Investor Type and Vehicle Type|q39||1541
q10ROW4_Total_africa|CURRENCY|AFRICA: Government institutions - TOTAL|39_28|AFRICA_GovernmentInstitutions_VehicleType_Total|AFR_GI_VT_Total|Government institutions - Vehicle type total||Africa Capital raised|Investor Type and Vehicle Type|q39||1542
q105_1_africa|CURRENCY|AFRICA: Charities, foundations, non-profit organisations - Non-listed/ commingled real estate funds/private REITs|39_29|AFRICA_CharitiesFoundationsNonProfitOrganizations_NonListedFunds|AFR_CF&NPO_NLF|Charities, foundations & non-profit organisations - Non-listed fund||Africa Capital raised|Investor Type and Vehicle Type|q39||1543
q105_2_africa|CURRENCY|AFRICA: Charities, foundations, non-profit organisations - Separate accounts investing directly into real estate|39_30|AFRICA_CharitiesFoundationsNonProfitOrganizations_SeparateAccountsDirect|AFR_CF&NPO_SepAccDirect|Charities, foundations & non-profit organisations - Separate accounts investing directly||Africa Capital raised|Investor Type and Vehicle Type|q39||1544
q105_3_africa|CURRENCY|AFRICA: Charities, foundations, non-profit organisations - Separate accounts investing into indirect vehicles|39_31|AFRICA_CharitiesFoundationsNonProfitOrganizations_SeparateAccountsIndirect|AFR_CF&NPO_SepAccIndirect|Charities, foundations & non-profit organisations - Separate accounts investing indirectly||Africa Capital raised|Investor Type and Vehicle Type|q39||1545
q105_4_africa|CURRENCY|AFRICA: Charities, foundations, non-profit organisations - Joint ventures and club deals|39_32|AFRICA_CharitiesFoundationsNonProfitOrganizations_JVs|AFR_CF&NPO_JVs|Charities, foundations & non-profit organisations - Joint ventures and club deals||Africa Capital raised|Investor Type and Vehicle Type|q39||1546
q105_5_africa|CURRENCY|AFRICA: Charities, foundations, non-profit organisations - Funds of funds|39_33|AFRICA_CharitiesFoundationsNonProfitOrganizations_FundsOfFunds|AFR_CF&NPO_FOF|Charities, foundations & non-profit organisations - Funds of funds||Africa Capital raised|Investor Type and Vehicle Type|q39||1547
q105_6_africa|CURRENCY|AFRICA: Charities, foundations, non-profit organisations - Non-listed debt products|39_34|AFRICA_CharitiesFoundationsNonProfitOrganizations_Debt|AFR_CF&NPO_Debt|Charities, foundations & non-profit organisations - Non-listed debt products||Africa Capital raised|Investor Type and Vehicle Type|q39||1548
q10ROW5_Total_africa|CURRENCY|AFRICA: Charities, foundations, non-profit organisations - TOTAL|39_35|AFRICA_CharitiesFoundationsNonProfitOrganizations_VehicleType_Total|AFR_CF&NPO_VT_Total|Charities, foundations & non-profit organisations - Vehicle type total||Africa Capital raised|Investor Type and Vehicle Type|q39||1549
q106_1_africa|CURRENCY|AFRICA: Funds of funds - Non-listed/ commingled real estate funds/private REITs|39_36|AFRICA_FundsOfFunds_NonListedFunds|AFR_FOF_NLF|Funds of funds - Non-listed fund||Africa Capital raised|Investor Type and Vehicle Type|q39||1550
q106_2_africa|CURRENCY|AFRICA: Funds of funds - Separate accounts investing directly into real estate|39_37|AFRICA_FundsOfFunds_SeparateAccountsDirect|AFR_FOF_SepAccDirect|Funds of funds - Separate accounts investing directly||Africa Capital raised|Investor Type and Vehicle Type|q39||1551
q106_3_africa|CURRENCY|AFRICA: Funds of funds - Separate accounts investing into indirect vehicles|39_38|AFRICA_FundsOfFunds_SeparateAccountsIndirect|AFR_FOF_SepAccIndirect|Funds of funds - Separate accounts investing indirectly||Africa Capital raised|Investor Type and Vehicle Type|q39||1552
q106_4_africa|CURRENCY|AFRICA: Funds of funds - Joint ventures and club deals|39_39|AFRICA_FundsOfFunds_JVs|AFR_FOF_JVs|Funds of funds - Joint ventures and club deals||Africa Capital raised|Investor Type and Vehicle Type|q39||1553
q106_5_africa|CURRENCY|AFRICA: Funds of funds - Funds of funds|39_40|AFRICA_FundsOfFunds_FundsOfFunds|AFR_FOF_FOF|Funds of funds - Funds of funds||Africa Capital raised|Investor Type and Vehicle Type|q39||1554
q106_6_africa|CURRENCY|AFRICA: Funds of funds - Non-listed debt products|39_41|AFRICA_FundsOfFunds_Debt|AFR_FOF_Debt|Funds of funds - Non-listed debt products||Africa Capital raised|Investor Type and Vehicle Type|q39||1555
q10ROW6_Total_africa|CURRENCY|AFRICA: Funds of funds - TOTAL|39_42|AFRICA_FundsOfFunds_VehicleType_Total|AFR_FOF_VT_Total|Funds of funds - Vehicle type total||Africa Capital raised|Investor Type and Vehicle Type|q39||1556
q107_1_africa|CURRENCY|AFRICA: High net worth individuals /Family offices - Non-listed/ commingled real estate funds/private REITs|39_43|AFRICA_HighnetWorthIndividualsFamilyOffices_NonListedFunds|AFR_HNWI/FO_NLF|Hign net worth individuals/Family offices - Non-listed fund||Africa Capital raised|Investor Type and Vehicle Type|q39||1557
q107_2_africa|CURRENCY|AFRICA: High net worth individuals /Family offices - Separate accounts investing directly into real estate|39_44|AFRICA_HighnetWorthIndividualsFamilyOffices_SeparateAccountsDirect|AFR_HNWI/FO_SepAccDirect|Hign net worth individuals/Family offices - Separate accounts investing directly||Africa Capital raised|Investor Type and Vehicle Type|q39||1558
q107_3_africa|CURRENCY|AFRICA: High net worth individuals /Family offices - Separate accounts investing into indirect vehicles|39_45|AFRICA_HighnetWorthIndividualsFamilyOffices_SeparateAccountsIndirect|AFR_HNWI/FO_SepAccIndirect|Hign net worth individuals/Family offices - Separate accounts investing indirectly||Africa Capital raised|Investor Type and Vehicle Type|q39||1559
q107_4_africa|CURRENCY|AFRICA: High net worth individuals /Family offices - Joint ventures and club deals|39_46|AFRICA_HighnetWorthIndividualsFamilyOffices_JVs|AFR_HNWI/FO_JVs|Hign net worth individuals/Family offices - Joint ventures and club deals||Africa Capital raised|Investor Type and Vehicle Type|q39||1560
q107_5_africa|CURRENCY|AFRICA: High net worth individuals /Family offices - Funds of funds|39_47|AFRICA_HighnetWorthIndividualsFamilyOffices_FundsOfFunds|AFR_HNWI/FO_FOF|Hign net worth individuals/Family offices - Funds of funds||Africa Capital raised|Investor Type and Vehicle Type|q39||1561
q107_6_africa|CURRENCY|AFRICA: High net worth individuals /Family offices - Non-listed debt products|39_48|AFRICA_HighnetWorthIndividualsFamilyOffices_Debt|AFR_HNWI/FO_Debt|Hign net worth individuals/Family offices - Non-listed debt products||Africa Capital raised|Investor Type and Vehicle Type|q39||1562
q10ROW7_Total_africa|CURRENCY|AFRICA: High net worth individuals /Family offices - TOTAL|39_49|AFRICA_HighnetWorthIndividualsFamilyOffices_VehicleType_Total|AFR_HNWI/FO_VT_Total|Hign net worth individuals/Family offices - Vehicle type total||Africa Capital raised|Investor Type and Vehicle Type|q39||1563
q10other_africa|CURRENCY|AFRICA: Other investor type (Other)|39_50|AFRICA_OtherInvestorTypetext|AFR_OtherITText|Other investor type||Africa Capital raised|Investor Type and Vehicle Type|q39||1564
q108_1_africa|CURRENCY|AFRICA: Other - Non-listed/ commingled real estate funds/private REITs|39_51|AFRICA_OtherInvestorType_NonListedFunds|AFR_OtherIT_NLF|Other investor type - Non-listed fund||Africa Capital raised|Investor Type and Vehicle Type|q39||1565
q108_2_africa|CURRENCY|AFRICA: Other - Separate accounts investing directly into real estate|39_52|AFRICA_OtherInvestorType_SeparateAccountsDirect|AFR_OtherIT_SepAccDirect|Other investor type - Separate accounts investing directly||Africa Capital raised|Investor Type and Vehicle Type|q39||1566
q108_3_africa|CURRENCY|AFRICA: Other - Separate accounts investing into indirect vehicles|39_53|AFRICA_OtherInvestorType_SeparateAccountsIndirect|AFR_OtherIT_SepAccIndirect|Other investor type - Separate accounts investing indirectly||Africa Capital raised|Investor Type and Vehicle Type|q39||1567
q108_4_africa|CURRENCY|AFRICA: Other - Joint ventures and club deals|39_54|AFRICA_OtherInvestorType_JVs|AFR_OtherIT_JVs|Other investor type - Joint ventures and club deals||Africa Capital raised|Investor Type and Vehicle Type|q39||1568
q108_5_africa|CURRENCY|AFRICA: Other - Funds of funds|39_55|AFRICA_OtherInvestorType_FundsOfFunds|AFR_OtherIT_FOF|Other investor type - Funds of funds||Africa Capital raised|Investor Type and Vehicle Type|q39||1569
q108_6_africa|CURRENCY|AFRICA: Other - Non-listed debt products|39_56|AFRICA_OtherInvestorType_Debt|AFR_OtherIT_Debt|Other investor type - Non-listed debt products||Africa Capital raised|Investor Type and Vehicle Type|q39||1570
q10ROW8_Total_africa|CURRENCY|AFRICA: Other - TOTAL|39_57|AFRICA_OtherInvestorType_VehicleType_Total|AFR_OtherIT_VT_Total|Other investor type - Vehicle type total||Africa Capital raised|Investor Type and Vehicle Type|q39||1571
q10COL1_Total_africa|CURRENCY|AFRICA TOTAL - Non-listed/ commingled real estate funds/private REITs|39_58|AFRICA_InvestorType_NonListedFunds_Total|AFR_IT_NLF_Total|Investor type - Non-listed fund total||Africa Capital raised|Investor Type and Vehicle Type|q39||1572
q10COL2_Total_africa|CURRENCY|AFRICA TOTAL - Separate accounts investing directly into real estate|39_59|AFRICA_InvestorType_SeparateAccountsDirect_Total|AFR_IT_SepAccDirect_Total|Investor type - Separate accounts investing directly total||Africa Capital raised|Investor Type and Vehicle Type|q39||1573
q10COL3_Total_africa|CURRENCY|AFRICA TOTAL - Separate accounts investing into indirect vehicles|39_60|AFRICA_InvestorType_SeparateAccountsIndirect_Total|AFR_IT_SepAccIndirect_Total|Investor type - Separate accounts investing indirectly total||Africa Capital raised|Investor Type and Vehicle Type|q39||1574
q10COL4_Total_africa|CURRENCY|AFRICA TOTAL - Joint ventures and club deals|39_61|AFRICA_InvestorType_JVs_Total|AFR_IT_JVs_Total|Investor type - Joint ventures and club deals total||Africa Capital raised|Investor Type and Vehicle Type|q39||1575
q10COL5_Total_africa|CURRENCY|AFRICA TOTAL - Funds of funds|39_62|AFRICA_InvestorType_FundsOfFunds_Total|AFR_IT_FOF_Total|Investor type - Funds of funds total||Africa Capital raised|Investor Type and Vehicle Type|q39||1576
q10COL6_Total_africa|CURRENCY|AFRICA TOTAL - Non-listed debt products|39_63|AFRICA_InvestorType_Debt_Total|AFR_IT_Debt_Total|Investor type - Non-listed debt products total||Africa Capital raised|Investor Type and Vehicle Type|q39||1577
q10GRANDTotal_africa|CURRENCY|AFRICA TOTAL Capital Raised in 2021 for your African strategy by investor type|39_64|AFRICA_InvestorType_VehicleType_Total|AFR_IT_VT_Total|Investor type - Vehicle type total||Africa Capital raised|Investor Type and Vehicle Type|q39||1578
_africa||For your African strategy*, how much institutional capital did your company raise for non-listed vehicles in 2021 by investor domicile (million)?|40|||||||q40||1579
q111_1_africa|CURRENCY|AFRICA: Asia Pacific - Non-listed/ commingled real estate funds/private REITs|40_1|AFRICA_InvestorDomicileAsiaPacific_NonListedFunds|AFR_IDAPAC_NLF|Asia Pacific - Non-listed funds||Africa Capital raised|Investor Type and Vehicle Type|q40||1580
q111_2_africa|CURRENCY|AFRICA: Asia Pacific - Separate accounts investing directly into real estate|40_2|AFRICA_InvestorDomicileAsiaPacific_SeparateAccountsDirect|AFR_IDAPAC_SepAccDirect|Asia Pacific - Separate accounts investing directly||Africa Capital raised|Investor Type and Vehicle Type|q40||1581
q111_3_africa|CURRENCY|AFRICA: Asia Pacific - Separate accounts investing into indirect vehicles|40_3|AFRICA_InvestorDomicileAsiaPacific_SeparateAccountsIndirect|AFR_IDAPAC_SepAccIndirect|Asia Pacific - Separate accounts investing indirectly||Africa Capital raised|Investor Type and Vehicle Type|q40||1582
q111_4_africa|CURRENCY|AFRICA: Asia Pacific - Joint ventures and club deals|40_4|AFRICA_InvestorDomicileAsiaPacific_JVs|AFR_IDAPAC_JVs|Asia Pacific - Joint ventures and club deals||Africa Capital raised|Investor Type and Vehicle Type|q40||1583
q111_5_africa|CURRENCY|AFRICA: Asia Pacific - Funds of funds|40_5|AFRICA_InvestorDomicileAsiaPacific_FundsOfFunds|AFR_IDAPAC_FOF|Asia Pacific - Funds of funds||Africa Capital raised|Investor Type and Vehicle Type|q40||1584
q111_6_africa|CURRENCY|AFRICA: Asia Pacific - Non-listed debt products|40_6|AFRICA_InvestorDomicileAsiaPacific_Debt|AFR_IDAPAC_Debt|Asia Pacific - Non-listed debt products||Africa Capital raised|Investor Type and Vehicle Type|q40||1585
q11ROW1_Total_africa|CURRENCY|AFRICA: Asia Pacific - TOTAL|40_7|AFRICA_InvestorDomicileAsiaPacific_VehicleType_Total|AFR_IDAPAC_VT_Total|Asia Pacific - Vehicle type total||Africa Capital raised|Investor Type and Vehicle Type|q40||1586
q112_1_africa|CURRENCY|AFRICA: Europe - Non-listed/ commingled real estate funds/private REITs|40_8|AFRICA_InvestorDomicileEurope_NonListedFunds|AFR_IDEUR_NLF|Europe - Non-listed funds||Africa Capital raised|Investor Type and Vehicle Type|q40||1587
q112_2_africa|CURRENCY|AFRICA: Europe - Separate accounts investing directly into real estate|40_9|AFRICA_InvestorDomicileEurope_SeparateAccountsDirect|AFR_IDEUR_SepAccDirect|Europe - Separate accounts investing directly||Africa Capital raised|Investor Type and Vehicle Type|q40||1588
q112_3_africa|CURRENCY|AFRICA: Europe - Separate accounts investing into indirect vehicles|40_10|AFRICA_InvestorDomicileEurope_SeparateAccountsIndirect|AFR_IDEUR_SepAccIndirect|Europe - Separate accounts investing indirectly||Africa Capital raised|Investor Type and Vehicle Type|q40||1589
q112_4_africa|CURRENCY|AFRICA: Europe - Joint ventures and club deals|40_11|AFRICA_InvestorDomicileEurope_JVs|AFR_IDEUR_JVs|Europe - Joint ventures and club deals||Africa Capital raised|Investor Type and Vehicle Type|q40||1590
q112_5_africa|CURRENCY|AFRICA: Europe - Funds of funds|40_12|AFRICA_InvestorDomicileEurope_FundsOfFunds|AFR_IDEUR_FOF|Europe - Funds of funds||Africa Capital raised|Investor Type and Vehicle Type|q40||1591
q112_6_africa|CURRENCY|AFRICA: Europe - Non-listed debt products|40_13|AFRICA_InvestorDomicileEurope_Debt|AFR_IDEUR_Debt|Europe - Non-listed debt products||Africa Capital raised|Investor Type and Vehicle Type|q40||1592
q11ROW2_Total_africa|CURRENCY|AFRICA: Europe - TOTAL|40_14|AFRICA_InvestorDomicileEurope_VehicleType_Total|AFR_IDEUR_VT_Total|Europe - Vehicle type total||Africa Capital raised|Investor Type and Vehicle Type|q40||1593
q113_1_africa|CURRENCY|AFRICA: North America - Non-listed/ commingled real estate funds/private REITs|40_15|AFRICA_InvestorDomicileNorthAmerica_NonListedFunds|AFR_IDNA_NLF|North America - Non-listed funds||Africa Capital raised|Investor Type and Vehicle Type|q40||1594
q113_2_africa|CURRENCY|AFRICA: North America - Separate accounts investing directly into real estate|40_16|AFRICA_InvestorDomicileNorthAmerica_SeparateAccountsDirect|AFR_IDNA_SepAccDirect|North America - Separate accounts investing directly||Africa Capital raised|Investor Type and Vehicle Type|q40||1595
q113_3_africa|CURRENCY|AFRICA: North America - Separate accounts investing into indirect vehicles|40_17|AFRICA_InvestorDomicileNorthAmerica_SeparateAccountsIndirect|AFR_IDNA_SepAccIndirect|North America - Separate accounts investing indirectly||Africa Capital raised|Investor Type and Vehicle Type|q40||1596
q113_4_africa|CURRENCY|AFRICA: North America - Joint ventures and club deals|40_18|AFRICA_InvestorDomicileNorthAmerica_JVs|AFR_IDNA_JVs|North America - Joint ventures and club deals||Africa Capital raised|Investor Type and Vehicle Type|q40||1597
q113_5_africa|CURRENCY|AFRICA: North America - Funds of funds|40_19|AFRICA_InvestorDomicileNorthAmerica_FundsOfFunds|AFR_IDNA_FOF|North America - Funds of funds||Africa Capital raised|Investor Type and Vehicle Type|q40||1598
q113_6_africa|CURRENCY|AFRICA: North America - Non-listed debt products|40_20|AFRICA_InvestorDomicileNorthAmerica_Debt|AFR_IDNA_Debt|North America - Non-listed debt products||Africa Capital raised|Investor Type and Vehicle Type|q40||1599
q11ROW3_Total_africa|CURRENCY|AFRICA: North America - TOTAL|40_21|AFRICA_InvestorDomicileNorthAmerica_VehicleType_Total|AFR_IDNA_VT_Total|North America - Vehicle type total||Africa Capital raised|Investor Type and Vehicle Type|q40||1600
q114_1_africa|CURRENCY|AFRICA: South America - Non-listed/ commingled real estate funds/private REITs|40_22|AFRICA_InvestorDomicileSouthAmerica_NonListedFunds|AFR_IDSA_NLF|South America - Non-listed funds||Africa Capital raised|Investor Type and Vehicle Type|q40||1601
q114_2_africa|CURRENCY|AFRICA: South America - Separate accounts investing directly into real estate|40_23|AFRICA_InvestorDomicileSouthAmerica_SeparateAccountsDirect|AFR_IDSA_SepAccDirect|South America - Separate accounts investing directly||Africa Capital raised|Investor Type and Vehicle Type|q40||1602
q114_3_africa|CURRENCY|AFRICA: South America - Separate accounts investing into indirect vehicles|40_24|AFRICA_InvestorDomicileSouthAmerica_SeparateAccountsIndirect|AFR_IDSA_SepAccIndirect|South America - Separate accounts investing indirectly||Africa Capital raised|Investor Type and Vehicle Type|q40||1603
q114_4_africa|CURRENCY|AFRICA: South America - Joint ventures and club deals|40_25|AFRICA_InvestorDomicileSouthAmerica_JVs|AFR_IDSA_JVs|South America - Joint ventures and club deals||Africa Capital raised|Investor Type and Vehicle Type|q40||1604
q114_5_africa|CURRENCY|AFRICA: South America - Funds of funds|40_26|AFRICA_InvestorDomicileSouthAmerica_FundsOfFunds|AFR_IDSA_FOF|South America - Funds of funds||Africa Capital raised|Investor Type and Vehicle Type|q40||1605
q114_6_africa|CURRENCY|AFRICA: South America - Non-listed debt products|40_27|AFRICA_InvestorDomicileSouthAmerica_Debt|AFR_IDSA_Debt|South America - Non-listed debt products||Africa Capital raised|Investor Type and Vehicle Type|q40||1606
q11ROW4_Total_africa|CURRENCY|AFRICA: South America - TOTAL|40_28|AFRICA_InvestorDomicileSouthAmerica_VehicleType_Total|AFR_IDSA_VT_Total|South America - Vehicle type total||Africa Capital raised|Investor Type and Vehicle Type|q40||1607
q115_1_africa|CURRENCY|AFRICA: Africa - Non-listed/ commingled real estate funds/private REITs|40_29|AFRICA_InvestorDomicileAfrica_NonListedFunds|AFR_IDAFR_NLF|Africa - Non-listed funds||Africa Capital raised|Investor Type and Vehicle Type|q40||1608
q115_2_africa|CURRENCY|AFRICA: Africa - Separate accounts investing directly into real estate|40_30|AFRICA_InvestorDomicileAfrica_SeparateAccountsDirect|AFR_IDAFR_SepAccDirect|Africa - Separate accounts investing directly||Africa Capital raised|Investor Type and Vehicle Type|q40||1609
q115_3_africa|CURRENCY|AFRICA: Africa - Separate accounts investing into indirect vehicles|40_31|AFRICA_InvestorDomicileAfrica_SeparateAccountsIndirect|AFR_IDAFR_SepAccIndirect|Africa - Separate accounts investing indirectly||Africa Capital raised|Investor Type and Vehicle Type|q40||1610
q115_4_africa|CURRENCY|AFRICA: Africa - Joint ventures and club deals|40_32|AFRICA_InvestorDomicileAfrica_JVs|AFR_IDAFR_JVs|Africa - Joint ventures and club deals||Africa Capital raised|Investor Type and Vehicle Type|q40||1611
q115_5_africa|CURRENCY|AFRICA: Africa - Funds of funds|40_33|AFRICA_InvestorDomicileAfrica_FundsOfFunds|AFR_IDAFR_FOF|Africa - Funds of funds||Africa Capital raised|Investor Type and Vehicle Type|q40||1612
q115_6_africa|CURRENCY|AFRICA: Africa - Non-listed debt products|40_34|AFRICA_InvestorDomicileAfrica_Debt|AFR_IDAFR_Debt|Africa - Non-listed debt products||Africa Capital raised|Investor Type and Vehicle Type|q40||1613
q11ROW5_Total_africa|CURRENCY|AFRICA: Africa - TOTAL|40_35|AFRICA_InvestorDomicileAfrica_VehicleType_Total|AFR_IDAFR_VT_Total|Africa - Vehicle type total||Africa Capital raised|Investor Type and Vehicle Type|q40||1614
q11COL1_Total_africa|CURRENCY|AFRICA: TOTAL - Non-listed/ commingled real estate funds/private REITs|40_36|AFRICA_InvestorDomicile_NonListedFunds_Total|AFR_ID_NLF_Total|Investor domicile total - Non-listed funds||Africa Capital raised|Investor Type and Vehicle Type|q40||1615
q11COL2_Total_africa|CURRENCY|AFRICA: TOTAL - Separate accounts investing directly into real estate|40_37|AFRICA_InvestorDomicile_SeparateAccountsDirect_Total|AFR_ID_SepAccDirect_Total|Investor domicile total - Separate accounts investing directly||Africa Capital raised|Investor Type and Vehicle Type|q40||1616
q11COL3_Total_africa|CURRENCY|AFRICA: TOTAL - Separate accounts investing into indirect vehicles|40_38|AFRICA_InvestorDomicile_SeparateAccountsIndirect_Total|AFR_ID_SepAccIndirect_Total|Investor domicile total - Separate accounts investing indirectly||Africa Capital raised|Investor Type and Vehicle Type|q40||1617
q11COL4_Total_africa|CURRENCY|AFRICA: TOTAL - Joint ventures and club deals|40_39|AFRICA_InvestorDomicile_JVs_Total|AFR_ID_JVs_Total|Investor domicile total - Joint ventures and club deals||Africa Capital raised|Investor Type and Vehicle Type|q40||1618
q11COL5_Total_africa|CURRENCY|AFRICA: TOTAL - Funds of funds|40_40|AFRICA_InvestorDomicile_FundsOfFunds_Total|AFR_ID_FOF_Total|Investor domicile total - Funds of funds||Africa Capital raised|Investor Type and Vehicle Type|q40||1619
q11COL6_Total_africa|CURRENCY|AFRICA: TOTAL - Non-listed debt products|40_41|AFRICA_InvestorDomicile_Debt_Total|AFR_ID_Debt_Total|Investor domicile total - Non-listed debt products||Africa Capital raised|Investor Type and Vehicle Type|q40||1620
q11GRANDTotal_africa|CURRENCY|AFRICA TOTAL Capital Raised in 2021 for your African strategy by investor domicile|40_42|AFRICA_InvestorDomicile_VehicleType_Total|AFR_ID_VT_Total|Investor domicile total - Vehicle type total||Africa Capital raised|Investor Type and Vehicle Type|q40||1621
_africa||For your African strategy*, how much institutional capital did your company raise for non-listed vehicles in 2021 by sector strategy (million)?|41|||||||q41||1622
q161_1_africa|CURRENCY|AFRICA: (Single) Office - Non-listed/ commingled real estate funds/private REITs|41_1|AFRICA_NonListedFunds_SingleSectorOffice|AFR_NLF_SSOffice|Non-listed funds - Single sector office||Africa  Capital raised|Sector Strategy and Vehicle Type|q41||1623
q161_2_africa|CURRENCY|AFRICA: (Single) Office - Separate accounts investing directly into real estate|41_2|AFRICA_SeparateAccountsDirect_SingleSectorOffice|AFR_SepAccDirect_SSOffice|Separate accounts investing directly - Single sector office||Africa  Capital raised|Sector Strategy and Vehicle Type|q41||1624
q161_3_africa|CURRENCY|AFRICA: (Single) Office - Separate accounts investing into indirect vehicles|41_3|AFRICA_SeparateAccountsIndirect_SingleSectorOffice|AFR_SepAccIndirect_SSOffice|Separate accounts investing indirectly - Single sector office||Africa  Capital raised|Sector Strategy and Vehicle Type|q41||1625
q161_4_africa|CURRENCY|AFRICA: (Single) Office - Joint ventures and club deals|41_4|AFRICA_JVs_SingleSectorOffice|AFR_JVs_SSOffice|Joint ventures and club deals - Single sector office||Africa  Capital raised|Sector Strategy and Vehicle Type|q41||1626
q161_5_africa|CURRENCY|AFRICA: (Single) Office - Funds of funds|41_5|AFRICA_FundsOfFunds_SingleSectorOffice|AFR_FOF_SSOffice|Funds of funds - Single sector office||Africa  Capital raised|Sector Strategy and Vehicle Type|q41||1627
q161_6_africa|CURRENCY|AFRICA: (Single) Office - Non-listed debt products|41_6|AFRICA_Debt_SingleSectorOffice|AFR_Debt_SSOffice|Non-listed debt products - Single sector office||Africa  Capital raised|Sector Strategy and Vehicle Type|q41||1628
q16ROW1_Total_africa|CURRENCY|AFRICA: (Single) Office - TOTAL|41_7|AFRICA_NonListedVehicles_SingleSectorOffice_Total|AFR_NLV_SSOffice_Total|Non-listed vehicles total - Single sector office||Africa  Capital raised|Sector Strategy and Vehicle Type|q41||1629
q162_1_africa|CURRENCY|AFRICA: (Single) Retail - Non-listed/ commingled real estate funds/private REITs|41_8|AFRICA_NonListedFunds_SingleSectorRetail|AFR_NLF_SSRetail|Non-listed funds - Single sector retail||Africa  Capital raised|Sector Strategy and Vehicle Type|q41||1630
q162_2_africa|CURRENCY|AFRICA: (Single) Retail - Separate accounts investing directly into real estate|41_9|AFRICA_SeparateAccountsDirect_SingleSectorRetail|AFR_SepAccDirect_SSRetail|Separate accounts investing directly - Single sector retail||Africa  Capital raised|Sector Strategy and Vehicle Type|q41||1631
q162_3_africa|CURRENCY|AFRICA: (Single) Retail - Separate accounts investing into indirect vehicles|41_10|AFRICA_SeparateAccountsIndirect_SingleSectorRetail|AFR_SepAccIndirect_SSRetail|Separate accounts investing indirectly - Single sector retail||Africa  Capital raised|Sector Strategy and Vehicle Type|q41||1632
q162_4_africa|CURRENCY|AFRICA: (Single) Retail - Joint ventures and club deals|41_11|AFRICA_JVs_SingleSectorRetail|AFR_JVs_SSRetail|Joint ventures and club deals - Single sector retail||Africa  Capital raised|Sector Strategy and Vehicle Type|q41||1633
q162_5_africa|CURRENCY|AFRICA: (Single) Retail - Funds of funds|41_12|AFRICA_FundsOfFunds_SingleSectorRetail|AFR_FOF_SSRetail|Funds of funds - Single sector retail||Africa  Capital raised|Sector Strategy and Vehicle Type|q41||1634
q162_6_africa|CURRENCY|AFRICA: (Single) Retail - Non-listed debt products|41_13|AFRICA_Debt_SingleSectorRetail|AFR_Debt_SSRetail|Non-listed debt products - Single sector retail||Africa  Capital raised|Sector Strategy and Vehicle Type|q41||1635
q16ROW2_Total_africa|CURRENCY|AFRICA: (Single) Retail - TOTAL|41_14|AFRICA_NonListedVehicles_SingleSectorRetail_Total|AFR_NLV_SSRetail_Total|Non-listed vehicles total - Single sector retail||Africa  Capital raised|Sector Strategy and Vehicle Type|q41||1636
q163_1_africa|CURRENCY|AFRICA: (Single) Industrial / logistics - Non-listed/ commingled real estate funds/private REITs|41_15|AFRICA_NonListedFunds_SingleSectorIndustrial/Logistics|AFR_NLF_SSInd/Log|Non-listed funds - Single sector industrial/logistics||Africa  Capital raised|Sector Strategy and Vehicle Type|q41||1637
q163_2_africa|CURRENCY|AFRICA: (Single) Industrial / logistics - Separate accounts investing directly into real estate|41_16|AFRICA_SeparateAccountsDirect_SingleSectorIndustrial/Logistics|AFR_SepAccDirect_SSInd/Log|Separate accounts investing directly - Single sector industrial/logistics||Africa  Capital raised|Sector Strategy and Vehicle Type|q41||1638
q163_3_africa|CURRENCY|AFRICA: (Single) Industrial / logistics - Separate accounts investing into indirect vehicles|41_17|AFRICA_SeparateAccountsIndirect_SingleSectorIndustrial/Logistics|AFR_SepAccIndirect_SSInd/Log|Separate accounts investing indirectly - Single sector industrial/logistics||Africa  Capital raised|Sector Strategy and Vehicle Type|q41||1639
q163_4_africa|CURRENCY|AFRICA: (Single) Industrial / logistics - Joint ventures and club deals|41_18|AFRICA_JVs_SingleSectorIndustrial/Logistics|AFR_JVs_SSInd/Log|Joint ventures and club deals - Single sector industrial/logistics||Africa  Capital raised|Sector Strategy and Vehicle Type|q41||1640
q163_5_africa|CURRENCY|AFRICA: (Single) Industrial / logistics - Funds of funds|41_19|AFRICA_FundsOfFunds_SingleSectorIndustrial/Logistics|AFR_FOF_SSInd/Log|Funds of funds - Single sector industrial/logistics||Africa  Capital raised|Sector Strategy and Vehicle Type|q41||1641
q163_6_africa|CURRENCY|AFRICA: (Single) Industrial / logistics - Non-listed debt products|41_20|AFRICA_Debt_SingleSectorIndustrial/Logistics|AFR_Debt_SSInd/Log|Non-listed debt products - Single sector industrial/logistics||Africa  Capital raised|Sector Strategy and Vehicle Type|q41||1642
q16ROW3_Total_africa|CURRENCY|AFRICA: (Single) Industrial / logistics - TOTAL|41_21|AFRICA_NonListedVehicles_SingleSectorIndustrial/Logistics_Total|AFR_NLV_SSInd/Log_Total|Non-listed vehicles total - Single sector industrial/logistics||Africa  Capital raised|Sector Strategy and Vehicle Type|q41||1643
q164_1_africa|CURRENCY|AFRICA: (Single) Residential / multi-family / apartments - Non-listed/ commingled real estate funds/private REITs|41_22|AFRICA_NonListedFunds_SingleSectorResidential/Multifamily/Apartments|AFR_NLF_SSResidential|Non-listed funds - Single sector residential/multifamily/ apartment||Africa  Capital raised|Sector Strategy and Vehicle Type|q41||1644
q164_2_africa|CURRENCY|AFRICA: (Single) Residential / multi-family / apartments - Separate accounts investing directly into real estate|41_23|AFRICA_SeparateAccountsDirect_SingleSectorResidential/Multifamily/Apartments|AFR_SepAccDirect_SSResidential|Separate accounts investing directly - Single sector residential/multifamily/ apartment||Africa  Capital raised|Sector Strategy and Vehicle Type|q41||1645
q164_3_africa|CURRENCY|AFRICA: (Single) Residential / multi-family / apartments - Separate accounts investing into indirect vehicles|41_24|AFRICA_SeparateAccountsIndirect_SingleSectorResidential/Multifamily/Apartments|AFR_SepAccIndirect_SSResidential|Separate accounts investing indirectly - Single sector residential/multifamily/ apartment||Africa  Capital raised|Sector Strategy and Vehicle Type|q41||1646
q164_4_africa|CURRENCY|AFRICA: (Single) Residential / multi-family / apartments - Joint ventures and club deals|41_25|AFRICA_JVs_SingleSectorResidential/Multifamily/Apartments|AFR_JVs_SSResidential|Joint ventures and club deals - Single sector residential/multifamily/ apartment||Africa  Capital raised|Sector Strategy and Vehicle Type|q41||1647
q164_5_africa|CURRENCY|AFRICA: (Single) Residential / multi-family / apartments - Funds of funds|41_26|AFRICA_FundsOfFunds_SingleSectorResidential/Multifamily/Apartments|AFR_FOF_SSResidential|Funds of funds - Single sector residential/multifamily/ apartment||Africa  Capital raised|Sector Strategy and Vehicle Type|q41||1648
q164_6_africa|CURRENCY|AFRICA: (Single) Residential / multi-family / apartments - Non-listed debt products|41_27|AFRICA_Debt_SingleSectorResidential/Multifamily/Apartments|AFR_Debt_SSResidential|Non-listed debt products - Single sector residential/multifamily/ apartment||Africa  Capital raised|Sector Strategy and Vehicle Type|q41||1649
q16ROW4_Total_africa|CURRENCY|AFRICA: (Single) Residential / multi-family / apartments - TOTAL|41_28|AFRICA_NonListedVehicles_SingleSectorResidential/Multifamily/Apartments_Total|AFR_NLV_SSResidential_Total|Non-listed vehicles total - Single sector residential/multifamily/ apartment||Africa  Capital raised|Sector Strategy and Vehicle Type|q41||1650
q165_1_africa|CURRENCY|AFRICA: (Single) Residential / multi-family / apartments - Non-listed/ commingled real estate funds/private REITs|41_29|AFRICA_NonListedFunds_SingleSectorStudentHousing|AFR_NLF_SSStudHou|Non-listed funds - Single sector student housing||Africa  Capital raised|Sector Strategy and Vehicle Type|q41||1651
q165_2_africa|CURRENCY|AFRICA: (Single) Residential / multi-family / apartments - Separate accounts investing directly into real estate|41_30|AFRICA_SeparateAccountsDirect_SingleSectorStudentHousing|AFR_SepAccDirect_SSStudHou|Separate accounts investing directly - Single sector student housing||Africa  Capital raised|Sector Strategy and Vehicle Type|q41||1652
q165_3_africa|CURRENCY|AFRICA: (Single) Residential / multi-family / apartments - Separate accounts investing into indirect vehicles|41_31|AFRICA_SeparateAccountsIndirect_SingleSectorStudentHousing|AFR_SepAccIndirect_SSStudHou|Separate accounts investing indirectly - Single sector student housing||Africa  Capital raised|Sector Strategy and Vehicle Type|q41||1653
q165_4_africa|CURRENCY|AFRICA: (Single) Residential / multi-family / apartments - Joint ventures and club deals|41_32|AFRICA_JVs_SingleSectorStudentHousing|AFR_JVs_SSStudHou|Joint ventures and club deals - Single sector student housing||Africa  Capital raised|Sector Strategy and Vehicle Type|q41||1654
q165_5_africa|CURRENCY|AFRICA: (Single) Residential / multi-family / apartments - Funds of funds|41_33|AFRICA_FundsOfFunds_SingleSectorStudentHousing|AFR_FOF_SSStudHou|Funds of funds - Single sector student housing||Africa  Capital raised|Sector Strategy and Vehicle Type|q41||1655
q165_6_africa|CURRENCY|AFRICA: (Single) Residential / multi-family / apartments - Non-listed debt products|41_34|AFRICA_Debt_SingleSectorStudentHousing|AFR_Debt_SSStudHou|Non-listed debt products - Single sector student housing||Africa  Capital raised|Sector Strategy and Vehicle Type|q41||1656
q16ROW5_Total_africa|CURRENCY|AFRICA: (Single) Residential / multi-family / apartments - TOTAL|41_35|AFRICA_NonListedVehicles_SingleSectorStudentHousing_Total|AFR_NLV_SSStudHou_Total|Non-listed vehicles total - Single sector student housing||Africa  Capital raised|Sector Strategy and Vehicle Type|q41||1657
q166_1_africa|CURRENCY|AFRICA: (Single) Senior living / aged care / health care - Non-listed/ commingled real estate funds/private REITs|41_36|AFRICA_NonListedFunds_SingleSectorSeniorLiving/Agedcare/Healthcare|AFR_NLF_SSSenLiving|Non-listed funds - Single sector senior living/ aged care/ healthcare||Africa  Capital raised|Sector Strategy and Vehicle Type|q41||1658
q166_2_africa|CURRENCY|AFRICA: (Single) Senior living / aged care / health care - Separate accounts investing directly into real estate|41_37|AFRICA_SeparateAccountsDirect_SingleSectorSeniorLiving/Agedcare/Healthcare|AFR_SepAccDirect_SSSenLiving|Separate accounts investing directly - Single sector senior living/ aged care/ healthcare||Africa  Capital raised|Sector Strategy and Vehicle Type|q41||1659
q166_3_africa|CURRENCY|AFRICA: (Single) Senior living / aged care / health care - Separate accounts investing into indirect vehicles|41_38|AFRICA_SeparateAccountsIndirect_SingleSectorSeniorLiving/Agedcare/Healthcare|AFR_SepAccIndirect_SSSenLiving|Separate accounts investing indirectly - Single sector senior living/ aged care/ healthcare||Africa  Capital raised|Sector Strategy and Vehicle Type|q41||1660
q166_4_africa|CURRENCY|AFRICA: (Single) Senior living / aged care / health care - Joint ventures and club deals|41_39|AFRICA_JVs_SingleSectorSeniorLiving/Agedcare/Healthcare|AFR_JVs_SSSenLiving|Joint ventures and club deals - Single sector senior living/ aged care/ healthcare||Africa  Capital raised|Sector Strategy and Vehicle Type|q41||1661
q166_5_africa|CURRENCY|AFRICA: (Single) Senior living / aged care / health care - Funds of funds|41_40|AFRICA_FundsOfFunds_SingleSectorSeniorLiving/Agedcare/Healthcare|AFR_FOF_SSSenLiving|Funds of funds - Single sector senior living/ aged care/ healthcare||Africa  Capital raised|Sector Strategy and Vehicle Type|q41||1662
q166_6_africa|CURRENCY|AFRICA: (Single) Senior living / aged care / health care - Non-listed debt products|41_41|AFRICA_Debt_SingleSectorSeniorLiving/Agedcare/Healthcare|AFR_Debt_SSSenLiving|Non-listed debt products - Single sector senior living/ aged care/ healthcare||Africa  Capital raised|Sector Strategy and Vehicle Type|q41||1663
q16ROW6_Total_africa|CURRENCY|AFRICA: (Single) Senior living / aged care / health care - TOTAL|41_42|AFRICA_NonListedVehicles_SingleSectorSeniorLiving/Agedcare/Healthcare_Total|AFR_NLV_SSSenLiving_Total|Non-listed vehicles total - Single sector senior living/ aged care/ healthcare||Africa  Capital raised|Sector Strategy and Vehicle Type|q41||1664
q167_1_africa|CURRENCY|AFRICA: (Single) Hotel / leisure - Non-listed/ commingled real estate funds/private REITs|41_43|AFRICA_NonListedFunds_SingleSectorHotel/Leisure|AFR_NLF_SSHot/Lei|Non-listed funds - Single sector hotel/ leisure||Africa  Capital raised|Sector Strategy and Vehicle Type|q41||1665
q167_2_africa|CURRENCY|AFRICA: (Single) Hotel / leisure - Separate accounts investing directly into real estate|41_44|AFRICA_SeparateAccountsDirect_SingleSectorHotel/Leisure|AFR_SepAccDirect_SSHot/Lei|Separate accounts investing directly - Single sector hotel/ leisure||Africa  Capital raised|Sector Strategy and Vehicle Type|q41||1666
q167_3_africa|CURRENCY|AFRICA: (Single) Hotel / leisure - Separate accounts investing into indirect vehicles|41_45|AFRICA_SeparateAccountsIndirect_SingleSectorHotel/Leisure|AFR_SepAccIndirect_SSHot/Lei|Separate accounts investing indirectly - Single sector hotel/ leisure||Africa  Capital raised|Sector Strategy and Vehicle Type|q41||1667
q167_4_africa|CURRENCY|AFRICA: (Single) Hotel / leisure - Joint ventures and club deals|41_46|AFRICA_JVs_SingleSectorHotel/Leisure|AFR_JVs_SSHot/Lei|Joint ventures and club deals - Single sector hotel/ leisure||Africa  Capital raised|Sector Strategy and Vehicle Type|q41||1668
q167_5_africa|CURRENCY|AFRICA: (Single) Hotel / leisure - Funds of funds|41_47|AFRICA_FundsOfFunds_SingleSectorHotel/Leisure|AFR_FOF_SSHot/Lei|Funds of funds - Single sector hotel/ leisure||Africa  Capital raised|Sector Strategy and Vehicle Type|q41||1669
q167_6_africa|CURRENCY|AFRICA: (Single) Hotel / leisure - Non-listed debt products|41_48|AFRICA_Debt_SingleSectorHotel/Leisure|AFR_Debt_SSHot/Lei|Non-listed debt products - Single sector hotel/ leisure||Africa  Capital raised|Sector Strategy and Vehicle Type|q41||1670
q16ROW7_Total_africa|CURRENCY|AFRICA: (Single) Hotel / leisure - TOTAL|41_49|AFRICA_NonListedVehicles_SingleSectorHotel/Leisure_Total|AFR_NLV_SSHot/Lei_Total|Non-listed vehicles total - Single sector hotel/ leisure||Africa  Capital raised|Sector Strategy and Vehicle Type|q41||1671
q168_1_africa|CURRENCY|AFRICA: (Single) Other (incl land, parking, self storage) - Non-listed/ commingled real estate funds/private REITs|41_50|AFRICA_NonListedFunds_SingleSectorOther|AFR_NLF_SSOther|Non-listed funds - Single sector other||Africa  Capital raised|Sector Strategy and Vehicle Type|q41||1672
q168_2_africa|CURRENCY|AFRICA: (Single) Other (incl land, parking, self storage) - Separate accounts investing directly into real estate|41_51|AFRICA_SeparateAccountsDirect_SingleSectorOther|AFR_SepAccDirect_SSOther|Separate accounts investing directly - Single sector other||Africa  Capital raised|Sector Strategy and Vehicle Type|q41||1673
q168_3_africa|CURRENCY|AFRICA: (Single) Other (incl land, parking, self storage) - Separate accounts investing into indirect vehicles|41_52|AFRICA_SeparateAccountsIndirect_SingleSectorOther|AFR_SepAccIndirect_SSOther|Separate accounts investing indirectly - Single sector other||Africa  Capital raised|Sector Strategy and Vehicle Type|q41||1674
q168_4_africa|CURRENCY|AFRICA: (Single) Other (incl land, parking, self storage) - Joint ventures and club deals|41_53|AFRICA_JVs_SingleSectorOther|AFR_JVs_SSOther|Joint ventures and club deals - Single sector other||Africa  Capital raised|Sector Strategy and Vehicle Type|q41||1675
q168_5_africa|CURRENCY|AFRICA: (Single) Other (incl land, parking, self storage) - Funds of funds|41_54|AFRICA_FundsOfFunds_SingleSectorOther|AFR_FOF_SSOther|Funds of funds - Single sector other||Africa  Capital raised|Sector Strategy and Vehicle Type|q41||1676
q168_6_africa|CURRENCY|AFRICA: (Single) Other (incl land, parking, self storage) - Non-listed debt products|41_55|AFRICA_Debt_SingleSectorOther|AFR_Debt_SSOther|Non-listed debt products - Single sector other||Africa  Capital raised|Sector Strategy and Vehicle Type|q41||1677
q16ROW8_Total_africa|CURRENCY|AFRICA: (Single) Other (incl land, parking, self storage) - TOTAL|41_56|AFRICA_NonListedVehicles_SingleSectorOther_Total|AFR_NLV_SSOther_Total|Non-listed vehicles total - Single sector other||Africa  Capital raised|Sector Strategy and Vehicle Type|q41||1678
q169_1_africa|CURRENCY|AFRICA: (Multi) Main sectors - Non-listed/ commingled real estate funds/private REITs|41_57|AFRICA_NonListedFunds_MultiSectorMainSectors|AFR_NLF_MSMS|Non-listed funds - Multi sector main sectors ||Africa  Capital raised|Sector Strategy and Vehicle Type|q41||1679
q169_2_africa|CURRENCY|AFRICA: (Multi) Main sectors - Separate accounts investing directly into real estate|41_58|AFRICA_SeparateAccountsDirect_MultiSectorMainSectors|AFR_SepAccDirect_MSMS|Separate accounts investing directly - Multi sector main sectors||Africa  Capital raised|Sector Strategy and Vehicle Type|q41||1680
q169_3_africa|CURRENCY|AFRICA: (Multi) Main sectors - Separate accounts investing into indirect vehicles|41_59|AFRICA_SeparateAccountsIndirect_MultiSectorMainSectors|AFR_SepAccIndirect_MSMS|Separate accounts investing indirectly - Multi sector main sectors||Africa  Capital raised|Sector Strategy and Vehicle Type|q41||1681
q169_4_africa|CURRENCY|AFRICA: (Multi) Main sectors - Joint ventures and club deals|41_60|AFRICA_JVs_MultiSectorMainSectors|AFR_JVs_MSMS|Joint ventures and club deals - Multi sector main sectors||Africa  Capital raised|Sector Strategy and Vehicle Type|q41||1682
q169_5_africa|CURRENCY|AFRICA: (Multi) Main sectors - Funds of funds|41_61|AFRICA_FundsOfFunds_MultiSectorMainSectors|AFR_FOF_MSMS|Funds of funds - Multi sector main sectors||Africa  Capital raised|Sector Strategy and Vehicle Type|q41||1683
q169_6_africa|CURRENCY|AFRICA: (Multi) Main sectors - Non-listed debt products|41_62|AFRICA_Debt_MultiSectorMainSectors|AFR_Debt_MSMS|Non-listed debt products - Multi sector main sectors||Africa  Capital raised|Sector Strategy and Vehicle Type|q41||1684
q16ROW9_Total_africa|CURRENCY|AFRICA: (Multi) Main sectors - TOTAL|41_63|AFRICA_NonListedVehicles_MultiSectorMainSectors_Total|AFR_NLV_MSMS_Total|Non-listed vehicles total - Multi sector main sectors||Africa  Capital raised|Sector Strategy and Vehicle Type|q41||1685
q1610_1_africa|CURRENCY|AFRICA: (Multi) Alternative sectors - Non-listed/ commingled real estate funds/private REITs|41_64|AFRICA_NonListedFunds_MultiSectorAlternativeSectors|AFR_NLF_MSAS|Non-listed funds - Multi sector alternative sectors||Africa  Capital raised|Sector Strategy and Vehicle Type|q41||1686
q1610_2_africa|CURRENCY|AFRICA: (Multi) Alternative sectors - Separate accounts investing directly into real estate|41_65|AFRICA_SeparateAccountsDirect_MultiSectorAlternativeSectors|AFR_SepAccDirect_MSAS|Separate accounts investing directly - Multi sector alternative sectors||Africa  Capital raised|Sector Strategy and Vehicle Type|q41||1687
q1610_3_africa|CURRENCY|AFRICA: (Multi) Alternative sectors - Separate accounts investing into indirect vehicles|41_66|AFRICA_SeparateAccountsIndirect_MultiSectorAlternativeSectors|AFR_SepAccIndirect_MSAS|Separate accounts investing indirectly - Multi sector alternative sectors||Africa  Capital raised|Sector Strategy and Vehicle Type|q41||1688
q1610_4_africa|CURRENCY|AFRICA: (Multi) Alternative sectors - Joint ventures and club deals|41_67|AFRICA_JVs_MultiSectorAlternativeSectors|AFR_JVs_MSAS|Joint ventures and club deals - Multi sector alternative sectors||Africa  Capital raised|Sector Strategy and Vehicle Type|q41||1689
q1610_5_africa|CURRENCY|AFRICA: (Multi) Alternative sectors - Funds of funds|41_68|AFRICA_FundsOfFunds_MultiSectorAlternativeSectors|AFR_FOF_MSAS|Funds of funds - Multi sector alternative sectors||Africa  Capital raised|Sector Strategy and Vehicle Type|q41||1690
q1610_6_africa|CURRENCY|AFRICA: (Multi) Alternative sectors - Non-listed debt products|41_69|AFRICA_Debt_MultiSectorAlternativeSectors|AFR_Debt_MSAS|Non-listed debt products - Multi sector alternative sectors||Africa  Capital raised|Sector Strategy and Vehicle Type|q41||1691
q16ROW10_Total_africa|CURRENCY|AFRICA: (Multi) Alternative sectors - TOTAL|41_70|AFRICA_NonListedVehicles_MultiSectorAlternativeSectors_Total|AFR_NLV_MSAS_Total|Non-listed vehicles total - Multi sector alternative sectors||Africa  Capital raised|Sector Strategy and Vehicle Type|q41||1692
q1611_1_africa|CURRENCY|AFRICA: (Multi) Mix of main and alternative - Non-listed/ commingled real estate funds/private REITs|41_71|AFRICA_NonListedFunds_MultiSectorMixMainAlternativeSectors|AFR_NLF_MSAS|Non-listed funds - Multi sector mix of main and alternative sectors||Africa  Capital raised|Sector Strategy and Vehicle Type|q41||1693
q1611_2_africa|CURRENCY|AFRICA: (Multi) Mix of main and alternative - Separate accounts investing directly into real estate|41_72|AFRICA_SeparateAccountsDirect_MultiSectorMixMainAlternativeSectors|AFR_SepAccDirect_MSMMAS|Separate accounts investing directly - Multi sector mix of main and alternative sectors||Africa  Capital raised|Sector Strategy and Vehicle Type|q41||1694
q1611_3_africa|CURRENCY|AFRICA: (Multi) Mix of main and alternative - Separate accounts investing into indirect vehicles|41_73|AFRICA_SeparateAccountsIndirect_MultiSectorMixMainAlternativeSectors|AFR_SepAccIndirect_MSMMAS|Separate accounts investing indirectly - Multi sector mix of main and alternative sectors||Africa  Capital raised|Sector Strategy and Vehicle Type|q41||1695
q1611_4_africa|CURRENCY|AFRICA: (Multi) Mix of main and alternative - Joint ventures and club deals|41_74|AFRICA_JVs_MultiSectorMixMainAlternativeSectors|AFR_JVs_MSMMAS|Joint ventures and club deals - Multi sector mix of main and alternative sectors||Africa  Capital raised|Sector Strategy and Vehicle Type|q41||1696
q1611_5_africa|CURRENCY|AFRICA: (Multi) Mix of main and alternative - Funds of funds|41_75|AFRICA_FundsOfFunds_MultiSectorMixMainAlternativeSectors|AFR_FOF_MSMMAS|Funds of funds - Multi sector mix of main and alternative sectors||Africa  Capital raised|Sector Strategy and Vehicle Type|q41||1697
q1611_6_africa|CURRENCY|AFRICA: (Multi) Mix of main and alternative - Non-listed debt products|41_76|AFRICA_Debt_MultiSectorMixMainAlternativeSectors|AFR_Debt_MSMMAS|Non-listed debt products - Multi sector mix of main and alternative sectors||Africa  Capital raised|Sector Strategy and Vehicle Type|q41||1698
q16ROW11_Total_africa|CURRENCY|AFRICA: (Multi) Mix of main and alternative - TOTAL|41_77|AFRICA_NonListedVehicles_MultiSectorMixMainAlternativeSectors_Total|AFR_NLV_MSMMAS_Total|Non-listed vehicles total - Multi sector mix of main and alternative sectors||Africa  Capital raised|Sector Strategy and Vehicle Type|q41||1699
q16COL1_Total_africa|CURRENCY|TOTAL (SA): Non-listed/ commingled real estate funds/private REITs|41_78|AFRICA_SectorStrategy_NonListedFunds_Total|AFR_SS_NLF_Total|Sector strategy total - Non-listed funds ||Africa  Capital raised|Sector Strategy and Vehicle Type|q41||1700
q16COL2_Total_africa|CURRENCY|TOTAL (SA): Separate accounts investing directly into real estate|41_79|AFRICA_SectorStrategy_SeparateAccountsDirect_Total|AFR_SS_SepAccDirect_Total|Sector strategy total - Separate accounts investing directly||Africa  Capital raised|Sector Strategy and Vehicle Type|q41||1701
q16COL3_Total_africa|CURRENCY|TOTAL (SA): Separate accounts investing into indirect vehicles|41_80|AFRICA_SectorStrategy_SeparateAccountsIndirect_Total|AFR_SS_SepAccIndirect_Total|Sector strategy total - Separate accounts investing indirectly||Africa  Capital raised|Sector Strategy and Vehicle Type|q41||1702
q16COL4_Total_africa|CURRENCY|TOTAL (SA): Joint ventures and club deals|41_81|AFRICA_SectorStrategy_JVs_Total|AFR_SS_JVs_Total|Sector strategy total - Joint ventures and club deals||Africa  Capital raised|Sector Strategy and Vehicle Type|q41||1703
q16COL5_Total_africa|CURRENCY|TOTAL (SA): Funds of funds|41_82|AFRICA_SectorStrategy_FundsOfFunds_Total|AFR_SS_FOF_Total|Sector strategy total - Funds of funds ||Africa  Capital raised|Sector Strategy and Vehicle Type|q41||1704
q16COL6_Total_africa|CURRENCY|TOTAL (SA): Non-listed debt products|41_83|AFRICA_SectorStrategy_Debt_Total|AFR_SS_Debt_Total|Sector strategy total - Non-listed debt products||Africa  Capital raised|Sector Strategy and Vehicle Type|q41||1705
q16GRANDTotal_africa|CURRENCY|AFRICA: Total raised for your African strategy by sector strategy in 2021|41_84|AFRICA_SectorStrategy_NonListedVehicles_Total|AFR_SS_NLV_Total|Sector strategy total - Non-listed vehicles total||Africa  Capital raised|Sector Strategy and Vehicle Type|q41||1706
_africa||For your African strategy*, how much institutional capital did your company raise for non-listed vehicles in 2021 by country strategy (million)?|42|||||||q42||1707
q171_1_africa|CURRENCY|AFRICA: Single country strategy - Non-listed/ commingled real estate funds/private REITs|41_1|AFRICA_NonListedFunds_SingleCountry|AFR_NLF_SC|Non-listed funds - Single country||Africa  Capital raised|Country Strategy and Vehicle Type|q41||1708
q171_2_africa|CURRENCY|AFRICA: Single country strategy  - Separate accounts investing directly into real estate|41_2|AFRICA_SeparateAccountsDirect_SingleCountry|AFR_SepAccDirect_SC|Separate accounts investing directly - Single country||Africa  Capital raised|Country Strategy and Vehicle Type|q41||1709
q171_3_africa|CURRENCY|AFRICA: Single country strategy  - Separate accounts investing into indirect vehicles|41_3|AFRICA_SeparateAccountsIndirect_SingleCountry|AFR_SepAccIndirect_SC|Separate accounts investing indirectly - Single country||Africa  Capital raised|Country Strategy and Vehicle Type|q41||1710
q171_4_africa|CURRENCY|AFRICA: Single country strategy  - Joint ventures and club deals|41_4|AFRICA_JVs_SingleCountry|AFR_JVs_SC|Joint ventures and club deals - Single country||Africa  Capital raised|Country Strategy and Vehicle Type|q41||1711
q171_5_africa|CURRENCY|AFRICA: Single country strategy  - Funds of funds|41_5|AFRICA_FundsOfFunds_SingleCountry|AFR_FOF_SC|Funds of funds - Single country||Africa  Capital raised|Country Strategy and Vehicle Type|q41||1712
q171_6_africa|CURRENCY|AFRICA: Single country strategy  - Non-listed debt products|41_6|AFRICA_Debt_SingleCountry|AFR_Debt_SC|Non-listed debt products - Single country||Africa  Capital raised|Country Strategy and Vehicle Type|q41||1713
q17ROW1_Total_africa|CURRENCY|AFRICA: Single country strategy  - TOTAL|41_7|AFRICA_NonListedVehicles_SingleCountry_Total|AFR_NLV_SC|Non-listed vehicles total - Single country||Africa  Capital raised|Country Strategy and Vehicle Type|q41||1714
q172_1_africa|CURRENCY|AFRICA: Multi country strategy - Non-listed/ commingled real estate funds/private REITs|41_8|AFRICA_NonListedFunds_MultiCountry|AFR_NLF_MC|Non-listed funds - Multi country||Africa  Capital raised|Country Strategy and Vehicle Type|q41||1715
q172_2_africa|CURRENCY|AFRICA: Multi country strategy  - Separate accounts investing directly into real estate|41_9|AFRICA_SeparateAccountsDirect_MultiCountry|AFR_SepAccDirect_MC|Separate accounts investing directly - Multi country||Africa  Capital raised|Country Strategy and Vehicle Type|q41||1716
q172_3_africa|CURRENCY|AFRICA: Multi country strategy  - Separate accounts investing into indirect vehicles|41_10|AFRICA_SeparateAccountsIndirect_MultiCountry|AFR_SepAccIndirect_MC|Separate accounts investing indirectly - Multi country||Africa  Capital raised|Country Strategy and Vehicle Type|q41||1717
q172_4_africa|CURRENCY|AFRICA: Multi country strategy  - Joint ventures and club deals|41_11|AFRICA_JVs_MultiCountry|AFR_JVs_MC|Joint ventures and club deals - Multi country||Africa  Capital raised|Country Strategy and Vehicle Type|q41||1718
q172_5_africa|CURRENCY|AFRICA: Multi country strategy  - Funds of funds|41_12|AFRICA_FundsOfFunds_MultiCountry|AFR_FOF_MC|Funds of funds - Multi country||Africa  Capital raised|Country Strategy and Vehicle Type|q41||1719
q172_6_africa|CURRENCY|AFRICA: Multi country strategy  - Non-listed debt products|41_13|AFRICA_Debt_MultiCountry|AFR_Debt_MC|Non-listed debt products - Multi country||Africa  Capital raised|Country Strategy and Vehicle Type|q41||1720
q17ROW2_Total_africa|CURRENCY|AFRICA: Multi country strategy  - TOTAL|41_14|AFRICA_NonListedVehicles_MultiCountry_Total|AFR_NLV_MC|Non-listed vehicles total - Multi country||Africa  Capital raised|Country Strategy and Vehicle Type|q41||1721
q17COL1_Total_africa|CURRENCY|TOTAL (AFRICA): Non-listed/ commingled real estate funds/private REITs|41_15|AFRICA_CountryStrategy_NonListedFunds_Total|AFR_CS_NLF_Total|Country strategy total - Non-listed funds ||Africa  Capital raised|Country Strategy and Vehicle Type|q41||1722
q17COL2_Total_africa|CURRENCY|TOTAL (AFRICA): Separate accounts investing directly into real estate|41_16|AFRICA_CountryStrategy_SeparateAccountsDirect_Total|AFR_CS_SepAccDirect_Total|Country strategy total - Separate accounts investing directly||Africa  Capital raised|Country Strategy and Vehicle Type|q41||1723
q17COL3_Total_africa|CURRENCY|TOTAL (AFRICA): Separate accounts investing into indirect vehicles|41_17|AFRICA_CountryStrategy_SeparateAccountsIndirect_Total|AFR_CS_SepAccIndirect_Total|Country strategy total - Separate accounts investing indirectly||Africa  Capital raised|Country Strategy and Vehicle Type|q41||1724
q17COL4_Total_africa|CURRENCY|TOTAL (AFRICA): Joint ventures and club deals|41_18|AFRICA_CountryStrategy_JVs_Total|AFR_CS_JVs_Total|Country strategy total - Joint ventures and club deals||Africa  Capital raised|Country Strategy and Vehicle Type|q41||1725
q17COL5_Total_africa|CURRENCY|TOTAL (AFRICA): Funds of funds|41_19|AFRICA_CountryStrategy_FundsOfFunds_Total|AFR_CS_FOF_Total|Country strategy total - Funds of funds ||Africa  Capital raised|Country Strategy and Vehicle Type|q41||1726
q17COL6_Total_africa|CURRENCY|TOTAL (AFRICA): Non-listed debt products|41_20|AFRICA_CountryStrategy_Debt_Total|AFR_CS_Debt_Total|Country strategy total - Non-listed debt products||Africa  Capital raised|Country Strategy and Vehicle Type|q41||1727
q17GRANDTotal_africa|CURRENCY|AFRICA: Total raised for your African strategy by country strategy in 2021|41_21|AFRICA_CountryStrategy_NonListedVehicles_Total|AFR_CS_NLV_Total|Country strategy total - Non-listed vehicles total||Africa  Capital raised|Country Strategy and Vehicle Type|q41||1728
_africa||For your African strategy*, how much institutional capital did your company raise for non-listed vehicles in 2021 by investment style (million)?|42|||||||q42||1729
q151_1_africa|CURRENCY|AFRICA: Core / Senior debt - Non-listed/ commingled real estate funds/private REITs|42_1|AFRICA_NonListedFunds_Core/SeniorDebt|AFR_NLF_Core|Non-listed funds - Core/ senior debt||Africa Capital raised|Investor Type and Vehicle Type|q42||1730
q151_2_africa|CURRENCY|AFRICA: Core / Senior debt - Separate accounts investing directly into real estate|42_2|AFRICA_SeparateAccountsDirect_Core/SeniorDebt|AFR_SepAccDirect_Core|Separate accounts investing directly - Core/ senior debt||Africa Capital raised|Investor Type and Vehicle Type|q42||1731
q151_3_africa|CURRENCY|AFRICA: Core / Senior debt - Separate accounts investing into indirect vehicles|42_3|AFRICA_SeparateAccountsIndirect_Core/SeniorDebt|AFR_SepAccIndirect_Core|Separate accounts investing indirectly - Core/ senior debt||Africa Capital raised|Investor Type and Vehicle Type|q42||1732
q151_4_africa|CURRENCY|AFRICA: Core / Senior debt - Joint ventures and club deals|42_4|AFRICA_JVs_Core/SeniorDebt|AFR_JVs_Core|Joint ventures and club deals - Core/ senior debt||Africa Capital raised|Investor Type and Vehicle Type|q42||1733
q151_5_africa|CURRENCY|AFRICA: Core / Senior debt - Funds of funds|42_5|AFRICA_FundsOfFunds_Core/SeniorDebt|AFR_FOF_Core|Funds of funds - Core/ senior debt||Africa Capital raised|Investor Type and Vehicle Type|q42||1734
q151_6_africa|CURRENCY|AFRICA: Core / Senior debt - Non-listed debt products|42_6|AFRICA_Debt_Core/SeniorDebt|AFR_Debt_Core|Non-listed debt products - Core/ senior debt||Africa Capital raised|Investor Type and Vehicle Type|q42||1735
q15ROW1_Total_africa|CURRENCY|AFRICA: TOTAL Core / Senior debt|42_7|AFRICA_NonListedVehicles_Core/SeniorDebt_Total|AFR_NLV_Core_Total|Non-listed vehicles total - Value added/ junior and subordinated debt ||Africa Capital raised|Investor Type and Vehicle Type|q42||1736
q152_1_africa|CURRENCY|AFRICA: Value added / Junior and other subordinated debt - Non-listed/ commingled real estate funds/private REITs|42_8|AFRICA_NonListedFunds_ValueAdded/JuniorAndSubordinatedDebt|AFR_NLF_ValAdd|Non-listed funds - Value added/ junior and subordinated debt ||Africa Capital raised|Investor Type and Vehicle Type|q42||1737
q152_2_africa|CURRENCY|AFRICA: Value added / Junior and other subordinated debt - Separate accounts investing directly into real estate|42_9|AFRICA_SeparateAccountsDirect_ValueAdded/JuniorAndSubordinatedDebt|AFR_SepAccDirect_ValAdd|Separate accounts investing directly - Value added/ junior and subordinated debt ||Africa Capital raised|Investor Type and Vehicle Type|q42||1738
q152_3_africa|CURRENCY|AFRICA: Value added / Junior and other subordinated debt - Separate accounts investing into indirect vehicles|42_10|AFRICA_SeparateAccountsIndirect_ValueAdded/JuniorAndSubordinatedDebt|AFR_SepAccIndirect_ValAdd|Separate accounts investing indirectly - Value added/ junior and subordinated debt ||Africa Capital raised|Investor Type and Vehicle Type|q42||1739
q152_4_africa|CURRENCY|AFRICA: Value added / Junior and other subordinated debt - Joint ventures and club deals|42_11|AFRICA_JVs_ValueAdded/JuniorAndSubordinatedDebt|AFR_JVs_ValAdd|Joint ventures and club deals - Value added/ junior and subordinated debt ||Africa Capital raised|Investor Type and Vehicle Type|q42||1740
q152_5_africa|CURRENCY|AFRICA: Value added / Junior and other subordinated debt - Funds of funds|42_12|AFRICA_FundsOfFunds_ValueAdded/JuniorAndSubordinatedDebt|AFR_FOF_ValAdd|Funds of funds - Value added/ junior and subordinated debt ||Africa Capital raised|Investor Type and Vehicle Type|q42||1741
q152_6_africa|CURRENCY|AFRICA: Value added / Junior and other subordinated debt - Non-listed debt products|42_13|AFRICA_Debt_ValueAdded/JuniorAndSubordinatedDebt|AFR_Debt_ValAdd|Non-listed debt products - Value added/ junior and subordinated debt ||Africa Capital raised|Investor Type and Vehicle Type|q42||1742
q15ROW2_Total_africa|CURRENCY|AFRICA: TOTAL Value added / Junior and other subordinated debt|42_14|AFRICA_NonListedVehicles_ValueAdded/JuniorAndSubordinatedDebt_Total|AFR_NLV_ValAdd_Total|Non-listed vehicles total - Value added/ junior and subordinated debt ||Africa Capital raised|Investor Type and Vehicle Type|q42||1743
q153_1_africa|CURRENCY|AFRICA: Opportunistic / Mezzanine debt - Non-listed/ commingled real estate funds/private REITs|42_15|AFRICA_NonListedFunds_Opportunistic/MezzanineDebt|AFR_NLF_Opp|Non-listed funds - Opportunistic/ mezzanine debt||Africa Capital raised|Investor Type and Vehicle Type|q42||1744
q153_2_africa|CURRENCY|AFRICA: Opportunistic / Mezzanine debt - Separate accounts investing directly into real estate|42_16|AFRICA_SeparateAccountsDirect_Opportunistic/MezzanineDebt|AFR_SepAccDirect_Opp|Separate accounts investing directly - Opportunistic/ mezzanine debt||Africa Capital raised|Investor Type and Vehicle Type|q42||1745
q153_3_africa|CURRENCY|AFRICA: Opportunistic / Mezzanine debt - Separate accounts investing into indirect vehicles|42_17|AFRICA_SeparateAccountsIndirect_Opportunistic/MezzanineDebt|AFR_SepAccIndirect_Opp|Separate accounts investing indirectly - Opportunistic/ mezzanine debt||Africa Capital raised|Investor Type and Vehicle Type|q42||1746
q153_4_africa|CURRENCY|AFRICA: Opportunistic / Mezzanine debt - Joint ventures and club deals|42_18|AFRICA_JVs_Opportunistic/MezzanineDebt|AFR_JVs_Opp|Joint ventures and club deals - Opportunistic/ mezzanine debt||Africa Capital raised|Investor Type and Vehicle Type|q42||1747
q153_5_africa|CURRENCY|AFRICA: Opportunistic / Mezzanine debt - Funds of funds|42_19|AFRICA_FundsOfFunds_Opportunistic/MezzanineDebt|AFR_FOF_Opp|Funds of funds - Opportunistic/ mezzanine debt||Africa Capital raised|Investor Type and Vehicle Type|q42||1748
q153_6_africa|CURRENCY|AFRICA: Opportunistic / Mezzanine debt - Non-listed debt products|42_20|AFRICA_Debt_Opportunistic/MezzanineDebt|AFR_Debt_Opp|Non-listed debt products - Opportunistic/ mezzanine debt||Africa Capital raised|Investor Type and Vehicle Type|q42||1749
q15ROW3_Total_africa|CURRENCY|AFRICA: TOTAL Opportunistic / Mezzanine debt|42_21|AFRICA_NonListedVehicles_Opportunistic/MezzanineDebt_Total|AFR_NLV_Opp_Total|Non-listed vehicles total - Opportunistic/ mezzanine debt||Africa Capital raised|Investor Type and Vehicle Type|q42||1750
q154_1_africa|CURRENCY|AFRICA: Mixed strategies - Non-listed/ commingled real estate funds/private REITs|42_22|AFRICA_NonListedFunds_MixedStrategies|AFR_NLF_Mixed|Non-listed funds - Mixed strategies||Africa Capital raised|Investor Type and Vehicle Type|q42||1751
q154_2_africa|CURRENCY|AFRICA: Mixed strategies - Separate accounts investing directly into real estate|42_23|AFRICA_SeparateAccountsDirect_MixedStrategies|AFR_SepAccDirect_Mixed|Separate accounts investing directly - Mixed strategies||Africa Capital raised|Investor Type and Vehicle Type|q42||1752
q154_3_africa|CURRENCY|AFRICA: Mixed strategies - Separate accounts investing into indirect vehicles|42_24|AFRICA_SeparateAccountsIndirect_MixedStrategies|AFR_SepAccIndirect_Mixed|Separate accounts investing indirectly - Mixed strategies||Africa Capital raised|Investor Type and Vehicle Type|q42||1753
q154_4_africa|CURRENCY|AFRICA: Mixed strategies - Joint ventures and club deals|42_25|AFRICA_JVs_MixedStrategies|AFR_JVs_Mixed|Joint ventures and club deals - Mixed strategies||Africa Capital raised|Investor Type and Vehicle Type|q42||1754
q154_5_africa|CURRENCY|AFRICA: Mixed strategies - Funds of funds|42_26|AFRICA_FundsOfFunds_MixedStrategies|AFR_FOF_Mixed|Funds of funds - Mixed strategies||Africa Capital raised|Investor Type and Vehicle Type|q42||1755
q154_6_africa|CURRENCY|AFRICA: Mixed strategies - Non-listed debt products|42_27|AFRICA_Debt_MixedStrategies|AFR_Debt_Mixed|Non-listed debt products - Mixed strategies||Africa Capital raised|Investor Type and Vehicle Type|q42||1756
q15ROW4_Total_africa|CURRENCY|AFRICA: TOTAL Mixed strategies|42_28|AFRICA_NonListedVehicles_MixedStrategies_Total|AFR_NLV_Mixed_Total|Non-listed vehicles total - Mixed strategies||Africa Capital raised|Investor Type and Vehicle Type|q42||1757
q15COL1_Total_africa|CURRENCY|AFRICA: TOTAL Non-listed/ commingled real estate funds/private REITs|42_29|AFRICA_NonListedFunds_InvestmentStyle_Total|AFR_NLF_IS_Total|Non-listed funds - Investment style total||Africa Capital raised|Investor Type and Vehicle Type|q42||1758
q15COL2_Total_africa|CURRENCY|AFRICA: TOTAL Separate accounts investing directly into real estate|42_30|AFRICA_SeparateAccountsDirect_InvestmentStyle_Total|AFR_SepAccDirect_IS_Total|Separate accounts investing directly - Investment style total||Africa Capital raised|Investor Type and Vehicle Type|q42||1759
q15COL3_Total_africa|CURRENCY|AFRICA: TOTAL Separate accounts investing into indirect vehicles|42_31|AFRICA_SeparateAccountsIndirect_InvestmentStyle_Total|AFR_SepAccIndirect_IS_Total|Separate accounts investing indirectly - Investment style total||Africa Capital raised|Investor Type and Vehicle Type|q42||1760
q15COL4_Total_africa|CURRENCY|AFRICA: TOTAL Joint ventures and club deals|42_32|AFRICA_JVs_InvestmentStyle_Total|AFR_JVs_IS_Total|Joint ventures and club deals - Investment style total||Africa Capital raised|Investor Type and Vehicle Type|q42||1761
q15COL5_Total_africa|CURRENCY|AFRICA: TOTAL Funds of funds|42_33|AFRICA_FundsOfFunds_InvestmentStyle_Total|AFR_FOF_IS_Total|Funds of funds - Investment style total||Africa Capital raised|Investor Type and Vehicle Type|q42||1762
q15COL6_Total_africa|CURRENCY|AFRICA: TOTAL Non-listed debt products|42_34|AFRICA_Debt_InvestmentStyle_Total|AFR_Debt_IS_Total|Non-listed debt products - Investment style total||Africa Capital raised|Investor Type and Vehicle Type|q42||1763
q15GRANDTotal_africa|CURRENCY|AFRICA: Total Capital Raised for your African strategy in 2021 by investment style|42_35|AFRICA_NonListedVehicles_InvestmentStyle_Total|AFR_NLV_IS_Total|Non-listed vehicles total - Investment style total||Africa Capital raised|Investor Type and Vehicle Type|q42||1764
