Column|Format|QuestionText|dtcode|answer_Label|answer_label_condensed|qn_breakdown_label|section|Topic|sub_topic|Question|comment|column_order
Surveycode|TEXT|Surveycode|0_1|||||||||1
Association_Sample|TEXT|Association (from Sample)|0_2|||||||||2
Company_Sample|TEXT|Company (from Sample)|0_3|||||||||3
REGION1|TEXT|Eligible Region|0_4|||||||||4
DateCompleted_Asia|TEXT|DateCompleted (Asia)|0_5|||||||||5
REGION2|TEXT|Eligible Region|0_6|||||||||6
DateCompleted_Europe|TEXT|DateCompleted (Europe)|0_7|||||||||7
REGION3|TEXT|Eligible Region|0_8|||||||||8
DateCompleted_NorthAmerica|TEXT|DateCompleted (NorthAmerica)|0_9|||||||||9
REGION4|TEXT|Eligible Region|0_10|||||||||10
DateCompleted_Global|TEXT|DateCompleted (Global)|0_11|||||||||11
REGION5|TEXT|Eligible Region|0_12|||||||||12
DateCompleted_SouthAmerica|TEXT|DateCompleted (SouthAmerica)|0_13|||||||||13
REGION6|TEXT|Eligible Region|0_14|||||||||14
DateCompleted_Africa|TEXT|DateCompleted (Africa)|0_15|||||||||15
ShowEurope|TEXT|ShowEurope|0_16|||||||||16
ShowAsia|TEXT|ShowAsia|0_17|||||||||17
ShowNA|TEXT|ShowNA|0_18|||||||||18
ShowGlobal|TEXT|ShowGlobal|0_19|||||||||19
ShowSA|TEXT|ShowSA|0_20|||||||||20
ShowAfrica|TEXT|ShowAfrica|0_21|||||||||21
RecordNo|NUMBER|RecordNo|0_22|||||||||22
DateCompleted|TEXT|DateCompleted|0_23|||||||||23
IPaddress|TEXT|IPaddress|0_24|||||||||24
Version|TEXT|SurveyYear|0_25|||||||||25
qName|TEXT|Respondent Name|0_26|||||||||26
qCompany|TEXT|Company|0_27|||||||||27
mnumber|TEXT|Mnumber|0_28|||||||||28
qJobtitle|TEXT|Job title|0_29|||||||||29
qEmail|TEXT|Email address|0_30|||||||||30
qTelephone|TEXT|Contact Number|0_31|||||||||31
qCountry|TEXT|Country of Origin Global Head Office|0_32|||||||||32
qCurrency|TEXT|Currency|0_33|||||||||33
qCurrencyOther|TEXT|Currency (OTHER)|0_34|||||||||34
AUM_Total|CURRENCY|FM_AUM_Total||||||||||35
q1|NUMBER|Did your company raise institutional capital for non-listed real estate vehicles in 2020?|1|CapitalRaisingActivity_NonListedRealEstateVehicles|CRact_NLV|Capital Raising Activity||Capital raising activity||q1||36
q2|NUMBER|If no, please select one of the following reasons|2|NoCapitalRaisingActivity_Reason|NoCR_Reason|Reason||Capital raising activity||q2||37
q2other|TEXT|If no, please select one of the following reasons (Other)|3|NoCapitalRaisingActivity_Reason_Othertext|NoCR_Reason_OtherText|Reason - Other Text||Capital raising activity||q3||38
||How much institutional capital did your company raise in 2020 (millions)? |4|||||||q4||39
q3A_TotalRealEstate|CURRENCY|Total real estate (Million CURRENCY)|4_1|TotalRealEstate|Total|Total real estate||Capital raised ||q4||40
q3A_NonListedRealEstate|CURRENCY|Non-listed real estate (Million CURRENCY)|4_2|NonListedRealEstate|NL|Total raised||Capital raised ||q4||41
||How much of the institutional capital raised in 2020 (millions) is already invested?|5|||||||q5||42
q3B_TotalRealEstate|CURRENCY|Total real estate (Million CURRENCY)|5_1|CapitalInvested_TotalRealEstate|CI_Total|Total real estate||Capital invested||q5||43
q3B_NonListedRealEstate|CURRENCY|Non-listed real estate (Million CURRENCY)|5_2|CapitalInvested_NonListedRealEstate|CI_NL|Invested||Capital invested||q5||44
||How much institutional capital did your company raise for Non-listed vehicless in 2020 by regional strategy (million)? |6|||||||q6||45
q31_1|CURRENCY|Asia Pacific Strategy - Non-listed/ commingled real estate funds/private REITs|6_1|RegionalStrategyAsiaPacific_NonListedFunds|RSAPAC_NLF|Asia Pacific - Non-listed funds||Capital raised |Regional Strategy and Vehicle Type|q6||46
q31_2|CURRENCY|Asia Pacific Strategy - Separate accounts investing directly into real estate|6_2|RegionalStrategyAsiaPacific_SeparateAccountsDirect|RSAPAC_SepAccDirect|Asia Pacific - Separate accounts investing directly||Capital raised |Regional Strategy and Vehicle Type|q6||47
q31_3|CURRENCY|Asia Pacific Strategy - Separate accounts investing into indirect vehicles|6_3|RegionalStrategyAsiaPacific_SeparateAccountsIndirect|RSAPAC_SepAccIndirect|Asia Pacific - Separate accounts investing indirectly||Capital raised |Regional Strategy and Vehicle Type|q6||48
q31_4|CURRENCY|Asia Pacific Strategy - Joint ventures and club deals|6_4|RegionalStrategyAsiaPacific_JVs|RSAPAC_JVs|Asia Pacific - Joint ventures and club deals||Capital raised |Regional Strategy and Vehicle Type|q6||49
q31_5|CURRENCY|Asia Pacific Strategy - Funds of funds|6_5|RegionalStrategyAsiaPacific_FundsOfFunds|RSAPAC_FOF|Asia Pacific - Funds of funds||Capital raised |Regional Strategy and Vehicle Type|q6||50
q31_6|CURRENCY|Asia Pacific Strategy - Non-listed debt products|6_6|RegionalStrategyAsiaPacific_Debt|RSAPAC_Debt|Asia Pacific - Non-listed debt||Capital raised |Regional Strategy and Vehicle Type|q6||51
q3ROW1_Total|CURRENCY|Asia Pacific Strategy - TOTAL|6_7|RegionalStrategyAsiaPacific_VehicleType_Total|RSAPAC_VT_Total|Asia Pacific - Vehicle type total||Capital raised |Regional Strategy and Vehicle Type|q6||52
q32_1|CURRENCY|European Strategy - Non-listed/ commingled real estate funds/private REITs|6_8|RegionalStrategyEurope_NonListedFunds|RSEUR_NLF|Europe - Non-listed funds||Capital raised |Regional Strategy and Vehicle Type|q6||53
q32_2|CURRENCY|European Strategy - Separate accounts investing directly into real estate|6_9|RegionalStrategyEurope_SeparateAccountsDirect|RSEUR_SepAccDirect|Europe - Separate accounts investing directly||Capital raised |Regional Strategy and Vehicle Type|q6||54
q32_3|CURRENCY|European Strategy - Separate accounts investing into indirect vehicles|6_10|RegionalStrategyEurope_SeparateAccountsIndirect|RSEUR_SepAccIndirect|Europe - Separate accounts investing indirectly||Capital raised |Regional Strategy and Vehicle Type|q6||55
q32_4|CURRENCY|European Strategy - Joint ventures and club deals|6_11|RegionalStrategyEurope_JVs|RSEUR_JVs|Europe -  Joint ventures and club deals||Capital raised |Regional Strategy and Vehicle Type|q6||56
q32_5|CURRENCY|European Strategy - Funds of funds|6_12|RegionalStrategyEurope_FundsOfFunds|RSEUR_FOF|Europe - Funds of funds||Capital raised |Regional Strategy and Vehicle Type|q6||57
q32_6|CURRENCY|European Strategy - Non-listed debt products|6_13|RegionalStrategyEurope_Debt|RSEUR_Debt|Europe - Non-listed debt||Capital raised |Regional Strategy and Vehicle Type|q6||58
q3ROW2_Total|CURRENCY|European Strategy - TOTAL|6_14|RegionalStrategyEurope_VehicleType_Total|RSEUR_VT_Total|Europe - Vehicle type total||Capital raised |Regional Strategy and Vehicle Type|q6||59
q33_1|CURRENCY|North American Strategy - Non-listed/ commingled real estate funds/private REITs|6_15|RegionalStrategyNorthAmerica_NonListedFunds|RSNA_NLF|North America - Non-listed funds||Capital raised |Regional Strategy and Vehicle Type|q6||60
q33_2|CURRENCY|North American Strategy - Separate accounts investing directly into real estate|6_16|RegionalStrategyNorthAmerica_SeparateAccountsDirect|RSNA_SepAccDirect|North America - Separate accounts investing directly||Capital raised |Regional Strategy and Vehicle Type|q6||61
q33_3|CURRENCY|North American Strategy - Separate accounts investing into indirect vehicles|6_17|RegionalStrategyNorthAmerica_SeparateAccountsIndirect|RSNA_SepAccIndirect|North America - Separate accounts investing indirectly||Capital raised |Regional Strategy and Vehicle Type|q6||62
q33_4|CURRENCY|North American Strategy - Joint ventures and club deals|6_18|RegionalStrategyNorthAmerica_JVs|RSNA_JVs|North America -  Joint ventures and club deals||Capital raised |Regional Strategy and Vehicle Type|q6||63
q33_5|CURRENCY|North American Strategy - Funds of funds|6_19|RegionalStrategyNorthAmerica_FundsOfFunds|RSNA_FOF|North America - Funds of funds||Capital raised |Regional Strategy and Vehicle Type|q6||64
q33_6|CURRENCY|North American Strategy - Non-listed debt products|6_20|RegionalStrategyNorthAmerica_Debt|RSNA_Debt|North America - Non-listed debt||Capital raised |Regional Strategy and Vehicle Type|q6||65
q3ROW3_Total|CURRENCY|North American Strategy - TOTAL|6_21|RegionalStrategyNorthAmerica_VehicleType_Total|RSNA_VT_Total|North America - Vehicle type total||Capital raised |Regional Strategy and Vehicle Type|q6||66
q34_1|CURRENCY|Global Strategy - Non-listed/ commingled real estate funds/private REITs|6_22|RegionalStrategyGlobal_NonListedFunds|RSGLB_NLF|Global - Non-listed funds||Capital raised |Regional Strategy and Vehicle Type|q6||67
q34_2|CURRENCY|Global Strategy - Separate accounts investing directly into real estate|6_23|RegionalStrategyGlobal_SeparateAccountsDirect|RSGLB_SepAccDirect|Global - Separate accounts investing directly||Capital raised |Regional Strategy and Vehicle Type|q6||68
q34_3|CURRENCY|Global Strategy - Separate accounts investing into indirect vehicles|6_24|RegionalStrategyGlobal_SeparateAccountsIndirect|RSGLB_SepAccIndirect|Global - Separate accounts investing indirectly||Capital raised |Regional Strategy and Vehicle Type|q6||69
q34_4|CURRENCY|Global Strategy - Joint ventures and club deals|6_25|RegionalStrategyGlobal_JVs|RSGLB_JVs|Global -  Joint ventures and club deals||Capital raised |Regional Strategy and Vehicle Type|q6||70
q34_5|CURRENCY|Global Strategy - Funds of funds|6_26|RegionalStrategyGlobal_FundsOfFunds|RSGLB_FOF|Global - Funds of funds||Capital raised |Regional Strategy and Vehicle Type|q6||71
q34_6|CURRENCY|Global Strategy - Non-listed debt products|6_27|RegionalStrategyGlobal_Debt|RSGLB_Debt|Global - Non-listed debt||Capital raised |Regional Strategy and Vehicle Type|q6||72
q3ROW4_Total|CURRENCY|Global Strategy - TOTAL|6_28|RegionalStrategyGlobal_VehicleType_Total|RSGLB_VT_Total|Global - Vehicle type total||Capital raised |Regional Strategy and Vehicle Type|q6||73
q35_1|CURRENCY|South American Strategy - Non-listed/ commingled real estate funds/private REITs|6_29|RegionalStrategySouthAmerica_NonListedFunds|RSSA_NLF|South America - Non-listed funds||Capital raised |Regional Strategy and Vehicle Type|q6||74
q35_2|CURRENCY|South American Strategy - Separate accounts investing directly into real estate|6_30|RegionalStrategySouthAmerica_SeparateAccountsDirect|RSSA_SepAccDirect|South America - Separate accounts investing directly||Capital raised |Regional Strategy and Vehicle Type|q6||75
q35_3|CURRENCY|South American Strategy - Separate accounts investing into indirect vehicles|6_31|RegionalStrategySouthAmerica_SeparateAccountsIndirect|RSSA_SepAccIndirect|South America - Separate accounts investing indirectly||Capital raised |Regional Strategy and Vehicle Type|q6||76
q35_4|CURRENCY|South American Strategy - Joint ventures and club deals|6_32|RegionalStrategySouthAmerica_JVs|RSSA_JVs|South America -  Joint ventures and club deals||Capital raised |Regional Strategy and Vehicle Type|q6||77
q35_5|CURRENCY|South American Strategy - Funds of funds|6_33|RegionalStrategySouthAmerica_FundsOfFunds|RSSA_FOF|South America - Funds of funds||Capital raised |Regional Strategy and Vehicle Type|q6||78
q35_6|CURRENCY|South American Strategy - Non-listed debt products|6_34|RegionalStrategySouthAmerica_Debt|RSSA_Debt|South America - Non-listed debt||Capital raised |Regional Strategy and Vehicle Type|q6||79
q3ROW5_Total|CURRENCY|South American Strategy - TOTAL|6_35|RegionalStrategySouthAmerica_VehicleType_Total|RSSA_VT_Total|South America - Vehicle type total||Capital raised |Regional Strategy and Vehicle Type|q6||80
q36_1|CURRENCY|African Strategy - Non-listed/ commingled real estate funds/private REITs|6_36|RegionalStrategyAfrica_NonListedFunds|RSAFR_NLF|Africa - Non-listed funds||Capital raised |Regional Strategy and Vehicle Type|q6||81
q36_2|CURRENCY|African Strategy - Separate accounts investing directly into real estate|6_37|RegionalStrategyAfrica_SeparateAccountsDirect|RSAFR_SepAccDirect|Africa - Separate accounts investing directly||Capital raised |Regional Strategy and Vehicle Type|q6||82
q36_3|CURRENCY|African Strategy - Separate accounts investing into indirect vehicles|6_38|RegionalStrategyAfrica_SeparateAccountsIndirect|RSAFR_SepAccIndirect|Africa - Separate accounts investing indirectly||Capital raised |Regional Strategy and Vehicle Type|q6||83
q36_4|CURRENCY|African Strategy - Joint ventures and club deals|6_39|RegionalStrategyAfrica_JVs|RSAFR_JVs|Africa -  Joint ventures and club deals||Capital raised |Regional Strategy and Vehicle Type|q6||84
q36_5|CURRENCY|African Strategy - Funds of funds|6_40|RegionalStrategyAfrica_FundsOfFunds|RSAFR_FOF|Africa - Funds of funds||Capital raised |Regional Strategy and Vehicle Type|q6||85
q36_6|CURRENCY|African Strategy - Non-listed debt products|6_41|RegionalStrategyAfrica_Debt|RSAFR_Debt|Africa - Non-listed debt||Capital raised |Regional Strategy and Vehicle Type|q6||86
q3ROW6_Total|CURRENCY|African Strategy - TOTAL|6_42|RegionalStrategyAfrica_VehicleType_Total|RSAFR_VT_Total|Africa - Vehicle type total||Capital raised |Regional Strategy and Vehicle Type|q6||87
q3COL1_Total|CURRENCY|TOTAL - Non-listed/ commingled real estate funds/private REITs|6_43|RegionalStrategy_NonListedFunds_Total|RS_NLF_Total|Regional strategy - Non-listed funds total||Capital raised |Regional Strategy and Vehicle Type|q6||88
q3COL2_Total|CURRENCY|TOTAL - Separate accounts investing directly into real estate|6_44|RegionalStrategy_SeparateAccountsDirect_Total|RS_SepAccDirect_Total|Regional strategy - Separate accounts investing directly total||Capital raised |Regional Strategy and Vehicle Type|q6||89
q3COL3_Total|CURRENCY|TOTAL - Separate accounts investing into indirect vehicles|6_45|RegionalStrategy_SeparateAccountsIndirect_Total|RS_SepAccIndirect_Total|Regional strategy - Separate accounts investing indirectly total||Capital raised |Regional Strategy and Vehicle Type|q6||90
q3COL4_Total|CURRENCY|TOTAL - Joint ventures and club deals|6_46|RegionalStrategy_JVs_Total|RS_JVs_Total|Regional strategy - Joint ventures and club deals total||Capital raised |Regional Strategy and Vehicle Type|q6||91
q3COL5_Total|CURRENCY|TOTAL - Funds of funds|6_47|RegionalStrategy_FundsOfFunds_Total|RS_FOF_Total|Regional strategy - Funds of funds total||Capital raised |Regional Strategy and Vehicle Type|q6||92
q3COL6_Total|CURRENCY|TOTAL - Non-listed debt products|6_48|RegionalStrategy_Debt_Total|RS_Debt_Total|Regional strategy - Non-listed debt total||Capital raised |Regional Strategy and Vehicle Type|q6||93
q3GRANDTotal|CURRENCY|TOTAL Capital Raised in 2020 for non-listed real estate|6_49|RegionalStrategy_VehicleType_Total|RS_VT_Total|Regional strategy - Vehicle type total||Capital raised |Regional Strategy and Vehicle Type|q6||94
||For how many Non-listed vehicless did your company raise institutional capital for in 2020? |7|||||||q7||95
q41_1|NUMBER|Asia Pacific - Non-listed/ commingled real estate funds/private REITs|7_1|NOV_RegionalStrategyAsiaPacific_NonListedFunds|NOV_RSAPAC_NLF|Asia Pacific - Non-listed funds||NOV Capital raised|Regional Strategy and Vehicle Type|q7||96
q41_2|NUMBER|Asia Pacific - Separate accounts investing directly into real estate|7_2|NOV_RegionalStrategyAsiaPacific_SeparateAccountsDirect|NOV_RSAPAC_SepAccDirect|Asia Pacific - Separate accounts investing directly||NOV Capital raised|Regional Strategy and Vehicle Type|q7||97
q41_3|NUMBER|Asia Pacific - Separate accounts investing into indirect vehicles|7_3|NOV_RegionalStrategyAsiaPacific_SeparateAccountsIndirect|NOV_RSAPAC_SepAccIndirect|Asia Pacific - Separate accounts investing indirectly||NOV Capital raised|Regional Strategy and Vehicle Type|q7||98
q41_4|NUMBER|Asia Pacific - Joint ventures and club deals|7_4|NOV_RegionalStrategyAsiaPacific_JVs|NOV_RSAPAC_JVs|Asia Pacific - Joint ventures and club deals||NOV Capital raised|Regional Strategy and Vehicle Type|q7||99
q41_5|NUMBER|Asia Pacific - Funds of funds|7_5|NOV_RegionalStrategyAsiaPacific_FundsOfFunds|NOV_RSAPAC_FOF|Asia Pacific - Funds of funds||NOV Capital raised|Regional Strategy and Vehicle Type|q7||100
q41_6|NUMBER|Asia Pacific - Non-listed debt products|7_6|NOV_RegionalStrategyAsiaPacific_Debt|NOV_RSAPAC_Debt|Asia Pacific - Non-listed debt||NOV Capital raised|Regional Strategy and Vehicle Type|q7||101
q4ROW1_Total|NUMBER|Asia Pacific - TOTAL VEHICLES|7_7|NOV_RegionalStrategyAsiaPacific_VehicleType_Total|NOV_RSAPAC_VT_Total|Asia Pacific - Vehicle type total||NOV Capital raised|Regional Strategy and Vehicle Type|q7||102
q42_1|NUMBER|Europe - Non-listed/ commingled real estate funds/private REITs|7_8|NOV_RegionalStrategyEurope_NonListedFunds|NOV_RSEUR_NLF|Europe - Non-listed funds||NOV Capital raised|Regional Strategy and Vehicle Type|q7||103
q42_2|NUMBER|Europe - Separate accounts investing directly into real estate|7_9|NOV_RegionalStrategyEurope_SeparateAccountsDirect|NOV_RSEUR_SepAccDirect|Europe - Separate accounts investing directly||NOV Capital raised|Regional Strategy and Vehicle Type|q7||104
q42_3|NUMBER|Europe - Separate accounts investing into indirect vehicles|7_10|NOV_RegionalStrategyEurope_SeparateAccountsIndirect|NOV_RSEUR_SepAccIndirect|Europe - Separate accounts investing indirectly||NOV Capital raised|Regional Strategy and Vehicle Type|q7||105
q42_4|NUMBER|Europe - Joint ventures and club deals|7_11|NOV_RegionalStrategyEurope_JVs|NOV_RSEUR_JVs|Europe -  Joint ventures and club deals||NOV Capital raised|Regional Strategy and Vehicle Type|q7||106
q42_5|NUMBER|Europe - Funds of funds|7_12|NOV_RegionalStrategyEurope_FundsOfFunds|NOV_RSEUR_FOF|Europe - Funds of funds||NOV Capital raised|Regional Strategy and Vehicle Type|q7||107
q42_6|NUMBER|Europe - Non-listed debt products|7_13|NOV_RegionalStrategyEurope_Debt|NOV_RSEUR_Debt|Europe - Non-listed debt||NOV Capital raised|Regional Strategy and Vehicle Type|q7||108
q4ROW2_Total|NUMBER|Europe - TOTAL VEHICLES|7_14|NOV_RegionalStrategyEurope_VehicleType_Total|NOV_RSEUR_VT_Total|Europe - Vehicle type total||NOV Capital raised|Regional Strategy and Vehicle Type|q7||109
q43_1|NUMBER|North America - Non-listed/ commingled real estate funds/private REITs|7_15|NOV_RegionalStrategyNorthAmerica_NonListedFunds|NOV_RSNA_NLF|North America - Non-listed funds||NOV Capital raised|Regional Strategy and Vehicle Type|q7||110
q43_2|NUMBER|North America - Separate accounts investing directly into real estate|7_16|NOV_RegionalStrategyNorthAmerica_SeparateAccountsDirect|NOV_RSNA_SepAccDirect|North America - Separate accounts investing directly||NOV Capital raised|Regional Strategy and Vehicle Type|q7||111
q43_3|NUMBER|North America - Separate accounts investing into indirect vehicles|7_17|NOV_RegionalStrategyNorthAmerica_SeparateAccountsIndirect|NOV_RSNA_SepAccIndirect|North America - Separate accounts investing indirectly||NOV Capital raised|Regional Strategy and Vehicle Type|q7||112
q43_4|NUMBER|North America - Joint ventures and club deals|7_18|NOV_RegionalStrategyNorthAmerica_JVs|NOV_RSNA_JVs|North America -  Joint ventures and club deals||NOV Capital raised|Regional Strategy and Vehicle Type|q7||113
q43_5|NUMBER|North America - Funds of funds|7_19|NOV_RegionalStrategyNorthAmerica_FundsOfFunds|NOV_RSNA_FOF|North America - Funds of funds||NOV Capital raised|Regional Strategy and Vehicle Type|q7||114
q43_6|NUMBER|North America - Non-listed debt products|7_20|NOV_RegionalStrategyNorthAmerica_Debt|NOV_RSNA_Debt|North America - Non-listed debt||NOV Capital raised|Regional Strategy and Vehicle Type|q7||115
q4ROW3_Total|NUMBER|North America - TOTAL VEHICLES|7_21|NOV_RegionalStrategyNorthAmerica_VehicleType_Total|NOV_RSNA_VT_Total|North America - Vehicle type total||NOV Capital raised|Regional Strategy and Vehicle Type|q7||116
q44_1|NUMBER|Global - Non-listed/ commingled real estate funds/private REITs|7_22|NOV_RegionalStrategyGlobal_NonListedFunds|NOV_RSGLB_NLF|Global - Non-listed funds||NOV Capital raised|Regional Strategy and Vehicle Type|q7||117
q44_2|NUMBER|Global - Separate accounts investing directly into real estate|7_23|NOV_RegionalStrategyGlobal_SeparateAccountsDirect|NOV_RSGLB_SepAccDirect|Global - Separate accounts investing directly||NOV Capital raised|Regional Strategy and Vehicle Type|q7||118
q44_3|NUMBER|Global - Separate accounts investing into indirect vehicles|7_24|NOV_RegionalStrategyGlobal_SeparateAccountsIndirect|NOV_RSGLB_SepAccIndirect|Global - Separate accounts investing indirectly||NOV Capital raised|Regional Strategy and Vehicle Type|q7||119
q44_4|NUMBER|Global - Joint ventures and club deals|7_25|NOV_RegionalStrategyGlobal_JVs|NOV_RSGLB_JVs|Global -  Joint ventures and club deals||NOV Capital raised|Regional Strategy and Vehicle Type|q7||120
q44_5|NUMBER|Global - Funds of funds|7_26|NOV_RegionalStrategyGlobal_FundsOfFunds|NOV_RSGLB_FOF|Global - Funds of funds||NOV Capital raised|Regional Strategy and Vehicle Type|q7||121
q44_6|NUMBER|Global - Non-listed debt products|7_27|NOV_RegionalStrategyGlobal_Debt|NOV_RSGLB_Debt|Global - Non-listed debt||NOV Capital raised|Regional Strategy and Vehicle Type|q7||122
q4ROW4_Total|NUMBER|Global - TOTAL VEHICLES|7_28|NOV_RegionalStrategyGlobal_VehicleType_Total|NOV_RSGLB_VT_Total|Global - Vehicle type total||NOV Capital raised|Regional Strategy and Vehicle Type|q7||123
q45_1|NUMBER|South America - Non-listed/ commingled real estate funds/private REITs|7_29|NOV_RegionalStrategySouthAmerica_NonListedFunds|NOV_RSSA_NLF|South America - Non-listed funds||NOV Capital raised|Regional Strategy and Vehicle Type|q7||124
q45_2|NUMBER|South America - Separate accounts investing directly into real estate|7_30|NOV_RegionalStrategySouthAmerica_SeparateAccountsDirect|NOV_RSSA_SepAccDirect|South America - Separate accounts investing directly||NOV Capital raised|Regional Strategy and Vehicle Type|q7||125
q45_3|NUMBER|South America - Separate accounts investing into indirect vehicles|7_31|NOV_RegionalStrategySouthAmerica_SeparateAccountsIndirect|NOV_RSSA_SepAccIndirect|South America - Separate accounts investing indirectly||NOV Capital raised|Regional Strategy and Vehicle Type|q7||126
q45_4|NUMBER|South America - Joint ventures and club deals|7_32|NOV_RegionalStrategySouthAmerica_JVs|NOV_RSSA_JVs|South America -  Joint ventures and club deals||NOV Capital raised|Regional Strategy and Vehicle Type|q7||127
q45_5|NUMBER|South America - Funds of funds|7_33|NOV_RegionalStrategySouthAmerica_FundsOfFunds|NOV_RSSA_FOF|South America - Funds of funds||NOV Capital raised|Regional Strategy and Vehicle Type|q7||128
q45_6|NUMBER|South America - Non-listed debt products|7_34|NOV_RegionalStrategySouthAmerica_Debt|NOV_RSSA_Debt|South America - Non-listed debt||NOV Capital raised|Regional Strategy and Vehicle Type|q7||129
q4ROW5_Total|NUMBER|South America - TOTAL VEHICLES|7_35|NOV_RegionalStrategySouthAmerica_VehicleType_Total|NOV_RSSA_VT_Total|South America - Vehicle type total||NOV Capital raised|Regional Strategy and Vehicle Type|q7||130
q46_1|NUMBER|Africa - Non-listed/ commingled real estate funds/private REITs|7_36|NOV_RegionalStrategyAfrica_NonListedFunds|NOV_RSAFR_NLF|Africa - Non-listed funds||NOV Capital raised|Regional Strategy and Vehicle Type|q7||131
q46_2|NUMBER|Africa - Separate accounts investing directly into real estate|7_37|NOV_RegionalStrategyAfrica_SeparateAccountsDirect|NOV_RSAFR_SepAccDirect|Africa - Separate accounts investing directly||NOV Capital raised|Regional Strategy and Vehicle Type|q7||132
q46_3|NUMBER|Africa - Separate accounts investing into indirect vehicles|7_38|NOV_RegionalStrategyAfrica_SeparateAccountsIndirect|NOV_RSAFR_SepAccIndirect|Africa - Separate accounts investing indirectly||NOV Capital raised|Regional Strategy and Vehicle Type|q7||133
q46_4|NUMBER|Africa - Joint ventures and club deals|7_39|NOV_RegionalStrategyAfrica_JVs|NOV_RSAFR_JVs|Africa -  Joint ventures and club deals||NOV Capital raised|Regional Strategy and Vehicle Type|q7||134
q46_5|NUMBER|Africa - Funds of funds|7_40|NOV_RegionalStrategyAfrica_FundsOfFunds|NOV_RSAFR_FOF|Africa - Funds of funds||NOV Capital raised|Regional Strategy and Vehicle Type|q7||135
q46_6|NUMBER|Africa - Non-listed debt products|7_41|NOV_RegionalStrategyAfrica_Debt|NOV_RSAFR_Debt|Africa - Non-listed debt||NOV Capital raised|Regional Strategy and Vehicle Type|q7||136
q4ROW6_Total|NUMBER|Africa - TOTAL VEHICLES|7_42|NOV_RegionalStrategyAfrica_VehicleType_Total|NOV_RSAFR_VT_Total|Africa - Vehicle type total||NOV Capital raised|Regional Strategy and Vehicle Type|q7||137
q4COL1_Total|NUMBER|TOTAL VEHICLES - Non-listed/ commingled real estate funds/private REITs|7_43|NOV_RegionalStrategy_NonListedFunds_Total|NOV_RS_NLF_Total|Regional strategy - Non-listed funds total||NOV Capital raised|Regional Strategy and Vehicle Type|q7||138
q4COL2_Total|NUMBER|TOTAL VEHICLES - Separate accounts investing directly into real estate|7_44|NOV_RegionalStrategy_SeparateAccountsDirect_Total|NOV_RS_SepAccDirect_Total|Regional strategy - Separate accounts investing directly total||NOV Capital raised|Regional Strategy and Vehicle Type|q7||139
q4COL3_Total|NUMBER|TOTAL VEHICLES - Separate accounts investing into indirect vehicles|7_45|NOV_RegionalStrategy_SeparateAccountsIndirect_Total|NOV_RS_SepAccIndirect_Total|Regional strategy - Separate accounts investing indirectly total||NOV Capital raised|Regional Strategy and Vehicle Type|q7||140
q4COL4_Total|NUMBER|TOTAL VEHICLES - Joint ventures and club deals|7_46|NOV_RegionalStrategy_JVs_Total|NOV_RS_JVs_Total|Regional strategy - Joint ventures and club deals total||NOV Capital raised|Regional Strategy and Vehicle Type|q7||141
q4COL5_Total|NUMBER|TOTAL VEHICLES - Funds of funds|7_47|NOV_RegionalStrategy_FundsOfFunds_Total|NOV_RS_FOF_Total|Regional strategy - Funds of funds total||NOV Capital raised|Regional Strategy and Vehicle Type|q7||142
q4COL6_Total|NUMBER|TOTAL VEHICLES - Non-listed debt products|7_48|NOV_RegionalStrategy_Debt_Total|NOV_RS_Debt_Total|Regional strategy - Non-listed debt total||NOV Capital raised|Regional Strategy and Vehicle Type|q7||143
q4GRANDTotal|NUMBER|TOTAL Number of Non-listed vehicless company raised institutional capital for in 2020|7_49|NOV_RegionalStrategy_VehicleType_Total|NOV_RS_VT_Total|Regional strategy - Vehicle type total||NOV Capital raised|Regional Strategy and Vehicle Type|q7||144
||How much institutional capital did your company raise for Non-listed vehicless in 2020 by investor type (million)? |8|||||||q8||145
q51_1|CURRENCY|Pension funds - Non-listed/ commingled real estate funds/private REITs|8_1|PensionFunds_NonListedFunds|PF_NLF|Pension funds - Non-listed fund||Capital raised |Investor Type and Vehicle Type|q8||146
q51_2|CURRENCY|Pension funds - Separate accounts investing directly into real estate|8_2|PensionFunds_SeparateAccountsDirect|PF_SepAccDirect|Pension funds - Separate accounts investing directly||Capital raised |Investor Type and Vehicle Type|q8||147
q51_3|CURRENCY|Pension funds - Separate accounts investing into indirect vehicles|8_3|PensionFunds_SeparateAccountsIndirect|PF_SepAccIndirect|Pension funds - Separate accounts investing indirectly||Capital raised |Investor Type and Vehicle Type|q8||148
q51_4|CURRENCY|Pension funds - Joint ventures and club deals|8_4|PensionFunds_JVs|PF_JVs|Pension funds - Joint ventures and club deals||Capital raised |Investor Type and Vehicle Type|q8||149
q51_5|CURRENCY|Pension funds - Funds of funds|8_5|PensionFunds_FundsOfFunds|PF_FOF|Pension funds - Funds of funds||Capital raised |Investor Type and Vehicle Type|q8||150
q51_6|CURRENCY|Pension funds - Non-listed debt products|8_6|PensionFunds_Debt|PF_Debt|Pension funds - Non-listed debt products||Capital raised |Investor Type and Vehicle Type|q8||151
q5ROW1_Total|CURRENCY|Pension funds - TOTAL|8_7|PensionFunds_VehicleType_Total|PF_VT_Total|Pension funds - Vehicle type total||Capital raised |Investor Type and Vehicle Type|q8||152
q52_1|CURRENCY|Insurance companies - Non-listed/ commingled real estate funds/private REITs|8_8|InsuranceCompanies_NonListedFunds|IC_NLF|Insurance companies - Non-listed fund||Capital raised |Investor Type and Vehicle Type|q8||153
q52_2|CURRENCY|Insurance companies - Separate accounts investing directly into real estate|8_9|InsuranceCompanies_SeparateAccountsDirect|IC_SepAccDirect|Insurance companies - Separate accounts investing directly||Capital raised |Investor Type and Vehicle Type|q8||154
q52_3|CURRENCY|Insurance companies - Separate accounts investing into indirect vehicles|8_10|InsuranceCompanies_SeparateAccountsIndirect|IC_SepAccIndirect|Insurance companies - Separate accounts investing indirectly||Capital raised |Investor Type and Vehicle Type|q8||155
q52_4|CURRENCY|Insurance companies - Joint ventures and club deals|8_11|InsuranceCompanies_JVs|IC_JVs|Insurance companies - Joint ventures and club deals||Capital raised |Investor Type and Vehicle Type|q8||156
q52_5|CURRENCY|Insurance companies - Funds of funds|8_12|InsuranceCompanies_FundsOfFunds|IC_FOF|Insurance companies - Funds of funds||Capital raised |Investor Type and Vehicle Type|q8||157
q52_6|CURRENCY|Insurance companies - Non-listed debt products|8_13|InsuranceCompanies_Debt|IC_Debt|Insurance companies - Non-listed debt products||Capital raised |Investor Type and Vehicle Type|q8||158
q5ROW2_Total|CURRENCY|Insurance companies - TOTAL|8_14|InsuranceCompanies_VehicleType_Total|IC_VT_Total|Insurance companies - Vehicle type total||Capital raised |Investor Type and Vehicle Type|q8||159
q53_1|CURRENCY|Sovereign wealth funds - Non-listed/ commingled real estate funds/private REITs|8_15|SovereignWealthFunds_NonListedFunds|SWF_NLF|Sovereign wealth funds - Non-listed fund||Capital raised |Investor Type and Vehicle Type|q8||160
q53_2|CURRENCY|Sovereign wealth funds - Separate accounts investing directly into real estate|8_16|SovereignWealthFunds_SeparateAccountsDirect|SWF_SepAccDirect|Sovereign wealth funds - Separate accounts investing directly||Capital raised |Investor Type and Vehicle Type|q8||161
q53_3|CURRENCY|Sovereign wealth funds - Separate accounts investing into indirect vehicles|8_17|SovereignWealthFunds_SeparateAccountsIndirect|SWF_SepAccIndirect|Sovereign wealth funds - Separate accounts investing indirectly||Capital raised |Investor Type and Vehicle Type|q8||162
q53_4|CURRENCY|Sovereign wealth funds - Joint ventures and club deals|8_18|SovereignWealthFunds_JVs|SWF_JVs|Sovereign wealth funds - Joint ventures and club deals||Capital raised |Investor Type and Vehicle Type|q8||163
q53_5|CURRENCY|Sovereign wealth funds - Funds of funds|8_19|SovereignWealthFunds_FundsOfFunds|SWF_FOF|Sovereign wealth funds - Funds of funds||Capital raised |Investor Type and Vehicle Type|q8||164
q53_6|CURRENCY|Sovereign wealth funds - Non-listed debt products|8_20|SovereignWealthFunds_Debt|SWF_Debt|Sovereign wealth funds - Non-listed debt products||Capital raised |Investor Type and Vehicle Type|q8||165
q5ROW3_Total|CURRENCY|Sovereign wealth funds - TOTAL|8_21|SovereignWealthFunds_VehicleType_Total|SWF_VT_Total|Sovereign wealth funds - Vehicle type total||Capital raised |Investor Type and Vehicle Type|q8||166
q54_1|CURRENCY|Government institutions - Non-listed/ commingled real estate funds/private REITs|8_22|GovernmentInstitutions_NonListedFunds|GI_NLF|Government institutions - Non-listed fund||Capital raised |Investor Type and Vehicle Type|q8||167
q54_2|CURRENCY|Government institutions - Separate accounts investing directly into real estate|8_23|GovernmentInstitutions_SeparateAccountsDirect|GI_SepAccDirect|Government institutions - Separate accounts investing directly||Capital raised |Investor Type and Vehicle Type|q8||168
q54_3|CURRENCY|Government institutions - Separate accounts investing into indirect vehicles|8_24|GovernmentInstitutions_SeparateAccountsIndirect|GI_SepAccIndirect|Government institutions - Separate accounts investing indirectly||Capital raised |Investor Type and Vehicle Type|q8||169
q54_4|CURRENCY|Government institutions - Joint ventures and club deals|8_25|GovernmentInstitutions_JVs|GI_JVs|Government institutions - Joint ventures and club deals||Capital raised |Investor Type and Vehicle Type|q8||170
q54_5|CURRENCY|Government institutions - Funds of funds|8_26|GovernmentInstitutions_FundsOfFunds|GI_FOF|Government institutions - Funds of funds||Capital raised |Investor Type and Vehicle Type|q8||171
q54_6|CURRENCY|Government institutions - Non-listed debt products|8_27|GovernmentInstitutions_Debt|GI_Debt|Government institutions - Non-listed debt products||Capital raised |Investor Type and Vehicle Type|q8||172
q5ROW4_Total|CURRENCY|Government institutions - TOTAL|8_28|GovernmentInstitutions_VehicleType_Total|GI_VT_Total|Government institutions - Vehicle type total||Capital raised |Investor Type and Vehicle Type|q8||173
q55_1|CURRENCY|Charities, foundations, non-profit organisations - Non-listed/ commingled real estate funds/private REITs|8_29|CharitiesFoundationsNonProfitOrganizations_NonListedFunds|CF&NPO_NLF|Charities, foundations & non-profit organisations - Non-listed fund||Capital raised |Investor Type and Vehicle Type|q8||174
q55_2|CURRENCY|Charities, foundations, non-profit organisations - Separate accounts investing directly into real estate|8_30|CharitiesFoundationsNonProfitOrganizations_SeparateAccountsDirect|CF&NPO_SepAccDirect|Charities, foundations & non-profit organisations - Separate accounts investing directly||Capital raised |Investor Type and Vehicle Type|q8||175
q55_3|CURRENCY|Charities, foundations, non-profit organisations - Separate accounts investing into indirect vehicles|8_31|CharitiesFoundationsNonProfitOrganizations_SeparateAccountsIndirect|CF&NPO_SepAccIndirect|Charities, foundations & non-profit organisations - Separate accounts investing indirectly||Capital raised |Investor Type and Vehicle Type|q8||176
q55_4|CURRENCY|Charities, foundations, non-profit organisations - Joint ventures and club deals|8_32|CharitiesFoundationsNonProfitOrganizations_JVs|CF&NPO_JVs|Charities, foundations & non-profit organisations - Joint ventures and club deals||Capital raised |Investor Type and Vehicle Type|q8||177
q55_5|CURRENCY|Charities, foundations, non-profit organisations - Funds of funds|8_33|CharitiesFoundationsNonProfitOrganizations_FundsOfFunds|CF&NPO_FOF|Charities, foundations & non-profit organisations - Funds of funds||Capital raised |Investor Type and Vehicle Type|q8||178
q55_6|CURRENCY|Charities, foundations, non-profit organisations - Non-listed debt products|8_34|CharitiesFoundationsNonProfitOrganizations_Debt|CF&NPO_Debt|Charities, foundations & non-profit organisations - Non-listed debt products||Capital raised |Investor Type and Vehicle Type|q8||179
q5ROW5_Total|CURRENCY|Charities, foundations, non-profit organisations - TOTAL|8_35|CharitiesFoundationsNonProfitOrganizations_VehicleType_Total|CF&NPO_VT_Total|Charities, foundations & non-profit organisations - Vehicle type total||Capital raised |Investor Type and Vehicle Type|q8||180
q56_1|CURRENCY|Funds of funds - Non-listed/ commingled real estate funds/private REITs|8_36|FundsOfFunds_NonListedFunds|FOF_NLF|Funds of funds - Non-listed fund||Capital raised |Investor Type and Vehicle Type|q8||181
q56_2|CURRENCY|Funds of funds - Separate accounts investing directly into real estate|8_37|FundsOfFunds_SeparateAccountsDirect|FOF_SepAccDirect|Funds of funds - Separate accounts investing directly||Capital raised |Investor Type and Vehicle Type|q8||182
q56_3|CURRENCY|Funds of funds - Separate accounts investing into indirect vehicles|8_38|FundsOfFunds_SeparateAccountsIndirect|FOF_SepAccIndirect|Funds of funds - Separate accounts investing indirectly||Capital raised |Investor Type and Vehicle Type|q8||183
q56_4|CURRENCY|Funds of funds - Joint ventures and club deals|8_39|FundsOfFunds_JVs|FOF_JVs|Funds of funds - Joint ventures and club deals||Capital raised |Investor Type and Vehicle Type|q8||184
q56_5|CURRENCY|Funds of funds - Funds of funds|8_40|FundsOfFunds_FundsOfFunds|FOF_FOF|Funds of funds - Funds of funds||Capital raised |Investor Type and Vehicle Type|q8||185
q56_6|CURRENCY|Funds of funds - Non-listed debt products|8_41|FundsOfFunds_Debt|FOF_Debt|Funds of funds - Non-listed debt products||Capital raised |Investor Type and Vehicle Type|q8||186
q5ROW6_Total|CURRENCY|Funds of funds - TOTAL|8_42|FundsOfFunds_VehicleType_Total|FOF_VT_Total|Funds of funds - Vehicle type total||Capital raised |Investor Type and Vehicle Type|q8||187
q57_1|CURRENCY|High net worth individuals /Family offices - Non-listed/ commingled real estate funds/private REITs|8_43|HighnetWorthIndividualsFamilyOffices_NonListedFunds|HNWI/FO_NLF|Hign net worth individuals/Family offices - Non-listed fund||Capital raised |Investor Type and Vehicle Type|q8||188
q57_2|CURRENCY|High net worth individuals /Family offices - Separate accounts investing directly into real estate|8_44|HighnetWorthIndividualsFamilyOffices_SeparateAccountsDirect|HNWI/FO_SepAccDirect|Hign net worth individuals/Family offices - Separate accounts investing directly||Capital raised |Investor Type and Vehicle Type|q8||189
q57_3|CURRENCY|High net worth individuals /Family offices - Separate accounts investing into indirect vehicles|8_45|HighnetWorthIndividualsFamilyOffices_SeparateAccountsIndirect|HNWI/FO_SepAccIndirect|Hign net worth individuals/Family offices - Separate accounts investing indirectly||Capital raised |Investor Type and Vehicle Type|q8||190
q57_4|CURRENCY|High net worth individuals /Family offices - Joint ventures and club deals|8_46|HighnetWorthIndividualsFamilyOffices_JVs|HNWI/FO_JVs|Hign net worth individuals/Family offices - Joint ventures and club deals||Capital raised |Investor Type and Vehicle Type|q8||191
q57_5|CURRENCY|High net worth individuals /Family offices - Funds of funds|8_47|HighnetWorthIndividualsFamilyOffices_FundsOfFunds|HNWI/FO_FOF|Hign net worth individuals/Family offices - Funds of funds||Capital raised |Investor Type and Vehicle Type|q8||192
q57_6|CURRENCY|High net worth individuals /Family offices - Non-listed debt products|8_48|HighnetWorthIndividualsFamilyOffices_Debt|HNWI/FO_Debt|Hign net worth individuals/Family offices - Non-listed debt products||Capital raised |Investor Type and Vehicle Type|q8||193
q5ROW7_Total|CURRENCY|High net worth individuals /Family offices - TOTAL|8_49|HighnetWorthIndividualsFamilyOffices_VehicleType_Total|HNWI/FO_VT_Total|Hign net worth individuals/Family offices - Vehicle type total||Capital raised |Investor Type and Vehicle Type|q8||194
q5other|TEXT|Other investor type (Other)|8_50|OtherInvestorTypetext|OtherITText|Other investor type||Capital raised |Investor Type and Vehicle Type|q8||195
q58_1|CURRENCY|Other - Non-listed/ commingled real estate funds/private REITs|8_51|OtherInvestorType_NonListedFunds|OtherIT_NLF|Other investor type - Non-listed fund||Capital raised |Investor Type and Vehicle Type|q8||196
q58_2|CURRENCY|Other - Separate accounts investing directly into real estate|8_52|OtherInvestorType_SeparateAccountsDirect|OtherIT_SepAccDirect|Other investor type - Separate accounts investing directly||Capital raised |Investor Type and Vehicle Type|q8||197
q58_3|CURRENCY|Other - Separate accounts investing into indirect vehicles|8_53|OtherInvestorType_SeparateAccountsIndirect|OtherIT_SepAccIndirect|Other investor type - Separate accounts investing indirectly||Capital raised |Investor Type and Vehicle Type|q8||198
q58_4|CURRENCY|Other - Joint ventures and club deals|8_54|OtherInvestorType_JVs|OtherIT_JVs|Other investor type - Joint ventures and club deals||Capital raised |Investor Type and Vehicle Type|q8||199
q58_5|CURRENCY|Other - Funds of funds|8_55|OtherInvestorType_FundsOfFunds|OtherIT_FOF|Other investor type - Funds of funds||Capital raised |Investor Type and Vehicle Type|q8||200
q58_6|CURRENCY|Other - Non-listed debt products|8_56|OtherInvestorType_Debt|OtherIT_Debt|Other investor type - Non-listed debt products||Capital raised |Investor Type and Vehicle Type|q8||201
q5ROW8_Total|CURRENCY|Other - TOTAL|8_57|OtherInvestorType_VehicleType_Total|OtherIT_VT_Total|Other investor type - Vehicle type total||Capital raised |Investor Type and Vehicle Type|q8||202
q5COL1_Total|CURRENCY|TOTAL - Non-listed/ commingled real estate funds/private REITs|8_58|InvestorType_NonListedFunds_Total|IT_NLF_Total|Investor type - Non-listed fund total||Capital raised |Investor Type and Vehicle Type|q8||203
q5COL2_Total|CURRENCY|TOTAL - Separate accounts investing directly into real estate|8_59|InvestorType_SeparateAccountsDirect_Total|IT_SepAccDirect_Total|Investor type - Separate accounts investing directly total||Capital raised |Investor Type and Vehicle Type|q8||204
q5COL3_Total|CURRENCY|TOTAL - Separate accounts investing into indirect vehicles|8_60|InvestorType_SeparateAccountsIndirect_Total|IT_SepAccIndirect_Total|Investor type - Separate accounts investing indirectly total||Capital raised |Investor Type and Vehicle Type|q8||205
q5COL4_Total|CURRENCY|TOTAL - Joint ventures and club deals|8_61|InvestorType_JVs_Total|IT_JVs_Total|Investor type - Joint ventures and club deals total||Capital raised |Investor Type and Vehicle Type|q8||206
q5COL5_Total|CURRENCY|TOTAL - Funds of funds|8_62|InvestorType_FundsOfFunds_Total|IT_FOF_Total|Investor type - Funds of funds total||Capital raised |Investor Type and Vehicle Type|q8||207
q5COL6_Total|CURRENCY|TOTAL - Non-listed debt products|8_63|InvestorType_Debt_Total|IT_Debt_Total|Investor type - Non-listed debt products total||Capital raised |Investor Type and Vehicle Type|q8||208
q5GRANDTotal|CURRENCY|TOTAL raised for Non-listed vehicless in 2020 by investor type|8_64|InvestorType_VehicleType_Total|IT_VT_Total|Investor type - Vehicle type total||Capital raised |Investor Type and Vehicle Type|q8||209
||How much institutional capital did your company raise for Non-listed vehicless in 2020 by investor domicile (million)?|9|||||||q9||210
q61_1|CURRENCY|Asia Pacific - Non-listed/ commingled real estate funds/private REITs|9_1|InvestorDomicileAsiaPacific_NonListedFunds|IDAPAC_NLF|Asia Pacific - Non-listed funds||Capital raised |Investor Domicile and Vehicle Type|q9||211
q61_2|CURRENCY|Asia Pacific - Separate accounts investing directly into real estate|9_2|InvestorDomicileAsiaPacific_SeparateAccountsDirect|IDAPAC_SepAccDirect|Asia Pacific - Separate accounts direct||Capital raised |Investor Domicile and Vehicle Type|q9||212
q61_3|CURRENCY|Asia Pacific - Separate accounts investing into indirect vehicles|9_3|InvestorDomicileAsiaPacific_SeparateAccountsIndirect|IDAPAC_SepAccIndirect|Asia Pacific - Separate accounts indirect||Capital raised |Investor Domicile and Vehicle Type|q9||213
q61_4|CURRENCY|Asia Pacific - Joint ventures and club deals|9_4|InvestorDomicileAsiaPacific_JVs|IDAPAC_JVs|Asia Pacific - Joint ventures and club deals||Capital raised |Investor Domicile and Vehicle Type|q9||214
q61_5|CURRENCY|Asia Pacific - Funds of funds|9_5|InvestorDomicileAsiaPacific_FundsOfFunds|IDAPAC_FOF|Asia Pacific - Funds of funds||Capital raised |Investor Domicile and Vehicle Type|q9||215
q61_6|CURRENCY|Asia Pacific - Non-listed debt products|9_6|InvestorDomicileAsiaPacific_Debt|IDAPAC_Debt|Asia Pacific - Non-listed debt||Capital raised |Investor Domicile and Vehicle Type|q9||216
q6ROW1_Total|CURRENCY|Asia Pacific - TOTAL|9_7|InvestorDomicileAsiaPacific_VehicleType_Total|IDAPAC_VT_Total|Asia Pacific - Vehicle type total||Capital raised |Investor Domicile and Vehicle Type|q9||217
q62_1|CURRENCY|Europe - Non-listed/ commingled real estate funds/private REITs|9_8|InvestorDomicileEurope_NonListedFunds|IDEUR_NLF|Europe - Non-listed funds||Capital raised |Investor Domicile and Vehicle Type|q9||218
q62_2|CURRENCY|Europe - Separate accounts investing directly into real estate|9_9|InvestorDomicileEurope_SeparateAccountsDirect|IDEUR_SepAccDirect|Europe - Separate accounts direct||Capital raised |Investor Domicile and Vehicle Type|q9||219
q62_3|CURRENCY|Europe - Separate accounts investing into indirect vehicles|9_10|InvestorDomicileEurope_SeparateAccountsIndirect|IDEUR_SepAccIndirect|Europe - Separate accounts indirect||Capital raised |Investor Domicile and Vehicle Type|q9||220
q62_4|CURRENCY|Europe - Joint ventures and club deals|9_11|InvestorDomicileEurope_JVs|IDEUR_JVs|Europe -  Joint ventures and club deals||Capital raised |Investor Domicile and Vehicle Type|q9||221
q62_5|CURRENCY|Europe - Funds of funds|9_12|InvestorDomicileEurope_FundsOfFunds|IDEUR_FOF|Europe - Funds of funds||Capital raised |Investor Domicile and Vehicle Type|q9||222
q62_6|CURRENCY|Europe - Non-listed debt products|9_13|InvestorDomicileEurope_Debt|IDEUR_Debt|Europe - Non-listed debt||Capital raised |Investor Domicile and Vehicle Type|q9||223
q6ROW2_Total|CURRENCY|Europe - TOTAL|9_14|InvestorDomicileEurope_VehicleType_Total|IDEUR_VT_Total|Europe - Vehicle type total||Capital raised |Investor Domicile and Vehicle Type|q9||224
q63_1|CURRENCY|North America - Non-listed/ commingled real estate funds/private REITs|9_15|InvestorDomicileNorthAmerica_NonListedFunds|IDNA_NLF|North America - Non-listed funds||Capital raised |Investor Domicile and Vehicle Type|q9||225
q63_2|CURRENCY|North America - Separate accounts investing directly into real estate|9_16|InvestorDomicileNorthAmerica_SeparateAccountsDirect|IDNA_SepAccDirect|North America - Separate accounts direct||Capital raised |Investor Domicile and Vehicle Type|q9||226
q63_3|CURRENCY|North America - Separate accounts investing into indirect vehicles|9_17|InvestorDomicileNorthAmerica_SeparateAccountsIndirect|IDNA_SepAccIndirect|North America - Separate accounts indirect||Capital raised |Investor Domicile and Vehicle Type|q9||227
q63_4|CURRENCY|North America - Joint ventures and club deals|9_18|InvestorDomicileNorthAmerica_JVs|IDNA_JVs|North America -  Joint ventures and club deals||Capital raised |Investor Domicile and Vehicle Type|q9||228
q63_5|CURRENCY|North America - Funds of funds|9_19|InvestorDomicileNorthAmerica_FundsOfFunds|IDNA_FOF|North America - Funds of funds||Capital raised |Investor Domicile and Vehicle Type|q9||229
q63_6|CURRENCY|North America - Non-listed debt products|9_20|InvestorDomicileNorthAmerica_Debt|IDNA_Debt|North America - Non-listed debt||Capital raised |Investor Domicile and Vehicle Type|q9||230
q6ROW3_Total|CURRENCY|North America - TOTAL|9_21|InvestorDomicileNorthAmerica_VehicleType_Total|IDNA_VT_Total|North America - Vehicle type total||Capital raised |Investor Domicile and Vehicle Type|q9||231
q64_1|CURRENCY|South America - Non-listed/ commingled real estate funds/private REITs|9_22|InvestorDomicileSouthAmerica_NonListedFunds|IDSA_NLF|South America - Non-listed funds||Capital raised |Investor Domicile and Vehicle Type|q9||232
q64_2|CURRENCY|South America - Separate accounts investing directly into real estate|9_23|InvestorDomicileSouthAmerica_SeparateAccountsDirect|IDSA_SepAccDirect|South America - Separate accounts direct||Capital raised |Investor Domicile and Vehicle Type|q9||233
q64_3|CURRENCY|South America - Separate accounts investing into indirect vehicles|9_24|InvestorDomicileSouthAmerica_SeparateAccountsIndirect|IDSA_SepAccIndirect|South America - Separate accounts indirect||Capital raised |Investor Domicile and Vehicle Type|q9||234
q64_4|CURRENCY|South America - Joint ventures and club deals|9_25|InvestorDomicileSouthAmerica_JVs|IDSA_JVs|South America -  Joint ventures and club deals||Capital raised |Investor Domicile and Vehicle Type|q9||235
q64_5|CURRENCY|South America - Funds of funds|9_26|InvestorDomicileSouthAmerica_FundsOfFunds|IDSA_FOF|South America - Funds of funds||Capital raised |Investor Domicile and Vehicle Type|q9||236
q64_6|CURRENCY|South America - Non-listed debt products|9_27|InvestorDomicileSouthAmerica_Debt|IDSA_Debt|South America - Non-listed debt||Capital raised |Investor Domicile and Vehicle Type|q9||237
q6ROW4_Total|CURRENCY|South America - TOTAL|9_28|InvestorDomicileSouthAmerica_VehicleType_Total|IDSA_VT_Total|South America - Vehicle type total||Capital raised |Investor Domicile and Vehicle Type|q9||238
q65_1|CURRENCY|Africa - Non-listed/ commingled real estate funds/private REITs|9_29|InvestorDomicileAfrica_NonListedFunds|IDAFR_NLF|Africa - Non-listed funds||Capital raised |Investor Domicile and Vehicle Type|q9||239
q65_2|CURRENCY|Africa - Separate accounts investing directly into real estate|9_30|InvestorDomicileAfrica_SeparateAccountsDirect|IDAFR_SepAccDirect|Africa - Separate accounts direct||Capital raised |Investor Domicile and Vehicle Type|q9||240
q65_3|CURRENCY|Africa - Separate accounts investing into indirect vehicles|9_31|InvestorDomicileAfrica_SeparateAccountsIndirect|IDAFR_SepAccIndirect|Africa - Separate accounts indirect||Capital raised |Investor Domicile and Vehicle Type|q9||241
q65_4|CURRENCY|Africa - Joint ventures and club deals|9_32|InvestorDomicileAfrica_JVs|IDAFR_JVs|Africa -  Joint ventures and club deals||Capital raised |Investor Domicile and Vehicle Type|q9||242
q65_5|CURRENCY|Africa - Funds of funds|9_33|InvestorDomicileAfrica_FundsOfFunds|IDAFR_FOF|Africa - Funds of funds||Capital raised |Investor Domicile and Vehicle Type|q9||243
q65_6|CURRENCY|Africa - Non-listed debt products|9_34|InvestorDomicileAfrica_Debt|IDAFR_Debt|Africa - Non-listed debt||Capital raised |Investor Domicile and Vehicle Type|q9||244
q6ROW5_Total|CURRENCY|Africa - TOTAL|9_35|InvestorDomicileAfrica_VehicleType_Total|IDAFR_VT_Total|Africa - Vehicle type total||Capital raised |Investor Domicile and Vehicle Type|q9||245
q6COL1_Total|CURRENCY|TOTAL - Non-listed/ commingled real estate funds/private REITs|9_36|InvestorDomicile_NonListedFunds_Total|ID_NLF_Total|Regional strategy - Non-listed funds total||Capital raised |Investor Domicile and Vehicle Type|q9||246
q6COL2_Total|CURRENCY|TOTAL - Separate accounts investing directly into real estate|9_37|InvestorDomicile_SeparateAccountsDirect_Total|ID_SepAccDirect_Total|Regional strategy - Separate accounts investing directly total||Capital raised |Investor Domicile and Vehicle Type|q9||247
q6COL3_Total|CURRENCY|TOTAL - Separate accounts investing into indirect vehicles|9_38|InvestorDomicile_SeparateAccountsIndirect_Total|ID_SepAccIndirect_Total|Regional strategy - Separate accounts indirect total||Capital raised |Investor Domicile and Vehicle Type|q9||248
q6COL4_Total|CURRENCY|TOTAL - Joint ventures and club deals|9_39|InvestorDomicile_JVs_Total|ID_JVs_Total|Regional strategy - Joint ventures and club deals total||Capital raised |Investor Domicile and Vehicle Type|q9||249
q6COL5_Total|CURRENCY|TOTAL - Funds of funds|9_40|InvestorDomicile_FundsOfFunds_Total|ID_FOF_Total|Regional strategy - Funds of funds total||Capital raised |Investor Domicile and Vehicle Type|q9||250
q6COL6_Total|CURRENCY|TOTAL - Non-listed debt products|9_41|InvestorDomicile_Debt_Total|ID_Debt_Total|Regional strategy - Non-listed debt total||Capital raised |Investor Domicile and Vehicle Type|q9||251
q6GRANDTotal|CURRENCY|TOTAL Capital Raised in 2020 for non-listed real estate|9_42|InvestorDomicile_VehicleType_Total|ID_VT_Total|Regional strategy - Vehicle type total||Capital raised |Investor Domicile and Vehicle Type|q9||252
||What percentage of the total capital was raised via...?|10|||||||q10||253
q7_1|PERCENT|Placement agent|10_1|PercentMethod_PlacementAgent|PercMeth_PlacAg|Placement agent||Capital raised |Method|q10||254
q7_2|PERCENT|Investors contacting you directly|10_2|PercentMethod_InvestorsContactingDirectly|PercMeth_InvConDirect|Investor contracting directly||Capital raised |Method|q10||255
q7_3|PERCENT|Your own direct relationship with investors|10_3|PercentMethod_RelationshipWithInvestors|PercMeth_RelWithInv|Relationship with investors||Capital raised |Method|q10||256
q7other|TEXT|Other (Text)|10_4|PercentMethod_Othertext|PercMeth_OtherText|Other Text||Capital raised |Method|q10||257
q7_4|PERCENT|Other|10_5|PercentMethod_Other|PercMeth_Other|Other Method||Capital raised |Method|q10||258
q7_Total|PERCENT|TOTAL - Percentage|10_6|PercentMethod_Total|PercMeth_Total|Capital raised total||Capital raised |Method|q10||259
q8|NUMBER|How do you expect capital raising activities to develop over the next two years?|11|CapitalRaisingActivity_Development|CRact_Dev|Development||Capital raised |Method|q11||260
q9|NUMBER|What impact do you expect regulation to have on capital raising activities over the next two years?|12|CapitalRaisingActivity_Impactregulation|CRact_ImpReg|Impact Regulation||Capital raised |Method|q12||261
q91|NUMBER|Would you like the name of your company to be included in the list of participants?|13|Companynameincluded|CompNameIncl|Name ||Name|Name|q13||262
ASIA PACIFIC_apac||||||||||||263
_apac||For your Asia Pacific strategy*, how much institutional capital did your company raise for Non-listed vehicless in 2020 by investor type (million)?|14|||||||q14||264
q101_1_apac|CURRENCY|APAC: Pension funds - Non-listed/ commingled real estate funds/private REITs|14_1|APAC_PensionFunds_NonListedFunds|APAC_PF_NLF|Pension funds - Non-listed fund||APAC Capital raised|Investor Type and Vehicle Type|q14||265
q101_2_apac|CURRENCY|APAC: Pension funds - Separate accounts investing directly into real estate|14_2|APAC_PensionFunds_SeparateAccountsDirect|APAC_PF_SepAccDirect|Pension funds - Separate accounts investing directly||APAC Capital raised|Investor Type and Vehicle Type|q14||266
q101_3_apac|CURRENCY|APAC: Pension funds - Separate accounts investing into indirect vehicles|14_3|APAC_PensionFunds_SeparateAccountsIndirect|APAC_PF_SepAccIndirect|Pension funds - Separate accounts investing indirectly||APAC Capital raised|Investor Type and Vehicle Type|q14||267
q101_4_apac|CURRENCY|APAC: Pension funds - Joint ventures and club deals|14_4|APAC_PensionFunds_JVs|APAC_PF_JVs|Pension funds - Joint ventures and club deals||APAC Capital raised|Investor Type and Vehicle Type|q14||268
q101_5_apac|CURRENCY|APAC: Pension funds - Funds of funds|14_5|APAC_PensionFunds_FundsOfFunds|APAC_PF_FOF|Pension funds - Funds of funds||APAC Capital raised|Investor Type and Vehicle Type|q14||269
q101_6_apac|CURRENCY|APAC: Pension funds - Non-listed debt products|14_6|APAC_PensionFunds_Debt|APAC_PF_Debt|Pension funds - Non-listed debt products||APAC Capital raised|Investor Type and Vehicle Type|q14||270
q10ROW1_Total_apac|CURRENCY|APAC: Pension funds - TOTAL|14_7|APAC_PensionFunds_VehicleType_Total|APAC_PF_VT_Total|Pension funds - Vehicle type total||APAC Capital raised|Investor Type and Vehicle Type|q14||271
q102_1_apac|CURRENCY|APAC: Insurance companies - Non-listed/ commingled real estate funds/private REITs|14_8|APAC_InsuranceCompanies_NonListedFunds|APAC_IC_NLF|Insurance companies - Non-listed fund||APAC Capital raised|Investor Type and Vehicle Type|q14||272
q102_2_apac|CURRENCY|APAC: Insurance companies - Separate accounts investing directly into real estate|14_9|APAC_InsuranceCompanies_SeparateAccountsDirect|APAC_IC_SepAccDirect|Insurance companies - Separate accounts investing directly||APAC Capital raised|Investor Type and Vehicle Type|q14||273
q102_3_apac|CURRENCY|APAC: Insurance companies - Separate accounts investing into indirect vehicles|14_10|APAC_InsuranceCompanies_SeparateAccountsIndirect|APAC_IC_SepAccIndirect|Insurance companies - Separate accounts investing indirectly||APAC Capital raised|Investor Type and Vehicle Type|q14||274
q102_4_apac|CURRENCY|APAC: Insurance companies - Joint ventures and club deals|14_11|APAC_InsuranceCompanies_JVs|APAC_IC_JVs|Insurance companies - Joint ventures and club deals||APAC Capital raised|Investor Type and Vehicle Type|q14||275
q102_5_apac|CURRENCY|APAC: Insurance companies - Funds of funds|14_12|APAC_InsuranceCompanies_FundsOfFunds|APAC_IC_FOF|Insurance companies - Funds of funds||APAC Capital raised|Investor Type and Vehicle Type|q14||276
q102_6_apac|CURRENCY|APAC: Insurance companies - Non-listed debt products|14_13|APAC_InsuranceCompanies_Debt|APAC_IC_Debt|Insurance companies - Non-listed debt products||APAC Capital raised|Investor Type and Vehicle Type|q14||277
q10ROW2_Total_apac|CURRENCY|APAC: Insurance companies - TOTAL|14_14|APAC_InsuranceCompanies_VehicleType_Total|APAC_IC_VT_Total|Insurance companies - Vehicle type total||APAC Capital raised|Investor Type and Vehicle Type|q14||278
q103_1_apac|CURRENCY|APAC: Sovereign wealth funds - Non-listed/ commingled real estate funds/private REITs|14_15|APAC_SovereignWealthFunds_NonListedFunds|APAC_SWF_NLF|Sovereign wealth funds - Non-listed fund||APAC Capital raised|Investor Type and Vehicle Type|q14||279
q103_2_apac|CURRENCY|APAC: Sovereign wealth funds - Separate accounts investing directly into real estate|14_16|APAC_SovereignWealthFunds_SeparateAccountsDirect|APAC_SWF_SepAccDirect|Sovereign wealth funds - Separate accounts investing directly||APAC Capital raised|Investor Type and Vehicle Type|q14||280
q103_3_apac|CURRENCY|APAC: Sovereign wealth funds - Separate accounts investing into indirect vehicles|14_17|APAC_SovereignWealthFunds_SeparateAccountsIndirect|APAC_SWF_SepAccIndirect|Sovereign wealth funds - Separate accounts investing indirectly||APAC Capital raised|Investor Type and Vehicle Type|q14||281
q103_4_apac|CURRENCY|APAC: Sovereign wealth funds - Joint ventures and club deals|14_18|APAC_SovereignWealthFunds_JVs|APAC_SWF_JVs|Sovereign wealth funds - Joint ventures and club deals||APAC Capital raised|Investor Type and Vehicle Type|q14||282
q103_5_apac|CURRENCY|APAC: Sovereign wealth funds - Funds of funds|14_19|APAC_SovereignWealthFunds_FundsOfFunds|APAC_SWF_FOF|Sovereign wealth funds - Funds of funds||APAC Capital raised|Investor Type and Vehicle Type|q14||283
q103_6_apac|CURRENCY|APAC: Sovereign wealth funds - Non-listed debt products|14_20|APAC_SovereignWealthFunds_Debt|APAC_SWF_Debt|Sovereign wealth funds - Non-listed debt products||APAC Capital raised|Investor Type and Vehicle Type|q14||284
q10ROW3_Total_apac|CURRENCY|APAC: Sovereign wealth funds - TOTAL|14_21|APAC_SovereignWealthFunds_VehicleType_Total|APAC_SWF_VT_Total|Sovereign wealth funds - Vehicle type total||APAC Capital raised|Investor Type and Vehicle Type|q14||285
q104_1_apac|CURRENCY|APAC: Government institutions - Non-listed/ commingled real estate funds/private REITs|14_22|APAC_GovernmentInstitutions_NonListedFunds|APAC_GI_NLF|Government institutions - Non-listed fund||APAC Capital raised|Investor Type and Vehicle Type|q14||286
q104_2_apac|CURRENCY|APAC: Government institutions - Separate accounts investing directly into real estate|14_23|APAC_GovernmentInstitutions_SeparateAccountsDirect|APAC_GI_SepAccDirect|Government institutions - Separate accounts investing directly||APAC Capital raised|Investor Type and Vehicle Type|q14||287
q104_3_apac|CURRENCY|APAC: Government institutions - Separate accounts investing into indirect vehicles|14_24|APAC_GovernmentInstitutions_SeparateAccountsIndirect|APAC_GI_SepAccIndirect|Government institutions - Separate accounts investing indirectly||APAC Capital raised|Investor Type and Vehicle Type|q14||288
q104_4_apac|CURRENCY|APAC: Government institutions - Joint ventures and club deals|14_25|APAC_GovernmentInstitutions_JVs|APAC_GI_JVs|Government institutions - Joint ventures and club deals||APAC Capital raised|Investor Type and Vehicle Type|q14||289
q104_5_apac|CURRENCY|APAC: Government institutions - Funds of funds|14_26|APAC_GovernmentInstitutions_FundsOfFunds|APAC_GI_FOF|Government institutions - Funds of funds||APAC Capital raised|Investor Type and Vehicle Type|q14||290
q104_6_apac|CURRENCY|APAC: Government institutions - Non-listed debt products|14_27|APAC_GovernmentInstitutions_Debt|APAC_GI_Debt|Government institutions - Non-listed debt products||APAC Capital raised|Investor Type and Vehicle Type|q14||291
q10ROW4_Total_apac|CURRENCY|APAC: Government institutions - TOTAL|14_28|APAC_GovernmentInstitutions_VehicleType_Total|APAC_GI_VT_Total|Government institutions - Vehicle type total||APAC Capital raised|Investor Type and Vehicle Type|q14||292
q105_1_apac|CURRENCY|APAC: Charities, foundations, non-profit organisations - Non-listed/ commingled real estate funds/private REITs|14_29|APAC_CharitiesFoundationsNonProfitOrganizations_NonListedFunds|APAC_CF&NPO_NLF|Charities, foundations & non-profit organisations - Non-listed fund||APAC Capital raised|Investor Type and Vehicle Type|q14||293
q105_2_apac|CURRENCY|APAC: Charities, foundations, non-profit organisations - Separate accounts investing directly into real estate|14_30|APAC_CharitiesFoundationsNonProfitOrganizations_SeparateAccountsDirect|APAC_CF&NPO_SepAccDirect|Charities, foundations & non-profit organisations - Separate accounts investing directly||APAC Capital raised|Investor Type and Vehicle Type|q14||294
q105_3_apac|CURRENCY|APAC: Charities, foundations, non-profit organisations - Separate accounts investing into indirect vehicles|14_31|APAC_CharitiesFoundationsNonProfitOrganizations_SeparateAccountsIndirect|APAC_CF&NPO_SepAccIndirect|Charities, foundations & non-profit organisations - Separate accounts investing indirectly||APAC Capital raised|Investor Type and Vehicle Type|q14||295
q105_4_apac|CURRENCY|APAC: Charities, foundations, non-profit organisations - Joint ventures and club deals|14_32|APAC_CharitiesFoundationsNonProfitOrganizations_JVs|APAC_CF&NPO_JVs|Charities, foundations & non-profit organisations - Joint ventures and club deals||APAC Capital raised|Investor Type and Vehicle Type|q14||296
q105_5_apac|CURRENCY|APAC: Charities, foundations, non-profit organisations - Funds of funds|14_33|APAC_CharitiesFoundationsNonProfitOrganizations_FundsOfFunds|APAC_CF&NPO_FOF|Charities, foundations & non-profit organisations - Funds of funds||APAC Capital raised|Investor Type and Vehicle Type|q14||297
q105_6_apac|CURRENCY|APAC: Charities, foundations, non-profit organisations - Non-listed debt products|14_34|APAC_CharitiesFoundationsNonProfitOrganizations_Debt|APAC_CF&NPO_Debt|Charities, foundations & non-profit organisations - Non-listed debt products||APAC Capital raised|Investor Type and Vehicle Type|q14||298
q10ROW5_Total_apac|CURRENCY|APAC: Charities, foundations, non-profit organisations - TOTAL|14_35|APAC_CharitiesFoundationsNonProfitOrganizations_VehicleType_Total|APAC_CF&NPO_VT_Total|Charities, foundations & non-profit organisations - Vehicle type total||APAC Capital raised|Investor Type and Vehicle Type|q14||299
q106_1_apac|CURRENCY|APAC: Funds of funds - Non-listed/ commingled real estate funds/private REITs|14_36|APAC_FundsOfFunds_NonListedFunds|APAC_FOF_NLF|Funds of funds - Non-listed fund||APAC Capital raised|Investor Type and Vehicle Type|q14||300
q106_2_apac|CURRENCY|APAC: Funds of funds - Separate accounts investing directly into real estate|14_37|APAC_FundsOfFunds_SeparateAccountsDirect|APAC_FOF_SepAccDirect|Funds of funds - Separate accounts investing directly||APAC Capital raised|Investor Type and Vehicle Type|q14||301
q106_3_apac|CURRENCY|APAC: Funds of funds - Separate accounts investing into indirect vehicles|14_38|APAC_FundsOfFunds_SeparateAccountsIndirect|APAC_FOF_SepAccIndirect|Funds of funds - Separate accounts investing indirectly||APAC Capital raised|Investor Type and Vehicle Type|q14||302
q106_4_apac|CURRENCY|APAC: Funds of funds - Joint ventures and club deals|14_39|APAC_FundsOfFunds_JVs|APAC_FOF_JVs|Funds of funds - Joint ventures and club deals||APAC Capital raised|Investor Type and Vehicle Type|q14||303
q106_5_apac|CURRENCY|APAC: Funds of funds - Funds of funds|14_40|APAC_FundsOfFunds_FundsOfFunds|APAC_FOF_FOF|Funds of funds - Funds of funds||APAC Capital raised|Investor Type and Vehicle Type|q14||304
q106_6_apac|CURRENCY|APAC: Funds of funds - Non-listed debt products|14_41|APAC_FundsOfFunds_Debt|APAC_FOF_Debt|Funds of funds - Non-listed debt products||APAC Capital raised|Investor Type and Vehicle Type|q14||305
q10ROW6_Total_apac|CURRENCY|APAC: Funds of funds - TOTAL|14_42|APAC_FundsOfFunds_VehicleType_Total|APAC_FOF_VT_Total|Funds of funds - Vehicle type total||APAC Capital raised|Investor Type and Vehicle Type|q14||306
q107_1_apac|CURRENCY|APAC: High net worth individuals /Family offices - Non-listed/ commingled real estate funds/private REITs|14_43|APAC_HighnetWorthIndividualsFamilyOffices_NonListedFunds|APAC_HNWI/FO_NLF|Hign net worth individuals/Family offices - Non-listed fund||APAC Capital raised|Investor Type and Vehicle Type|q14||307
q107_2_apac|CURRENCY|APAC: High net worth individuals /Family offices - Separate accounts investing directly into real estate|14_44|APAC_HighnetWorthIndividualsFamilyOffices_SeparateAccountsDirect|APAC_HNWI/FO_SepAccDirect|Hign net worth individuals/Family offices - Separate accounts investing directly||APAC Capital raised|Investor Type and Vehicle Type|q14||308
q107_3_apac|CURRENCY|APAC: High net worth individuals /Family offices - Separate accounts investing into indirect vehicles|14_45|APAC_HighnetWorthIndividualsFamilyOffices_SeparateAccountsIndirect|APAC_HNWI/FO_SepAccIndirect|Hign net worth individuals/Family offices - Separate accounts investing indirectly||APAC Capital raised|Investor Type and Vehicle Type|q14||309
q107_4_apac|CURRENCY|APAC: High net worth individuals /Family offices - Joint ventures and club deals|14_46|APAC_HighnetWorthIndividualsFamilyOffices_JVs|APAC_HNWI/FO_JVs|Hign net worth individuals/Family offices - Joint ventures and club deals||APAC Capital raised|Investor Type and Vehicle Type|q14||310
q107_5_apac|CURRENCY|APAC: High net worth individuals /Family offices - Funds of funds|14_47|APAC_HighnetWorthIndividualsFamilyOffices_FundsOfFunds|APAC_HNWI/FO_FOF|Hign net worth individuals/Family offices - Funds of funds||APAC Capital raised|Investor Type and Vehicle Type|q14||311
q107_6_apac|CURRENCY|APAC: High net worth individuals /Family offices - Non-listed debt products|14_48|APAC_HighnetWorthIndividualsFamilyOffices_Debt|APAC_HNWI/FO_Debt|Hign net worth individuals/Family offices - Non-listed debt products||APAC Capital raised|Investor Type and Vehicle Type|q14||312
q10ROW7_Total_apac|CURRENCY|APAC: High net worth individuals /Family offices - TOTAL|14_49|APAC_HighnetWorthIndividualsFamilyOffices_VehicleType_Total|APAC_HNWI/FO_VT_Total|Hign net worth individuals/Family offices - Vehicle type total||APAC Capital raised|Investor Type and Vehicle Type|q14||313
q10other_apac|TEXT|APAC: Other investor type (Other)|14_50|APAC_OtherInvestorTypetext|APAC_OtherITText|Other investor type||APAC Capital raised|Investor Type and Vehicle Type|q14||314
q108_1_apac|CURRENCY|APAC: Other - Non-listed/ commingled real estate funds/private REITs|14_51|APAC_OtherInvestorType_NonListedFunds|APAC_OtherIT_NLF|Other investor type - Non-listed fund||APAC Capital raised|Investor Type and Vehicle Type|q14||315
q108_2_apac|CURRENCY|APAC: Other - Separate accounts investing directly into real estate|14_52|APAC_OtherInvestorType_SeparateAccountsDirect|APAC_OtherIT_SepAccDirect|Other investor type - Separate accounts investing directly||APAC Capital raised|Investor Type and Vehicle Type|q14||316
q108_3_apac|CURRENCY|APAC: Other - Separate accounts investing into indirect vehicles|14_53|APAC_OtherInvestorType_SeparateAccountsIndirect|APAC_OtherIT_SepAccIndirect|Other investor type - Separate accounts investing indirectly||APAC Capital raised|Investor Type and Vehicle Type|q14||317
q108_4_apac|CURRENCY|APAC: Other - Joint ventures and club deals|14_54|APAC_OtherInvestorType_JVs|APAC_OtherIT_JVs|Other investor type - Joint ventures and club deals||APAC Capital raised|Investor Type and Vehicle Type|q14||318
q108_5_apac|CURRENCY|APAC: Other - Funds of funds|14_55|APAC_OtherInvestorType_FundsOfFunds|APAC_OtherIT_FOF|Other investor type - Funds of funds||APAC Capital raised|Investor Type and Vehicle Type|q14||319
q108_6_apac|CURRENCY|APAC: Other - Non-listed debt products|14_56|APAC_OtherInvestorType_Debt|APAC_OtherIT_Debt|Other investor type - Non-listed debt products||APAC Capital raised|Investor Type and Vehicle Type|q14||320
q10ROW8_Total_apac|CURRENCY|APAC: Other - TOTAL|14_57|APAC_OtherInvestorType_VehicleType_Total|APAC_OtherIT_VT_Total|Other investor type - Vehicle type total||APAC Capital raised|Investor Type and Vehicle Type|q14||321
q10COL1_Total_apac|CURRENCY|APAC TOTAL - Non-listed/ commingled real estate funds/private REITs|14_58|APAC_InvestorType_NonListedFunds_Total|APAC_IT_NLF_Total|Investor type - Non-listed fund total||APAC Capital raised|Investor Type and Vehicle Type|q14||322
q10COL2_Total_apac|CURRENCY|APAC TOTAL - Separate accounts investing directly into real estate|14_59|APAC_InvestorType_SeparateAccountsDirect_Total|APAC_IT_SepAccDirect_Total|Investor type - Separate accounts investing directly total||APAC Capital raised|Investor Type and Vehicle Type|q14||323
q10COL3_Total_apac|CURRENCY|APAC TOTAL - Separate accounts investing into indirect vehicles|14_60|APAC_InvestorType_SeparateAccountsIndirect_Total|APAC_IT_SepAccIndirect_Total|Investor type - Separate accounts investing indirectly total||APAC Capital raised|Investor Type and Vehicle Type|q14||324
q10COL4_Total_apac|CURRENCY|APAC TOTAL - Joint ventures and club deals|14_61|APAC_InvestorType_JVs_Total|APAC_IT_JVs_Total|Investor type - Joint ventures and club deals total||APAC Capital raised|Investor Type and Vehicle Type|q14||325
q10COL5_Total_apac|CURRENCY|APAC TOTAL - Funds of funds|14_62|APAC_InvestorType_FundsOfFunds_Total|APAC_IT_FOF_Total|Investor type - Funds of funds total||APAC Capital raised|Investor Type and Vehicle Type|q14||326
q10COL6_Total_apac|CURRENCY|APAC TOTAL - Non-listed debt products|14_63|APAC_InvestorType_Debt_Total|APAC_IT_Debt_Total|Investor type - Non-listed debt products total||APAC Capital raised|Investor Type and Vehicle Type|q14||327
q10GRANDTotal_apac|CURRENCY|APAC TOTAL Capital Raised in 2020 for your Asia Pacific strategy by investor type|14_64|APAC_InvestorType_VehicleType_Total|APAC_IT_VT_Total|Investor type - Vehicle type total||APAC Capital raised|Investor Type and Vehicle Type|q14||328
_apac||For your Asia Pacific strategy*, how much institutional capital did your company raise for Non-listed vehicless in 2020 by investor domicile (million)?|15|||||||q15||329
q111_1_apac|CURRENCY|APAC: Asia Pacific - Non-listed/ commingled real estate funds/private REITs|15_1|APAC_InvestorDomicileAsiaPacific_NonListedFunds|APAC_IDAPAC_NLF|Asia Pacific - Non-listed funds||APAC Capital raised|Investor Domicile and Vehicle Type|q15||330
q111_2_apac|CURRENCY|APAC: Asia Pacific - Separate accounts investing directly into real estate|15_2|APAC_InvestorDomicileAsiaPacific_SeparateAccountsDirect|APAC_IDAPAC_SepAccDirect|Asia Pacific - Separate accounts investing directly||APAC Capital raised|Investor Domicile and Vehicle Type|q15||331
q111_3_apac|CURRENCY|APAC: Asia Pacific - Separate accounts investing into indirect vehicles|15_3|APAC_InvestorDomicileAsiaPacific_SeparateAccountsIndirect|APAC_IDAPAC_SepAccIndirect|Asia Pacific - Separate accounts investing indirectly||APAC Capital raised|Investor Domicile and Vehicle Type|q15||332
q111_4_apac|CURRENCY|APAC: Asia Pacific - Joint ventures and club deals|15_4|APAC_InvestorDomicileAsiaPacific_JVs|APAC_IDAPAC_JVs|Asia Pacific - Joint ventures and club deals||APAC Capital raised|Investor Domicile and Vehicle Type|q15||333
q111_5_apac|CURRENCY|APAC: Asia Pacific - Funds of funds|15_5|APAC_InvestorDomicileAsiaPacific_FundsOfFunds|APAC_IDAPAC_FOF|Asia Pacific - Funds of funds||APAC Capital raised|Investor Domicile and Vehicle Type|q15||334
q111_6_apac|CURRENCY|APAC: Asia Pacific - Non-listed debt products|15_6|APAC_InvestorDomicileAsiaPacific_Debt|APAC_IDAPAC_Debt|Asia Pacific - Non-listed debt products||APAC Capital raised|Investor Domicile and Vehicle Type|q15||335
q11ROW1_Total_apac|CURRENCY|APAC: Asia Pacific - TOTAL|15_7|APAC_InvestorDomicileAsiaPacific_VehicleType_Total|APAC_IDAPAC_VT_Total|Asia Pacific - Vehicle type total||APAC Capital raised|Investor Domicile and Vehicle Type|q15||336
q112_1_apac|CURRENCY|APAC: Europe - Non-listed/ commingled real estate funds/private REITs|15_8|APAC_InvestorDomicileEurope_NonListedFunds|APAC_IDEUR_NLF|Europe - Non-listed funds||APAC Capital raised|Investor Domicile and Vehicle Type|q15||337
q112_2_apac|CURRENCY|APAC: Europe - Separate accounts investing directly into real estate|15_9|APAC_InvestorDomicileEurope_SeparateAccountsDirect|APAC_IDEUR_SepAccDirect|Europe - Separate accounts investing directly||APAC Capital raised|Investor Domicile and Vehicle Type|q15||338
q112_3_apac|CURRENCY|APAC: Europe - Separate accounts investing into indirect vehicles|15_10|APAC_InvestorDomicileEurope_SeparateAccountsIndirect|APAC_IDEUR_SepAccIndirect|Europe - Separate accounts investing indirectly||APAC Capital raised|Investor Domicile and Vehicle Type|q15||339
q112_4_apac|CURRENCY|APAC: Europe - Joint ventures and club deals|15_11|APAC_InvestorDomicileEurope_JVs|APAC_IDEUR_JVs|Europe - Joint ventures and club deals||APAC Capital raised|Investor Domicile and Vehicle Type|q15||340
q112_5_apac|CURRENCY|APAC: Europe - Funds of funds|15_12|APAC_InvestorDomicileEurope_FundsOfFunds|APAC_IDEUR_FOF|Europe - Funds of funds||APAC Capital raised|Investor Domicile and Vehicle Type|q15||341
q112_6_apac|CURRENCY|APAC: Europe - Non-listed debt products|15_13|APAC_InvestorDomicileEurope_Debt|APAC_IDEUR_Debt|Europe - Non-listed debt products||APAC Capital raised|Investor Domicile and Vehicle Type|q15||342
q11ROW2_Total_apac|CURRENCY|APAC: Europe - TOTAL|15_14|APAC_InvestorDomicileEurope_VehicleType_Total|APAC_IDEUR_VT_Total|Europe - Vehicle type total||APAC Capital raised|Investor Domicile and Vehicle Type|q15||343
q113_1_apac|CURRENCY|APAC: North America - Non-listed/ commingled real estate funds/private REITs|15_15|APAC_InvestorDomicileNorthAmerica_NonListedFunds|APAC_IDNA_NLF|North America - Non-listed funds||APAC Capital raised|Investor Domicile and Vehicle Type|q15||344
q113_2_apac|CURRENCY|APAC: North America - Separate accounts investing directly into real estate|15_16|APAC_InvestorDomicileNorthAmerica_SeparateAccountsDirect|APAC_IDNA_SepAccDirect|North America - Separate accounts investing directly||APAC Capital raised|Investor Domicile and Vehicle Type|q15||345
q113_3_apac|CURRENCY|APAC: North America - Separate accounts investing into indirect vehicles|15_17|APAC_InvestorDomicileNorthAmerica_SeparateAccountsIndirect|APAC_IDNA_SepAccIndirect|North America - Separate accounts investing indirectly||APAC Capital raised|Investor Domicile and Vehicle Type|q15||346
q113_4_apac|CURRENCY|APAC: North America - Joint ventures and club deals|15_18|APAC_InvestorDomicileNorthAmerica_JVs|APAC_IDNA_JVs|North America - Joint ventures and club deals||APAC Capital raised|Investor Domicile and Vehicle Type|q15||347
q113_5_apac|CURRENCY|APAC: North America - Funds of funds|15_19|APAC_InvestorDomicileNorthAmerica_FundsOfFunds|APAC_IDNA_FOF|North America - Funds of funds||APAC Capital raised|Investor Domicile and Vehicle Type|q15||348
q113_6_apac|CURRENCY|APAC: North America - Non-listed debt products|15_20|APAC_InvestorDomicileNorthAmerica_Debt|APAC_IDNA_Debt|North America - Non-listed debt products||APAC Capital raised|Investor Domicile and Vehicle Type|q15||349
q11ROW3_Total_apac|CURRENCY|APAC: North America - TOTAL|15_21|APAC_InvestorDomicileNorthAmerica_VehicleType_Total|APAC_IDNA_VT_Total|North America - Vehicle type total||APAC Capital raised|Investor Domicile and Vehicle Type|q15||350
q114_1_apac|CURRENCY|APAC: South America - Non-listed/ commingled real estate funds/private REITs|15_22|APAC_InvestorDomicileSouthAmerica_NonListedFunds|APAC_IDSA_NLF|South America - Non-listed funds||APAC Capital raised|Investor Domicile and Vehicle Type|q15||351
q114_2_apac|CURRENCY|APAC: South America - Separate accounts investing directly into real estate|15_23|APAC_InvestorDomicileSouthAmerica_SeparateAccountsDirect|APAC_IDSA_SepAccDirect|South America - Separate accounts investing directly||APAC Capital raised|Investor Domicile and Vehicle Type|q15||352
q114_3_apac|CURRENCY|APAC: South America - Separate accounts investing into indirect vehicles|15_24|APAC_InvestorDomicileSouthAmerica_SeparateAccountsIndirect|APAC_IDSA_SepAccIndirect|South America - Separate accounts investing indirectly||APAC Capital raised|Investor Domicile and Vehicle Type|q15||353
q114_4_apac|CURRENCY|APAC: South America - Joint ventures and club deals|15_25|APAC_InvestorDomicileSouthAmerica_JVs|APAC_IDSA_JVs|South America - Joint ventures and club deals||APAC Capital raised|Investor Domicile and Vehicle Type|q15||354
q114_5_apac|CURRENCY|APAC: South America - Funds of funds|15_26|APAC_InvestorDomicileSouthAmerica_FundsOfFunds|APAC_IDSA_FOF|South America - Funds of funds||APAC Capital raised|Investor Domicile and Vehicle Type|q15||355
q114_6_apac|CURRENCY|APAC: South America - Non-listed debt products|15_27|APAC_InvestorDomicileSouthAmerica_Debt|APAC_IDSA_Debt|South America - Non-listed debt products||APAC Capital raised|Investor Domicile and Vehicle Type|q15||356
q11ROW4_Total_apac|CURRENCY|APAC: South America - TOTAL|15_28|APAC_InvestorDomicileSouthAmerica_VehicleType_Total|APAC_IDSA_VT_Total|South America - Vehicle type total||APAC Capital raised|Investor Domicile and Vehicle Type|q15||357
q115_1_apac|CURRENCY|APAC: Africa - Non-listed/ commingled real estate funds/private REITs|15_29|APAC_InvestorDomicileAfrica_NonListedFunds|APAC_IDAFR_NLF|Africa - Non-listed funds||APAC Capital raised|Investor Domicile and Vehicle Type|q15||358
q115_2_apac|CURRENCY|APAC: Africa - Separate accounts investing directly into real estate|15_30|APAC_InvestorDomicileAfrica_SeparateAccountsDirect|APAC_IDAFR_SepAccDirect|Africa - Separate accounts investing directly||APAC Capital raised|Investor Domicile and Vehicle Type|q15||359
q115_3_apac|CURRENCY|APAC: Africa - Separate accounts investing into indirect vehicles|15_31|APAC_InvestorDomicileAfrica_SeparateAccountsIndirect|APAC_IDAFR_SepAccIndirect|Africa - Separate accounts investing indirectly||APAC Capital raised|Investor Domicile and Vehicle Type|q15||360
q115_4_apac|CURRENCY|APAC: Africa - Joint ventures and club deals|15_32|APAC_InvestorDomicileAfrica_JVs|APAC_IDAFR_JVs|Africa - Joint ventures and club deals||APAC Capital raised|Investor Domicile and Vehicle Type|q15||361
q115_5_apac|CURRENCY|APAC: Africa - Funds of funds|15_33|APAC_InvestorDomicileAfrica_FundsOfFunds|APAC_IDAFR_FOF|Africa - Funds of funds||APAC Capital raised|Investor Domicile and Vehicle Type|q15||362
q115_6_apac|CURRENCY|APAC: Africa - Non-listed debt products|15_34|APAC_InvestorDomicileAfrica_Debt|APAC_IDAFR_Debt|Africa - Non-listed debt products||APAC Capital raised|Investor Domicile and Vehicle Type|q15||363
q11ROW5_Total_apac|CURRENCY|APAC: Africa - TOTAL|15_35|APAC_InvestorDomicileAfrica_VehicleType_Total|APAC_IDAFR_VT_Total|Africa - Vehicle type total||APAC Capital raised|Investor Domicile and Vehicle Type|q15||364
q11COL1_Total_apac|CURRENCY|APAC: TOTAL - Non-listed/ commingled real estate funds/private REITs|15_36|APAC_InvestorDomicile_NonListedFunds_Total|APAC_ID_NLF_Total|Investor domicile total - Non-listed funds||APAC Capital raised|Investor Domicile and Vehicle Type|q15||365
q11COL2_Total_apac|CURRENCY|APAC: TOTAL - Separate accounts investing directly into real estate|15_37|APAC_InvestorDomicile_SeparateAccountsDirect_Total|APAC_ID_SepAccDirect_Total|Investor domicile total - Separate accounts investing directly||APAC Capital raised|Investor Domicile and Vehicle Type|q15||366
q11COL3_Total_apac|CURRENCY|APAC: TOTAL - Separate accounts investing into indirect vehicles|15_38|APAC_InvestorDomicile_SeparateAccountsIndirect_Total|APAC_ID_SepAccIndirect_Total|Investor domicile total - Separate accounts investing indirectly||APAC Capital raised|Investor Domicile and Vehicle Type|q15||367
q11COL4_Total_apac|CURRENCY|APAC: TOTAL - Joint ventures and club deals|15_39|APAC_InvestorDomicile_JVs_Total|APAC_ID_JVs_Total|Investor domicile total - Joint ventures and club deals||APAC Capital raised|Investor Domicile and Vehicle Type|q15||368
q11COL5_Total_apac|CURRENCY|APAC: TOTAL - Funds of funds|15_40|APAC_InvestorDomicile_FundsOfFunds_Total|APAC_ID_FOF_Total|Investor domicile total - Funds of funds||APAC Capital raised|Investor Domicile and Vehicle Type|q15||369
q11COL6_Total_apac|CURRENCY|APAC: TOTAL - Non-listed debt products|15_41|APAC_InvestorDomicile_Debt_Total|APAC_ID_Debt_Total|Investor domicile total - Non-listed debt products||APAC Capital raised|Investor Domicile and Vehicle Type|q15||370
q11GRANDTotal_apac|CURRENCY|APAC TOTAL Capital Raised in 2020 for your Asia Pacific strategy by investor domicile|15_42|APAC_InvestorDomicile_VehicleType_Total|APAC_ID_VT_Total|Investor domicile total - Vehicle type total||APAC Capital raised|Investor Domicile and Vehicle Type|q15||371
q12_apac|NUMBER|For your Asia Pacific strategy*, for which sector-strategy did your company raise institutional capital for Non-listed vehicless in 2020?|16|APAC_CapitalRaisingActivity_NonListedVehicles_MultiSectorSingleSector|APAC_CRact_NLV_MSSS|Non-listed vehicles - Multi sector single sector||APAC Capital raised|Targeted sector|q16||372
_apac||For your Asia Pacific strategy*, how much institutional capital did your company raise for Non-listed vehicless in 2020 by targeted multi-sector (million)?|17|||||||q17||373
q131_1_apac|CURRENCY|APAC: Main sectors - Non-listed/ commingled real estate funds/private REITs|17_1|APAC_NonListedFunds_MultiSectorMainSectors|APAC_NLF_MSMS|Non-listed funds - Multi sector main sectors||APAC Capital raised|Vehicle Type and Targeted Multi Sector|q17||374
q131_2_apac|CURRENCY|APAC: Main sectors - Separate accounts investing directly into real estate|17_2|APAC_SeparateAccountsDirect_MultiSectorMainSectors|APAC_SepAccDirect_MSMS|Separate accounts investing directly - Multi sector main sectors||APAC Capital raised|Vehicle Type and Targeted Multi Sector|q17||375
q131_3_apac|CURRENCY|APAC: Main sectors - Separate accounts investing into indirect vehicles|17_3|APAC_SeparateAccountsIndirect_MultiSectorMainSectors|APAC_SepAccIndirect_MSMS|Separate accounts investing indirectly - Multi sector main sectors||APAC Capital raised|Vehicle Type and Targeted Multi Sector|q17||376
q131_4_apac|CURRENCY|APAC: Main sectors - Joint ventures and club deals|17_4|APAC_JVs_MultiSectorMainSectors|APAC_JVs_MSMS|Joint ventures and club deals - Multi sector main sectors||APAC Capital raised|Vehicle Type and Targeted Multi Sector|q17||377
q131_5_apac|CURRENCY|APAC: Main sectors - Funds of funds|17_5|APAC_FundsOfFunds_MultiSectorMainSectors|APAC_FOF_MSMS|Funds of funds - Multi sector main sectors||APAC Capital raised|Vehicle Type and Targeted Multi Sector|q17||378
q131_6_apac|CURRENCY|APAC: Main sectors - Non-listed debt products|17_6|APAC_Debt_MultiSectorMainSectors|APAC_Debt_MSMS|Non-listed debt products - Multi sector main sectors||APAC Capital raised|Vehicle Type and Targeted Multi Sector|q17||379
q13ROW1_Total_apac|CURRENCY|APAC: TOTAL - Main sectors |17_7|APAC_NonListedVehicles_MultiSectorMainSectors_Total|APAC_NLV_MSMS_Total|Non-listed vehicles total - Multi sector main sectors||APAC Capital raised|Vehicle Type and Targeted Multi Sector|q17||380
q132_1_apac|CURRENCY|APAC:  Alternative sectors - Non-listed/ commingled real estate funds/private REITs|17_8|APAC_NonListedFunds_MultiSectorAlternativeSectors|APAC_NLF_MSAS|Non-listed funds - Multi sector alternative sectors||APAC Capital raised|Vehicle Type and Targeted Multi Sector|q17||381
q132_2_apac|CURRENCY|APAC:  Alternative sectors - Separate accounts investing directly into real estate|17_9|APAC_SeparateAccountsDirect_MultiSectorAlternativeSectors|APAC_SepAccDirect_MSAS|Separate accounts investing directly - Multi sector alternative sectors||APAC Capital raised|Vehicle Type and Targeted Multi Sector|q17||382
q132_3_apac|CURRENCY|APAC:  Alternative sectors - Separate accounts investing into indirect vehicles|17_10|APAC_SeparateAccountsIndirect_MultiSectorAlternativeSectors|APAC_SepAccIndirect_MSAS|Separate accounts investing indirectly - Multi sector alternative sectors||APAC Capital raised|Vehicle Type and Targeted Multi Sector|q17||383
q132_4_apac|CURRENCY|APAC:  Alternative sectors - Joint ventures and club deals|17_11|APAC_JVs_MultiSectorAlternativeSectors|APAC_JVs_MSAS|Joint ventures and club deals - Multi sector alternative sectors||APAC Capital raised|Vehicle Type and Targeted Multi Sector|q17||384
q132_5_apac|CURRENCY|APAC:  Alternative sectors - Funds of funds|17_12|APAC_FundsOfFunds_MultiSectorAlternativeSectors|APAC_FOF_MSAS|Funds of funds - Multi sector alternative sectors||APAC Capital raised|Vehicle Type and Targeted Multi Sector|q17||385
q132_6_apac|CURRENCY|APAC:  Alternative sectors - Non-listed debt products|17_13|APAC_Debt_MultiSectorAlternativeSectors|APAC_Debt_MSAS|Non-listed debt products - Multi sector alternative sectors||APAC Capital raised|Vehicle Type and Targeted Multi Sector|q17||386
q13ROW2_Total_apac|CURRENCY|APAC:  TOTAL - Alternative sectors|17_14|APAC_NonListedVehicles_MultiSectorAlternativeSectors_Total|APAC_NLV_MSAS_Total|Non-listed vehicles total - Multi sector alternative sectors||APAC Capital raised|Vehicle Type and Targeted Multi Sector|q17||387
q13COL1_Total_apac|CURRENCY|APAC: TOTAL - Non-listed/ commingled real estate funds/private REITs|17_15|APAC_NonListedFunds_MultiSector_Total|APAC_NLF_MS_Total|Non-listed funds - Multi sector||APAC Capital raised|Vehicle Type and Targeted Multi Sector|q17||388
q13COL2_Total_apac|CURRENCY|APAC: TOTAL - Separate accounts investing directly into real estate|17_16|APAC_SeparateAccountsDirect_MultiSector_Total|APAC_SepAccDirect_MS_Total|Separate accounts investing directly - Multi sector||APAC Capital raised|Vehicle Type and Targeted Multi Sector|q17||389
q13COL3_Total_apac|CURRENCY|APAC: TOTAL - Separate accounts investing into indirect vehicles|17_17|APAC_SeparateAccountsIndirect_MultiSector_Total|APAC_SepAccIndirect_MS_Total|Separate accounts investing indirectly - Multi sector||APAC Capital raised|Vehicle Type and Targeted Multi Sector|q17||390
q13COL4_Total_apac|CURRENCY|APAC: TOTAL - Joint ventures and club deals|17_18|APAC_JVs_MultiSector_Total|APAC_JVs_MS_Total|Joint ventures and club deals - Multi sector||APAC Capital raised|Vehicle Type and Targeted Multi Sector|q17||391
q13COL5_Total_apac|CURRENCY|APAC: TOTAL - Funds of funds|17_19|APAC_FundsOfFunds_MultiSector_Total|APAC_FOF_MS_Total|Funds of funds - Multi sector||APAC Capital raised|Vehicle Type and Targeted Multi Sector|q17||392
q13COL6_Total_apac|CURRENCY|APAC: TOTAL - Non-listed debt products|17_20|APAC_Debt_MultiSector_Total|APAC_Debt_MS_Total|Non-listed debt products - Multi sector||APAC Capital raised|Vehicle Type and Targeted Multi Sector|q17||393
q13GRANDTotal_apac|CURRENCY|APAC TOTAL Raised by targeted multi-sector|17_21|APAC_NonListedVehicles_MultiSector_Total|APAC_NLV_MS_Total|Non-listed vehicles total - Multi sector||APAC Capital raised|Vehicle Type and Targeted Multi Sector|q17||394
_apac||For your Asia Pacific strategy*, how much institutional capital did your company raise for Non-listed vehicless in 2020 by targeted sector (million)?|18|||||||q18||395
q141_1_apac|CURRENCY|APAC: Office - Non-listed/ commingled real estate funds/private REITs|18_1|APAC_NonListedFunds_SingleSectorOffice|APAC_NLF_SSOffice|Non-listed funds - Single sector office||APAC Capital raised|Vehicle Type and Targeted Single Sector|q18||396
q141_2_apac|CURRENCY|APAC: Office - Separate accounts investing directly into real estate|18_2|APAC_SeparateAccountsDirect_SingleSectorOffice|APAC_SepAccDirect_SSOffice|Separate accounts investing directly - Single sector office||APAC Capital raised|Vehicle Type and Targeted Single Sector|q18||397
q141_3_apac|CURRENCY|APAC: Office - Separate accounts investing into indirect vehicles|18_3|APAC_SeparateAccountsIndirect_SingleSectorOffice|APAC_SepAccIndirect_SSOffice|Separate accounts investing indirectly - Single sector office||APAC Capital raised|Vehicle Type and Targeted Single Sector|q18||398
q141_4_apac|CURRENCY|APAC: Office - Joint ventures and club deals|18_4|APAC_JVs_SingleSectorOffice|APAC_JVs_SSOffice|Joint ventures and club deals - Single sector office||APAC Capital raised|Vehicle Type and Targeted Single Sector|q18||399
q141_5_apac|CURRENCY|APAC: Office - Funds of funds|18_5|APAC_FundsOfFunds_SingleSectorOffice|APAC_FOF_SSOffice|Funds of funds - Single sector office||APAC Capital raised|Vehicle Type and Targeted Single Sector|q18||400
q141_6_apac|CURRENCY|APAC: Office - Non-listed debt products|18_6|APAC_Debt_SingleSectorOffice|APAC_Debt_SSOffice|Non-listed debt products - Single sector office||APAC Capital raised|Vehicle Type and Targeted Single Sector|q18||401
q14ROW1_Total_apac|CURRENCY|APAC: TOTAL Office|18_7|APAC_NonListedVehicles_SingleSectorOffice_Total|APAC_NLV_SSOffice_Total|Non-listed vehicles total - Single sector office||APAC Capital raised|Vehicle Type and Targeted Single Sector|q18||402
q142_1_apac|CURRENCY|APAC: Retail - Non-listed/ commingled real estate funds/private REITs|18_8|APAC_NonListedFunds_SingleSectorRetail|APAC_NLF_SSRetail|Non-listed funds - Single sector retail||APAC Capital raised|Vehicle Type and Targeted Single Sector|q18||403
q142_2_apac|CURRENCY|APAC: Retail - Separate accounts investing directly into real estate|18_9|APAC_SeparateAccountsDirect_SingleSectorRetail|APAC_SepAccDirect_SSRetail|Separate accounts investing directly - Single sector retail||APAC Capital raised|Vehicle Type and Targeted Single Sector|q18||404
q142_3_apac|CURRENCY|APAC: Retail - Separate accounts investing into indirect vehicles|18_10|APAC_SeparateAccountsIndirect_SingleSectorRetail|APAC_SepAccIndirect_SSRetail|Separate accounts investing indirectly - Single sector retail||APAC Capital raised|Vehicle Type and Targeted Single Sector|q18||405
q142_4_apac|CURRENCY|APAC: Retail - Joint ventures and club deals|18_11|APAC_JVs_SingleSectorRetail|APAC_JVs_SSRetail|Joint ventures and club deals - Single sector retail||APAC Capital raised|Vehicle Type and Targeted Single Sector|q18||406
q142_5_apac|CURRENCY|APAC: Retail - Funds of funds|18_12|APAC_FundsOfFunds_SingleSectorRetail|APAC_FOF_SSRetail|Funds of funds - Single sector retail||APAC Capital raised|Vehicle Type and Targeted Single Sector|q18||407
q142_6_apac|CURRENCY|Non-listed debt products|18_13|APAC_Debt_SingleSectorRetail|APAC_Debt_SSRetail|Non-listed debt products - Single sector retail||APAC Capital raised|Vehicle Type and Targeted Single Sector|q18||408
q14ROW2_Total_apac|CURRENCY|APAC: TOTAL Retail|18_14|APAC_NonListedVehicles_SingleSectorRetail_Total|APAC_NLV_SSRetail_Total|Non-listed vehicles total - Single sector retail||APAC Capital raised|Vehicle Type and Targeted Single Sector|q18||409
q143_1_apac|CURRENCY|APAC: Industrial / logistics - Non-listed/ commingled real estate funds/private REITs|18_15|APAC_NonListedFunds_SingleSectorIndustrial/Logistics|APAC_NLF_SSInd/Log|Non-listed funds - Single sector industrial/logistics||APAC Capital raised|Vehicle Type and Targeted Single Sector|q18||410
q143_2_apac|CURRENCY|APAC: Industrial / logistics - Separate accounts investing directly into real estate|18_16|APAC_SeparateAccountsDirect_SingleSectorIndustrial/Logistics|APAC_SepAccDirect_SSInd/Log|Separate accounts investing directly - Single sector industrial/logistics||APAC Capital raised|Vehicle Type and Targeted Single Sector|q18||411
q143_3_apac|CURRENCY|APAC: Industrial / logistics - Separate accounts investing into indirect vehicles|18_17|APAC_SeparateAccountsIndirect_SingleSectorIndustrial/Logistics|APAC_SepAccIndirect_SSInd/Log|Separate accounts investing indirectly - Single sector industrial/logistics||APAC Capital raised|Vehicle Type and Targeted Single Sector|q18||412
q143_4_apac|CURRENCY|APAC: Industrial / logistics - Joint ventures and club deals|18_18|APAC_JVs_SingleSectorIndustrial/Logistics|APAC_JVs_SSInd/Log|Joint ventures and club deals - Single sector industrial/logistics||APAC Capital raised|Vehicle Type and Targeted Single Sector|q18||413
q143_5_apac|CURRENCY|APAC: Industrial / logistics - Funds of funds|18_19|APAC_FundsOfFunds_SingleSectorIndustrial/Logistics|APAC_FOF_SSInd/Log|Funds of funds - Single sector industrial/logistics||APAC Capital raised|Vehicle Type and Targeted Single Sector|q18||414
q143_6_apac|CURRENCY|APAC: Industrial / logistics - Non-listed debt products|18_20|APAC_Debt_SingleSectorIndustrial/Logistics|APAC_Debt_SSInd/Log|Non-listed debt products - Single sector industrial/logistics||APAC Capital raised|Vehicle Type and Targeted Single Sector|q18||415
q14ROW3_Total_apac|CURRENCY|APAC: TOTAL Industrial / logistics|18_21|APAC_NonListedVehicles_SingleSectorIndustrial/Logistics_Total|APAC_NLV_SSInd/Log_Total|Non-listed vehicles total - Single sector industrial/logistics||APAC Capital raised|Vehicle Type and Targeted Single Sector|q18||416
q144_1_apac|CURRENCY|APAC: Residential / multi-family/apartments - Non-listed/ commingled real estate funds/private REITs|18_22|APAC_NonListedFunds_SingleSectorResidential/Multifamily/Apartments|APAC_NLF_SSResidential|Non-listed funds - Single sector residential/multifamily/ apartment||APAC Capital raised|Vehicle Type and Targeted Single Sector|q18||417
q144_2_apac|CURRENCY|APAC: Residential / multi-family/apartments - Separate accounts investing directly into real estate|18_23|APAC_SeparateAccountsDirect_SingleSectorResidential/Multifamily/Apartments|APAC_SepAccDirect_SSResidential|Separate accounts investing directly - Single sector residential/multifamily/ apartment||APAC Capital raised|Vehicle Type and Targeted Single Sector|q18||418
q144_3_apac|CURRENCY|APAC: Residential / multi-family/apartments - Separate accounts investing into indirect vehicles|18_24|APAC_SeparateAccountsIndirect_SingleSectorResidential/Multifamily/Apartments|APAC_SepAccIndirect_SSResidential|Separate accounts investing indirectly - Single sector residential/multifamily/ apartment||APAC Capital raised|Vehicle Type and Targeted Single Sector|q18||419
q144_4_apac|CURRENCY|APAC: Residential / multi-family/apartments - Joint ventures and club deals|18_25|APAC_JVs_SingleSectorResidential/Multifamily/Apartments|APAC_JVs_SSResidential|Joint ventures and club deals - Single sector residential/multifamily/ apartment||APAC Capital raised|Vehicle Type and Targeted Single Sector|q18||420
q144_5_apac|CURRENCY|APAC: Residential / multi-family/apartments - Funds of funds|18_26|APAC_FundsOfFunds_SingleSectorResidential/Multifamily/Apartments|APAC_FOF_SSResidential|Funds of funds - Single sector residential/multifamily/ apartment||APAC Capital raised|Vehicle Type and Targeted Single Sector|q18||421
q144_6_apac|CURRENCY|APAC: Residential / multi-family/apartments - Non-listed debt products|18_27|APAC_Debt_SingleSectorResidential/Multifamily/Apartments|APAC_Debt_SSResidential|Non-listed debt products - Single sector residential/multifamily/ apartment||APAC Capital raised|Vehicle Type and Targeted Single Sector|q18||422
q14ROW4_Total_apac|CURRENCY|APAC: TOTAL Residential / multi-family/apartments|18_28|APAC_NonListedVehicles_SingleSectorResidential/Multifamily/Apartments_Total|APAC_NLV_SSResidential_Total|Non-listed vehicles total - Single sector residential/multifamily/ apartment||APAC Capital raised|Vehicle Type and Targeted Single Sector|q18||423
q145_1_apac|CURRENCY|APAC: Student housing - Non-listed/ commingled real estate funds/private REITs|18_29|APAC_NonListedFunds_SingleSectorStudentHousing|APAC_NLF_SSStudHou|Non-listed funds - Single sector student housing||APAC Capital raised|Vehicle Type and Targeted Single Sector|q18||424
q145_2_apac|CURRENCY|APAC: Student housing - Separate accounts investing directly into real estate|18_30|APAC_SeparateAccountsDirect_SingleSectorStudentHousing|APAC_SepAccDirect_SSStudHou|Separate accounts investing directly - Single sector student housing||APAC Capital raised|Vehicle Type and Targeted Single Sector|q18||425
q145_3_apac|CURRENCY|APAC: Student housing - Separate accounts investing into indirect vehicles|18_31|APAC_SeparateAccountsIndirect_SingleSectorStudentHousing|APAC_SepAccIndirect_SSStudHou|Separate accounts investing indirectly - Single sector student housing||APAC Capital raised|Vehicle Type and Targeted Single Sector|q18||426
q145_4_apac|CURRENCY|APAC: Student housing - Joint ventures and club deals|18_32|APAC_JVs_SingleSectorStudentHousing|APAC_JVs_SSStudHou|Joint ventures and club deals - Single sector student housing||APAC Capital raised|Vehicle Type and Targeted Single Sector|q18||427
q145_5_apac|CURRENCY|APAC: Student housing - Funds of funds|18_33|APAC_FundsOfFunds_SingleSectorStudentHousing|APAC_FOF_SSStudHou|Funds of funds - Single sector student housing||APAC Capital raised|Vehicle Type and Targeted Single Sector|q18||428
q145_6_apac|CURRENCY|APAC: Student housing - Non-listed debt products|18_34|APAC_Debt_SingleSectorStudentHousing|APAC_Debt_SSStudHou|Non-listed debt products - Single sector student housing||APAC Capital raised|Vehicle Type and Targeted Single Sector|q18||429
q14ROW5_Total_apac|CURRENCY|APAC: TOTAL Student housing |18_35|APAC_NonListedVehicles_SingleSectorStudentHousing_Total|APAC_NLV_SSStudHou_Total|Non-listed vehicles total - Single sector student housing||APAC Capital raised|Vehicle Type and Targeted Single Sector|q18||430
q146_1_apac|CURRENCY|APAC: Senior living / aged care / health care - Non-listed/ commingled real estate funds/private REITs|18_36|APAC_NonListedFunds_SingleSectorSeniorLiving/Agedcare/Healthcare|APAC_NLF_SSSenLiving|Non-listed funds - Single sector senior living/ aged care/ healthcare||APAC Capital raised|Vehicle Type and Targeted Single Sector|q18||431
q146_2_apac|CURRENCY|APAC: Senior living / aged care / health care - Separate accounts investing directly into real estate|18_37|APAC_SeparateAccountsDirect_SingleSectorSeniorLiving/Agedcare/Healthcare|APAC_SepAccDirect_SSSenLiving|Separate accounts investing directly - Single sector senior living/ aged care/ healthcare||APAC Capital raised|Vehicle Type and Targeted Single Sector|q18||432
q146_3_apac|CURRENCY|APAC: Senior living / aged care / health care - Separate accounts investing into indirect vehicles|18_38|APAC_SeparateAccountsIndirect_SingleSectorSeniorLiving/Agedcare/Healthcare|APAC_SepAccIndirect_SSSenLiving|Separate accounts investing indirectly - Single sector senior living/ aged care/ healthcare||APAC Capital raised|Vehicle Type and Targeted Single Sector|q18||433
q146_4_apac|CURRENCY|APAC: Senior living / aged care / health care - Joint ventures and club deals|18_39|APAC_JVs_SingleSectorSeniorLiving/Agedcare/Healthcare|APAC_JVs_SSSenLiving|Joint ventures and club deals - Single sector senior living/ aged care/ healthcare||APAC Capital raised|Vehicle Type and Targeted Single Sector|q18||434
q146_5_apac|CURRENCY|APAC: Senior living / aged care / health care - Funds of funds|18_40|APAC_FundsOfFunds_SingleSectorSeniorLiving/Agedcare/Healthcare|APAC_FOF_SSSenLiving|Funds of funds - Single sector senior living/ aged care/ healthcare||APAC Capital raised|Vehicle Type and Targeted Single Sector|q18||435
q146_6_apac|CURRENCY|APAC: Senior living / aged care / health care - Non-listed debt products|18_41|APAC_Debt_SingleSectorSeniorLiving/Agedcare/Healthcare|APAC_Debt_SSSenLiving|Non-listed debt products - Single sector senior living/ aged care/ healthcare||APAC Capital raised|Vehicle Type and Targeted Single Sector|q18||436
q14ROW6_Total_apac|CURRENCY|APAC: TOTAL Senior living / aged care / health care|18_42|APAC_NonListedVehicles_SingleSectorSeniorLiving/Agedcare/Healthcare_Total|APAC_NLV_SSSenLiving_Total|Non-listed vehicles total - Single sector senior living/ aged care/ healthcare||APAC Capital raised|Vehicle Type and Targeted Single Sector|q18||437
q147_1_apac|CURRENCY|APAC: Hotel / leisure - Non-listed/ commingled real estate funds/private REITs|18_43|APAC_NonListedFunds_SingleSectorHotel/Leisure|APAC_NLF_SSHot/Lei|Non-listed funds - Single sector hotel/ leisure||APAC Capital raised|Vehicle Type and Targeted Single Sector|q18||438
q147_2_apac|CURRENCY|APAC: Hotel / leisure - Separate accounts investing directly into real estate|18_44|APAC_SeparateAccountsDirect_SingleSectorHotel/Leisure|APAC_SepAccDirect_SSHot/Lei|Separate accounts investing directly - Single sector hotel/ leisure||APAC Capital raised|Vehicle Type and Targeted Single Sector|q18||439
q147_3_apac|CURRENCY|APAC: Hotel / leisure - Separate accounts investing into indirect vehicles|18_45|APAC_SeparateAccountsIndirect_SingleSectorHotel/Leisure|APAC_SepAccIndirect_SSHot/Lei|Separate accounts investing indirectly - Single sector hotel/ leisure||APAC Capital raised|Vehicle Type and Targeted Single Sector|q18||440
q147_4_apac|CURRENCY|APAC: Hotel / leisure - Joint ventures and club deals|18_46|APAC_JVs_SingleSectorHotel/Leisure|APAC_JVs_SSHot/Lei|Joint ventures and club deals - Single sector hotel/ leisure||APAC Capital raised|Vehicle Type and Targeted Single Sector|q18||441
q147_5_apac|CURRENCY|APAC: Hotel / leisure - Funds of funds|18_47|APAC_FundsOfFunds_SingleSectorHotel/Leisure|APAC_FOF_SSHot/Lei|Funds of funds - Single sector hotel/ leisure||APAC Capital raised|Vehicle Type and Targeted Single Sector|q18||442
q147_6_apac|CURRENCY|APAC: Hotel / leisure - Non-listed debt products|18_48|APAC_Debt_SingleSectorHotel/Leisure|APAC_Debt_SSHot/Lei|Non-listed debt products - Single sector hotel/ leisure||APAC Capital raised|Vehicle Type and Targeted Single Sector|q18||443
q14ROW7_Total_apac|CURRENCY|APAC: TOTAL Hotel / leisure|18_49|APAC_NonListedVehicles_SingleSectorHotel/Leisure_Total|APAC_NLV_SSHot/Lei_Total|Non-listed vehicles total - Single sector hotel/ leisure||APAC Capital raised|Vehicle Type and Targeted Single Sector|q18||444
q148_1_apac|CURRENCY|APAC: Other (incl land, parking, self storage) - Non-listed/ commingled real estate funds/private REITs|18_50|APAC_NonListedFunds_SingleSectorOther|APAC_NLF_SSOther|Non-listed funds - Single sector other||APAC Capital raised|Vehicle Type and Targeted Single Sector|q18||445
q148_2_apac|CURRENCY|APAC: Other (incl land, parking, self storage) - Separate accounts investing directly into real estate|18_51|APAC_SeparateAccountsDirect_SingleSectorOther|APAC_SepAccDirect_SSOther|Separate accounts investing directly - Single sector other||APAC Capital raised|Vehicle Type and Targeted Single Sector|q18||446
q148_3_apac|CURRENCY|APAC: Other (incl land, parking, self storage) - Separate accounts investing into indirect vehicles|18_52|APAC_SeparateAccountsIndirect_SingleSectorOther|APAC_SepAccIndirect_SSOther|Separate accounts investing indirectly - Single sector other||APAC Capital raised|Vehicle Type and Targeted Single Sector|q18||447
q148_4_apac|CURRENCY|APAC: Other (incl land, parking, self storage) - Joint ventures and club deals|18_53|APAC_JVs_SingleSectorOther|APAC_JVs_SSOther|Joint ventures and club deals - Single sector other||APAC Capital raised|Vehicle Type and Targeted Single Sector|q18||448
q148_5_apac|CURRENCY|APAC: Other (incl land, parking, self storage) - Funds of funds|18_54|APAC_FundsOfFunds_SingleSectorOther|APAC_FOF_SSOther|Funds of funds - Single sector other||APAC Capital raised|Vehicle Type and Targeted Single Sector|q18||449
q148_6_apac|CURRENCY|APAC: Other (incl land, parking, self storage) - Non-listed debt products|18_55|APAC_Debt_SingleSectorOther|APAC_Debt_SSOther|Non-listed debt products - Single sector other||APAC Capital raised|Vehicle Type and Targeted Single Sector|q18||450
q14ROW8_Total_apac|CURRENCY|APAC: TOTAL Other (incl land, parking, self storage)|18_56|APAC_NonListedVehicles_SingleSectorOther_Total|APAC_NLV_SSOther_Total|Non-listed vehicles total - Single sector other||APAC Capital raised|Vehicle Type and Targeted Single Sector|q18||451
q14COL1_Total_apac|CURRENCY|APAC: TOTAL Non-listed/ commingled real estate funds/private REITs|18_57|APAC_NonListedFunds_SingleSector_Total|APAC_NLF_SS_Total|Non-listed funds - Targeted sector total||APAC Capital raised|Vehicle Type and Targeted Single Sector|q18||452
q14COL2_Total_apac|CURRENCY|APAC: TOTAL Separate accounts investing directly into real estate|18_58|APAC_SeparateAccountsDirect_SingleSector_Total|APAC_SepAccDirect_SS_Total|Separate accounts investing directly - Targeted sector total||APAC Capital raised|Vehicle Type and Targeted Single Sector|q18||453
q14COL3_Total_apac|CURRENCY|APAC: TOTAL Separate accounts investing into indirect vehicles|18_59|APAC_SeparateAccountsIndirect_SingleSector_Total|APAC_SepAccIndirect_SS_Total|Separate accounts investing indirectly - Targeted sector total||APAC Capital raised|Vehicle Type and Targeted Single Sector|q18||454
q14COL4_Total_apac|CURRENCY|APAC: TOTAL Joint ventures and club deals|18_60|APAC_JVs_SingleSector_Total|APAC_JVs_SS_Total|Joint ventures and club deals - Targeted sector total||APAC Capital raised|Vehicle Type and Targeted Single Sector|q18||455
q14COL5_Total_apac|CURRENCY|APAC: TOTAL Funds of funds|18_61|APAC_FundsOfFunds_SingleSector_Total|APAC_FOF_SS_Total|Funds of funds - Targeted sector total||APAC Capital raised|Vehicle Type and Targeted Single Sector|q18||456
q14COL6_Total_apac|CURRENCY|APAC: TOTAL Non-listed debt products|18_62|APAC_Debt_SingleSector_Total|APAC_Debt_SS_Total|Non-listed debt products - Targeted sector total||APAC Capital raised|Vehicle Type and Targeted Single Sector|q18||457
q14GRANDTotal_apac|CURRENCY|APAC: TOTAL Raised by targeted sector|18_63|APAC_NonListedVehicles_SingleSector_Total|APAC_NLV_SS_Total|Non-listed vehicles total - Targeted sector total||APAC Capital raised|Vehicle Type and Targeted Single Sector|q18||458
qBothStrategyGRANDTotal_apac|CURRENCY|Total Capital Raised in 2020 for your Asia Pacific strategy (Shown only when BOTH strategies selected in q12)|18_64|APAC_NonListedVehicles_MultiSectorSingleSector_Total|APAC_NLV_MSSS_Total|Non-listed vehicles - Multi sector single sector total||APAC Capital raised|Vehicle Type and Targeted Single Sector|q18||459
_apac||For your Asia Pacific strategy*, how much institutional capital did your company raise for Non-listed vehicles in 2020 by investment style (million)? |19|||||||q19||460
q151_1_apac|CURRENCY|APAC: Core / Senior debt - Non-listed/ commingled real estate funds/private REITs|19_1|APAC_NonListedFunds_Core/SeniorDebt|APAC_NLF_Core|Non-listed funds - Core/ senior debt||APAC Capital raised|Vehicle Type and Investment Style|q19||461
q151_2_apac|CURRENCY|APAC: Core / Senior debt - Separate accounts investing directly into real estate|19_2|APAC_SeparateAccountsDirect_Core/SeniorDebt|APAC_SepAccDirect_Core|Separate accounts investing directly - Core/ senior debt||APAC Capital raised|Vehicle Type and Investment Style|q19||462
q151_3_apac|CURRENCY|APAC: Core / Senior debt - Separate accounts investing into indirect vehicles|19_3|APAC_SeparateAccountsIndirect_Core/SeniorDebt|APAC_SepAccIndirect_Core|Separate accounts investing indirectly - Core/ senior debt||APAC Capital raised|Vehicle Type and Investment Style|q19||463
q151_4_apac|CURRENCY|APAC: Core / Senior debt - Joint ventures and club deals|19_4|APAC_JVs_Core/SeniorDebt|APAC_JVs_Core|Joint ventures and club deals - Core/ senior debt||APAC Capital raised|Vehicle Type and Investment Style|q19||464
q151_5_apac|CURRENCY|APAC: Core / Senior debt - Funds of funds|19_5|APAC_FundsOfFunds_Core/SeniorDebt|APAC_FOF_Core|Funds of funds - Core/ senior debt||APAC Capital raised|Vehicle Type and Investment Style|q19||465
q151_6_apac|CURRENCY|APAC: Core / Senior debt - Non-listed debt products|19_6|APAC_Debt_Core/SeniorDebt|APAC_Debt_Core|Non-listed debt products - Core/ senior debt||APAC Capital raised|Vehicle Type and Investment Style|q19||466
q15ROW1_Total_apac|CURRENCY|APAC: TOTAL Core / Senior debt|19_7|APAC_NonListedVehicles_Core/SeniorDebt_Total|APAC_NLV_Core_Total|Non-listed vehicles total - Value added/ junior and subordinated debt ||APAC Capital raised|Vehicle Type and Investment Style|q19||467
q152_1_apac|CURRENCY|APAC: Value added / Junior and other subordinated debt - Non-listed/ commingled real estate funds/private REITs|19_8|APAC_NonListedFunds_ValueAdded/JuniorAndSubordinatedDebt|APAC_NLF_ValAdd|Non-listed funds - Value added/ junior and subordinated debt ||APAC Capital raised|Vehicle Type and Investment Style|q19||468
q152_2_apac|CURRENCY|APAC: Value added / Junior and other subordinated debt - Separate accounts investing directly into real estate|19_9|APAC_SeparateAccountsDirect_ValueAdded/JuniorAndSubordinatedDebt|APAC_SepAccDirect_ValAdd|Separate accounts investing directly - Value added/ junior and subordinated debt ||APAC Capital raised|Vehicle Type and Investment Style|q19||469
q152_3_apac|CURRENCY|APAC: Value added / Junior and other subordinated debt - Separate accounts investing into indirect vehicles|19_10|APAC_SeparateAccountsIndirect_ValueAdded/JuniorAndSubordinatedDebt|APAC_SepAccIndirect_ValAdd|Separate accounts investing indirectly - Value added/ junior and subordinated debt ||APAC Capital raised|Vehicle Type and Investment Style|q19||470
q152_4_apac|CURRENCY|APAC: Value added / Junior and other subordinated debt - Joint ventures and club deals|19_11|APAC_JVs_ValueAdded/JuniorAndSubordinatedDebt|APAC_JVs_ValAdd|Joint ventures and club deals - Value added/ junior and subordinated debt ||APAC Capital raised|Vehicle Type and Investment Style|q19||471
q152_5_apac|CURRENCY|APAC: Value added / Junior and other subordinated debt - Funds of funds|19_12|APAC_FundsOfFunds_ValueAdded/JuniorAndSubordinatedDebt|APAC_FOF_ValAdd|Funds of funds - Value added/ junior and subordinated debt ||APAC Capital raised|Vehicle Type and Investment Style|q19||472
q152_6_apac|CURRENCY|APAC: Value added / Junior and other subordinated debt - Non-listed debt products|19_13|APAC_Debt_ValueAdded/JuniorAndSubordinatedDebt|APAC_Debt_ValAdd|Non-listed debt products - Value added/ junior and subordinated debt ||APAC Capital raised|Vehicle Type and Investment Style|q19||473
q15ROW2_Total_apac|CURRENCY|APAC: TOTAL Value added / Junior and other subordinated debt|19_14|APAC_NonListedVehicles_ValueAdded/JuniorAndSubordinatedDebt_Total|APAC_NLV_ValAdd_Total|Non-listed vehicles total - Value added/ junior and subordinated debt ||APAC Capital raised|Vehicle Type and Investment Style|q19||474
q153_1_apac|CURRENCY|APAC: Opportunistic / Mezzanine debt - Non-listed/ commingled real estate funds/private REITs|19_15|APAC_NonListedFunds_Opportunistic/MezzanineDebt|APAC_NLF_Opp|Non-listed funds - Opportunistic/ mezzanine debt||APAC Capital raised|Vehicle Type and Investment Style|q19||475
q153_2_apac|CURRENCY|APAC: Opportunistic / Mezzanine debt - Separate accounts investing directly into real estate|19_16|APAC_SeparateAccountsDirect_Opportunistic/MezzanineDebt|APAC_SepAccDirect_Opp|Separate accounts investing directly - Opportunistic/ mezzanine debt||APAC Capital raised|Vehicle Type and Investment Style|q19||476
q153_3_apac|CURRENCY|APAC: Opportunistic / Mezzanine debt - Separate accounts investing into indirect vehicles|19_17|APAC_SeparateAccountsIndirect_Opportunistic/MezzanineDebt|APAC_SepAccIndirect_Opp|Separate accounts investing indirectly - Opportunistic/ mezzanine debt||APAC Capital raised|Vehicle Type and Investment Style|q19||477
q153_4_apac|CURRENCY|APAC: Opportunistic / Mezzanine debt - Joint ventures and club deals|19_18|APAC_JVs_Opportunistic/MezzanineDebt|APAC_JVs_Opp|Joint ventures and club deals - Opportunistic/ mezzanine debt||APAC Capital raised|Vehicle Type and Investment Style|q19||478
q153_5_apac|CURRENCY|APAC: Opportunistic / Mezzanine debt - Funds of funds|19_19|APAC_FundsOfFunds_Opportunistic/MezzanineDebt|APAC_FOF_Opp|Funds of funds - Opportunistic/ mezzanine debt||APAC Capital raised|Vehicle Type and Investment Style|q19||479
q153_6_apac|CURRENCY|APAC: Opportunistic / Mezzanine debt - Non-listed debt products|19_20|APAC_Debt_Opportunistic/MezzanineDebt|APAC_Debt_Opp|Non-listed debt products - Opportunistic/ mezzanine debt||APAC Capital raised|Vehicle Type and Investment Style|q19||480
q15ROW3_Total_apac|CURRENCY|APAC: TOTAL Opportunistic / Mezzanine debt|19_21|APAC_NonListedVehicles_Opportunistic/MezzanineDebt_Total|APAC_NLV_Opp_Total|Non-listed vehicles total - Opportunistic/ mezzanine debt||APAC Capital raised|Vehicle Type and Investment Style|q19||481
q154_1_apac|CURRENCY|APAC: Mixed strategies - Non-listed/ commingled real estate funds/private REITs|19_22|APAC_NonListedFunds_MixedStrategies|APAC_NLF_Mixed|Non-listed funds - Mixed strategies||APAC Capital raised|Vehicle Type and Investment Style|q19||482
q154_2_apac|CURRENCY|APAC: Mixed strategies - Separate accounts investing directly into real estate|19_23|APAC_SeparateAccountsDirect_MixedStrategies|APAC_SepAccDirect_Mixed|Separate accounts investing directly - Mixed strategies||APAC Capital raised|Vehicle Type and Investment Style|q19||483
q154_3_apac|CURRENCY|APAC: Mixed strategies - Separate accounts investing into indirect vehicles|19_24|APAC_SeparateAccountsIndirect_MixedStrategies|APAC_SepAccIndirect_Mixed|Separate accounts investing indirectly - Mixed strategies||APAC Capital raised|Vehicle Type and Investment Style|q19||484
q154_4_apac|CURRENCY|APAC: Mixed strategies - Joint ventures and club deals|19_25|APAC_JVs_MixedStrategies|APAC_JVs_Mixed|Joint ventures and club deals - Mixed strategies||APAC Capital raised|Vehicle Type and Investment Style|q19||485
q154_5_apac|CURRENCY|APAC: Mixed strategies - Funds of funds|19_26|APAC_FundsOfFunds_MixedStrategies|APAC_FOF_Mixed|Funds of funds - Mixed strategies||APAC Capital raised|Vehicle Type and Investment Style|q19||486
q154_6_apac|CURRENCY|APAC: Mixed strategies - Non-listed debt products|19_27|APAC_Debt_MixedStrategies|APAC_Debt_Mixed|Non-listed debt products - Mixed strategies||APAC Capital raised|Vehicle Type and Investment Style|q19||487
q15ROW4_Total_apac|CURRENCY|APAC: TOTAL Mixed strategies|19_28|APAC_NonListedVehicles_MixedStrategies_Total|APAC_NLV_Mixed_Total|Non-listed vehicles total - Mixed strategies||APAC Capital raised|Vehicle Type and Investment Style|q19||488
q15COL1_Total_apac|CURRENCY|APAC: TOTAL Non-listed/ commingled real estate funds/private REITs|19_29|APAC_NonListedFunds_InvestmentStyle_Total|APAC_NLF_IS_Total|Non-listed funds - Investment style total||APAC Capital raised|Vehicle Type and Investment Style|q19||489
q15COL2_Total_apac|CURRENCY|APAC: TOTAL Separate accounts investing directly into real estate|19_30|APAC_SeparateAccountsDirect_InvestmentStyle_Total|APAC_SepAccDirect_IS_Total|Separate accounts investing directly - Investment style total||APAC Capital raised|Vehicle Type and Investment Style|q19||490
q15COL3_Total_apac|CURRENCY|APAC: TOTAL Separate accounts investing into indirect vehicles|19_31|APAC_SeparateAccountsIndirect_InvestmentStyle_Total|APAC_SepAccIndirect_IS_Total|Separate accounts investing indirectly - Investment style total||APAC Capital raised|Vehicle Type and Investment Style|q19||491
q15COL4_Total_apac|CURRENCY|APAC: TOTAL Joint ventures and club deals|19_32|APAC_JVs_InvestmentStyle_Total|APAC_JVs_IS_Total|Joint ventures and club deals - Investment style total||APAC Capital raised|Vehicle Type and Investment Style|q19||492
q15COL5_Total_apac|CURRENCY|APAC: TOTAL Funds of funds|19_33|APAC_FundsOfFunds_InvestmentStyle_Total|APAC_FOF_IS_Total|Funds of funds - Investment style total||APAC Capital raised|Vehicle Type and Investment Style|q19||493
q15COL6_Total_apac|CURRENCY|APAC: TOTAL Non-listed debt products|19_34|APAC_Debt_InvestmentStyle_Total|APAC_Debt_IS_Total|Non-listed debt products - Investment style total||APAC Capital raised|Vehicle Type and Investment Style|q19||494
q15GRANDTotal_apac|CURRENCY|APAC: Total Capital Raised in 2020 for your Asia Pacific strategy|19_35|APAC_NonListedVehicles_InvestmentStyle_Total|APAC_NLV_IS_Total|Non-listed vehicles total - Investment style total||APAC Capital raised|Vehicle Type and Investment Style|q19||495
EUROPE_europe||||||||||||496
_europe||For your European strategy*, how much institutional capital did your company raise for Non-listed vehicless in 2020 by investor type (million)?|20|||||||||497
q101_1_europe|CURRENCY|EUROPE: Pension funds - Non-listed/ commingled real estate funds/private REITs|20_1|EUROPE_PensionFunds_NonListedFunds|EUR_PF_NLF|Pension funds - Non-listed fund||Europe Capital raised|Investor Type and Vehicle Type|||498
q101_2_europe|CURRENCY|EUROPE: Pension funds - Separate accounts investing directly into real estate|20_2|EUROPE_PensionFunds_SeparateAccountsDirect|EUR_PF_SepAccDirect|Pension funds - Separate accounts investing directly||Europe Capital raised|Investor Type and Vehicle Type|||499
q101_3_europe|CURRENCY|EUROPE: Pension funds - Separate accounts investing into indirect vehicles|20_3|EUROPE_PensionFunds_SeparateAccountsIndirect|EUR_PF_SepAccIndirect|Pension funds - Separate accounts investing indirectly||Europe Capital raised|Investor Type and Vehicle Type|||500
q101_4_europe|CURRENCY|EUROPE: Pension funds - Joint ventures and club deals|20_4|EUROPE_PensionFunds_JVs|EUR_PF_JVs|Pension funds - Joint ventures and club deals||Europe Capital raised|Investor Type and Vehicle Type|||501
q101_5_europe|CURRENCY|EUROPE: Pension funds - Funds of funds|20_5|EUROPE_PensionFunds_FundsOfFunds|EUR_PF_FOF|Pension funds - Funds of funds||Europe Capital raised|Investor Type and Vehicle Type|||502
q101_6_europe|CURRENCY|EUROPE: Pension funds - Non-listed debt products|20_6|EUROPE_PensionFunds_Debt|EUR_PF_Debt|Pension funds - Non-listed debt products||Europe Capital raised|Investor Type and Vehicle Type|||503
q10ROW1_Total_europe|CURRENCY|EUROPE: Pension funds - TOTAL|20_7|EUROPE_PensionFunds_VehicleType_Total|EUR_PF_VT_Total|Pension funds - Vehicle type total||Europe Capital raised|Investor Type and Vehicle Type|||504
q102_1_europe|CURRENCY|EUROPE: Insurance companies - Non-listed/ commingled real estate funds/private REITs|20_8|EUROPE_InsuranceCompanies_NonListedFunds|EUR_IC_NLF|Insurance companies - Non-listed fund||Europe Capital raised|Investor Type and Vehicle Type|||505
q102_2_europe|CURRENCY|EUROPE: Insurance companies - Separate accounts investing directly into real estate|20_9|EUROPE_InsuranceCompanies_SeparateAccountsDirect|EUR_IC_SepAccDirect|Insurance companies - Separate accounts investing directly||Europe Capital raised|Investor Type and Vehicle Type|||506
q102_3_europe|CURRENCY|EUROPE: Insurance companies - Separate accounts investing into indirect vehicles|20_10|EUROPE_InsuranceCompanies_SeparateAccountsIndirect|EUR_IC_SepAccIndirect|Insurance companies - Separate accounts investing indirectly||Europe Capital raised|Investor Type and Vehicle Type|||507
q102_4_europe|CURRENCY|EUROPE: Insurance companies - Joint ventures and club deals|20_11|EUROPE_InsuranceCompanies_JVs|EUR_IC_JVs|Insurance companies - Joint ventures and club deals||Europe Capital raised|Investor Type and Vehicle Type|||508
q102_5_europe|CURRENCY|EUROPE: Insurance companies - Funds of funds|20_12|EUROPE_InsuranceCompanies_FundsOfFunds|EUR_IC_FOF|Insurance companies - Funds of funds||Europe Capital raised|Investor Type and Vehicle Type|||509
q102_6_europe|CURRENCY|EUROPE: Insurance companies - Non-listed debt products|20_13|EUROPE_InsuranceCompanies_Debt|EUR_IC_Debt|Insurance companies - Non-listed debt products||Europe Capital raised|Investor Type and Vehicle Type|||510
q10ROW2_Total_europe|CURRENCY|EUROPE: Insurance companies - TOTAL|20_14|EUROPE_InsuranceCompanies_VehicleType_Total|EUR_IC_VT_Total|Insurance companies - Vehicle type total||Europe Capital raised|Investor Type and Vehicle Type|||511
q103_1_europe|CURRENCY|EUROPE: Sovereign wealth funds - Non-listed/ commingled real estate funds/private REITs|20_15|EUROPE_SovereignWealthFunds_NonListedFunds|EUR_SWF_NLF|Sovereign wealth funds - Non-listed fund||Europe Capital raised|Investor Type and Vehicle Type|||512
q103_2_europe|CURRENCY|EUROPE: Sovereign wealth funds - Separate accounts investing directly into real estate|20_16|EUROPE_SovereignWealthFunds_SeparateAccountsDirect|EUR_SWF_SepAccDirect|Sovereign wealth funds - Separate accounts investing directly||Europe Capital raised|Investor Type and Vehicle Type|||513
q103_3_europe|CURRENCY|EUROPE: Sovereign wealth funds - Separate accounts investing into indirect vehicles|20_17|EUROPE_SovereignWealthFunds_SeparateAccountsIndirect|EUR_SWF_SepAccIndirect|Sovereign wealth funds - Separate accounts investing indirectly||Europe Capital raised|Investor Type and Vehicle Type|||514
q103_4_europe|CURRENCY|EUROPE: Sovereign wealth funds - Joint ventures and club deals|20_18|EUROPE_SovereignWealthFunds_JVs|EUR_SWF_JVs|Sovereign wealth funds - Joint ventures and club deals||Europe Capital raised|Investor Type and Vehicle Type|||515
q103_5_europe|CURRENCY|EUROPE: Sovereign wealth funds - Funds of funds|20_19|EUROPE_SovereignWealthFunds_FundsOfFunds|EUR_SWF_FOF|Sovereign wealth funds - Funds of funds||Europe Capital raised|Investor Type and Vehicle Type|||516
q103_6_europe|CURRENCY|EUROPE: Sovereign wealth funds - Non-listed debt products|20_20|EUROPE_SovereignWealthFunds_Debt|EUR_SWF_Debt|Sovereign wealth funds - Non-listed debt products||Europe Capital raised|Investor Type and Vehicle Type|||517
q10ROW3_Total_europe|CURRENCY|EUROPE: Sovereign wealth funds - TOTAL|20_21|EUROPE_SovereignWealthFunds_VehicleType_Total|EUR_SWF_VT_Total|Sovereign wealth funds - Vehicle type total||Europe Capital raised|Investor Type and Vehicle Type|||518
q104_1_europe|CURRENCY|EUROPE: Government institutions - Non-listed/ commingled real estate funds/private REITs|20_22|EUROPE_GovernmentInstitutions_NonListedFunds|EUR_GI_NLF|Government institutions - Non-listed fund||Europe Capital raised|Investor Type and Vehicle Type|||519
q104_2_europe|CURRENCY|EUROPE: Government institutions - Separate accounts investing directly into real estate|20_23|EUROPE_GovernmentInstitutions_SeparateAccountsDirect|EUR_GI_SepAccDirect|Government institutions - Separate accounts investing directly||Europe Capital raised|Investor Type and Vehicle Type|||520
q104_3_europe|CURRENCY|EUROPE: Government institutions - Separate accounts investing into indirect vehicles|20_24|EUROPE_GovernmentInstitutions_SeparateAccountsIndirect|EUR_GI_SepAccIndirect|Government institutions - Separate accounts investing indirectly||Europe Capital raised|Investor Type and Vehicle Type|||521
q104_4_europe|CURRENCY|EUROPE: Government institutions - Joint ventures and club deals|20_25|EUROPE_GovernmentInstitutions_JVs|EUR_GI_JVs|Government institutions - Joint ventures and club deals||Europe Capital raised|Investor Type and Vehicle Type|||522
q104_5_europe|CURRENCY|EUROPE: Government institutions - Funds of funds|20_26|EUROPE_GovernmentInstitutions_FundsOfFunds|EUR_GI_FOF|Government institutions - Funds of funds||Europe Capital raised|Investor Type and Vehicle Type|||523
q104_6_europe|CURRENCY|EUROPE: Government institutions - Non-listed debt products|20_27|EUROPE_GovernmentInstitutions_Debt|EUR_GI_Debt|Government institutions - Non-listed debt products||Europe Capital raised|Investor Type and Vehicle Type|||524
q10ROW4_Total_europe|CURRENCY|EUROPE: Government institutions - TOTAL|20_28|EUROPE_GovernmentInstitutions_VehicleType_Total|EUR_GI_VT_Total|Government institutions - Vehicle type total||Europe Capital raised|Investor Type and Vehicle Type|||525
q105_1_europe|CURRENCY|EUROPE: Charities, foundations, non-profit organisations - Non-listed/ commingled real estate funds/private REITs|20_29|EUROPE_CharitiesFoundationsNonProfitOrganizations_NonListedFunds|EUR_CF&NPO_NLF|Charities, foundations & non-profit organisations - Non-listed fund||Europe Capital raised|Investor Type and Vehicle Type|||526
q105_2_europe|CURRENCY|EUROPE: Charities, foundations, non-profit organisations - Separate accounts investing directly into real estate|20_30|EUROPE_CharitiesFoundationsNonProfitOrganizations_SeparateAccountsDirect|EUR_CF&NPO_SepAccDirect|Charities, foundations & non-profit organisations - Separate accounts investing directly||Europe Capital raised|Investor Type and Vehicle Type|||527
q105_3_europe|CURRENCY|EUROPE: Charities, foundations, non-profit organisations - Separate accounts investing into indirect vehicles|20_31|EUROPE_CharitiesFoundationsNonProfitOrganizations_SeparateAccountsIndirect|EUR_CF&NPO_SepAccIndirect|Charities, foundations & non-profit organisations - Separate accounts investing indirectly||Europe Capital raised|Investor Type and Vehicle Type|||528
q105_4_europe|CURRENCY|EUROPE: Charities, foundations, non-profit organisations - Joint ventures and club deals|20_32|EUROPE_CharitiesFoundationsNonProfitOrganizations_JVs|EUR_CF&NPO_JVs|Charities, foundations & non-profit organisations - Joint ventures and club deals||Europe Capital raised|Investor Type and Vehicle Type|||529
q105_5_europe|CURRENCY|EUROPE: Charities, foundations, non-profit organisations - Funds of funds|20_33|EUROPE_CharitiesFoundationsNonProfitOrganizations_FundsOfFunds|EUR_CF&NPO_FOF|Charities, foundations & non-profit organisations - Funds of funds||Europe Capital raised|Investor Type and Vehicle Type|||530
q105_6_europe|CURRENCY|EUROPE: Charities, foundations, non-profit organisations - Non-listed debt products|20_34|EUROPE_CharitiesFoundationsNonProfitOrganizations_Debt|EUR_CF&NPO_Debt|Charities, foundations & non-profit organisations - Non-listed debt products||Europe Capital raised|Investor Type and Vehicle Type|||531
q10ROW5_Total_europe|CURRENCY|EUROPE: Charities, foundations, non-profit organisations - TOTAL|20_35|EUROPE_CharitiesFoundationsNonProfitOrganizations_VehicleType_Total|EUR_CF&NPO_VT_Total|Charities, foundations & non-profit organisations - Vehicle type total||Europe Capital raised|Investor Type and Vehicle Type|||532
q106_1_europe|CURRENCY|EUROPE: Funds of funds - Non-listed/ commingled real estate funds/private REITs|20_36|EUROPE_FundsOfFunds_NonListedFunds|EUR_FOF_NLF|Funds of funds - Non-listed fund||Europe Capital raised|Investor Type and Vehicle Type|||533
q106_2_europe|CURRENCY|EUROPE: Funds of funds - Separate accounts investing directly into real estate|20_37|EUROPE_FundsOfFunds_SeparateAccountsDirect|EUR_FOF_SepAccDirect|Funds of funds - Separate accounts investing directly||Europe Capital raised|Investor Type and Vehicle Type|||534
q106_3_europe|CURRENCY|EUROPE: Funds of funds - Separate accounts investing into indirect vehicles|20_38|EUROPE_FundsOfFunds_SeparateAccountsIndirect|EUR_FOF_SepAccIndirect|Funds of funds - Separate accounts investing indirectly||Europe Capital raised|Investor Type and Vehicle Type|||535
q106_4_europe|CURRENCY|EUROPE: Funds of funds - Joint ventures and club deals|20_39|EUROPE_FundsOfFunds_JVs|EUR_FOF_JVs|Funds of funds - Joint ventures and club deals||Europe Capital raised|Investor Type and Vehicle Type|||536
q106_5_europe|CURRENCY|EUROPE: Funds of funds - Funds of funds|20_40|EUROPE_FundsOfFunds_FundsOfFunds|EUR_FOF_FOF|Funds of funds - Funds of funds||Europe Capital raised|Investor Type and Vehicle Type|||537
q106_6_europe|CURRENCY|EUROPE: Funds of funds - Non-listed debt products|20_41|EUROPE_FundsOfFunds_Debt|EUR_FOF_Debt|Funds of funds - Non-listed debt products||Europe Capital raised|Investor Type and Vehicle Type|||538
q10ROW6_Total_europe|CURRENCY|EUROPE: Funds of funds - TOTAL|20_42|EUROPE_FundsOfFunds_VehicleType_Total|EUR_FOF_VT_Total|Funds of funds - Vehicle type total||Europe Capital raised|Investor Type and Vehicle Type|||539
q107_1_europe|CURRENCY|EUROPE: High net worth individuals /Family offices - Non-listed/ commingled real estate funds/private REITs|20_43|EUROPE_HighnetWorthIndividualsFamilyOffices_NonListedFunds|EUR_HNWI/FO_NLF|Hign net worth individuals/Family offices - Non-listed fund||Europe Capital raised|Investor Type and Vehicle Type|||540
q107_2_europe|CURRENCY|EUROPE: High net worth individuals /Family offices - Separate accounts investing directly into real estate|20_44|EUROPE_HighnetWorthIndividualsFamilyOffices_SeparateAccountsDirect|EUR_HNWI/FO_SepAccDirect|Hign net worth individuals/Family offices - Separate accounts investing directly||Europe Capital raised|Investor Type and Vehicle Type|||541
q107_3_europe|CURRENCY|EUROPE: High net worth individuals /Family offices - Separate accounts investing into indirect vehicles|20_45|EUROPE_HighnetWorthIndividualsFamilyOffices_SeparateAccountsIndirect|EUR_HNWI/FO_SepAccIndirect|Hign net worth individuals/Family offices - Separate accounts investing indirectly||Europe Capital raised|Investor Type and Vehicle Type|||542
q107_4_europe|CURRENCY|EUROPE: High net worth individuals /Family offices - Joint ventures and club deals|20_46|EUROPE_HighnetWorthIndividualsFamilyOffices_JVs|EUR_HNWI/FO_JVs|Hign net worth individuals/Family offices - Joint ventures and club deals||Europe Capital raised|Investor Type and Vehicle Type|||543
q107_5_europe|CURRENCY|EUROPE: High net worth individuals /Family offices - Funds of funds|20_47|EUROPE_HighnetWorthIndividualsFamilyOffices_FundsOfFunds|EUR_HNWI/FO_FOF|Hign net worth individuals/Family offices - Funds of funds||Europe Capital raised|Investor Type and Vehicle Type|||544
q107_6_europe|CURRENCY|EUROPE: High net worth individuals /Family offices - Non-listed debt products|20_48|EUROPE_HighnetWorthIndividualsFamilyOffices_Debt|EUR_HNWI/FO_Debt|Hign net worth individuals/Family offices - Non-listed debt products||Europe Capital raised|Investor Type and Vehicle Type|||545
q10ROW7_Total_europe|CURRENCY|EUROPE: High net worth individuals /Family offices - TOTAL|20_49|EUROPE_HighnetWorthIndividualsFamilyOffices_VehicleType_Total|EUR_HNWI/FO_VT_Total|Hign net worth individuals/Family offices - Vehicle type total||Europe Capital raised|Investor Type and Vehicle Type|||546
q10other_europe|TEXT|EUROPE: Other investor type (Other)|20_50|EUROPE_OtherInvestorTypetext|EUR_OtherITText|Other investor type||Europe Capital raised|Investor Type and Vehicle Type|||547
q108_1_europe|CURRENCY|EUROPE: Other - Non-listed/ commingled real estate funds/private REITs|20_51|EUROPE_OtherInvestorType_NonListedFunds|EUR_OtherIT_NLF|Other investor type - Non-listed fund||Europe Capital raised|Investor Type and Vehicle Type|||548
q108_2_europe|CURRENCY|EUROPE: Other - Separate accounts investing directly into real estate|20_52|EUROPE_OtherInvestorType_SeparateAccountsDirect|EUR_OtherIT_SepAccDirect|Other investor type - Separate accounts investing directly||Europe Capital raised|Investor Type and Vehicle Type|||549
q108_3_europe|CURRENCY|EUROPE: Other - Separate accounts investing into indirect vehicles|20_53|EUROPE_OtherInvestorType_SeparateAccountsIndirect|EUR_OtherIT_SepAccIndirect|Other investor type - Separate accounts investing indirectly||Europe Capital raised|Investor Type and Vehicle Type|||550
q108_4_europe|CURRENCY|EUROPE: Other - Joint ventures and club deals|20_54|EUROPE_OtherInvestorType_JVs|EUR_OtherIT_JVs|Other investor type - Joint ventures and club deals||Europe Capital raised|Investor Type and Vehicle Type|||551
q108_5_europe|CURRENCY|EUROPE: Other - Funds of funds|20_55|EUROPE_OtherInvestorType_FundsOfFunds|EUR_OtherIT_FOF|Other investor type - Funds of funds||Europe Capital raised|Investor Type and Vehicle Type|||552
q108_6_europe|CURRENCY|EUROPE: Other - Non-listed debt products|20_56|EUROPE_OtherInvestorType_Debt|EUR_OtherIT_Debt|Other investor type - Non-listed debt products||Europe Capital raised|Investor Type and Vehicle Type|||553
q10ROW8_Total_europe|CURRENCY|EUROPE: Other - TOTAL|20_57|EUROPE_OtherInvestorType_VehicleType_Total|EUR_OtherIT_VT_Total|Other investor type - Vehicle type total||Europe Capital raised|Investor Type and Vehicle Type|||554
q10COL1_Total_europe|CURRENCY|EUROPE TOTAL - Non-listed/ commingled real estate funds/private REITs|20_58|EUROPE_InvestorType_NonListedFunds_Total|EUR_IT_NLF_Total|Investor type - Non-listed fund total||Europe Capital raised|Investor Type and Vehicle Type|||555
q10COL2_Total_europe|CURRENCY|EUROPE TOTAL - Separate accounts investing directly into real estate|20_59|EUROPE_InvestorType_SeparateAccountsDirect_Total|EUR_IT_SepAccDirect_Total|Investor type - Separate accounts investing directly total||Europe Capital raised|Investor Type and Vehicle Type|||556
q10COL3_Total_europe|CURRENCY|EUROPE TOTAL - Separate accounts investing into indirect vehicles|20_60|EUROPE_InvestorType_SeparateAccountsIndirect_Total|EUR_IT_SepAccIndirect_Total|Investor type - Separate accounts investing indirectly total||Europe Capital raised|Investor Type and Vehicle Type|||557
q10COL4_Total_europe|CURRENCY|EUROPE TOTAL - Joint ventures and club deals|20_61|EUROPE_InvestorType_JVs_Total|EUR_IT_JVs_Total|Investor type - Joint ventures and club deals total||Europe Capital raised|Investor Type and Vehicle Type|||558
q10COL5_Total_europe|CURRENCY|EUROPE TOTAL - Funds of funds|20_62|EUROPE_InvestorType_FundsOfFunds_Total|EUR_IT_FOF_Total|Investor type - Funds of funds total||Europe Capital raised|Investor Type and Vehicle Type|||559
q10COL6_Total_europe|CURRENCY|EUROPE TOTAL - Non-listed debt products|20_63|EUROPE_InvestorType_Debt_Total|EUR_IT_Debt_Total|Investor type - Non-listed debt products total||Europe Capital raised|Investor Type and Vehicle Type|||560
q10GRANDTotal_europe|CURRENCY|EUROPE TOTAL Capital Raised in 2020 for your European strategy by investor type|20_64|EUROPE_InvestorType_VehicleType_Total|EUR_IT_VT_Total|Investor type - Vehicle type total||Europe Capital raised|Investor Type and Vehicle Type|||561
_europe||For your European strategy*, how much institutional capital did your company raise for Non-listed vehicless in 2020 by investor domicile (million)?|21|||||||||562
q111_1_europe|CURRENCY|EUROPE: Asia Pacific - Non-listed/ commingled real estate funds/private REITs|21_1|EUROPE_InvestorDomicileAsiaPacific_NonListedFunds|EUR_IDAPAC_NLF|Asia Pacific - Non-listed funds||Europe Capital raised|Investor Type and Vehicle Type|||563
q111_2_europe|CURRENCY|EUROPE: Asia Pacific - Separate accounts investing directly into real estate|21_2|EUROPE_InvestorDomicileAsiaPacific_SeparateAccountsDirect|EUR_IDAPAC_SepAccDirect|Asia Pacific - Separate accounts investing directly||Europe Capital raised|Investor Type and Vehicle Type|||564
q111_3_europe|CURRENCY|EUROPE: Asia Pacific - Separate accounts investing into indirect vehicles|21_3|EUROPE_InvestorDomicileAsiaPacific_SeparateAccountsIndirect|EUR_IDAPAC_SepAccIndirect|Asia Pacific - Separate accounts investing indirectly||Europe Capital raised|Investor Type and Vehicle Type|||565
q111_4_europe|CURRENCY|EUROPE: Asia Pacific - Joint ventures and club deals|21_4|EUROPE_InvestorDomicileAsiaPacific_JVs|EUR_IDAPAC_JVs|Asia Pacific - Joint ventures and club deals||Europe Capital raised|Investor Type and Vehicle Type|||566
q111_5_europe|CURRENCY|EUROPE: Asia Pacific - Funds of funds|21_5|EUROPE_InvestorDomicileAsiaPacific_FundsOfFunds|EUR_IDAPAC_FOF|Asia Pacific - Funds of funds||Europe Capital raised|Investor Type and Vehicle Type|||567
q111_6_europe|CURRENCY|EUROPE: Asia Pacific - Non-listed debt products|21_6|EUROPE_InvestorDomicileAsiaPacific_Debt|EUR_IDAPAC_Debt|Asia Pacific - Non-listed debt products||Europe Capital raised|Investor Type and Vehicle Type|||568
q11ROW1_Total_europe|CURRENCY|EUROPE: Asia Pacific - TOTAL|21_7|EUROPE_InvestorDomicileAsiaPacific_VehicleType_Total|EUR_IDAPAC_VT_Total|Asia Pacific - Vehicle type total||Europe Capital raised|Investor Type and Vehicle Type|||569
q112_1_europe|CURRENCY|EUROPE: Europe - Non-listed/ commingled real estate funds/private REITs|21_8|EUROPE_InvestorDomicileEurope_NonListedFunds|EUR_IDEUR_NLF|Europe - Non-listed funds||Europe Capital raised|Investor Type and Vehicle Type|||570
q112_2_europe|CURRENCY|EUROPE: Europe - Separate accounts investing directly into real estate|21_9|EUROPE_InvestorDomicileEurope_SeparateAccountsDirect|EUR_IDEUR_SepAccDirect|Europe - Separate accounts investing directly||Europe Capital raised|Investor Type and Vehicle Type|||571
q112_3_europe|CURRENCY|EUROPE: Europe - Separate accounts investing into indirect vehicles|21_10|EUROPE_InvestorDomicileEurope_SeparateAccountsIndirect|EUR_IDEUR_SepAccIndirect|Europe - Separate accounts investing indirectly||Europe Capital raised|Investor Type and Vehicle Type|||572
q112_4_europe|CURRENCY|EUROPE: Europe - Joint ventures and club deals|21_11|EUROPE_InvestorDomicileEurope_JVs|EUR_IDEUR_JVs|Europe - Joint ventures and club deals||Europe Capital raised|Investor Type and Vehicle Type|||573
q112_5_europe|CURRENCY|EUROPE: Europe - Funds of funds|21_12|EUROPE_InvestorDomicileEurope_FundsOfFunds|EUR_IDEUR_FOF|Europe - Funds of funds||Europe Capital raised|Investor Type and Vehicle Type|||574
q112_6_europe|CURRENCY|EUROPE: Europe - Non-listed debt products|21_13|EUROPE_InvestorDomicileEurope_Debt|EUR_IDEUR_Debt|Europe - Non-listed debt products||Europe Capital raised|Investor Type and Vehicle Type|||575
q11ROW2_Total_europe|CURRENCY|EUROPE: Europe - TOTAL|21_14|EUROPE_InvestorDomicileEurope_VehicleType_Total|EUR_IDEUR_VT_Total|Europe - Vehicle type total||Europe Capital raised|Investor Type and Vehicle Type|||576
q113_1_europe|CURRENCY|EUROPE: North America - Non-listed/ commingled real estate funds/private REITs|21_15|EUROPE_InvestorDomicileNorthAmerica_NonListedFunds|EUR_IDNA_NLF|North America - Non-listed funds||Europe Capital raised|Investor Type and Vehicle Type|||577
q113_2_europe|CURRENCY|EUROPE: North America - Separate accounts investing directly into real estate|21_16|EUROPE_InvestorDomicileNorthAmerica_SeparateAccountsDirect|EUR_IDNA_SepAccDirect|North America - Separate accounts investing directly||Europe Capital raised|Investor Type and Vehicle Type|||578
q113_3_europe|CURRENCY|EUROPE: North America - Separate accounts investing into indirect vehicles|21_17|EUROPE_InvestorDomicileNorthAmerica_SeparateAccountsIndirect|EUR_IDNA_SepAccIndirect|North America - Separate accounts investing indirectly||Europe Capital raised|Investor Type and Vehicle Type|||579
q113_4_europe|CURRENCY|EUROPE: North America - Joint ventures and club deals|21_18|EUROPE_InvestorDomicileNorthAmerica_JVs|EUR_IDNA_JVs|North America - Joint ventures and club deals||Europe Capital raised|Investor Type and Vehicle Type|||580
q113_5_europe|CURRENCY|EUROPE: North America - Funds of funds|21_19|EUROPE_InvestorDomicileNorthAmerica_FundsOfFunds|EUR_IDNA_FOF|North America - Funds of funds||Europe Capital raised|Investor Type and Vehicle Type|||581
q113_6_europe|CURRENCY|EUROPE: North America - Non-listed debt products|21_20|EUROPE_InvestorDomicileNorthAmerica_Debt|EUR_IDNA_Debt|North America - Non-listed debt products||Europe Capital raised|Investor Type and Vehicle Type|||582
q11ROW3_Total_europe|CURRENCY|EUROPE: North America - TOTAL|21_21|EUROPE_InvestorDomicileNorthAmerica_VehicleType_Total|EUR_IDNA_VT_Total|North America - Vehicle type total||Europe Capital raised|Investor Type and Vehicle Type|||583
q114_1_europe|CURRENCY|EUROPE: South America - Non-listed/ commingled real estate funds/private REITs|21_22|EUROPE_InvestorDomicileSouthAmerica_NonListedFunds|EUR_IDSA_NLF|South America - Non-listed funds||Europe Capital raised|Investor Type and Vehicle Type|||584
q114_2_europe|CURRENCY|EUROPE: South America - Separate accounts investing directly into real estate|21_23|EUROPE_InvestorDomicileSouthAmerica_SeparateAccountsDirect|EUR_IDSA_SepAccDirect|South America - Separate accounts investing directly||Europe Capital raised|Investor Type and Vehicle Type|||585
q114_3_europe|CURRENCY|EUROPE: South America - Separate accounts investing into indirect vehicles|21_24|EUROPE_InvestorDomicileSouthAmerica_SeparateAccountsIndirect|EUR_IDSA_SepAccIndirect|South America - Separate accounts investing indirectly||Europe Capital raised|Investor Type and Vehicle Type|||586
q114_4_europe|CURRENCY|EUROPE: South America - Joint ventures and club deals|21_25|EUROPE_InvestorDomicileSouthAmerica_JVs|EUR_IDSA_JVs|South America - Joint ventures and club deals||Europe Capital raised|Investor Type and Vehicle Type|||587
q114_5_europe|CURRENCY|EUROPE: South America - Funds of funds|21_26|EUROPE_InvestorDomicileSouthAmerica_FundsOfFunds|EUR_IDSA_FOF|South America - Funds of funds||Europe Capital raised|Investor Type and Vehicle Type|||588
q114_6_europe|CURRENCY|EUROPE: South America - Non-listed debt products|21_27|EUROPE_InvestorDomicileSouthAmerica_Debt|EUR_IDSA_Debt|South America - Non-listed debt products||Europe Capital raised|Investor Type and Vehicle Type|||589
q11ROW4_Total_europe|CURRENCY|EUROPE: South America - TOTAL|21_28|EUROPE_InvestorDomicileSouthAmerica_VehicleType_Total|EUR_IDSA_VT_Total|South America - Vehicle type total||Europe Capital raised|Investor Type and Vehicle Type|||590
q115_1_europe|CURRENCY|EUROPE: Africa - Non-listed/ commingled real estate funds/private REITs|21_29|EUROPE_InvestorDomicileAfrica_NonListedFunds|EUR_IDAFR_NLF|Africa - Non-listed funds||Europe Capital raised|Investor Type and Vehicle Type|||591
q115_2_europe|CURRENCY|EUROPE: Africa - Separate accounts investing directly into real estate|21_30|EUROPE_InvestorDomicileAfrica_SeparateAccountsDirect|EUR_IDAFR_SepAccDirect|Africa - Separate accounts investing directly||Europe Capital raised|Investor Type and Vehicle Type|||592
q115_3_europe|CURRENCY|EUROPE: Africa - Separate accounts investing into indirect vehicles|21_31|EUROPE_InvestorDomicileAfrica_SeparateAccountsIndirect|EUR_IDAFR_SepAccIndirect|Africa - Separate accounts investing indirectly||Europe Capital raised|Investor Type and Vehicle Type|||593
q115_4_europe|CURRENCY|EUROPE: Africa - Joint ventures and club deals|21_32|EUROPE_InvestorDomicileAfrica_JVs|EUR_IDAFR_JVs|Africa - Joint ventures and club deals||Europe Capital raised|Investor Type and Vehicle Type|||594
q115_5_europe|CURRENCY|EUROPE: Africa - Funds of funds|21_33|EUROPE_InvestorDomicileAfrica_FundsOfFunds|EUR_IDAFR_FOF|Africa - Funds of funds||Europe Capital raised|Investor Type and Vehicle Type|||595
q115_6_europe|CURRENCY|EUROPE: Africa - Non-listed debt products|21_34|EUROPE_InvestorDomicileAfrica_Debt|EUR_IDAFR_Debt|Africa - Non-listed debt products||Europe Capital raised|Investor Type and Vehicle Type|||596
q11ROW5_Total_europe|CURRENCY|EUROPE: Africa - TOTAL|21_35|EUROPE_InvestorDomicileAfrica_VehicleType_Total|EUR_IDAFR_VT_Total|Africa - Vehicle type total||Europe Capital raised|Investor Type and Vehicle Type|||597
q11COL1_Total_europe|CURRENCY|EUROPE: TOTAL - Non-listed/ commingled real estate funds/private REITs|21_36|EUROPE_InvestorDomicile_NonListedFunds_Total|EUR_ID_NLF_Total|Investor domicile total - Non-listed funds||Europe Capital raised|Investor Type and Vehicle Type|||598
q11COL2_Total_europe|CURRENCY|EUROPE: TOTAL - Separate accounts investing directly into real estate|21_37|EUROPE_InvestorDomicile_SeparateAccountsDirect_Total|EUR_ID_SepAccDirect_Total|Investor domicile total - Separate accounts investing directly||Europe Capital raised|Investor Type and Vehicle Type|||599
q11COL3_Total_europe|CURRENCY|EUROPE: TOTAL - Separate accounts investing into indirect vehicles|21_38|EUROPE_InvestorDomicile_SeparateAccountsIndirect_Total|EUR_ID_SepAccIndirect_Total|Investor domicile total - Separate accounts investing indirectly||Europe Capital raised|Investor Type and Vehicle Type|||600
q11COL4_Total_europe|CURRENCY|EUROPE: TOTAL - Joint ventures and club deals|21_39|EUROPE_InvestorDomicile_JVs_Total|EUR_ID_JVs_Total|Investor domicile total - Joint ventures and club deals||Europe Capital raised|Investor Type and Vehicle Type|||601
q11COL5_Total_europe|CURRENCY|EUROPE: TOTAL - Funds of funds|21_40|EUROPE_InvestorDomicile_FundsOfFunds_Total|EUR_ID_FOF_Total|Investor domicile total - Funds of funds||Europe Capital raised|Investor Type and Vehicle Type|||602
q11COL6_Total_europe|CURRENCY|EUROPE: TOTAL - Non-listed debt products|21_41|EUROPE_InvestorDomicile_Debt_Total|EUR_ID_Debt_Total|Investor domicile total - Non-listed debt products||Europe Capital raised|Investor Type and Vehicle Type|||603
q11GRANDTotal_europe|CURRENCY|EUROPE TOTAL Capital Raised in 2020 for your European strategy by investor domicile|21_42|EUROPE_InvestorDomicile_VehicleType_Total|EUR_ID_VT_Total|Investor domicile total - Vehicle type total||Europe Capital raised|Investor Type and Vehicle Type|||604
q12_europe|NUMBER|For your European strategy*, for which sector-strategy did your company raise institutional capital for Non-listed vehicless in 2020?|22|EUROPE_CapitalRaisingActivity_NonListedVehicles_MultiSectorSingleSector|EUR_CRact_NLV_MSSS|Non-listed vehicles - Multi sector single sector||||||605
_europe||For your European strategy*, how much institutional capital did your company raise for Non-listed vehicless in 2020 by targeted multi-sector (million)?|23|||||||||606
q131_1_europe|CURRENCY|EUROPE: Main sectors - Non-listed/ commingled real estate funds/private REITs|23_1|EUROPE_NonListedFunds_MultiSectorMainSectors|EUR_NLF_MSMS|Non-listed funds - Multi sector main sectors||Europe Capital raised|Investor Type and Vehicle Type|||607
q131_2_europe|CURRENCY|EUROPE: Main sectors - Separate accounts investing directly into real estate|23_2|EUROPE_SeparateAccountsDirect_MultiSectorMainSectors|EUR_SepAccDirect_MSMS|Separate accounts investing directly - Multi sector main sectors||Europe Capital raised|Investor Type and Vehicle Type|||608
q131_3_europe|CURRENCY|EUROPE: Main sectors - Separate accounts investing into indirect vehicles|23_3|EUROPE_SeparateAccountsIndirect_MultiSectorMainSectors|EUR_SepAccIndirect_MSMS|Separate accounts investing indirectly - Multi sector main sectors||Europe Capital raised|Investor Type and Vehicle Type|||609
q131_4_europe|CURRENCY|EUROPE: Main sectors - Joint ventures and club deals|23_4|EUROPE_JVs_MultiSectorMainSectors|EUR_JVs_MSMS|Joint ventures and club deals - Multi sector main sectors||Europe Capital raised|Investor Type and Vehicle Type|||610
q131_5_europe|CURRENCY|EUROPE: Main sectors - Funds of funds|23_5|EUROPE_FundsOfFunds_MultiSectorMainSectors|EUR_FOF_MSMS|Funds of funds - Multi sector main sectors||Europe Capital raised|Investor Type and Vehicle Type|||611
q131_6_europe|CURRENCY|EUROPE: Main sectors - Non-listed debt products|23_6|EUROPE_Debt_MultiSectorMainSectors|EUR_Debt_MSMS|Non-listed debt products - Multi sector main sectors||Europe Capital raised|Investor Type and Vehicle Type|||612
q13ROW1_Total_europe|CURRENCY|EUROPE: TOTAL - Main sectors |23_7|EUROPE_NonListedVehicles_MultiSectorMainSectors_Total|EUR_NLV_MSMS_Total|Non-listed vehicles total - Multi sector main sectors||Europe Capital raised|Investor Type and Vehicle Type|||613
q132_1_europe|CURRENCY|EUROPE:  Alternative sectors - Non-listed/ commingled real estate funds/private REITs|23_8|EUROPE_NonListedFunds_MultiSectorAlternativeSectors|EUR_NLF_MSAS|Non-listed funds - Multi sector alternative sectors||Europe Capital raised|Investor Type and Vehicle Type|||614
q132_2_europe|CURRENCY|EUROPE:  Alternative sectors - Separate accounts investing directly into real estate|23_9|EUROPE_SeparateAccountsDirect_MultiSectorAlternativeSectors|EUR_SepAccDirect_MSAS|Separate accounts investing directly - Multi sector alternative sectors||Europe Capital raised|Investor Type and Vehicle Type|||615
q132_3_europe|CURRENCY|EUROPE:  Alternative sectors - Separate accounts investing into indirect vehicles|23_10|EUROPE_SeparateAccountsIndirect_MultiSectorAlternativeSectors|EUR_SepAccIndirect_MSAS|Separate accounts investing indirectly - Multi sector alternative sectors||Europe Capital raised|Investor Type and Vehicle Type|||616
q132_4_europe|CURRENCY|EUROPE:  Alternative sectors - Joint ventures and club deals|23_11|EUROPE_JVs_MultiSectorAlternativeSectors|EUR_JVs_MSAS|Joint ventures and club deals - Multi sector alternative sectors||Europe Capital raised|Investor Type and Vehicle Type|||617
q132_5_europe|CURRENCY|EUROPE:  Alternative sectors - Funds of funds|23_12|EUROPE_FundsOfFunds_MultiSectorAlternativeSectors|EUR_FOF_MSAS|Funds of funds - Multi sector alternative sectors||Europe Capital raised|Investor Type and Vehicle Type|||618
q132_6_europe|CURRENCY|EUROPE:  Alternative sectors - Non-listed debt products|23_13|EUROPE_Debt_MultiSectorAlternativeSectors|EUR_Debt_MSAS|Non-listed debt products - Multi sector alternative sectors||Europe Capital raised|Investor Type and Vehicle Type|||619
q13ROW2_Total_europe|CURRENCY|EUROPE:  TOTAL - Alternative sectors|23_14|EUROPE_NonListedVehicles_MultiSectorAlternativeSectors_Total|EUR_NLV_MSAS_Total|Non-listed vehicles total - Multi sector alternative sectors||Europe Capital raised|Investor Type and Vehicle Type|||620
q13COL1_Total_europe|CURRENCY|EUROPE: TOTAL - Non-listed/ commingled real estate funds/private REITs|23_15|EUROPE_NonListedFunds_MultiSector_Total|EUR_NLF_MS_Total|Non-listed funds - Multi sector||Europe Capital raised|Investor Type and Vehicle Type|||621
q13COL2_Total_europe|CURRENCY|EUROPE: TOTAL - Separate accounts investing directly into real estate|23_16|EUROPE_SeparateAccountsDirect_MultiSector_Total|EUR_SepAccDirect_MS_Total|Separate accounts investing directly - Multi sector||Europe Capital raised|Investor Type and Vehicle Type|||622
q13COL3_Total_europe|CURRENCY|EUROPE: TOTAL - Separate accounts investing into indirect vehicles|23_17|EUROPE_SeparateAccountsIndirect_MultiSector_Total|EUR_SepAccIndirect_MS_Total|Separate accounts investing indirectly - Multi sector||Europe Capital raised|Investor Type and Vehicle Type|||623
q13COL4_Total_europe|CURRENCY|EUROPE: TOTAL - Joint ventures and club deals|23_18|EUROPE_JVs_MultiSector_Total|EUR_JVs_MS_Total|Joint ventures and club deals - Multi sector||Europe Capital raised|Investor Type and Vehicle Type|||624
q13COL5_Total_europe|CURRENCY|EUROPE: TOTAL - Funds of funds|23_19|EUROPE_FundsOfFunds_MultiSector_Total|EUR_FOF_MS_Total|Funds of funds - Multi sector||Europe Capital raised|Investor Type and Vehicle Type|||625
q13COL6_Total_europe|CURRENCY|EUROPE: TOTAL - Non-listed debt products|23_20|EUROPE_Debt_MultiSector_Total|EUR_Debt_MS_Total|Non-listed debt products - Multi sector||Europe Capital raised|Investor Type and Vehicle Type|||626
q13GRANDTotal_europe|CURRENCY|EUROPE TOTAL Raised by targeted multi-sector|23_21|EUROPE_NonListedVehicles_MultiSector_Total|EUR_NLV_MS_Total|Non-listed vehicles total - Multi sector||Europe Capital raised|Investor Type and Vehicle Type|||627
_europe||For your European strategy*, how much institutional capital did your company raise for Non-listed vehicless in 2020 by targeted sector (million)?|24|||||||||628
q141_1_europe|CURRENCY|EUROPE: Office - Non-listed/ commingled real estate funds/private REITs|24_1|EUROPE_NonListedFunds_SingleSectorOffice|EUR_NLF_SSOffice|Non-listed funds - Single sector office||Europe Capital raised|Investor Type and Vehicle Type|||629
q141_2_europe|CURRENCY|EUROPE: Office - Separate accounts investing directly into real estate|24_2|EUROPE_SeparateAccountsDirect_SingleSectorOffice|EUR_SepAccDirect_SSOffice|Separate accounts investing directly - Single sector office||Europe Capital raised|Investor Type and Vehicle Type|||630
q141_3_europe|CURRENCY|EUROPE: Office - Separate accounts investing into indirect vehicles|24_3|EUROPE_SeparateAccountsIndirect_SingleSectorOffice|EUR_SepAccIndirect_SSOffice|Separate accounts investing indirectly - Single sector office||Europe Capital raised|Investor Type and Vehicle Type|||631
q141_4_europe|CURRENCY|EUROPE: Office - Joint ventures and club deals|24_4|EUROPE_JVs_SingleSectorOffice|EUR_JVs_SSOffice|Joint ventures and club deals - Single sector office||Europe Capital raised|Investor Type and Vehicle Type|||632
q141_5_europe|CURRENCY|EUROPE: Office - Funds of funds|24_5|EUROPE_FundsOfFunds_SingleSectorOffice|EUR_FOF_SSOffice|Funds of funds - Single sector office||Europe Capital raised|Investor Type and Vehicle Type|||633
q141_6_europe|CURRENCY|EUROPE: Office - Non-listed debt products|24_6|EUROPE_Debt_SingleSectorOffice|EUR_Debt_SSOffice|Non-listed debt products - Single sector office||Europe Capital raised|Investor Type and Vehicle Type|||634
q14ROW1_Total_europe|CURRENCY|EUROPE: TOTAL Office|24_7|EUROPE_NonListedVehicles_SingleSectorOffice_Total|EUR_NLV_SSOffice_Total|Non-listed vehicles total - Single sector office||Europe Capital raised|Investor Type and Vehicle Type|||635
q142_1_europe|CURRENCY|EUROPE: Retail - Non-listed/ commingled real estate funds/private REITs|24_8|EUROPE_NonListedFunds_SingleSectorRetail|EUR_NLF_SSRetail|Non-listed funds - Single sector retail||Europe Capital raised|Investor Type and Vehicle Type|||636
q142_2_europe|CURRENCY|EUROPE: Retail - Separate accounts investing directly into real estate|24_9|EUROPE_SeparateAccountsDirect_SingleSectorRetail|EUR_SepAccDirect_SSRetail|Separate accounts investing directly - Single sector retail||Europe Capital raised|Investor Type and Vehicle Type|||637
q142_3_europe|CURRENCY|EUROPE: Retail - Separate accounts investing into indirect vehicles|24_10|EUROPE_SeparateAccountsIndirect_SingleSectorRetail|EUR_SepAccIndirect_SSRetail|Separate accounts investing indirectly - Single sector retail||Europe Capital raised|Investor Type and Vehicle Type|||638
q142_4_europe|CURRENCY|EUROPE: Retail - Joint ventures and club deals|24_11|EUROPE_JVs_SingleSectorRetail|EUR_JVs_SSRetail|Joint ventures and club deals - Single sector retail||Europe Capital raised|Investor Type and Vehicle Type|||639
q142_5_europe|CURRENCY|EUROPE: Retail - Funds of funds|24_12|EUROPE_FundsOfFunds_SingleSectorRetail|EUR_FOF_SSRetail|Funds of funds - Single sector retail||Europe Capital raised|Investor Type and Vehicle Type|||640
q142_6_europe|CURRENCY|Non-listed debt products|24_13|EUROPE_Debt_SingleSectorRetail|EUR_Debt_SSRetail|Non-listed debt products - Single sector retail||Europe Capital raised|Investor Type and Vehicle Type|||641
q14ROW2_Total_europe|CURRENCY|EUROPE: TOTAL Retail|24_14|EUROPE_NonListedVehicles_SingleSectorRetail_Total|EUR_NLV_SSRetail_Total|Non-listed vehicles total - Single sector retail||Europe Capital raised|Investor Type and Vehicle Type|||642
q143_1_europe|CURRENCY|EUROPE: Industrial / logistics - Non-listed/ commingled real estate funds/private REITs|24_15|EUROPE_NonListedFunds_SingleSectorIndustrial/Logistics|EUR_NLF_SSInd/Log|Non-listed funds - Single sector industrial/logistics||Europe Capital raised|Investor Type and Vehicle Type|||643
q143_2_europe|CURRENCY|EUROPE: Industrial / logistics - Separate accounts investing directly into real estate|24_16|EUROPE_SeparateAccountsDirect_SingleSectorIndustrial/Logistics|EUR_SepAccDirect_SSInd/Log|Separate accounts investing directly - Single sector industrial/logistics||Europe Capital raised|Investor Type and Vehicle Type|||644
q143_3_europe|CURRENCY|EUROPE: Industrial / logistics - Separate accounts investing into indirect vehicles|24_17|EUROPE_SeparateAccountsIndirect_SingleSectorIndustrial/Logistics|EUR_SepAccIndirect_SSInd/Log|Separate accounts investing indirectly - Single sector industrial/logistics||Europe Capital raised|Investor Type and Vehicle Type|||645
q143_4_europe|CURRENCY|EUROPE: Industrial / logistics - Joint ventures and club deals|24_18|EUROPE_JVs_SingleSectorIndustrial/Logistics|EUR_JVs_SSInd/Log|Joint ventures and club deals - Single sector industrial/logistics||Europe Capital raised|Investor Type and Vehicle Type|||646
q143_5_europe|CURRENCY|EUROPE: Industrial / logistics - Funds of funds|24_19|EUROPE_FundsOfFunds_SingleSectorIndustrial/Logistics|EUR_FOF_SSInd/Log|Funds of funds - Single sector industrial/logistics||Europe Capital raised|Investor Type and Vehicle Type|||647
q143_6_europe|CURRENCY|EUROPE: Industrial / logistics - Non-listed debt products|24_20|EUROPE_Debt_SingleSectorIndustrial/Logistics|EUR_Debt_SSInd/Log|Non-listed debt products - Single sector industrial/logistics||Europe Capital raised|Investor Type and Vehicle Type|||648
q14ROW3_Total_europe|CURRENCY|EUROPE: TOTAL Industrial / logistics|24_21|EUROPE_NonListedVehicles_SingleSectorIndustrial/Logistics_Total|EUR_NLV_SSInd/Log_Total|Non-listed vehicles total - Single sector industrial/logistics||Europe Capital raised|Investor Type and Vehicle Type|||649
q144_1_europe|CURRENCY|EUROPE: Residential / multi-family/apartments - Non-listed/ commingled real estate funds/private REITs|24_22|EUROPE_NonListedFunds_SingleSectorResidential/Multifamily/Apartments|EUR_NLF_SSResidential|Non-listed funds - Single sector residential/multifamily/ apartment||Europe Capital raised|Investor Type and Vehicle Type|||650
q144_2_europe|CURRENCY|EUROPE: Residential / multi-family/apartments - Separate accounts investing directly into real estate|24_23|EUROPE_SeparateAccountsDirect_SingleSectorResidential/Multifamily/Apartments|EUR_SepAccDirect_SSResidential|Separate accounts investing directly - Single sector residential/multifamily/ apartment||Europe Capital raised|Investor Type and Vehicle Type|||651
q144_3_europe|CURRENCY|EUROPE: Residential / multi-family/apartments - Separate accounts investing into indirect vehicles|24_24|EUROPE_SeparateAccountsIndirect_SingleSectorResidential/Multifamily/Apartments|EUR_SepAccIndirect_SSResidential|Separate accounts investing indirectly - Single sector residential/multifamily/ apartment||Europe Capital raised|Investor Type and Vehicle Type|||652
q144_4_europe|CURRENCY|EUROPE: Residential / multi-family/apartments - Joint ventures and club deals|24_25|EUROPE_JVs_SingleSectorResidential/Multifamily/Apartments|EUR_JVs_SSResidential|Joint ventures and club deals - Single sector residential/multifamily/ apartment||Europe Capital raised|Investor Type and Vehicle Type|||653
q144_5_europe|CURRENCY|EUROPE: Residential / multi-family/apartments - Funds of funds|24_26|EUROPE_FundsOfFunds_SingleSectorResidential/Multifamily/Apartments|EUR_FOF_SSResidential|Funds of funds - Single sector residential/multifamily/ apartment||Europe Capital raised|Investor Type and Vehicle Type|||654
q144_6_europe|CURRENCY|EUROPE: Residential / multi-family/apartments - Non-listed debt products|24_27|EUROPE_Debt_SingleSectorResidential/Multifamily/Apartments|EUR_Debt_SSResidential|Non-listed debt products - Single sector residential/multifamily/ apartment||Europe Capital raised|Investor Type and Vehicle Type|||655
q14ROW4_Total_europe|CURRENCY|EUROPE: TOTAL Residential / multi-family/apartments|24_28|EUROPE_NonListedVehicles_SingleSectorResidential/Multifamily/Apartments_Total|EUR_NLV_SSResidential_Total|Non-listed vehicles total - Single sector residential/multifamily/ apartment||Europe Capital raised|Investor Type and Vehicle Type|||656
q145_1_europe|CURRENCY|EUROPE: Student housing - Non-listed/ commingled real estate funds/private REITs|24_29|EUROPE_NonListedFunds_SingleSectorStudentHousing|EUR_NLF_SSStudHou|Non-listed funds - Single sector student housing||Europe Capital raised|Investor Type and Vehicle Type|||657
q145_2_europe|CURRENCY|EUROPE: Student housing - Separate accounts investing directly into real estate|24_30|EUROPE_SeparateAccountsDirect_SingleSectorStudentHousing|EUR_SepAccDirect_SSStudHou|Separate accounts investing directly - Single sector student housing||Europe Capital raised|Investor Type and Vehicle Type|||658
q145_3_europe|CURRENCY|EUROPE: Student housing - Separate accounts investing into indirect vehicles|24_31|EUROPE_SeparateAccountsIndirect_SingleSectorStudentHousing|EUR_SepAccIndirect_SSStudHou|Separate accounts investing indirectly - Single sector student housing||Europe Capital raised|Investor Type and Vehicle Type|||659
q145_4_europe|CURRENCY|EUROPE: Student housing - Joint ventures and club deals|24_32|EUROPE_JVs_SingleSectorStudentHousing|EUR_JVs_SSStudHou|Joint ventures and club deals - Single sector student housing||Europe Capital raised|Investor Type and Vehicle Type|||660
q145_5_europe|CURRENCY|EUROPE: Student housing - Funds of funds|24_33|EUROPE_FundsOfFunds_SingleSectorStudentHousing|EUR_FOF_SSStudHou|Funds of funds - Single sector student housing||Europe Capital raised|Investor Type and Vehicle Type|||661
q145_6_europe|CURRENCY|EUROPE: Student housing - Non-listed debt products|24_34|EUROPE_Debt_SingleSectorStudentHousing|EUR_Debt_SSStudHou|Non-listed debt products - Single sector student housing||Europe Capital raised|Investor Type and Vehicle Type|||662
q14ROW5_Total_europe|CURRENCY|EUROPE: TOTAL Student housing |24_35|EUROPE_NonListedVehicles_SingleSectorStudentHousing_Total|EUR_NLV_SSStudHou_Total|Non-listed vehicles total - Single sector student housing||Europe Capital raised|Investor Type and Vehicle Type|||663
q146_1_europe|CURRENCY|EUROPE: Senior living / aged care / health care - Non-listed/ commingled real estate funds/private REITs|24_36|EUROPE_NonListedFunds_SingleSectorSeniorLiving/Agedcare/Healthcare|EUR_NLF_SSSenLiving|Non-listed funds - Single sector senior living/ aged care/ healthcare||Europe Capital raised|Investor Type and Vehicle Type|||664
q146_2_europe|CURRENCY|EUROPE: Senior living / aged care / health care - Separate accounts investing directly into real estate|24_37|EUROPE_SeparateAccountsDirect_SingleSectorSeniorLiving/Agedcare/Healthcare|EUR_SepAccDirect_SSSenLiving|Separate accounts investing directly - Single sector senior living/ aged care/ healthcare||Europe Capital raised|Investor Type and Vehicle Type|||665
q146_3_europe|CURRENCY|EUROPE: Senior living / aged care / health care - Separate accounts investing into indirect vehicles|24_38|EUROPE_SeparateAccountsIndirect_SingleSectorSeniorLiving/Agedcare/Healthcare|EUR_SepAccIndirect_SSSenLiving|Separate accounts investing indirectly - Single sector senior living/ aged care/ healthcare||Europe Capital raised|Investor Type and Vehicle Type|||666
q146_4_europe|CURRENCY|EUROPE: Senior living / aged care / health care - Joint ventures and club deals|24_39|EUROPE_JVs_SingleSectorSeniorLiving/Agedcare/Healthcare|EUR_JVs_SSSenLiving|Joint ventures and club deals - Single sector senior living/ aged care/ healthcare||Europe Capital raised|Investor Type and Vehicle Type|||667
q146_5_europe|CURRENCY|EUROPE: Senior living / aged care / health care - Funds of funds|24_40|EUROPE_FundsOfFunds_SingleSectorSeniorLiving/Agedcare/Healthcare|EUR_FOF_SSSenLiving|Funds of funds - Single sector senior living/ aged care/ healthcare||Europe Capital raised|Investor Type and Vehicle Type|||668
q146_6_europe|CURRENCY|EUROPE: Senior living / aged care / health care - Non-listed debt products|24_41|EUROPE_Debt_SingleSectorSeniorLiving/Agedcare/Healthcare|EUR_Debt_SSSenLiving|Non-listed debt products - Single sector senior living/ aged care/ healthcare||Europe Capital raised|Investor Type and Vehicle Type|||669
q14ROW6_Total_europe|CURRENCY|EUROPE: TOTAL Senior living / aged care / health care|24_42|EUROPE_NonListedVehicles_SingleSectorSeniorLiving/Agedcare/Healthcare_Total|EUR_NLV_SSSenLiving_Total|Non-listed vehicles total - Single sector senior living/ aged care/ healthcare||Europe Capital raised|Investor Type and Vehicle Type|||670
q147_1_europe|CURRENCY|EUROPE: Hotel / leisure - Non-listed/ commingled real estate funds/private REITs|24_43|EUROPE_NonListedFunds_SingleSectorHotel/Leisure|EUR_NLF_SSHot/Lei|Non-listed funds - Single sector hotel/ leisure||Europe Capital raised|Investor Type and Vehicle Type|||671
q147_2_europe|CURRENCY|EUROPE: Hotel / leisure - Separate accounts investing directly into real estate|24_44|EUROPE_SeparateAccountsDirect_SingleSectorHotel/Leisure|EUR_SepAccDirect_SSHot/Lei|Separate accounts investing directly - Single sector hotel/ leisure||Europe Capital raised|Investor Type and Vehicle Type|||672
q147_3_europe|CURRENCY|EUROPE: Hotel / leisure - Separate accounts investing into indirect vehicles|24_45|EUROPE_SeparateAccountsIndirect_SingleSectorHotel/Leisure|EUR_SepAccIndirect_SSHot/Lei|Separate accounts investing indirectly - Single sector hotel/ leisure||Europe Capital raised|Investor Type and Vehicle Type|||673
q147_4_europe|CURRENCY|EUROPE: Hotel / leisure - Joint ventures and club deals|24_46|EUROPE_JVs_SingleSectorHotel/Leisure|EUR_JVs_SSHot/Lei|Joint ventures and club deals - Single sector hotel/ leisure||Europe Capital raised|Investor Type and Vehicle Type|||674
q147_5_europe|CURRENCY|EUROPE: Hotel / leisure - Funds of funds|24_47|EUROPE_FundsOfFunds_SingleSectorHotel/Leisure|EUR_FOF_SSHot/Lei|Funds of funds - Single sector hotel/ leisure||Europe Capital raised|Investor Type and Vehicle Type|||675
q147_6_europe|CURRENCY|EUROPE: Hotel / leisure - Non-listed debt products|24_48|EUROPE_Debt_SingleSectorHotel/Leisure|EUR_Debt_SSHot/Lei|Non-listed debt products - Single sector hotel/ leisure||Europe Capital raised|Investor Type and Vehicle Type|||676
q14ROW7_Total_europe|CURRENCY|EUROPE: TOTAL Hotel / leisure|24_49|EUROPE_NonListedVehicles_SingleSectorHotel/Leisure_Total|EUR_NLV_SSHot/Lei_Total|Non-listed vehicles total - Single sector hotel/ leisure||Europe Capital raised|Investor Type and Vehicle Type|||677
q148_1_europe|CURRENCY|EUROPE: Other (incl land, parking, self storage) - Non-listed/ commingled real estate funds/private REITs|24_50|EUROPE_NonListedFunds_SingleSectorOther|EUR_NLF_SSOther|Non-listed funds - Single sector other||Europe Capital raised|Investor Type and Vehicle Type|||678
q148_2_europe|CURRENCY|EUROPE: Other (incl land, parking, self storage) - Separate accounts investing directly into real estate|24_51|EUROPE_SeparateAccountsDirect_SingleSectorOther|EUR_SepAccDirect_SSOther|Separate accounts investing directly - Single sector other||Europe Capital raised|Investor Type and Vehicle Type|||679
q148_3_europe|CURRENCY|EUROPE: Other (incl land, parking, self storage) - Separate accounts investing into indirect vehicles|24_52|EUROPE_SeparateAccountsIndirect_SingleSectorOther|EUR_SepAccIndirect_SSOther|Separate accounts investing indirectly - Single sector other||Europe Capital raised|Investor Type and Vehicle Type|||680
q148_4_europe|CURRENCY|EUROPE: Other (incl land, parking, self storage) - Joint ventures and club deals|24_53|EUROPE_JVs_SingleSectorOther|EUR_JVs_SSOther|Joint ventures and club deals - Single sector other||Europe Capital raised|Investor Type and Vehicle Type|||681
q148_5_europe|CURRENCY|EUROPE: Other (incl land, parking, self storage) - Funds of funds|24_54|EUROPE_FundsOfFunds_SingleSectorOther|EUR_FOF_SSOther|Funds of funds - Single sector other||Europe Capital raised|Investor Type and Vehicle Type|||682
q148_6_europe|CURRENCY|EUROPE: Other (incl land, parking, self storage) - Non-listed debt products|24_55|EUROPE_Debt_SingleSectorOther|EUR_Debt_SSOther|Non-listed debt products - Single sector other||Europe Capital raised|Investor Type and Vehicle Type|||683
q14ROW8_Total_europe|CURRENCY|EUROPE: TOTAL Other (incl land, parking, self storage)|24_56|EUROPE_NonListedVehicles_SingleSectorOther_Total|EUR_NLV_SSOther_Total|Non-listed vehicles total - Single sector other||Europe Capital raised|Investor Type and Vehicle Type|||684
q14COL1_Total_europe|CURRENCY|EUROPE: TOTAL Non-listed/ commingled real estate funds/private REITs|24_57|EUROPE_NonListedFunds_Singlesector_Total|EUR_NLF_Singlesector_Total|Non-listed funds - Targeted sector total||Europe Capital raised|Investor Type and Vehicle Type|||685
q14COL2_Total_europe|CURRENCY|EUROPE: TOTAL Separate accounts investing directly into real estate|24_58|EUROPE_SeparateAccountsDirect_Singlesector_Total|EUR_SepAccDirect_Singlesector_Total|Separate accounts investing directly - Targeted sector total||Europe Capital raised|Investor Type and Vehicle Type|||686
q14COL3_Total_europe|CURRENCY|EUROPE: TOTAL Separate accounts investing into indirect vehicles|24_59|EUROPE_SeparateAccountsIndirect_Singlesector_Total|EUR_SepAccIndirect_Singlesector_Total|Separate accounts investing indirectly - Targeted sector total||Europe Capital raised|Investor Type and Vehicle Type|||687
q14COL4_Total_europe|CURRENCY|EUROPE: TOTAL Joint ventures and club deals|24_60|EUROPE_JVs_Singlesector_Total|EUR_JVs_Singlesector_Total|Joint ventures and club deals - Targeted sector total||Europe Capital raised|Investor Type and Vehicle Type|||688
q14COL5_Total_europe|CURRENCY|EUROPE: TOTAL Funds of funds|24_61|EUROPE_FundsOfFunds_Singlesector_Total|EUR_FOF_Singlesector_Total|Funds of funds - Targeted sector total||Europe Capital raised|Investor Type and Vehicle Type|||689
q14COL6_Total_europe|CURRENCY|EUROPE: TOTAL Non-listed debt products|24_62|EUROPE_Debt_Singlesector_Total|EUR_Debt_Singlesector_Total|Non-listed debt products - Targeted sector total||Europe Capital raised|Investor Type and Vehicle Type|||690
q14GRANDTotal_europe|CURRENCY|EUROPE: TOTAL Raised by targeted sector|24_63|EUROPE_NonListedVehicles_Singlesector_Total|EUR_NLV_Singlesector_Total|Non-listed vehicles total - Targeted sector total||Europe Capital raised|Investor Type and Vehicle Type|||691
qBothStrategyGRANDTotal_europe|CURRENCY|Total Capital Raised in 2020 for your European strategy (Shown only when BOTH strategies selected in q12)|24_64|EUROPE_NonListedVehicles_MultiSectorSingleSector_Total|EUR_NLV_MSSS_Total|Non-listed vehicles - Multi sector single sector total||Europe Capital raised|Investor Type and Vehicle Type|||692
_europe||For your European strategy*, how much institutional capital did your company raise for Non-listed vehicless in 2020 by investment style (million)? |25|||||||||693
q151_1_europe|CURRENCY|EUROPE: Core / Senior debt - Non-listed/ commingled real estate funds/private REITs|25_1|EUROPE_NonListedFunds_Core/SeniorDebt|EUR_NLF_Core|Non-listed funds - Core/ senior debt||Europe Capital raised|Investor Type and Vehicle Type|||694
q151_2_europe|CURRENCY|EUROPE: Core / Senior debt - Separate accounts investing directly into real estate|25_2|EUROPE_SeparateAccountsDirect_Core/SeniorDebt|EUR_SepAccDirect_Core|Separate accounts investing directly - Core/ senior debt||Europe Capital raised|Investor Type and Vehicle Type|||695
q151_3_europe|CURRENCY|EUROPE: Core / Senior debt - Separate accounts investing into indirect vehicles|25_3|EUROPE_SeparateAccountsIndirect_Core/SeniorDebt|EUR_SepAccIndirect_Core|Separate accounts investing indirectly - Core/ senior debt||Europe Capital raised|Investor Type and Vehicle Type|||696
q151_4_europe|CURRENCY|EUROPE: Core / Senior debt - Joint ventures and club deals|25_4|EUROPE_JVs_Core/SeniorDebt|EUR_JVs_Core|Joint ventures and club deals - Core/ senior debt||Europe Capital raised|Investor Type and Vehicle Type|||697
q151_5_europe|CURRENCY|EUROPE: Core / Senior debt - Funds of funds|25_5|EUROPE_FundsOfFunds_Core/SeniorDebt|EUR_FOF_Core|Funds of funds - Core/ senior debt||Europe Capital raised|Investor Type and Vehicle Type|||698
q151_6_europe|CURRENCY|EUROPE: Core / Senior debt - Non-listed debt products|25_6|EUROPE_Debt_Core/SeniorDebt|EUR_Debt_Core|Non-listed debt products - Core/ senior debt||Europe Capital raised|Investor Type and Vehicle Type|||699
q15ROW1_Total_europe|CURRENCY|EUROPE: TOTAL Core / Senior debt|25_7|EUROPE_NonListedVehicles_Core/SeniorDebt_Total|EUR_NLV_Core_Total|Non-listed vehicles total - Value added/ junior and subordinated debt ||Europe Capital raised|Investor Type and Vehicle Type|||700
q152_1_europe|CURRENCY|EUROPE: Value added / Junior and other subordinated debt - Non-listed/ commingled real estate funds/private REITs|25_8|EUROPE_NonListedFunds_ValueAdded/JuniorAndSubordinatedDebt|EUR_NLF_ValAdd|Non-listed funds - Value added/ junior and subordinated debt ||Europe Capital raised|Investor Type and Vehicle Type|||701
q152_2_europe|CURRENCY|EUROPE: Value added / Junior and other subordinated debt - Separate accounts investing directly into real estate|25_9|EUROPE_SeparateAccountsDirect_ValueAdded/JuniorAndSubordinatedDebt|EUR_SepAccDirect_ValAdd|Separate accounts investing directly - Value added/ junior and subordinated debt ||Europe Capital raised|Investor Type and Vehicle Type|||702
q152_3_europe|CURRENCY|EUROPE: Value added / Junior and other subordinated debt - Separate accounts investing into indirect vehicles|25_10|EUROPE_SeparateAccountsIndirect_ValueAdded/JuniorAndSubordinatedDebt|EUR_SepAccIndirect_ValAdd|Separate accounts investing indirectly - Value added/ junior and subordinated debt ||Europe Capital raised|Investor Type and Vehicle Type|||703
q152_4_europe|CURRENCY|EUROPE: Value added / Junior and other subordinated debt - Joint ventures and club deals|25_11|EUROPE_JVs_ValueAdded/JuniorAndSubordinatedDebt|EUR_JVs_ValAdd|Joint ventures and club deals - Value added/ junior and subordinated debt ||Europe Capital raised|Investor Type and Vehicle Type|||704
q152_5_europe|CURRENCY|EUROPE: Value added / Junior and other subordinated debt - Funds of funds|25_12|EUROPE_FundsOfFunds_ValueAdded/JuniorAndSubordinatedDebt|EUR_FOF_ValAdd|Funds of funds - Value added/ junior and subordinated debt ||Europe Capital raised|Investor Type and Vehicle Type|||705
q152_6_europe|CURRENCY|EUROPE: Value added / Junior and other subordinated debt - Non-listed debt products|25_13|EUROPE_Debt_ValueAdded/JuniorAndSubordinatedDebt|EUR_Debt_ValAdd|Non-listed debt products - Value added/ junior and subordinated debt ||Europe Capital raised|Investor Type and Vehicle Type|||706
q15ROW2_Total_europe|CURRENCY|EUROPE: TOTAL Value added / Junior and other subordinated debt|25_14|EUROPE_NonListedVehicles_ValueAdded/JuniorAndSubordinatedDebt_Total|EUR_NLV_ValAdd_Total|Non-listed vehicles total - Value added/ junior and subordinated debt ||Europe Capital raised|Investor Type and Vehicle Type|||707
q153_1_europe|CURRENCY|EUROPE: Opportunistic / Mezzanine debt - Non-listed/ commingled real estate funds/private REITs|25_15|EUROPE_NonListedFunds_Opportunistic/MezzanineDebt|EUR_NLF_Opp|Non-listed funds - Opportunistic/ mezzanine debt||Europe Capital raised|Investor Type and Vehicle Type|||708
q153_2_europe|CURRENCY|EUROPE: Opportunistic / Mezzanine debt - Separate accounts investing directly into real estate|25_16|EUROPE_SeparateAccountsDirect_Opportunistic/MezzanineDebt|EUR_SepAccDirect_Opp|Separate accounts investing directly - Opportunistic/ mezzanine debt||Europe Capital raised|Investor Type and Vehicle Type|||709
q153_3_europe|CURRENCY|EUROPE: Opportunistic / Mezzanine debt - Separate accounts investing into indirect vehicles|25_17|EUROPE_SeparateAccountsIndirect_Opportunistic/MezzanineDebt|EUR_SepAccIndirect_Opp|Separate accounts investing indirectly - Opportunistic/ mezzanine debt||Europe Capital raised|Investor Type and Vehicle Type|||710
q153_4_europe|CURRENCY|EUROPE: Opportunistic / Mezzanine debt - Joint ventures and club deals|25_18|EUROPE_JVs_Opportunistic/MezzanineDebt|EUR_JVs_Opp|Joint ventures and club deals - Opportunistic/ mezzanine debt||Europe Capital raised|Investor Type and Vehicle Type|||711
q153_5_europe|CURRENCY|EUROPE: Opportunistic / Mezzanine debt - Funds of funds|25_19|EUROPE_FundsOfFunds_Opportunistic/MezzanineDebt|EUR_FOF_Opp|Funds of funds - Opportunistic/ mezzanine debt||Europe Capital raised|Investor Type and Vehicle Type|||712
q153_6_europe|CURRENCY|EUROPE: Opportunistic / Mezzanine debt - Non-listed debt products|25_20|EUROPE_Debt_Opportunistic/MezzanineDebt|EUR_Debt_Opp|Non-listed debt products - Opportunistic/ mezzanine debt||Europe Capital raised|Investor Type and Vehicle Type|||713
q15ROW3_Total_europe|CURRENCY|EUROPE: TOTAL Opportunistic / Mezzanine debt|25_21|EUROPE_NonListedVehicles_Opportunistic/MezzanineDebt_Total|EUR_NLV_Opp_Total|Non-listed vehicles total - Opportunistic/ mezzanine debt||Europe Capital raised|Investor Type and Vehicle Type|||714
q154_1_europe|CURRENCY|EUROPE: Mixed strategies - Non-listed/ commingled real estate funds/private REITs|25_22|EUROPE_NonListedFunds_MixedStrategies|EUR_NLF_Mixed|Non-listed funds - Mixed strategies||Europe Capital raised|Investor Type and Vehicle Type|||715
q154_2_europe|CURRENCY|EUROPE: Mixed strategies - Separate accounts investing directly into real estate|25_23|EUROPE_SeparateAccountsDirect_MixedStrategies|EUR_SepAccDirect_Mixed|Separate accounts investing directly - Mixed strategies||Europe Capital raised|Investor Type and Vehicle Type|||716
q154_3_europe|CURRENCY|EUROPE: Mixed strategies - Separate accounts investing into indirect vehicles|25_24|EUROPE_SeparateAccountsIndirect_MixedStrategies|EUR_SepAccIndirect_Mixed|Separate accounts investing indirectly - Mixed strategies||Europe Capital raised|Investor Type and Vehicle Type|||717
q154_4_europe|CURRENCY|EUROPE: Mixed strategies - Joint ventures and club deals|25_25|EUROPE_JVs_MixedStrategies|EUR_JVs_Mixed|Joint ventures and club deals - Mixed strategies||Europe Capital raised|Investor Type and Vehicle Type|||718
q154_5_europe|CURRENCY|EUROPE: Mixed strategies - Funds of funds|25_26|EUROPE_FundsOfFunds_MixedStrategies|EUR_FOF_Mixed|Funds of funds - Mixed strategies||Europe Capital raised|Investor Type and Vehicle Type|||719
q154_6_europe|CURRENCY|EUROPE: Mixed strategies - Non-listed debt products|25_27|EUROPE_Debt_MixedStrategies|EUR_Debt_Mixed|Non-listed debt products - Mixed strategies||Europe Capital raised|Investor Type and Vehicle Type|||720
q15ROW4_Total_europe|CURRENCY|EUROPE: TOTAL Mixed strategies|25_28|EUROPE_NonListedVehicles_MixedStrategies_Total|EUR_NLV_Mixed_Total|Non-listed vehicles total - Mixed strategies||Europe Capital raised|Investor Type and Vehicle Type|||721
q15COL1_Total_europe|CURRENCY|EUROPE: TOTAL Non-listed/ commingled real estate funds/private REITs|25_29|EUROPE_NonListedFunds_InvestmentStyle_Total|EUR_NLF_IS_Total|Non-listed funds - Investment style total||Europe Capital raised|Investor Type and Vehicle Type|||722
q15COL2_Total_europe|CURRENCY|EUROPE: TOTAL Separate accounts investing directly into real estate|25_30|EUROPE_SeparateAccountsDirect_InvestmentStyle_Total|EUR_SepAccDirect_IS_Total|Separate accounts investing directly - Investment style total||Europe Capital raised|Investor Type and Vehicle Type|||723
q15COL3_Total_europe|CURRENCY|EUROPE: TOTAL Separate accounts investing into indirect vehicles|25_31|EUROPE_SeparateAccountsIndirect_InvestmentStyle_Total|EUR_SepAccIndirect_IS_Total|Separate accounts investing indirectly - Investment style total||Europe Capital raised|Investor Type and Vehicle Type|||724
q15COL4_Total_europe|CURRENCY|EUROPE: TOTAL Joint ventures and club deals|25_32|EUROPE_JVs_InvestmentStyle_Total|EUR_JVs_IS_Total|Joint ventures and club deals - Investment style total||Europe Capital raised|Investor Type and Vehicle Type|||725
q15COL5_Total_europe|CURRENCY|EUROPE: TOTAL Funds of funds|25_33|EUROPE_FundsOfFunds_InvestmentStyle_Total|EUR_FOF_IS_Total|Funds of funds - Investment style total||Europe Capital raised|Investor Type and Vehicle Type|||726
q15COL6_Total_europe|CURRENCY|EUROPE: TOTAL Non-listed debt products|25_34|EUROPE_Debt_InvestmentStyle_Total|EUR_Debt_IS_Total|Non-listed debt products - Investment style total||Europe Capital raised|Investor Type and Vehicle Type|||727
q15GRANDTotal_europe|CURRENCY|EUROPE: Total Capital Raised in 2020 for your European strategy|25_35|EUROPE_NonListedVehicles_InvestmentStyle_Total|EUR_NLV_IS_Total|Non-listed vehicles total - Investment style total||Europe Capital raised|Investor Type and Vehicle Type|||728
NORTH AMERICA_northamerica||||||||||||729
_northamerica||For your North American strategy*, how much institutional capital did your company raise for Non-listed vehicless in 2020 by investor type (million)?|26|||||||||730
q101_1_northamerica|CURRENCY|NA: Pension funds - Non-listed/ commingled real estate funds/private REITs|26_1|NA_PensionFunds_NonListedFunds|NA_PF_NLF|Pension funds - Non-listed fund||NA Capital raised|Investor Type and Vehicle Type|||731
q101_2_northamerica|CURRENCY|NA: Pension funds - Separate accounts investing directly into real estate|26_2|NA_PensionFunds_SeparateAccountsDirect|NA_PF_SepAccDirect|Pension funds - Separate accounts investing directly||NA Capital raised|Investor Type and Vehicle Type|||732
q101_3_northamerica|CURRENCY|NA: Pension funds - Separate accounts investing into indirect vehicles|26_3|NA_PensionFunds_SeparateAccountsIndirect|NA_PF_SepAccIndirect|Pension funds - Separate accounts investing indirectly||NA Capital raised|Investor Type and Vehicle Type|||733
q101_4_northamerica|CURRENCY|NA: Pension funds - Joint ventures and club deals|26_4|NA_PensionFunds_JVs|NA_PF_JVs|Pension funds - Joint ventures and club deals||NA Capital raised|Investor Type and Vehicle Type|||734
q101_5_northamerica|CURRENCY|NA: Pension funds - Funds of funds|26_5|NA_PensionFunds_FundsOfFunds|NA_PF_FOF|Pension funds - Funds of funds||NA Capital raised|Investor Type and Vehicle Type|||735
q101_6_northamerica|CURRENCY|NA: Pension funds - Non-listed debt products|26_6|NA_PensionFunds_Debt|NA_PF_Debt|Pension funds - Non-listed debt products||NA Capital raised|Investor Type and Vehicle Type|||736
q10ROW1_Total_northamerica|CURRENCY|NA: Pension funds - TOTAL|26_7|NA_PensionFunds_VehicleType_Total|NA_PF_VT_Total|Pension funds - Vehicle type total||NA Capital raised|Investor Type and Vehicle Type|||737
q102_1_northamerica|CURRENCY|NA: Insurance companies - Non-listed/ commingled real estate funds/private REITs|26_8|NA_InsuranceCompanies_NonListedFunds|NA_IC_NLF|Insurance companies - Non-listed fund||NA Capital raised|Investor Type and Vehicle Type|||738
q102_2_northamerica|CURRENCY|NA: Insurance companies - Separate accounts investing directly into real estate|26_9|NA_InsuranceCompanies_SeparateAccountsDirect|NA_IC_SepAccDirect|Insurance companies - Separate accounts investing directly||NA Capital raised|Investor Type and Vehicle Type|||739
q102_3_northamerica|CURRENCY|NA: Insurance companies - Separate accounts investing into indirect vehicles|26_10|NA_InsuranceCompanies_SeparateAccountsIndirect|NA_IC_SepAccIndirect|Insurance companies - Separate accounts investing indirectly||NA Capital raised|Investor Type and Vehicle Type|||740
q102_4_northamerica|CURRENCY|NA: Insurance companies - Joint ventures and club deals|26_11|NA_InsuranceCompanies_JVs|NA_IC_JVs|Insurance companies - Joint ventures and club deals||NA Capital raised|Investor Type and Vehicle Type|||741
q102_5_northamerica|CURRENCY|NA: Insurance companies - Funds of funds|26_12|NA_InsuranceCompanies_FundsOfFunds|NA_IC_FOF|Insurance companies - Funds of funds||NA Capital raised|Investor Type and Vehicle Type|||742
q102_6_northamerica|CURRENCY|NA: Insurance companies - Non-listed debt products|26_13|NA_InsuranceCompanies_Debt|NA_IC_Debt|Insurance companies - Non-listed debt products||NA Capital raised|Investor Type and Vehicle Type|||743
q10ROW2_Total_northamerica|CURRENCY|NA: Insurance companies - TOTAL|26_14|NA_InsuranceCompanies_VehicleType_Total|NA_IC_VT_Total|Insurance companies - Vehicle type total||NA Capital raised|Investor Type and Vehicle Type|||744
q103_1_northamerica|CURRENCY|NA: Sovereign wealth funds - Non-listed/ commingled real estate funds/private REITs|26_15|NA_SovereignWealthFunds_NonListedFunds|NA_SWF_NLF|Sovereign wealth funds - Non-listed fund||NA Capital raised|Investor Type and Vehicle Type|||745
q103_2_northamerica|CURRENCY|NA: Sovereign wealth funds - Separate accounts investing directly into real estate|26_16|NA_SovereignWealthFunds_SeparateAccountsDirect|NA_SWF_SepAccDirect|Sovereign wealth funds - Separate accounts investing directly||NA Capital raised|Investor Type and Vehicle Type|||746
q103_3_northamerica|CURRENCY|NA: Sovereign wealth funds - Separate accounts investing into indirect vehicles|26_17|NA_SovereignWealthFunds_SeparateAccountsIndirect|NA_SWF_SepAccIndirect|Sovereign wealth funds - Separate accounts investing indirectly||NA Capital raised|Investor Type and Vehicle Type|||747
q103_4_northamerica|CURRENCY|NA: Sovereign wealth funds - Joint ventures and club deals|26_18|NA_SovereignWealthFunds_JVs|NA_SWF_JVs|Sovereign wealth funds - Joint ventures and club deals||NA Capital raised|Investor Type and Vehicle Type|||748
q103_5_northamerica|CURRENCY|NA: Sovereign wealth funds - Funds of funds|26_19|NA_SovereignWealthFunds_FundsOfFunds|NA_SWF_FOF|Sovereign wealth funds - Funds of funds||NA Capital raised|Investor Type and Vehicle Type|||749
q103_6_northamerica|CURRENCY|NA: Sovereign wealth funds - Non-listed debt products|26_20|NA_SovereignWealthFunds_Debt|NA_SWF_Debt|Sovereign wealth funds - Non-listed debt products||NA Capital raised|Investor Type and Vehicle Type|||750
q10ROW3_Total_northamerica|CURRENCY|NA: Sovereign wealth funds - TOTAL|26_21|NA_SovereignWealthFunds_VehicleType_Total|NA_SWF_VT_Total|Sovereign wealth funds - Vehicle type total||NA Capital raised|Investor Type and Vehicle Type|||751
q104_1_northamerica|CURRENCY|NA: Government institutions - Non-listed/ commingled real estate funds/private REITs|26_22|NA_GovernmentInstitutions_NonListedFunds|NA_GI_NLF|Government institutions - Non-listed fund||NA Capital raised|Investor Type and Vehicle Type|||752
q104_2_northamerica|CURRENCY|NA: Government institutions - Separate accounts investing directly into real estate|26_23|NA_GovernmentInstitutions_SeparateAccountsDirect|NA_GI_SepAccDirect|Government institutions - Separate accounts investing directly||NA Capital raised|Investor Type and Vehicle Type|||753
q104_3_northamerica|CURRENCY|NA: Government institutions - Separate accounts investing into indirect vehicles|26_24|NA_GovernmentInstitutions_SeparateAccountsIndirect|NA_GI_SepAccIndirect|Government institutions - Separate accounts investing indirectly||NA Capital raised|Investor Type and Vehicle Type|||754
q104_4_northamerica|CURRENCY|NA: Government institutions - Joint ventures and club deals|26_25|NA_GovernmentInstitutions_JVs|NA_GI_JVs|Government institutions - Joint ventures and club deals||NA Capital raised|Investor Type and Vehicle Type|||755
q104_5_northamerica|CURRENCY|NA: Government institutions - Funds of funds|26_26|NA_GovernmentInstitutions_FundsOfFunds|NA_GI_FOF|Government institutions - Funds of funds||NA Capital raised|Investor Type and Vehicle Type|||756
q104_6_northamerica|CURRENCY|NA: Government institutions - Non-listed debt products|26_27|NA_GovernmentInstitutions_Debt|NA_GI_Debt|Government institutions - Non-listed debt products||NA Capital raised|Investor Type and Vehicle Type|||757
q10ROW4_Total_northamerica|CURRENCY|NA: Government institutions - TOTAL|26_28|NA_GovernmentInstitutions_VehicleType_Total|NA_GI_VT_Total|Government institutions - Vehicle type total||NA Capital raised|Investor Type and Vehicle Type|||758
q105_1_northamerica|CURRENCY|NA: Charities, foundations, non-profit organisations - Non-listed/ commingled real estate funds/private REITs|26_29|NA_CharitiesFoundationsNonProfitOrganizations_NonListedFunds|NA_CF&NPO_NLF|Charities, foundations & non-profit organisations - Non-listed fund||NA Capital raised|Investor Type and Vehicle Type|||759
q105_2_northamerica|CURRENCY|NA: Charities, foundations, non-profit organisations - Separate accounts investing directly into real estate|26_30|NA_CharitiesFoundationsNonProfitOrganizations_SeparateAccountsDirect|NA_CF&NPO_SepAccDirect|Charities, foundations & non-profit organisations - Separate accounts investing directly||NA Capital raised|Investor Type and Vehicle Type|||760
q105_3_northamerica|CURRENCY|NA: Charities, foundations, non-profit organisations - Separate accounts investing into indirect vehicles|26_31|NA_CharitiesFoundationsNonProfitOrganizations_SeparateAccountsIndirect|NA_CF&NPO_SepAccIndirect|Charities, foundations & non-profit organisations - Separate accounts investing indirectly||NA Capital raised|Investor Type and Vehicle Type|||761
q105_4_northamerica|CURRENCY|NA: Charities, foundations, non-profit organisations - Joint ventures and club deals|26_32|NA_CharitiesFoundationsNonProfitOrganizations_JVs|NA_CF&NPO_JVs|Charities, foundations & non-profit organisations - Joint ventures and club deals||NA Capital raised|Investor Type and Vehicle Type|||762
q105_5_northamerica|CURRENCY|NA: Charities, foundations, non-profit organisations - Funds of funds|26_33|NA_CharitiesFoundationsNonProfitOrganizations_FundsOfFunds|NA_CF&NPO_FOF|Charities, foundations & non-profit organisations - Funds of funds||NA Capital raised|Investor Type and Vehicle Type|||763
q105_6_northamerica|CURRENCY|NA: Charities, foundations, non-profit organisations - Non-listed debt products|26_34|NA_CharitiesFoundationsNonProfitOrganizations_Debt|NA_CF&NPO_Debt|Charities, foundations & non-profit organisations - Non-listed debt products||NA Capital raised|Investor Type and Vehicle Type|||764
q10ROW5_Total_northamerica|CURRENCY|NA: Charities, foundations, non-profit organisations - TOTAL|26_35|NA_CharitiesFoundationsNonProfitOrganizations_VehicleType_Total|NA_CF&NPO_VT_Total|Charities, foundations & non-profit organisations - Vehicle type total||NA Capital raised|Investor Type and Vehicle Type|||765
q106_1_northamerica|CURRENCY|NA: Funds of funds - Non-listed/ commingled real estate funds/private REITs|26_36|NA_FundsOfFunds_NonListedFunds|NA_FOF_NLF|Funds of funds - Non-listed fund||NA Capital raised|Investor Type and Vehicle Type|||766
q106_2_northamerica|CURRENCY|NA: Funds of funds - Separate accounts investing directly into real estate|26_37|NA_FundsOfFunds_SeparateAccountsDirect|NA_FOF_SepAccDirect|Funds of funds - Separate accounts investing directly||NA Capital raised|Investor Type and Vehicle Type|||767
q106_3_northamerica|CURRENCY|NA: Funds of funds - Separate accounts investing into indirect vehicles|26_38|NA_FundsOfFunds_SeparateAccountsIndirect|NA_FOF_SepAccIndirect|Funds of funds - Separate accounts investing indirectly||NA Capital raised|Investor Type and Vehicle Type|||768
q106_4_northamerica|CURRENCY|NA: Funds of funds - Joint ventures and club deals|26_39|NA_FundsOfFunds_JVs|NA_FOF_JVs|Funds of funds - Joint ventures and club deals||NA Capital raised|Investor Type and Vehicle Type|||769
q106_5_northamerica|CURRENCY|NA: Funds of funds - Funds of funds|26_40|NA_FundsOfFunds_FundsOfFunds|NA_FOF_FOF|Funds of funds - Funds of funds||NA Capital raised|Investor Type and Vehicle Type|||770
q106_6_northamerica|CURRENCY|NA: Funds of funds - Non-listed debt products|26_41|NA_FundsOfFunds_Debt|NA_FOF_Debt|Funds of funds - Non-listed debt products||NA Capital raised|Investor Type and Vehicle Type|||771
q10ROW6_Total_northamerica|CURRENCY|NA: Funds of funds - TOTAL|26_42|NA_FundsOfFunds_VehicleType_Total|NA_FOF_VT_Total|Funds of funds - Vehicle type total||NA Capital raised|Investor Type and Vehicle Type|||772
q107_1_northamerica|CURRENCY|NA: High net worth individuals /Family offices - Non-listed/ commingled real estate funds/private REITs|26_43|NA_HighnetWorthIndividualsFamilyOffices_NonListedFunds|NA_HNWI/FO_NLF|Hign net worth individuals/Family offices - Non-listed fund||NA Capital raised|Investor Type and Vehicle Type|||773
q107_2_northamerica|CURRENCY|NA: High net worth individuals /Family offices - Separate accounts investing directly into real estate|26_44|NA_HighnetWorthIndividualsFamilyOffices_SeparateAccountsDirect|NA_HNWI/FO_SepAccDirect|Hign net worth individuals/Family offices - Separate accounts investing directly||NA Capital raised|Investor Type and Vehicle Type|||774
q107_3_northamerica|CURRENCY|NA: High net worth individuals /Family offices - Separate accounts investing into indirect vehicles|26_45|NA_HighnetWorthIndividualsFamilyOffices_SeparateAccountsIndirect|NA_HNWI/FO_SepAccIndirect|Hign net worth individuals/Family offices - Separate accounts investing indirectly||NA Capital raised|Investor Type and Vehicle Type|||775
q107_4_northamerica|CURRENCY|NA: High net worth individuals /Family offices - Joint ventures and club deals|26_46|NA_HighnetWorthIndividualsFamilyOffices_JVs|NA_HNWI/FO_JVs|Hign net worth individuals/Family offices - Joint ventures and club deals||NA Capital raised|Investor Type and Vehicle Type|||776
q107_5_northamerica|CURRENCY|NA: High net worth individuals /Family offices - Funds of funds|26_47|NA_HighnetWorthIndividualsFamilyOffices_FundsOfFunds|NA_HNWI/FO_FOF|Hign net worth individuals/Family offices - Funds of funds||NA Capital raised|Investor Type and Vehicle Type|||777
q107_6_northamerica|CURRENCY|NA: High net worth individuals /Family offices - Non-listed debt products|26_48|NA_HighnetWorthIndividualsFamilyOffices_Debt|NA_HNWI/FO_Debt|Hign net worth individuals/Family offices - Non-listed debt products||NA Capital raised|Investor Type and Vehicle Type|||778
q10ROW7_Total_northamerica|CURRENCY|NA: High net worth individuals /Family offices - TOTAL|26_49|NA_HighnetWorthIndividualsFamilyOffices_VehicleType_Total|NA_HNWI/FO_VT_Total|Hign net worth individuals/Family offices - Vehicle type total||NA Capital raised|Investor Type and Vehicle Type|||779
q10other_northamerica|TEXT|NA: Other investor type (Other)|26_50|NA_OtherInvestorTypetext|NA_OtherITText|Other investor type||NA Capital raised|Investor Type and Vehicle Type|||780
q108_1_northamerica|CURRENCY|NA: Other - Non-listed/ commingled real estate funds/private REITs|26_51|NA_OtherInvestorType_NonListedFunds|NA_OtherIT_NLF|Other investor type - Non-listed fund||NA Capital raised|Investor Type and Vehicle Type|||781
q108_2_northamerica|CURRENCY|NA: Other - Separate accounts investing directly into real estate|26_52|NA_OtherInvestorType_SeparateAccountsDirect|NA_OtherIT_SepAccDirect|Other investor type - Separate accounts investing directly||NA Capital raised|Investor Type and Vehicle Type|||782
q108_3_northamerica|CURRENCY|NA: Other - Separate accounts investing into indirect vehicles|26_53|NA_OtherInvestorType_SeparateAccountsIndirect|NA_OtherIT_SepAccIndirect|Other investor type - Separate accounts investing indirectly||NA Capital raised|Investor Type and Vehicle Type|||783
q108_4_northamerica|CURRENCY|NA: Other - Joint ventures and club deals|26_54|NA_OtherInvestorType_JVs|NA_OtherIT_JVs|Other investor type - Joint ventures and club deals||NA Capital raised|Investor Type and Vehicle Type|||784
q108_5_northamerica|CURRENCY|NA: Other - Funds of funds|26_55|NA_OtherInvestorType_FundsOfFunds|NA_OtherIT_FOF|Other investor type - Funds of funds||NA Capital raised|Investor Type and Vehicle Type|||785
q108_6_northamerica|CURRENCY|NA: Other - Non-listed debt products|26_56|NA_OtherInvestorType_Debt|NA_OtherIT_Debt|Other investor type - Non-listed debt products||NA Capital raised|Investor Type and Vehicle Type|||786
q10ROW8_Total_northamerica|CURRENCY|NA: Other - TOTAL|26_57|NA_OtherInvestorType_VehicleType_Total|NA_OtherIT_VT_Total|Other investor type - Vehicle type total||NA Capital raised|Investor Type and Vehicle Type|||787
q10COL1_Total_northamerica|CURRENCY|NA TOTAL - Non-listed/ commingled real estate funds/private REITs|26_58|NA_InvestorType_NonListedFunds_Total|NA_IT_NLF_Total|Investor type - Non-listed fund total||NA Capital raised|Investor Type and Vehicle Type|||788
q10COL2_Total_northamerica|CURRENCY|NA TOTAL - Separate accounts investing directly into real estate|26_59|NA_InvestorType_SeparateAccountsDirect_Total|NA_IT_SepAccDirect_Total|Investor type - Separate accounts investing directly total||NA Capital raised|Investor Type and Vehicle Type|||789
q10COL3_Total_northamerica|CURRENCY|NA TOTAL - Separate accounts investing into indirect vehicles|26_60|NA_InvestorType_SeparateAccountsIndirect_Total|NA_IT_SepAccIndirect_Total|Investor type - Separate accounts investing indirectly total||NA Capital raised|Investor Type and Vehicle Type|||790
q10COL4_Total_northamerica|CURRENCY|NA TOTAL - Joint ventures and club deals|26_61|NA_InvestorType_JVs_Total|NA_IT_JVs_Total|Investor type - Joint ventures and club deals total||NA Capital raised|Investor Type and Vehicle Type|||791
q10COL5_Total_northamerica|CURRENCY|NA TOTAL - Funds of funds|26_62|NA_InvestorType_FundsOfFunds_Total|NA_IT_FOF_Total|Investor type - Funds of funds total||NA Capital raised|Investor Type and Vehicle Type|||792
q10COL6_Total_northamerica|CURRENCY|NA TOTAL - Non-listed debt products|26_63|NA_InvestorType_Debt_Total|NA_IT_Debt_Total|Investor type - Non-listed debt products total||NA Capital raised|Investor Type and Vehicle Type|||793
q10GRANDTotal_northamerica|CURRENCY|NA TOTAL Capital Raised in 2020 for your North American strategy by investor type|26_64|NA_InvestorType_VehicleType_Total|NA_IT_VT_Total|Investor type - Vehicle type total||NA Capital raised|Investor Type and Vehicle Type|||794
_northamerica||For your North American*, how much institutional capital did your company raise for Non-listed vehicless in 2020 by investor domicile (million)?|27|||||||||795
q111_1_northamerica|CURRENCY|NA: Asia Pacific - Non-listed/ commingled real estate funds/private REITs|27_1|NA_InvestorDomicileAsiaPacific_NonListedFunds|NA_IDAPAC_NLF|Asia Pacific - Non-listed funds||NA Capital raised|Investor Type and Vehicle Type|||796
q111_2_northamerica|CURRENCY|NA: Asia Pacific - Separate accounts investing directly into real estate|27_2|NA_InvestorDomicileAsiaPacific_SeparateAccountsDirect|NA_IDAPAC_SepAccDirect|Asia Pacific - Separate accounts investing directly||NA Capital raised|Investor Type and Vehicle Type|||797
q111_3_northamerica|CURRENCY|NA: Asia Pacific - Separate accounts investing into indirect vehicles|27_3|NA_InvestorDomicileAsiaPacific_SeparateAccountsIndirect|NA_IDAPAC_SepAccIndirect|Asia Pacific - Separate accounts investing indirectly||NA Capital raised|Investor Type and Vehicle Type|||798
q111_4_northamerica|CURRENCY|NA: Asia Pacific - Joint ventures and club deals|27_4|NA_InvestorDomicileAsiaPacific_JVs|NA_IDAPAC_JVs|Asia Pacific - Joint ventures and club deals||NA Capital raised|Investor Type and Vehicle Type|||799
q111_5_northamerica|CURRENCY|NA: Asia Pacific - Funds of funds|27_5|NA_InvestorDomicileAsiaPacific_FundsOfFunds|NA_IDAPAC_FOF|Asia Pacific - Funds of funds||NA Capital raised|Investor Type and Vehicle Type|||800
q111_6_northamerica|CURRENCY|NA: Asia Pacific - Non-listed debt products|27_6|NA_InvestorDomicileAsiaPacific_Debt|NA_IDAPAC_Debt|Asia Pacific - Non-listed debt products||NA Capital raised|Investor Type and Vehicle Type|||801
q11ROW1_Total_northamerica|CURRENCY|NA: Asia Pacific - TOTAL|27_7|NA_InvestorDomicileAsiaPacific_VehicleType_Total|NA_IDAPAC_VT_Total|Asia Pacific - Vehicle type total||NA Capital raised|Investor Type and Vehicle Type|||802
q112_1_northamerica|CURRENCY|NA: Europe - Non-listed/ commingled real estate funds/private REITs|27_8|NA_InvestorDomicileEurope_NonListedFunds|NA_IDEUR_NLF|Europe - Non-listed funds||NA Capital raised|Investor Type and Vehicle Type|||803
q112_2_northamerica|CURRENCY|NA: Europe - Separate accounts investing directly into real estate|27_9|NA_InvestorDomicileEurope_SeparateAccountsDirect|NA_IDEUR_SepAccDirect|Europe - Separate accounts investing directly||NA Capital raised|Investor Type and Vehicle Type|||804
q112_3_northamerica|CURRENCY|NA: Europe - Separate accounts investing into indirect vehicles|27_10|NA_InvestorDomicileEurope_SeparateAccountsIndirect|NA_IDEUR_SepAccIndirect|Europe - Separate accounts investing indirectly||NA Capital raised|Investor Type and Vehicle Type|||805
q112_4_northamerica|CURRENCY|NA: Europe - Joint ventures and club deals|27_11|NA_InvestorDomicileEurope_JVs|NA_IDEUR_JVs|Europe - Joint ventures and club deals||NA Capital raised|Investor Type and Vehicle Type|||806
q112_5_northamerica|CURRENCY|NA: Europe - Funds of funds|27_12|NA_InvestorDomicileEurope_FundsOfFunds|NA_IDEUR_FOF|Europe - Funds of funds||NA Capital raised|Investor Type and Vehicle Type|||807
q112_6_northamerica|CURRENCY|NA: Europe - Non-listed debt products|27_13|NA_InvestorDomicileEurope_Debt|NA_IDEUR_Debt|Europe - Non-listed debt products||NA Capital raised|Investor Type and Vehicle Type|||808
q11ROW2_Total_northamerica|CURRENCY|NA: Europe - TOTAL|27_14|NA_InvestorDomicileEurope_VehicleType_Total|NA_IDEUR_VT_Total|Europe - Vehicle type total||NA Capital raised|Investor Type and Vehicle Type|||809
q113_1_northamerica|CURRENCY|NA: North America - Non-listed/ commingled real estate funds/private REITs|27_15|NA_InvestorDomicileNorthAmerica_NonListedFunds|NA_IDNA_NLF|North America - Non-listed funds||NA Capital raised|Investor Type and Vehicle Type|||810
q113_2_northamerica|CURRENCY|NA: North America - Separate accounts investing directly into real estate|27_16|NA_InvestorDomicileNorthAmerica_SeparateAccountsDirect|NA_IDNA_SepAccDirect|North America - Separate accounts investing directly||NA Capital raised|Investor Type and Vehicle Type|||811
q113_3_northamerica|CURRENCY|NA: North America - Separate accounts investing into indirect vehicles|27_17|NA_InvestorDomicileNorthAmerica_SeparateAccountsIndirect|NA_IDNA_SepAccIndirect|North America - Separate accounts investing indirectly||NA Capital raised|Investor Type and Vehicle Type|||812
q113_4_northamerica|CURRENCY|NA: North America - Joint ventures and club deals|27_18|NA_InvestorDomicileNorthAmerica_JVs|NA_IDNA_JVs|North America - Joint ventures and club deals||NA Capital raised|Investor Type and Vehicle Type|||813
q113_5_northamerica|CURRENCY|NA: North America - Funds of funds|27_19|NA_InvestorDomicileNorthAmerica_FundsOfFunds|NA_IDNA_FOF|North America - Funds of funds||NA Capital raised|Investor Type and Vehicle Type|||814
q113_6_northamerica|CURRENCY|NA: North America - Non-listed debt products|27_20|NA_InvestorDomicileNorthAmerica_Debt|NA_IDNA_Debt|North America - Non-listed debt products||NA Capital raised|Investor Type and Vehicle Type|||815
q11ROW3_Total_northamerica|CURRENCY|NA: North America - TOTAL|27_21|NA_InvestorDomicileNorthAmerica_VehicleType_Total|NA_IDNA_VT_Total|North America - Vehicle type total||NA Capital raised|Investor Type and Vehicle Type|||816
q114_1_northamerica|CURRENCY|NA: South America - Non-listed/ commingled real estate funds/private REITs|27_22|NA_InvestorDomicileSouthAmerica_NonListedFunds|NA_IDSA_NLF|South America - Non-listed funds||NA Capital raised|Investor Type and Vehicle Type|||817
q114_2_northamerica|CURRENCY|NA: South America - Separate accounts investing directly into real estate|27_23|NA_InvestorDomicileSouthAmerica_SeparateAccountsDirect|NA_IDSA_SepAccDirect|South America - Separate accounts investing directly||NA Capital raised|Investor Type and Vehicle Type|||818
q114_3_northamerica|CURRENCY|NA: South America - Separate accounts investing into indirect vehicles|27_24|NA_InvestorDomicileSouthAmerica_SeparateAccountsIndirect|NA_IDSA_SepAccIndirect|South America - Separate accounts investing indirectly||NA Capital raised|Investor Type and Vehicle Type|||819
q114_4_northamerica|CURRENCY|NA: South America - Joint ventures and club deals|27_25|NA_InvestorDomicileSouthAmerica_JVs|NA_IDSA_JVs|South America - Joint ventures and club deals||NA Capital raised|Investor Type and Vehicle Type|||820
q114_5_northamerica|CURRENCY|NA: South America - Funds of funds|27_26|NA_InvestorDomicileSouthAmerica_FundsOfFunds|NA_IDSA_FOF|South America - Funds of funds||NA Capital raised|Investor Type and Vehicle Type|||821
q114_6_northamerica|CURRENCY|NA: South America - Non-listed debt products|27_27|NA_InvestorDomicileSouthAmerica_Debt|NA_IDSA_Debt|South America - Non-listed debt products||NA Capital raised|Investor Type and Vehicle Type|||822
q11ROW4_Total_northamerica|CURRENCY|NA: South America - TOTAL|27_28|NA_InvestorDomicileSouthAmerica_VehicleType_Total|NA_IDSA_VT_Total|South America - Vehicle type total||NA Capital raised|Investor Type and Vehicle Type|||823
q115_1_northamerica|CURRENCY|NA: Africa - Non-listed/ commingled real estate funds/private REITs|27_29|NA_InvestorDomicileAfrica_NonListedFunds|NA_IDAFR_NLF|Africa - Non-listed funds||NA Capital raised|Investor Type and Vehicle Type|||824
q115_2_northamerica|CURRENCY|NA: Africa - Separate accounts investing directly into real estate|27_30|NA_InvestorDomicileAfrica_SeparateAccountsDirect|NA_IDAFR_SepAccDirect|Africa - Separate accounts investing directly||NA Capital raised|Investor Type and Vehicle Type|||825
q115_3_northamerica|CURRENCY|NA: Africa - Separate accounts investing into indirect vehicles|27_31|NA_InvestorDomicileAfrica_SeparateAccountsIndirect|NA_IDAFR_SepAccIndirect|Africa - Separate accounts investing indirectly||NA Capital raised|Investor Type and Vehicle Type|||826
q115_4_northamerica|CURRENCY|NA: Africa - Joint ventures and club deals|27_32|NA_InvestorDomicileAfrica_JVs|NA_IDAFR_JVs|Africa - Joint ventures and club deals||NA Capital raised|Investor Type and Vehicle Type|||827
q115_5_northamerica|CURRENCY|NA: Africa - Funds of funds|27_33|NA_InvestorDomicileAfrica_FundsOfFunds|NA_IDAFR_FOF|Africa - Funds of funds||NA Capital raised|Investor Type and Vehicle Type|||828
q115_6_northamerica|CURRENCY|NA: Africa - Non-listed debt products|27_34|NA_InvestorDomicileAfrica_Debt|NA_IDAFR_Debt|Africa - Non-listed debt products||NA Capital raised|Investor Type and Vehicle Type|||829
q11ROW5_Total_northamerica|CURRENCY|NA: Africa - TOTAL|27_35|NA_InvestorDomicileAfrica_VehicleType_Total|NA_IDAFR_VT_Total|Africa - Vehicle type total||NA Capital raised|Investor Type and Vehicle Type|||830
q11COL1_Total_northamerica|CURRENCY|NA: TOTAL - Non-listed/ commingled real estate funds/private REITs|27_36|NA_InvestorDomicile_NonListedFunds_Total|NA_ID_NLF_Total|Investor domicile total - Non-listed funds||NA Capital raised|Investor Type and Vehicle Type|||831
q11COL2_Total_northamerica|CURRENCY|NA: TOTAL - Separate accounts investing directly into real estate|27_37|NA_InvestorDomicile_SeparateAccountsDirect_Total|NA_ID_SepAccDirect_Total|Investor domicile total - Separate accounts investing directly||NA Capital raised|Investor Type and Vehicle Type|||832
q11COL3_Total_northamerica|CURRENCY|NA: TOTAL - Separate accounts investing into indirect vehicles|27_38|NA_InvestorDomicile_SeparateAccountsIndirect_Total|NA_ID_SepAccIndirect_Total|Investor domicile total - Separate accounts investing indirectly||NA Capital raised|Investor Type and Vehicle Type|||833
q11COL4_Total_northamerica|CURRENCY|NA: TOTAL - Joint ventures and club deals|27_39|NA_InvestorDomicile_JVs_Total|NA_ID_JVs_Total|Investor domicile total - Joint ventures and club deals||NA Capital raised|Investor Type and Vehicle Type|||834
q11COL5_Total_northamerica|CURRENCY|NA: TOTAL - Funds of funds|27_40|NA_InvestorDomicile_FundsOfFunds_Total|NA_ID_FOF_Total|Investor domicile total - Funds of funds||NA Capital raised|Investor Type and Vehicle Type|||835
q11COL6_Total_northamerica|CURRENCY|NA: TOTAL - Non-listed debt products|27_41|NA_InvestorDomicile_Debt_Total|NA_ID_Debt_Total|Investor domicile total - Non-listed debt products||NA Capital raised|Investor Type and Vehicle Type|||836
q11GRANDTotal_northamerica|CURRENCY|NA TOTAL Capital Raised in 2020 for your North American strategy by investor domicile|27_42|NA_InvestorDomicile_VehicleType_Total|NA_ID_VT_Total|Investor domicile total - Vehicle type total||NA Capital raised|Investor Type and Vehicle Type|||837
q12_northamerica|NUMBER|For your North American strategy*, for which sector-strategy did your company raise institutional capital for Non-listed vehicless in 2020?|28|NA_CapitalRaisingActivity_NonListedVehicles_MultiSectorSingleSector|NA_CRact_NLV_MSSS|Non-listed vehicles - Multi sector single sector||NA Capital raised|Investor Type and Vehicle Type|||838
_northamerica||For your North American strategy*, how much institutional capital did your company raise for Non-listed vehicless in 2020 by targeted multi-sector (million)?|29|||||||||839
q131_1_northamerica|CURRENCY|NA: Main sectors - Non-listed/ commingled real estate funds/private REITs|29_1|NA_NonListedFunds_MultiSectorMainSectors|NA_NLF_MSMS|Non-listed funds - Multi sector main sectors||NA Capital raised|Investor Type and Vehicle Type|||840
q131_2_northamerica|CURRENCY|NA: Main sectors - Separate accounts investing directly into real estate|29_2|NA_SeparateAccountsDirect_MultiSectorMainSectors|NA_SepAccDirect_MSMS|Separate accounts investing directly - Multi sector main sectors||NA Capital raised|Investor Type and Vehicle Type|||841
q131_3_northamerica|CURRENCY|NA: Main sectors - Separate accounts investing into indirect vehicles|29_3|NA_SeparateAccountsIndirect_MultiSectorMainSectors|NA_SepAccIndirect_MSMS|Separate accounts investing indirectly - Multi sector main sectors||NA Capital raised|Investor Type and Vehicle Type|||842
q131_4_northamerica|CURRENCY|NA: Main sectors - Joint ventures and club deals|29_4|NA_JVs_MultiSectorMainSectors|NA_JVs_MSMS|Joint ventures and club deals - Multi sector main sectors||NA Capital raised|Investor Type and Vehicle Type|||843
q131_5_northamerica|CURRENCY|NA: Main sectors - Funds of funds|29_5|NA_FundsOfFunds_MultiSectorMainSectors|NA_FOF_MSMS|Funds of funds - Multi sector main sectors||NA Capital raised|Investor Type and Vehicle Type|||844
q131_6_northamerica|CURRENCY|NA: Main sectors - Non-listed debt products|29_6|NA_Debt_MultiSectorMainSectors|NA_Debt_MSMS|Non-listed debt products - Multi sector main sectors||NA Capital raised|Investor Type and Vehicle Type|||845
q13ROW1_Total_northamerica|CURRENCY|NA: TOTAL - Main sectors |29_7|NA_NonListedVehicles_MultiSectorMainSectors_Total|NA_NLV_MSMS_Total|Non-listed vehicles total - Multi sector main sectors||NA Capital raised|Investor Type and Vehicle Type|||846
q132_1_northamerica|CURRENCY|NA:  Alternative sectors - Non-listed/ commingled real estate funds/private REITs|29_8|NA_NonListedFunds_MultiSectorAlternativeSectors|NA_NLF_MSAS|Non-listed funds - Multi sector alternative sectors||NA Capital raised|Investor Type and Vehicle Type|||847
q132_2_northamerica|CURRENCY|NA:  Alternative sectors - Separate accounts investing directly into real estate|29_9|NA_SeparateAccountsDirect_MultiSectorAlternativeSectors|NA_SepAccDirect_MSAS|Separate accounts investing directly - Multi sector alternative sectors||NA Capital raised|Investor Type and Vehicle Type|||848
q132_3_northamerica|CURRENCY|NA:  Alternative sectors - Separate accounts investing into indirect vehicles|29_10|NA_SeparateAccountsIndirect_MultiSectorAlternativeSectors|NA_SepAccIndirect_MSAS|Separate accounts investing indirectly - Multi sector alternative sectors||NA Capital raised|Investor Type and Vehicle Type|||849
q132_4_northamerica|CURRENCY|NA:  Alternative sectors - Joint ventures and club deals|29_11|NA_JVs_MultiSectorAlternativeSectors|NA_JVs_MSAS|Joint ventures and club deals - Multi sector alternative sectors||NA Capital raised|Investor Type and Vehicle Type|||850
q132_5_northamerica|CURRENCY|NA:  Alternative sectors - Funds of funds|29_12|NA_FundsOfFunds_MultiSectorAlternativeSectors|NA_FOF_MSAS|Funds of funds - Multi sector alternative sectors||NA Capital raised|Investor Type and Vehicle Type|||851
q132_6_northamerica|CURRENCY|NA:  Alternative sectors - Non-listed debt products|29_13|NA_Debt_MultiSectorAlternativeSectors|NA_Debt_MSAS|Non-listed debt products - Multi sector alternative sectors||NA Capital raised|Investor Type and Vehicle Type|||852
q13ROW2_Total_northamerica|CURRENCY|NA:  TOTAL - Alternative sectors|29_14|NA_NonListedVehicles_MultiSectorAlternativeSectors_Total|NA_NLV_MSAS_Total|Non-listed vehicles total - Multi sector alternative sectors||NA Capital raised|Investor Type and Vehicle Type|||853
q13COL1_Total_northamerica|CURRENCY|NA: TOTAL - Non-listed/ commingled real estate funds/private REITs|29_15|NA_NonListedFunds_MultiSector_Total|NA_NLF_MS_Total|Non-listed funds - Multi sector||NA Capital raised|Investor Type and Vehicle Type|||854
q13COL2_Total_northamerica|CURRENCY|NA: TOTAL - Separate accounts investing directly into real estate|29_16|NA_SeparateAccountsDirect_MultiSector_Total|NA_SepAccDirect_MS_Total|Separate accounts investing directly - Multi sector||NA Capital raised|Investor Type and Vehicle Type|||855
q13COL3_Total_northamerica|CURRENCY|NA: TOTAL - Separate accounts investing into indirect vehicles|29_17|NA_SeparateAccountsIndirect_MultiSector_Total|NA_SepAccIndirect_MS_Total|Separate accounts investing indirectly - Multi sector||NA Capital raised|Investor Type and Vehicle Type|||856
q13COL4_Total_northamerica|CURRENCY|NA: TOTAL - Joint ventures and club deals|29_18|NA_JVs_MultiSector_Total|NA_JVs_MS_Total|Joint ventures and club deals - Multi sector||NA Capital raised|Investor Type and Vehicle Type|||857
q13COL5_Total_northamerica|CURRENCY|NA: TOTAL - Funds of funds|29_19|NA_FundsOfFunds_MultiSector_Total|NA_FOF_MS_Total|Funds of funds - Multi sector||NA Capital raised|Investor Type and Vehicle Type|||858
q13COL6_Total_northamerica|CURRENCY|NA: TOTAL - Non-listed debt products|29_20|NA_Debt_MultiSector_Total|NA_Debt_MS_Total|Non-listed debt products - Multi sector||NA Capital raised|Investor Type and Vehicle Type|||859
q13GRANDTotal_northamerica|CURRENCY|NA TOTAL Raised by targeted multi-sector|29_21|NA_NonListedVehicles_MultiSector_Total|NA_NLV_MS_Total|Non-listed vehicles total - Multi sector||NA Capital raised|Investor Type and Vehicle Type|||860
_northamerica||For your North American strategy*, how much institutional capital did your company raise for Non-listed vehicless in 2020 by targeted sector (million)?|30|||||||||861
q141_1_northamerica|CURRENCY|NA: Office - Non-listed/ commingled real estate funds/private REITs|30_1|NA_NonListedFunds_SingleSectorOffice|NA_NLF_SSOffice|Non-listed funds - Single sector office||NA Capital raised|Investor Type and Vehicle Type|||862
q141_2_northamerica|CURRENCY|NA: Office - Separate accounts investing directly into real estate|30_2|NA_SeparateAccountsDirect_SingleSectorOffice|NA_SepAccDirect_SSOffice|Separate accounts investing directly - Single sector office||NA Capital raised|Investor Type and Vehicle Type|||863
q141_3_northamerica|CURRENCY|NA: Office - Separate accounts investing into indirect vehicles|30_3|NA_SeparateAccountsIndirect_SingleSectorOffice|NA_SepAccIndirect_SSOffice|Separate accounts investing indirectly - Single sector office||NA Capital raised|Investor Type and Vehicle Type|||864
q141_4_northamerica|CURRENCY|NA: Office - Joint ventures and club deals|30_4|NA_JVs_SingleSectorOffice|NA_JVs_SSOffice|Joint ventures and club deals - Single sector office||NA Capital raised|Investor Type and Vehicle Type|||865
q141_5_northamerica|CURRENCY|NA: Office - Funds of funds|30_5|NA_FundsOfFunds_SingleSectorOffice|NA_FOF_SSOffice|Funds of funds - Single sector office||NA Capital raised|Investor Type and Vehicle Type|||866
q141_6_northamerica|CURRENCY|NA: Office - Non-listed debt products|30_6|NA_Debt_SingleSectorOffice|NA_Debt_SSOffice|Non-listed debt products - Single sector office||NA Capital raised|Investor Type and Vehicle Type|||867
q14ROW1_Total_northamerica|CURRENCY|NA: TOTAL Office|30_7|NA_NonListedVehicles_SingleSectorOffice_Total|NA_NLV_SSOffice_Total|Non-listed vehicles total - Single sector office||NA Capital raised|Investor Type and Vehicle Type|||868
q142_1_northamerica|CURRENCY|NA: Retail - Non-listed/ commingled real estate funds/private REITs|30_8|NA_NonListedFunds_SingleSectorRetail|NA_NLF_SSRetail|Non-listed funds - Single sector retail||NA Capital raised|Investor Type and Vehicle Type|||869
q142_2_northamerica|CURRENCY|NA: Retail - Separate accounts investing directly into real estate|30_9|NA_SeparateAccountsDirect_SingleSectorRetail|NA_SepAccDirect_SSRetail|Separate accounts investing directly - Single sector retail||NA Capital raised|Investor Type and Vehicle Type|||870
q142_3_northamerica|CURRENCY|NA: Retail - Separate accounts investing into indirect vehicles|30_10|NA_SeparateAccountsIndirect_SingleSectorRetail|NA_SepAccIndirect_SSRetail|Separate accounts investing indirectly - Single sector retail||NA Capital raised|Investor Type and Vehicle Type|||871
q142_4_northamerica|CURRENCY|NA: Retail - Joint ventures and club deals|30_11|NA_JVs_SingleSectorRetail|NA_JVs_SSRetail|Joint ventures and club deals - Single sector retail||NA Capital raised|Investor Type and Vehicle Type|||872
q142_5_northamerica|CURRENCY|NA: Retail - Funds of funds|30_12|NA_FundsOfFunds_SingleSectorRetail|NA_FOF_SSRetail|Funds of funds - Single sector retail||NA Capital raised|Investor Type and Vehicle Type|||873
q142_6_northamerica|CURRENCY|Non-listed debt products|30_13|NA_Debt_SingleSectorRetail|NA_Debt_SSRetail|Non-listed debt products - Single sector retail||NA Capital raised|Investor Type and Vehicle Type|||874
q14ROW2_Total_northamerica|CURRENCY|NA: TOTAL Retail|30_14|NA_NonListedVehicles_SingleSectorRetail_Total|NA_NLV_SSRetail_Total|Non-listed vehicles total - Single sector retail||NA Capital raised|Investor Type and Vehicle Type|||875
q143_1_northamerica|CURRENCY|NA: Industrial / logistics - Non-listed/ commingled real estate funds/private REITs|30_15|NA_NonListedFunds_SingleSectorIndustrial/Logistics|NA_NLF_SSInd/Log|Non-listed funds - Single sector industrial/logistics||NA Capital raised|Investor Type and Vehicle Type|||876
q143_2_northamerica|CURRENCY|NA: Industrial / logistics - Separate accounts investing directly into real estate|30_16|NA_SeparateAccountsDirect_SingleSectorIndustrial/Logistics|NA_SepAccDirect_SSInd/Log|Separate accounts investing directly - Single sector industrial/logistics||NA Capital raised|Investor Type and Vehicle Type|||877
q143_3_northamerica|CURRENCY|NA: Industrial / logistics - Separate accounts investing into indirect vehicles|30_17|NA_SeparateAccountsIndirect_SingleSectorIndustrial/Logistics|NA_SepAccIndirect_SSInd/Log|Separate accounts investing indirectly - Single sector industrial/logistics||NA Capital raised|Investor Type and Vehicle Type|||878
q143_4_northamerica|CURRENCY|NA: Industrial / logistics - Joint ventures and club deals|30_18|NA_JVs_SingleSectorIndustrial/Logistics|NA_JVs_SSInd/Log|Joint ventures and club deals - Single sector industrial/logistics||NA Capital raised|Investor Type and Vehicle Type|||879
q143_5_northamerica|CURRENCY|NA: Industrial / logistics - Funds of funds|30_19|NA_FundsOfFunds_SingleSectorIndustrial/Logistics|NA_FOF_SSInd/Log|Funds of funds - Single sector industrial/logistics||NA Capital raised|Investor Type and Vehicle Type|||880
q143_6_northamerica|CURRENCY|NA: Industrial / logistics - Non-listed debt products|30_20|NA_Debt_SingleSectorIndustrial/Logistics|NA_Debt_SSInd/Log|Non-listed debt products - Single sector industrial/logistics||NA Capital raised|Investor Type and Vehicle Type|||881
q14ROW3_Total_northamerica|CURRENCY|NA: TOTAL Industrial / logistics|30_21|NA_NonListedVehicles_SingleSectorIndustrial/Logistics_Total|NA_NLV_SSInd/Log_Total|Non-listed vehicles total - Single sector industrial/logistics||NA Capital raised|Investor Type and Vehicle Type|||882
q144_1_northamerica|CURRENCY|NA: Residential / multi-family/apartments - Non-listed/ commingled real estate funds/private REITs|30_22|NA_NonListedFunds_SingleSectorResidential/Multifamily/Apartments|NA_NLF_SSResidential|Non-listed funds - Single sector residential/multifamily/ apartment||NA Capital raised|Investor Type and Vehicle Type|||883
q144_2_northamerica|CURRENCY|NA: Residential / multi-family/apartments - Separate accounts investing directly into real estate|30_23|NA_SeparateAccountsDirect_SingleSectorResidential/Multifamily/Apartments|NA_SepAccDirect_SSResidential|Separate accounts investing directly - Single sector residential/multifamily/ apartment||NA Capital raised|Investor Type and Vehicle Type|||884
q144_3_northamerica|CURRENCY|NA: Residential / multi-family/apartments - Separate accounts investing into indirect vehicles|30_24|NA_SeparateAccountsIndirect_SingleSectorResidential/Multifamily/Apartments|NA_SepAccIndirect_SSResidential|Separate accounts investing indirectly - Single sector residential/multifamily/ apartment||NA Capital raised|Investor Type and Vehicle Type|||885
q144_4_northamerica|CURRENCY|NA: Residential / multi-family/apartments - Joint ventures and club deals|30_25|NA_JVs_SingleSectorResidential/Multifamily/Apartments|NA_JVs_SSResidential|Joint ventures and club deals - Single sector residential/multifamily/ apartment||NA Capital raised|Investor Type and Vehicle Type|||886
q144_5_northamerica|CURRENCY|NA: Residential / multi-family/apartments - Funds of funds|30_26|NA_FundsOfFunds_SingleSectorResidential/Multifamily/Apartments|NA_FOF_SSResidential|Funds of funds - Single sector residential/multifamily/ apartment||NA Capital raised|Investor Type and Vehicle Type|||887
q144_6_northamerica|CURRENCY|NA: Residential / multi-family/apartments - Non-listed debt products|30_27|NA_Debt_SingleSectorResidential/Multifamily/Apartments|NA_Debt_SSResidential|Non-listed debt products - Single sector residential/multifamily/ apartment||NA Capital raised|Investor Type and Vehicle Type|||888
q14ROW4_Total_northamerica|CURRENCY|NA: TOTAL Residential / multi-family/apartments|30_28|NA_NonListedVehicles_SingleSectorResidential/Multifamily/Apartments_Total|NA_NLV_SSResidential_Total|Non-listed vehicles total - Single sector residential/multifamily/ apartment||NA Capital raised|Investor Type and Vehicle Type|||889
q145_1_northamerica|CURRENCY|NA: Student housing - Non-listed/ commingled real estate funds/private REITs|30_29|NA_NonListedFunds_SingleSectorStudentHousing|NA_NLF_SSStudHou|Non-listed funds - Single sector student housing||NA Capital raised|Investor Type and Vehicle Type|||890
q145_2_northamerica|CURRENCY|NA: Student housing - Separate accounts investing directly into real estate|30_30|NA_SeparateAccountsDirect_SingleSectorStudentHousing|NA_SepAccDirect_SSStudHou|Separate accounts investing directly - Single sector student housing||NA Capital raised|Investor Type and Vehicle Type|||891
q145_3_northamerica|CURRENCY|NA: Student housing - Separate accounts investing into indirect vehicles|30_31|NA_SeparateAccountsIndirect_SingleSectorStudentHousing|NA_SepAccIndirect_SSStudHou|Separate accounts investing indirectly - Single sector student housing||NA Capital raised|Investor Type and Vehicle Type|||892
q145_4_northamerica|CURRENCY|NA: Student housing - Joint ventures and club deals|30_32|NA_JVs_SingleSectorStudentHousing|NA_JVs_SSStudHou|Joint ventures and club deals - Single sector student housing||NA Capital raised|Investor Type and Vehicle Type|||893
q145_5_northamerica|CURRENCY|NA: Student housing - Funds of funds|30_33|NA_FundsOfFunds_SingleSectorStudentHousing|NA_FOF_SSStudHou|Funds of funds - Single sector student housing||NA Capital raised|Investor Type and Vehicle Type|||894
q145_6_northamerica|CURRENCY|NA: Student housing - Non-listed debt products|30_34|NA_Debt_SingleSectorStudentHousing|NA_Debt_SSStudHou|Non-listed debt products - Single sector student housing||NA Capital raised|Investor Type and Vehicle Type|||895
q14ROW5_Total_northamerica|CURRENCY|NA: TOTAL Student housing |30_35|NA_NonListedVehicles_SingleSectorStudentHousing_Total|NA_NLV_SSStudHou_Total|Non-listed vehicles total - Single sector student housing||NA Capital raised|Investor Type and Vehicle Type|||896
q146_1_northamerica|CURRENCY|NA: Senior living / aged care / health care - Non-listed/ commingled real estate funds/private REITs|30_36|NA_NonListedFunds_SingleSectorSeniorLiving/Agedcare/Healthcare|NA_NLF_SSSenLiving|Non-listed funds - Single sector senior living/ aged care/ healthcare||NA Capital raised|Investor Type and Vehicle Type|||897
q146_2_northamerica|CURRENCY|NA: Senior living / aged care / health care - Separate accounts investing directly into real estate|30_37|NA_SeparateAccountsDirect_SingleSectorSeniorLiving/Agedcare/Healthcare|NA_SepAccDirect_SSSenLiving|Separate accounts investing directly - Single sector senior living/ aged care/ healthcare||NA Capital raised|Investor Type and Vehicle Type|||898
q146_3_northamerica|CURRENCY|NA: Senior living / aged care / health care - Separate accounts investing into indirect vehicles|30_38|NA_SeparateAccountsIndirect_SingleSectorSeniorLiving/Agedcare/Healthcare|NA_SepAccIndirect_SSSenLiving|Separate accounts investing indirectly - Single sector senior living/ aged care/ healthcare||NA Capital raised|Investor Type and Vehicle Type|||899
q146_4_northamerica|CURRENCY|NA: Senior living / aged care / health care - Joint ventures and club deals|30_39|NA_JVs_SingleSectorSeniorLiving/Agedcare/Healthcare|NA_JVs_SSSenLiving|Joint ventures and club deals - Single sector senior living/ aged care/ healthcare||NA Capital raised|Investor Type and Vehicle Type|||900
q146_5_northamerica|CURRENCY|NA: Senior living / aged care / health care - Funds of funds|30_40|NA_FundsOfFunds_SingleSectorSeniorLiving/Agedcare/Healthcare|NA_FOF_SSSenLiving|Funds of funds - Single sector senior living/ aged care/ healthcare||NA Capital raised|Investor Type and Vehicle Type|||901
q146_6_northamerica|CURRENCY|NA: Senior living / aged care / health care - Non-listed debt products|30_41|NA_Debt_SingleSectorSeniorLiving/Agedcare/Healthcare|NA_Debt_SSSenLiving|Non-listed debt products - Single sector senior living/ aged care/ healthcare||NA Capital raised|Investor Type and Vehicle Type|||902
q14ROW6_Total_northamerica|CURRENCY|NA: TOTAL Senior living / aged care / health care|30_42|NA_NonListedVehicles_SingleSectorSeniorLiving/Agedcare/Healthcare_Total|NA_NLV_SSSenLiving_Total|Non-listed vehicles total - Single sector senior living/ aged care/ healthcare||NA Capital raised|Investor Type and Vehicle Type|||903
q147_1_northamerica|CURRENCY|NA: Hotel / leisure - Non-listed/ commingled real estate funds/private REITs|30_43|NA_NonListedFunds_SingleSectorHotel/Leisure|NA_NLF_SSHot/Lei|Non-listed funds - Single sector hotel/ leisure||NA Capital raised|Investor Type and Vehicle Type|||904
q147_2_northamerica|CURRENCY|NA: Hotel / leisure - Separate accounts investing directly into real estate|30_44|NA_SeparateAccountsDirect_SingleSectorHotel/Leisure|NA_SepAccDirect_SSHot/Lei|Separate accounts investing directly - Single sector hotel/ leisure||NA Capital raised|Investor Type and Vehicle Type|||905
q147_3_northamerica|CURRENCY|NA: Hotel / leisure - Separate accounts investing into indirect vehicles|30_45|NA_SeparateAccountsIndirect_SingleSectorHotel/Leisure|NA_SepAccIndirect_SSHot/Lei|Separate accounts investing indirectly - Single sector hotel/ leisure||NA Capital raised|Investor Type and Vehicle Type|||906
q147_4_northamerica|CURRENCY|NA: Hotel / leisure - Joint ventures and club deals|30_46|NA_JVs_SingleSectorHotel/Leisure|NA_JVs_SSHot/Lei|Joint ventures and club deals - Single sector hotel/ leisure||NA Capital raised|Investor Type and Vehicle Type|||907
q147_5_northamerica|CURRENCY|NA: Hotel / leisure - Funds of funds|30_47|NA_FundsOfFunds_SingleSectorHotel/Leisure|NA_FOF_SSHot/Lei|Funds of funds - Single sector hotel/ leisure||NA Capital raised|Investor Type and Vehicle Type|||908
q147_6_northamerica|CURRENCY|NA: Hotel / leisure - Non-listed debt products|30_48|NA_Debt_SingleSectorHotel/Leisure|NA_Debt_SSHot/Lei|Non-listed debt products - Single sector hotel/ leisure||NA Capital raised|Investor Type and Vehicle Type|||909
q14ROW7_Total_northamerica|CURRENCY|NA: TOTAL Hotel / leisure|30_49|NA_NonListedVehicles_SingleSectorHotel/Leisure_Total|NA_NLV_SSHot/Lei_Total|Non-listed vehicles total - Single sector hotel/ leisure||NA Capital raised|Investor Type and Vehicle Type|||910
q148_1_northamerica|CURRENCY|NA: Other (incl land, parking, self storage) - Non-listed/ commingled real estate funds/private REITs|30_50|NA_NonListedFunds_SingleSectorOther|NA_NLF_SSOther|Non-listed funds - Single sector other||NA Capital raised|Investor Type and Vehicle Type|||911
q148_2_northamerica|CURRENCY|NA: Other (incl land, parking, self storage) - Separate accounts investing directly into real estate|30_51|NA_SeparateAccountsDirect_SingleSectorOther|NA_SepAccDirect_SSOther|Separate accounts investing directly - Single sector other||NA Capital raised|Investor Type and Vehicle Type|||912
q148_3_northamerica|CURRENCY|NA: Other (incl land, parking, self storage) - Separate accounts investing into indirect vehicles|30_52|NA_SeparateAccountsIndirect_SingleSectorOther|NA_SepAccIndirect_SSOther|Separate accounts investing indirectly - Single sector other||NA Capital raised|Investor Type and Vehicle Type|||913
q148_4_northamerica|CURRENCY|NA: Other (incl land, parking, self storage) - Joint ventures and club deals|30_53|NA_JVs_SingleSectorOther|NA_JVs_SSOther|Joint ventures and club deals - Single sector other||NA Capital raised|Investor Type and Vehicle Type|||914
q148_5_northamerica|CURRENCY|NA: Other (incl land, parking, self storage) - Funds of funds|30_54|NA_FundsOfFunds_SingleSectorOther|NA_FOF_SSOther|Funds of funds - Single sector other||NA Capital raised|Investor Type and Vehicle Type|||915
q148_6_northamerica|CURRENCY|NA: Other (incl land, parking, self storage) - Non-listed debt products|30_55|NA_Debt_SingleSectorOther|NA_Debt_SSOther|Non-listed debt products - Single sector other||NA Capital raised|Investor Type and Vehicle Type|||916
q14ROW8_Total_northamerica|CURRENCY|NA: TOTAL Other (incl land, parking, self storage)|30_56|NA_NonListedVehicles_SingleSectorOther_Total|NA_NLV_SSOther_Total|Non-listed vehicles total - Single sector other||NA Capital raised|Investor Type and Vehicle Type|||917
q14COL1_Total_northamerica|CURRENCY|NA: TOTAL Non-listed/ commingled real estate funds/private REITs|30_57|NA_NonListedFunds_Singlesector_Total|NA_NLF_Singlesector_Total|Non-listed funds - Targeted sector total||NA Capital raised|Investor Type and Vehicle Type|||918
q14COL2_Total_northamerica|CURRENCY|NA: TOTAL Separate accounts investing directly into real estate|30_58|NA_SeparateAccountsDirect_Singlesector_Total|NA_SepAccDirect_Singlesector_Total|Separate accounts investing directly - Targeted sector total||NA Capital raised|Investor Type and Vehicle Type|||919
q14COL3_Total_northamerica|CURRENCY|NA: TOTAL Separate accounts investing into indirect vehicles|30_59|NA_SeparateAccountsIndirect_Singlesector_Total|NA_SepAccIndirect_Singlesector_Total|Separate accounts investing indirectly - Targeted sector total||NA Capital raised|Investor Type and Vehicle Type|||920
q14COL4_Total_northamerica|CURRENCY|NA: TOTAL Joint ventures and club deals|30_60|NA_JVs_Singlesector_Total|NA_JVs_Singlesector_Total|Joint ventures and club deals - Targeted sector total||NA Capital raised|Investor Type and Vehicle Type|||921
q14COL5_Total_northamerica|CURRENCY|NA: TOTAL Funds of funds|30_61|NA_FundsOfFunds_Singlesector_Total|NA_FOF_Singlesector_Total|Funds of funds - Targeted sector total||NA Capital raised|Investor Type and Vehicle Type|||922
q14COL6_Total_northamerica|CURRENCY|NA: TOTAL Non-listed debt products|30_62|NA_Debt_Singlesector_Total|NA_Debt_Singlesector_Total|Non-listed debt products - Targeted sector total||NA Capital raised|Investor Type and Vehicle Type|||923
q14GRANDTotal_northamerica|CURRENCY|NA: TOTAL Raised by targeted sector|30_63|NA_NonListedVehicles_Singlesector_Total|NA_NLV_Singlesector_Total|Non-listed vehicles total - Targeted sector total||NA Capital raised|Investor Type and Vehicle Type|||924
qBothStrategyGRANDTotal_northamerica|CURRENCY|Total Capital Raised in 2020 for your North American strategy (Shown only when BOTH strategies selected in q12)|30_64|NA_NonListedVehicles_MultiSectorSingleSector_Total|NA_NLV_MSSS_Total|Non-listed vehicles - Multi sector single sector total||NA Capital raised|Investor Type and Vehicle Type|||925
_northamerica||For your North American strategy*, how much institutional capital did your company raise for Non-listed vehicless in 2020 by investment style (million)? |31|||||||||926
q151_1_northamerica|CURRENCY|NA: Core / Senior debt - Non-listed/ commingled real estate funds/private REITs|31_1|NA_NonListedFunds_Core/SeniorDebt|NA_NLF_Core|Non-listed funds - Core/ senior debt||NA Capital raised|Investor Type and Vehicle Type|||927
q151_2_northamerica|CURRENCY|NA: Core / Senior debt - Separate accounts investing directly into real estate|31_2|NA_SeparateAccountsDirect_Core/SeniorDebt|NA_SepAccDirect_Core|Separate accounts investing directly - Core/ senior debt||NA Capital raised|Investor Type and Vehicle Type|||928
q151_3_northamerica|CURRENCY|NA: Core / Senior debt - Separate accounts investing into indirect vehicles|31_3|NA_SeparateAccountsIndirect_Core/SeniorDebt|NA_SepAccIndirect_Core|Separate accounts investing indirectly - Core/ senior debt||NA Capital raised|Investor Type and Vehicle Type|||929
q151_4_northamerica|CURRENCY|NA: Core / Senior debt - Joint ventures and club deals|31_4|NA_JVs_Core/SeniorDebt|NA_JVs_Core|Joint ventures and club deals - Core/ senior debt||NA Capital raised|Investor Type and Vehicle Type|||930
q151_5_northamerica|CURRENCY|NA: Core / Senior debt - Funds of funds|31_5|NA_FundsOfFunds_Core/SeniorDebt|NA_FOF_Core|Funds of funds - Core/ senior debt||NA Capital raised|Investor Type and Vehicle Type|||931
q151_6_northamerica|CURRENCY|NA: Core / Senior debt - Non-listed debt products|31_6|NA_Debt_Core/SeniorDebt|NA_Debt_Core|Non-listed debt products - Core/ senior debt||NA Capital raised|Investor Type and Vehicle Type|||932
q15ROW1_Total_northamerica|CURRENCY|NA: TOTAL Core / Senior debt|31_7|NA_NonListedVehicles_Core/SeniorDebt_Total|NA_NLV_Core_Total|Non-listed vehicles total - Value added/ junior and subordinated debt ||NA Capital raised|Investor Type and Vehicle Type|||933
q152_1_northamerica|CURRENCY|NA: Value added / Junior and other subordinated debt - Non-listed/ commingled real estate funds/private REITs|31_8|NA_NonListedFunds_ValueAdded/JuniorAndSubordinatedDebt|NA_NLF_ValAdd|Non-listed funds - Value added/ junior and subordinated debt ||NA Capital raised|Investor Type and Vehicle Type|||934
q152_2_northamerica|CURRENCY|NA: Value added / Junior and other subordinated debt - Separate accounts investing directly into real estate|31_9|NA_SeparateAccountsDirect_ValueAdded/JuniorAndSubordinatedDebt|NA_SepAccDirect_ValAdd|Separate accounts investing directly - Value added/ junior and subordinated debt ||NA Capital raised|Investor Type and Vehicle Type|||935
q152_3_northamerica|CURRENCY|NA: Value added / Junior and other subordinated debt - Separate accounts investing into indirect vehicles|31_10|NA_SeparateAccountsIndirect_ValueAdded/JuniorAndSubordinatedDebt|NA_SepAccIndirect_ValAdd|Separate accounts investing indirectly - Value added/ junior and subordinated debt ||NA Capital raised|Investor Type and Vehicle Type|||936
q152_4_northamerica|CURRENCY|NA: Value added / Junior and other subordinated debt - Joint ventures and club deals|31_11|NA_JVs_ValueAdded/JuniorAndSubordinatedDebt|NA_JVs_ValAdd|Joint ventures and club deals - Value added/ junior and subordinated debt ||NA Capital raised|Investor Type and Vehicle Type|||937
q152_5_northamerica|CURRENCY|NA: Value added / Junior and other subordinated debt - Funds of funds|31_12|NA_FundsOfFunds_ValueAdded/JuniorAndSubordinatedDebt|NA_FOF_ValAdd|Funds of funds - Value added/ junior and subordinated debt ||NA Capital raised|Investor Type and Vehicle Type|||938
q152_6_northamerica|CURRENCY|NA: Value added / Junior and other subordinated debt - Non-listed debt products|31_13|NA_Debt_ValueAdded/JuniorAndSubordinatedDebt|NA_Debt_ValAdd|Non-listed debt products - Value added/ junior and subordinated debt ||NA Capital raised|Investor Type and Vehicle Type|||939
q15ROW2_Total_northamerica|CURRENCY|NA: TOTAL Value added / Junior and other subordinated debt|31_14|NA_NonListedVehicles_ValueAdded/JuniorAndSubordinatedDebt_Total|NA_NLV_ValAdd_Total|Non-listed vehicles total - Value added/ junior and subordinated debt ||NA Capital raised|Investor Type and Vehicle Type|||940
q153_1_northamerica|CURRENCY|NA: Opportunistic / Mezzanine debt - Non-listed/ commingled real estate funds/private REITs|31_15|NA_NonListedFunds_Opportunistic/MezzanineDebt|NA_NLF_Opp|Non-listed funds - Opportunistic/ mezzanine debt||NA Capital raised|Investor Type and Vehicle Type|||941
q153_2_northamerica|CURRENCY|NA: Opportunistic / Mezzanine debt - Separate accounts investing directly into real estate|31_16|NA_SeparateAccountsDirect_Opportunistic/MezzanineDebt|NA_SepAccDirect_Opp|Separate accounts investing directly - Opportunistic/ mezzanine debt||NA Capital raised|Investor Type and Vehicle Type|||942
q153_3_northamerica|CURRENCY|NA: Opportunistic / Mezzanine debt - Separate accounts investing into indirect vehicles|31_17|NA_SeparateAccountsIndirect_Opportunistic/MezzanineDebt|NA_SepAccIndirect_Opp|Separate accounts investing indirectly - Opportunistic/ mezzanine debt||NA Capital raised|Investor Type and Vehicle Type|||943
q153_4_northamerica|CURRENCY|NA: Opportunistic / Mezzanine debt - Joint ventures and club deals|31_18|NA_JVs_Opportunistic/MezzanineDebt|NA_JVs_Opp|Joint ventures and club deals - Opportunistic/ mezzanine debt||NA Capital raised|Investor Type and Vehicle Type|||944
q153_5_northamerica|CURRENCY|NA: Opportunistic / Mezzanine debt - Funds of funds|31_19|NA_FundsOfFunds_Opportunistic/MezzanineDebt|NA_FOF_Opp|Funds of funds - Opportunistic/ mezzanine debt||NA Capital raised|Investor Type and Vehicle Type|||945
q153_6_northamerica|CURRENCY|NA: Opportunistic / Mezzanine debt - Non-listed debt products|31_20|NA_Debt_Opportunistic/MezzanineDebt|NA_Debt_Opp|Non-listed debt products - Opportunistic/ mezzanine debt||NA Capital raised|Investor Type and Vehicle Type|||946
q15ROW3_Total_northamerica|CURRENCY|NA: TOTAL Opportunistic / Mezzanine debt|31_21|NA_NonListedVehicles_Opportunistic/MezzanineDebt_Total|NA_NLV_Opp_Total|Non-listed vehicles total - Opportunistic/ mezzanine debt||NA Capital raised|Investor Type and Vehicle Type|||947
q154_1_northamerica|CURRENCY|NA: Mixed strategies - Non-listed/ commingled real estate funds/private REITs|31_22|NA_NonListedFunds_MixedStrategies|NA_NLF_Mixed|Non-listed funds - Mixed strategies||NA Capital raised|Investor Type and Vehicle Type|||948
q154_2_northamerica|CURRENCY|NA: Mixed strategies - Separate accounts investing directly into real estate|31_23|NA_SeparateAccountsDirect_MixedStrategies|NA_SepAccDirect_Mixed|Separate accounts investing directly - Mixed strategies||NA Capital raised|Investor Type and Vehicle Type|||949
q154_3_northamerica|CURRENCY|NA: Mixed strategies - Separate accounts investing into indirect vehicles|31_24|NA_SeparateAccountsIndirect_MixedStrategies|NA_SepAccIndirect_Mixed|Separate accounts investing indirectly - Mixed strategies||NA Capital raised|Investor Type and Vehicle Type|||950
q154_4_northamerica|CURRENCY|NA: Mixed strategies - Joint ventures and club deals|31_25|NA_JVs_MixedStrategies|NA_JVs_Mixed|Joint ventures and club deals - Mixed strategies||NA Capital raised|Investor Type and Vehicle Type|||951
q154_5_northamerica|CURRENCY|NA: Mixed strategies - Funds of funds|31_26|NA_FundsOfFunds_MixedStrategies|NA_FOF_Mixed|Funds of funds - Mixed strategies||NA Capital raised|Investor Type and Vehicle Type|||952
q154_6_northamerica|CURRENCY|NA: Mixed strategies - Non-listed debt products|31_27|NA_Debt_MixedStrategies|NA_Debt_Mixed|Non-listed debt products - Mixed strategies||NA Capital raised|Investor Type and Vehicle Type|||953
q15ROW4_Total_northamerica|CURRENCY|NA: TOTAL Mixed strategies|31_28|NA_NonListedVehicles_MixedStrategies_Total|NA_NLV_Mixed_Total|Non-listed vehicles total - Mixed strategies||NA Capital raised|Investor Type and Vehicle Type|||954
q15COL1_Total_northamerica|CURRENCY|NA: TOTAL Non-listed/ commingled real estate funds/private REITs|31_29|NA_NonListedFunds_InvestmentStyle_Total|NA_NLF_IS_Total|Non-listed funds - Investment style total||NA Capital raised|Investor Type and Vehicle Type|||955
q15COL2_Total_northamerica|CURRENCY|NA: TOTAL Separate accounts investing directly into real estate|31_30|NA_SeparateAccountsDirect_InvestmentStyle_Total|NA_SepAccDirect_IS_Total|Separate accounts investing directly - Investment style total||NA Capital raised|Investor Type and Vehicle Type|||956
q15COL3_Total_northamerica|CURRENCY|NA: TOTAL Separate accounts investing into indirect vehicles|31_31|NA_SeparateAccountsIndirect_InvestmentStyle_Total|NA_SepAccIndirect_IS_Total|Separate accounts investing indirectly - Investment style total||NA Capital raised|Investor Type and Vehicle Type|||957
q15COL4_Total_northamerica|CURRENCY|NA: TOTAL Joint ventures and club deals|31_32|NA_JVs_InvestmentStyle_Total|NA_JVs_IS_Total|Joint ventures and club deals - Investment style total||NA Capital raised|Investor Type and Vehicle Type|||958
q15COL5_Total_northamerica|CURRENCY|NA: TOTAL Funds of funds|31_33|NA_FundsOfFunds_InvestmentStyle_Total|NA_FOF_IS_Total|Funds of funds - Investment style total||NA Capital raised|Investor Type and Vehicle Type|||959
q15COL6_Total_northamerica|CURRENCY|NA: TOTAL Non-listed debt products|31_34|NA_Debt_InvestmentStyle_Total|NA_Debt_IS_Total|Non-listed debt products - Investment style total||NA Capital raised|Investor Type and Vehicle Type|||960
q15GRANDTotal_northamerica|CURRENCY|NA: Total Capital Raised in 2020 for your North American strategy|31_35|NA_NonListedVehicles_InvestmentStyle_Total|NA_NLV_IS_Total|Non-listed vehicles total - Investment style total||NA Capital raised|Investor Type and Vehicle Type|||961
Global_global||||||||||||962
_global||For your Global strategy*, how much institutional capital did your company raise for Non-listed vehicless in 2020 by investor type (million)?|32|||||||||963
q101_1_global|CURRENCY|GLOBAL: Pension funds - Non-listed/ commingled real estate funds/private REITs|32_1|GLOBAL_PensionFunds_NonListedFunds|GLB_PF_NLF|Pension funds - Non-listed fund||Global Capital raised|Investor Type and Vehicle Type|||964
q101_2_global|CURRENCY|GLOBAL: Pension funds - Separate accounts investing directly into real estate|32_2|GLOBAL_PensionFunds_SeparateAccountsDirect|GLB_PF_SepAccDirect|Pension funds - Separate accounts investing directly||Global Capital raised|Investor Type and Vehicle Type|||965
q101_3_global|CURRENCY|GLOBAL: Pension funds - Separate accounts investing into indirect vehicles|32_3|GLOBAL_PensionFunds_SeparateAccountsIndirect|GLB_PF_SepAccIndirect|Pension funds - Separate accounts investing indirectly||Global Capital raised|Investor Type and Vehicle Type|||966
q101_4_global|CURRENCY|GLOBAL: Pension funds - Joint ventures and club deals|32_4|GLOBAL_PensionFunds_JVs|GLB_PF_JVs|Pension funds - Joint ventures and club deals||Global Capital raised|Investor Type and Vehicle Type|||967
q101_5_global|CURRENCY|GLOBAL: Pension funds - Funds of funds|32_5|GLOBAL_PensionFunds_FundsOfFunds|GLB_PF_FOF|Pension funds - Funds of funds||Global Capital raised|Investor Type and Vehicle Type|||968
q101_6_global|CURRENCY|GLOBAL: Pension funds - Non-listed debt products|32_6|GLOBAL_PensionFunds_Debt|GLB_PF_Debt|Pension funds - Non-listed debt products||Global Capital raised|Investor Type and Vehicle Type|||969
q10ROW1_Total_global|CURRENCY|GLOBAL: Pension funds - TOTAL|32_7|GLOBAL_PensionFunds_VehicleType_Total|GLB_PF_VT_Total|Pension funds - Vehicle type total||Global Capital raised|Investor Type and Vehicle Type|||970
q102_1_global|CURRENCY|GLOBAL: Insurance companies - Non-listed/ commingled real estate funds/private REITs|32_8|GLOBAL_InsuranceCompanies_NonListedFunds|GLB_IC_NLF|Insurance companies - Non-listed fund||Global Capital raised|Investor Type and Vehicle Type|||971
q102_2_global|CURRENCY|GLOBAL: Insurance companies - Separate accounts investing directly into real estate|32_9|GLOBAL_InsuranceCompanies_SeparateAccountsDirect|GLB_IC_SepAccDirect|Insurance companies - Separate accounts investing directly||Global Capital raised|Investor Type and Vehicle Type|||972
q102_3_global|CURRENCY|GLOBAL: Insurance companies - Separate accounts investing into indirect vehicles|32_10|GLOBAL_InsuranceCompanies_SeparateAccountsIndirect|GLB_IC_SepAccIndirect|Insurance companies - Separate accounts investing indirectly||Global Capital raised|Investor Type and Vehicle Type|||973
q102_4_global|CURRENCY|GLOBAL: Insurance companies - Joint ventures and club deals|32_11|GLOBAL_InsuranceCompanies_JVs|GLB_IC_JVs|Insurance companies - Joint ventures and club deals||Global Capital raised|Investor Type and Vehicle Type|||974
q102_5_global|CURRENCY|GLOBAL: Insurance companies - Funds of funds|32_12|GLOBAL_InsuranceCompanies_FundsOfFunds|GLB_IC_FOF|Insurance companies - Funds of funds||Global Capital raised|Investor Type and Vehicle Type|||975
q102_6_global|CURRENCY|GLOBAL: Insurance companies - Non-listed debt products|32_13|GLOBAL_InsuranceCompanies_Debt|GLB_IC_Debt|Insurance companies - Non-listed debt products||Global Capital raised|Investor Type and Vehicle Type|||976
q10ROW2_Total_global|CURRENCY|GLOBAL: Insurance companies - TOTAL|32_14|GLOBAL_InsuranceCompanies_VehicleType_Total|GLB_IC_VT_Total|Insurance companies - Vehicle type total||Global Capital raised|Investor Type and Vehicle Type|||977
q103_1_global|CURRENCY|GLOBAL: Sovereign wealth funds - Non-listed/ commingled real estate funds/private REITs|32_15|GLOBAL_SovereignWealthFunds_NonListedFunds|GLB_SWF_NLF|Sovereign wealth funds - Non-listed fund||Global Capital raised|Investor Type and Vehicle Type|||978
q103_2_global|CURRENCY|GLOBAL: Sovereign wealth funds - Separate accounts investing directly into real estate|32_16|GLOBAL_SovereignWealthFunds_SeparateAccountsDirect|GLB_SWF_SepAccDirect|Sovereign wealth funds - Separate accounts investing directly||Global Capital raised|Investor Type and Vehicle Type|||979
q103_3_global|CURRENCY|GLOBAL: Sovereign wealth funds - Separate accounts investing into indirect vehicles|32_17|GLOBAL_SovereignWealthFunds_SeparateAccountsIndirect|GLB_SWF_SepAccIndirect|Sovereign wealth funds - Separate accounts investing indirectly||Global Capital raised|Investor Type and Vehicle Type|||980
q103_4_global|CURRENCY|GLOBAL: Sovereign wealth funds - Joint ventures and club deals|32_18|GLOBAL_SovereignWealthFunds_JVs|GLB_SWF_JVs|Sovereign wealth funds - Joint ventures and club deals||Global Capital raised|Investor Type and Vehicle Type|||981
q103_5_global|CURRENCY|GLOBAL: Sovereign wealth funds - Funds of funds|32_19|GLOBAL_SovereignWealthFunds_FundsOfFunds|GLB_SWF_FOF|Sovereign wealth funds - Funds of funds||Global Capital raised|Investor Type and Vehicle Type|||982
q103_6_global|CURRENCY|GLOBAL: Sovereign wealth funds - Non-listed debt products|32_20|GLOBAL_SovereignWealthFunds_Debt|GLB_SWF_Debt|Sovereign wealth funds - Non-listed debt products||Global Capital raised|Investor Type and Vehicle Type|||983
q10ROW3_Total_global|CURRENCY|GLOBAL: Sovereign wealth funds - TOTAL|32_21|GLOBAL_SovereignWealthFunds_VehicleType_Total|GLB_SWF_VT_Total|Sovereign wealth funds - Vehicle type total||Global Capital raised|Investor Type and Vehicle Type|||984
q104_1_global|CURRENCY|GLOBAL: Government institutions - Non-listed/ commingled real estate funds/private REITs|32_22|GLOBAL_GovernmentInstitutions_NonListedFunds|GLB_GI_NLF|Government institutions - Non-listed fund||Global Capital raised|Investor Type and Vehicle Type|||985
q104_2_global|CURRENCY|GLOBAL: Government institutions - Separate accounts investing directly into real estate|32_23|GLOBAL_GovernmentInstitutions_SeparateAccountsDirect|GLB_GI_SepAccDirect|Government institutions - Separate accounts investing directly||Global Capital raised|Investor Type and Vehicle Type|||986
q104_3_global|CURRENCY|GLOBAL: Government institutions - Separate accounts investing into indirect vehicles|32_24|GLOBAL_GovernmentInstitutions_SeparateAccountsIndirect|GLB_GI_SepAccIndirect|Government institutions - Separate accounts investing indirectly||Global Capital raised|Investor Type and Vehicle Type|||987
q104_4_global|CURRENCY|GLOBAL: Government institutions - Joint ventures and club deals|32_25|GLOBAL_GovernmentInstitutions_JVs|GLB_GI_JVs|Government institutions - Joint ventures and club deals||Global Capital raised|Investor Type and Vehicle Type|||988
q104_5_global|CURRENCY|GLOBAL: Government institutions - Funds of funds|32_26|GLOBAL_GovernmentInstitutions_FundsOfFunds|GLB_GI_FOF|Government institutions - Funds of funds||Global Capital raised|Investor Type and Vehicle Type|||989
q104_6_global|CURRENCY|GLOBAL: Government institutions - Non-listed debt products|32_27|GLOBAL_GovernmentInstitutions_Debt|GLB_GI_Debt|Government institutions - Non-listed debt products||Global Capital raised|Investor Type and Vehicle Type|||990
q10ROW4_Total_global|CURRENCY|GLOBAL: Government institutions - TOTAL|32_28|GLOBAL_GovernmentInstitutions_VehicleType_Total|GLB_GI_VT_Total|Government institutions - Vehicle type total||Global Capital raised|Investor Type and Vehicle Type|||991
q105_1_global|CURRENCY|GLOBAL: Charities, foundations, non-profit organisations - Non-listed/ commingled real estate funds/private REITs|32_29|GLOBAL_CharitiesFoundationsNonProfitOrganizations_NonListedFunds|GLB_CF&NPO_NLF|Charities, foundations & non-profit organisations - Non-listed fund||Global Capital raised|Investor Type and Vehicle Type|||992
q105_2_global|CURRENCY|GLOBAL: Charities, foundations, non-profit organisations - Separate accounts investing directly into real estate|32_30|GLOBAL_CharitiesFoundationsNonProfitOrganizations_SeparateAccountsDirect|GLB_CF&NPO_SepAccDirect|Charities, foundations & non-profit organisations - Separate accounts investing directly||Global Capital raised|Investor Type and Vehicle Type|||993
q105_3_global|CURRENCY|GLOBAL: Charities, foundations, non-profit organisations - Separate accounts investing into indirect vehicles|32_31|GLOBAL_CharitiesFoundationsNonProfitOrganizations_SeparateAccountsIndirect|GLB_CF&NPO_SepAccIndirect|Charities, foundations & non-profit organisations - Separate accounts investing indirectly||Global Capital raised|Investor Type and Vehicle Type|||994
q105_4_global|CURRENCY|GLOBAL: Charities, foundations, non-profit organisations - Joint ventures and club deals|32_32|GLOBAL_CharitiesFoundationsNonProfitOrganizations_JVs|GLB_CF&NPO_JVs|Charities, foundations & non-profit organisations - Joint ventures and club deals||Global Capital raised|Investor Type and Vehicle Type|||995
q105_5_global|CURRENCY|GLOBAL: Charities, foundations, non-profit organisations - Funds of funds|32_33|GLOBAL_CharitiesFoundationsNonProfitOrganizations_FundsOfFunds|GLB_CF&NPO_FOF|Charities, foundations & non-profit organisations - Funds of funds||Global Capital raised|Investor Type and Vehicle Type|||996
q105_6_global|CURRENCY|GLOBAL: Charities, foundations, non-profit organisations - Non-listed debt products|32_34|GLOBAL_CharitiesFoundationsNonProfitOrganizations_Debt|GLB_CF&NPO_Debt|Charities, foundations & non-profit organisations - Non-listed debt products||Global Capital raised|Investor Type and Vehicle Type|||997
q10ROW5_Total_global|CURRENCY|GLOBAL: Charities, foundations, non-profit organisations - TOTAL|32_35|GLOBAL_CharitiesFoundationsNonProfitOrganizations_VehicleType_Total|GLB_CF&NPO_VT_Total|Charities, foundations & non-profit organisations - Vehicle type total||Global Capital raised|Investor Type and Vehicle Type|||998
q106_1_global|CURRENCY|GLOBAL: Funds of funds - Non-listed/ commingled real estate funds/private REITs|32_36|GLOBAL_FundsOfFunds_NonListedFunds|GLB_FOF_NLF|Funds of funds - Non-listed fund||Global Capital raised|Investor Type and Vehicle Type|||999
q106_2_global|CURRENCY|GLOBAL: Funds of funds - Separate accounts investing directly into real estate|32_37|GLOBAL_FundsOfFunds_SeparateAccountsDirect|GLB_FOF_SepAccDirect|Funds of funds - Separate accounts investing directly||Global Capital raised|Investor Type and Vehicle Type|||1000
q106_3_global|CURRENCY|GLOBAL: Funds of funds - Separate accounts investing into indirect vehicles|32_38|GLOBAL_FundsOfFunds_SeparateAccountsIndirect|GLB_FOF_SepAccIndirect|Funds of funds - Separate accounts investing indirectly||Global Capital raised|Investor Type and Vehicle Type|||1001
q106_4_global|CURRENCY|GLOBAL: Funds of funds - Joint ventures and club deals|32_39|GLOBAL_FundsOfFunds_JVs|GLB_FOF_JVs|Funds of funds - Joint ventures and club deals||Global Capital raised|Investor Type and Vehicle Type|||1002
q106_5_global|CURRENCY|GLOBAL: Funds of funds - Funds of funds|32_40|GLOBAL_FundsOfFunds_FundsOfFunds|GLB_FOF_FOF|Funds of funds - Funds of funds||Global Capital raised|Investor Type and Vehicle Type|||1003
q106_6_global|CURRENCY|GLOBAL: Funds of funds - Non-listed debt products|32_41|GLOBAL_FundsOfFunds_Debt|GLB_FOF_Debt|Funds of funds - Non-listed debt products||Global Capital raised|Investor Type and Vehicle Type|||1004
q10ROW6_Total_global|CURRENCY|GLOBAL: Funds of funds - TOTAL|32_42|GLOBAL_FundsOfFunds_VehicleType_Total|GLB_FOF_VT_Total|Funds of funds - Vehicle type total||Global Capital raised|Investor Type and Vehicle Type|||1005
q107_1_global|CURRENCY|GLOBAL: High net worth individuals /Family offices - Non-listed/ commingled real estate funds/private REITs|32_43|GLOBAL_HighnetWorthIndividualsFamilyOffices_NonListedFunds|GLB_HNWI/FO_NLF|Hign net worth individuals/Family offices - Non-listed fund||Global Capital raised|Investor Type and Vehicle Type|||1006
q107_2_global|CURRENCY|GLOBAL: High net worth individuals /Family offices - Separate accounts investing directly into real estate|32_44|GLOBAL_HighnetWorthIndividualsFamilyOffices_SeparateAccountsDirect|GLB_HNWI/FO_SepAccDirect|Hign net worth individuals/Family offices - Separate accounts investing directly||Global Capital raised|Investor Type and Vehicle Type|||1007
q107_3_global|CURRENCY|GLOBAL: High net worth individuals /Family offices - Separate accounts investing into indirect vehicles|32_45|GLOBAL_HighnetWorthIndividualsFamilyOffices_SeparateAccountsIndirect|GLB_HNWI/FO_SepAccIndirect|Hign net worth individuals/Family offices - Separate accounts investing indirectly||Global Capital raised|Investor Type and Vehicle Type|||1008
q107_4_global|CURRENCY|GLOBAL: High net worth individuals /Family offices - Joint ventures and club deals|32_46|GLOBAL_HighnetWorthIndividualsFamilyOffices_JVs|GLB_HNWI/FO_JVs|Hign net worth individuals/Family offices - Joint ventures and club deals||Global Capital raised|Investor Type and Vehicle Type|||1009
q107_5_global|CURRENCY|GLOBAL: High net worth individuals /Family offices - Funds of funds|32_47|GLOBAL_HighnetWorthIndividualsFamilyOffices_FundsOfFunds|GLB_HNWI/FO_FOF|Hign net worth individuals/Family offices - Funds of funds||Global Capital raised|Investor Type and Vehicle Type|||1010
q107_6_global|CURRENCY|GLOBAL: High net worth individuals /Family offices - Non-listed debt products|32_48|GLOBAL_HighnetWorthIndividualsFamilyOffices_Debt|GLB_HNWI/FO_Debt|Hign net worth individuals/Family offices - Non-listed debt products||Global Capital raised|Investor Type and Vehicle Type|||1011
q10ROW7_Total_global|CURRENCY|GLOBAL: High net worth individuals /Family offices - TOTAL|32_49|GLOBAL_HighnetWorthIndividualsFamilyOffices_VehicleType_Total|GLB_HNWI/FO_VT_Total|Hign net worth individuals/Family offices - Vehicle type total||Global Capital raised|Investor Type and Vehicle Type|||1012
q10other_global|TEXT|GLOBAL: Other investor type (Other)|32_50|GLOBAL_OtherInvestorTypetext|GLB_OtherITText|Other investor type||Global Capital raised|Investor Type and Vehicle Type|||1013
q108_1_global|CURRENCY|GLOBAL: Other - Non-listed/ commingled real estate funds/private REITs|32_51|GLOBAL_OtherInvestorType_NonListedFunds|GLB_OtherIT_NLF|Other investor type - Non-listed fund||Global Capital raised|Investor Type and Vehicle Type|||1014
q108_2_global|CURRENCY|GLOBAL: Other - Separate accounts investing directly into real estate|32_52|GLOBAL_OtherInvestorType_SeparateAccountsDirect|GLB_OtherIT_SepAccDirect|Other investor type - Separate accounts investing directly||Global Capital raised|Investor Type and Vehicle Type|||1015
q108_3_global|CURRENCY|GLOBAL: Other - Separate accounts investing into indirect vehicles|32_53|GLOBAL_OtherInvestorType_SeparateAccountsIndirect|GLB_OtherIT_SepAccIndirect|Other investor type - Separate accounts investing indirectly||Global Capital raised|Investor Type and Vehicle Type|||1016
q108_4_global|CURRENCY|GLOBAL: Other - Joint ventures and club deals|32_54|GLOBAL_OtherInvestorType_JVs|GLB_OtherIT_JVs|Other investor type - Joint ventures and club deals||Global Capital raised|Investor Type and Vehicle Type|||1017
q108_5_global|CURRENCY|GLOBAL: Other - Funds of funds|32_55|GLOBAL_OtherInvestorType_FundsOfFunds|GLB_OtherIT_FOF|Other investor type - Funds of funds||Global Capital raised|Investor Type and Vehicle Type|||1018
q108_6_global|CURRENCY|GLOBAL: Other - Non-listed debt products|32_56|GLOBAL_OtherInvestorType_Debt|GLB_OtherIT_Debt|Other investor type - Non-listed debt products||Global Capital raised|Investor Type and Vehicle Type|||1019
q10ROW8_Total_global|CURRENCY|GLOBAL: Other - TOTAL|32_57|GLOBAL_OtherInvestorType_VehicleType_Total|GLB_OtherIT_VT_Total|Other investor type - Vehicle type total||Global Capital raised|Investor Type and Vehicle Type|||1020
q10COL1_Total_global|CURRENCY|GLOBAL TOTAL - Non-listed/ commingled real estate funds/private REITs|32_58|GLOBAL_InvestorType_NonListedFunds_Total|GLB_IT_NLF_Total|Investor type - Non-listed fund total||Global Capital raised|Investor Type and Vehicle Type|||1021
q10COL2_Total_global|CURRENCY|GLOBAL TOTAL - Separate accounts investing directly into real estate|32_59|GLOBAL_InvestorType_SeparateAccountsDirect_Total|GLB_IT_SepAccDirect_Total|Investor type - Separate accounts investing directly total||Global Capital raised|Investor Type and Vehicle Type|||1022
q10COL3_Total_global|CURRENCY|GLOBAL TOTAL - Separate accounts investing into indirect vehicles|32_60|GLOBAL_InvestorType_SeparateAccountsIndirect_Total|GLB_IT_SepAccIndirect_Total|Investor type - Separate accounts investing indirectly total||Global Capital raised|Investor Type and Vehicle Type|||1023
q10COL4_Total_global|CURRENCY|GLOBAL TOTAL - Joint ventures and club deals|32_61|GLOBAL_InvestorType_JVs_Total|GLB_IT_JVs_Total|Investor type - Joint ventures and club deals total||Global Capital raised|Investor Type and Vehicle Type|||1024
q10COL5_Total_global|CURRENCY|GLOBAL TOTAL - Funds of funds|32_62|GLOBAL_InvestorType_FundsOfFunds_Total|GLB_IT_FOF_Total|Investor type - Funds of funds total||Global Capital raised|Investor Type and Vehicle Type|||1025
q10COL6_Total_global|CURRENCY|GLOBAL TOTAL - Non-listed debt products|32_63|GLOBAL_InvestorType_Debt_Total|GLB_IT_Debt_Total|Investor type - Non-listed debt products total||Global Capital raised|Investor Type and Vehicle Type|||1026
q10GRANDTotal_global|CURRENCY|GLOBAL TOTAL Capital Raised in 2020 for your Global strategy by investor type|32_64|GLOBAL_InvestorType_VehicleType_Total|GLB_IT_VT_Total|Investor type - Vehicle type total||Global Capital raised|Investor Type and Vehicle Type|||1027
_global||For your Global strategy*, how much institutional capital did your company raise for Non-listed vehicless in 2020 by investor domicile (million)?|33|||||||||1028
q111_1_global|CURRENCY|GLOBAL: Asia Pacific - Non-listed/ commingled real estate funds/private REITs|33_1|GLOBAL_InvestorDomicileAsiaPacific_NonListedFunds|GLB_IDAPAC_NLF|Asia Pacific - Non-listed funds||Global Capital raised|Investor Type and Vehicle Type|||1029
q111_2_global|CURRENCY|GLOBAL: Asia Pacific - Separate accounts investing directly into real estate|33_2|GLOBAL_InvestorDomicileAsiaPacific_SeparateAccountsDirect|GLB_IDAPAC_SepAccDirect|Asia Pacific - Separate accounts investing directly||Global Capital raised|Investor Type and Vehicle Type|||1030
q111_3_global|CURRENCY|GLOBAL: Asia Pacific - Separate accounts investing into indirect vehicles|33_3|GLOBAL_InvestorDomicileAsiaPacific_SeparateAccountsIndirect|GLB_IDAPAC_SepAccIndirect|Asia Pacific - Separate accounts investing indirectly||Global Capital raised|Investor Type and Vehicle Type|||1031
q111_4_global|CURRENCY|GLOBAL: Asia Pacific - Joint ventures and club deals|33_4|GLOBAL_InvestorDomicileAsiaPacific_JVs|GLB_IDAPAC_JVs|Asia Pacific - Joint ventures and club deals||Global Capital raised|Investor Type and Vehicle Type|||1032
q111_5_global|CURRENCY|GLOBAL: Asia Pacific - Funds of funds|33_5|GLOBAL_InvestorDomicileAsiaPacific_FundsOfFunds|GLB_IDAPAC_FOF|Asia Pacific - Funds of funds||Global Capital raised|Investor Type and Vehicle Type|||1033
q111_6_global|CURRENCY|GLOBAL: Asia Pacific - Non-listed debt products|33_6|GLOBAL_InvestorDomicileAsiaPacific_Debt|GLB_IDAPAC_Debt|Asia Pacific - Non-listed debt products||Global Capital raised|Investor Type and Vehicle Type|||1034
q11ROW1_Total_global|CURRENCY|GLOBAL: Asia Pacific - TOTAL|33_7|GLOBAL_InvestorDomicileAsiaPacific_VehicleType_Total|GLB_IDAPAC_VT_Total|Asia Pacific - Vehicle type total||Global Capital raised|Investor Type and Vehicle Type|||1035
q112_1_global|CURRENCY|GLOBAL: Europe - Non-listed/ commingled real estate funds/private REITs|33_8|GLOBAL_InvestorDomicileEurope_NonListedFunds|GLB_IDEUR_NLF|Europe - Non-listed funds||Global Capital raised|Investor Type and Vehicle Type|||1036
q112_2_global|CURRENCY|GLOBAL: Europe - Separate accounts investing directly into real estate|33_9|GLOBAL_InvestorDomicileEurope_SeparateAccountsDirect|GLB_IDEUR_SepAccDirect|Europe - Separate accounts investing directly||Global Capital raised|Investor Type and Vehicle Type|||1037
q112_3_global|CURRENCY|GLOBAL: Europe - Separate accounts investing into indirect vehicles|33_10|GLOBAL_InvestorDomicileEurope_SeparateAccountsIndirect|GLB_IDEUR_SepAccIndirect|Europe - Separate accounts investing indirectly||Global Capital raised|Investor Type and Vehicle Type|||1038
q112_4_global|CURRENCY|GLOBAL: Europe - Joint ventures and club deals|33_11|GLOBAL_InvestorDomicileEurope_JVs|GLB_IDEUR_JVs|Europe - Joint ventures and club deals||Global Capital raised|Investor Type and Vehicle Type|||1039
q112_5_global|CURRENCY|GLOBAL: Europe - Funds of funds|33_12|GLOBAL_InvestorDomicileEurope_FundsOfFunds|GLB_IDEUR_FOF|Europe - Funds of funds||Global Capital raised|Investor Type and Vehicle Type|||1040
q112_6_global|CURRENCY|GLOBAL: Europe - Non-listed debt products|33_13|GLOBAL_InvestorDomicileEurope_Debt|GLB_IDEUR_Debt|Europe - Non-listed debt products||Global Capital raised|Investor Type and Vehicle Type|||1041
q11ROW2_Total_global|CURRENCY|GLOBAL: Europe - TOTAL|33_14|GLOBAL_InvestorDomicileEurope_VehicleType_Total|GLB_IDEUR_VT_Total|Europe - Vehicle type total||Global Capital raised|Investor Type and Vehicle Type|||1042
q113_1_global|CURRENCY|GLOBAL: North America - Non-listed/ commingled real estate funds/private REITs|33_15|GLOBAL_InvestorDomicileNorthAmerica_NonListedFunds|GLB_IDNA_NLF|North America - Non-listed funds||Global Capital raised|Investor Type and Vehicle Type|||1043
q113_2_global|CURRENCY|GLOBAL: North America - Separate accounts investing directly into real estate|33_16|GLOBAL_InvestorDomicileNorthAmerica_SeparateAccountsDirect|GLB_IDNA_SepAccDirect|North America - Separate accounts investing directly||Global Capital raised|Investor Type and Vehicle Type|||1044
q113_3_global|CURRENCY|GLOBAL: North America - Separate accounts investing into indirect vehicles|33_17|GLOBAL_InvestorDomicileNorthAmerica_SeparateAccountsIndirect|GLB_IDNA_SepAccIndirect|North America - Separate accounts investing indirectly||Global Capital raised|Investor Type and Vehicle Type|||1045
q113_4_global|CURRENCY|GLOBAL: North America - Joint ventures and club deals|33_18|GLOBAL_InvestorDomicileNorthAmerica_JVs|GLB_IDNA_JVs|North America - Joint ventures and club deals||Global Capital raised|Investor Type and Vehicle Type|||1046
q113_5_global|CURRENCY|GLOBAL: North America - Funds of funds|33_19|GLOBAL_InvestorDomicileNorthAmerica_FundsOfFunds|GLB_IDNA_FOF|North America - Funds of funds||Global Capital raised|Investor Type and Vehicle Type|||1047
q113_6_global|CURRENCY|GLOBAL: North America - Non-listed debt products|33_20|GLOBAL_InvestorDomicileNorthAmerica_Debt|GLB_IDNA_Debt|North America - Non-listed debt products||Global Capital raised|Investor Type and Vehicle Type|||1048
q11ROW3_Total_global|CURRENCY|GLOBAL: North America - TOTAL|33_21|GLOBAL_InvestorDomicileNorthAmerica_VehicleType_Total|GLB_IDNA_VT_Total|North America - Vehicle type total||Global Capital raised|Investor Type and Vehicle Type|||1049
q114_1_global|CURRENCY|GLOBAL: South America - Non-listed/ commingled real estate funds/private REITs|33_22|GLOBAL_InvestorDomicileSouthAmerica_NonListedFunds|GLB_IDSA_NLF|South America - Non-listed funds||Global Capital raised|Investor Type and Vehicle Type|||1050
q114_2_global|CURRENCY|GLOBAL: South America - Separate accounts investing directly into real estate|33_23|GLOBAL_InvestorDomicileSouthAmerica_SeparateAccountsDirect|GLB_IDSA_SepAccDirect|South America - Separate accounts investing directly||Global Capital raised|Investor Type and Vehicle Type|||1051
q114_3_global|CURRENCY|GLOBAL: South America - Separate accounts investing into indirect vehicles|33_24|GLOBAL_InvestorDomicileSouthAmerica_SeparateAccountsIndirect|GLB_IDSA_SepAccIndirect|South America - Separate accounts investing indirectly||Global Capital raised|Investor Type and Vehicle Type|||1052
q114_4_global|CURRENCY|GLOBAL: South America - Joint ventures and club deals|33_25|GLOBAL_InvestorDomicileSouthAmerica_JVs|GLB_IDSA_JVs|South America - Joint ventures and club deals||Global Capital raised|Investor Type and Vehicle Type|||1053
q114_5_global|CURRENCY|GLOBAL: South America - Funds of funds|33_26|GLOBAL_InvestorDomicileSouthAmerica_FundsOfFunds|GLB_IDSA_FOF|South America - Funds of funds||Global Capital raised|Investor Type and Vehicle Type|||1054
q114_6_global|CURRENCY|GLOBAL: South America - Non-listed debt products|33_27|GLOBAL_InvestorDomicileSouthAmerica_Debt|GLB_IDSA_Debt|South America - Non-listed debt products||Global Capital raised|Investor Type and Vehicle Type|||1055
q11ROW4_Total_global|CURRENCY|GLOBAL: South America - TOTAL|33_28|GLOBAL_InvestorDomicileSouthAmerica_VehicleType_Total|GLB_IDSA_VT_Total|South America - Vehicle type total||Global Capital raised|Investor Type and Vehicle Type|||1056
q115_1_global|CURRENCY|GLOBAL: Africa - Non-listed/ commingled real estate funds/private REITs|33_29|GLOBAL_InvestorDomicileAfrica_NonListedFunds|GLB_IDAFR_NLF|Africa - Non-listed funds||Global Capital raised|Investor Type and Vehicle Type|||1057
q115_2_global|CURRENCY|GLOBAL: Africa - Separate accounts investing directly into real estate|33_30|GLOBAL_InvestorDomicileAfrica_SeparateAccountsDirect|GLB_IDAFR_SepAccDirect|Africa - Separate accounts investing directly||Global Capital raised|Investor Type and Vehicle Type|||1058
q115_3_global|CURRENCY|GLOBAL: Africa - Separate accounts investing into indirect vehicles|33_31|GLOBAL_InvestorDomicileAfrica_SeparateAccountsIndirect|GLB_IDAFR_SepAccIndirect|Africa - Separate accounts investing indirectly||Global Capital raised|Investor Type and Vehicle Type|||1059
q115_4_global|CURRENCY|GLOBAL: Africa - Joint ventures and club deals|33_32|GLOBAL_InvestorDomicileAfrica_JVs|GLB_IDAFR_JVs|Africa - Joint ventures and club deals||Global Capital raised|Investor Type and Vehicle Type|||1060
q115_5_global|CURRENCY|GLOBAL: Africa - Funds of funds|33_33|GLOBAL_InvestorDomicileAfrica_FundsOfFunds|GLB_IDAFR_FOF|Africa - Funds of funds||Global Capital raised|Investor Type and Vehicle Type|||1061
q115_6_global|CURRENCY|GLOBAL: Africa - Non-listed debt products|33_34|GLOBAL_InvestorDomicileAfrica_Debt|GLB_IDAFR_Debt|Africa - Non-listed debt products||Global Capital raised|Investor Type and Vehicle Type|||1062
q11ROW5_Total_global|CURRENCY|GLOBAL: Africa - TOTAL|33_35|GLOBAL_InvestorDomicileAfrica_VehicleType_Total|GLB_IDAFR_VT_Total|Africa - Vehicle type total||Global Capital raised|Investor Type and Vehicle Type|||1063
q11COL1_Total_global|CURRENCY|GLOBAL: TOTAL - Non-listed/ commingled real estate funds/private REITs|33_36|GLOBAL_InvestorDomicile_NonListedFunds_Total|GLB_ID_NLF_Total|Investor domicile total - Non-listed funds||Global Capital raised|Investor Type and Vehicle Type|||1064
q11COL2_Total_global|CURRENCY|GLOBAL: TOTAL - Separate accounts investing directly into real estate|33_37|GLOBAL_InvestorDomicile_SeparateAccountsDirect_Total|GLB_ID_SepAccDirect_Total|Investor domicile total - Separate accounts investing directly||Global Capital raised|Investor Type and Vehicle Type|||1065
q11COL3_Total_global|CURRENCY|GLOBAL: TOTAL - Separate accounts investing into indirect vehicles|33_38|GLOBAL_InvestorDomicile_SeparateAccountsIndirect_Total|GLB_ID_SepAccIndirect_Total|Investor domicile total - Separate accounts investing indirectly||Global Capital raised|Investor Type and Vehicle Type|||1066
q11COL4_Total_global|CURRENCY|GLOBAL: TOTAL - Joint ventures and club deals|33_39|GLOBAL_InvestorDomicile_JVs_Total|GLB_ID_JVs_Total|Investor domicile total - Joint ventures and club deals||Global Capital raised|Investor Type and Vehicle Type|||1067
q11COL5_Total_global|CURRENCY|GLOBAL: TOTAL - Funds of funds|33_40|GLOBAL_InvestorDomicile_FundsOfFunds_Total|GLB_ID_FOF_Total|Investor domicile total - Funds of funds||Global Capital raised|Investor Type and Vehicle Type|||1068
q11COL6_Total_global|CURRENCY|GLOBAL: TOTAL - Non-listed debt products|33_41|GLOBAL_InvestorDomicile_Debt_Total|GLB_ID_Debt_Total|Investor domicile total - Non-listed debt products||Global Capital raised|Investor Type and Vehicle Type|||1069
q11GRANDTotal_global|CURRENCY|GLOBAL TOTAL Capital Raised in 2020 for your Global strategy by investor domicile|33_42|GLOBAL_InvestorDomicile_VehicleType_Total|GLB_ID_VT_Total|Investor domicile total - Vehicle type total||Global Capital raised|Investor Type and Vehicle Type|||1070
q12_global|NUMBER|For your Global strategy*, for which sector-strategy did your company raise institutional capital for Non-listed vehicless in 2020?|34|GLOBAL_CapitalRaisingActivity_NonListedVehicles_MultiSectorSingleSector|GLB_CRact_NLV_MSSS|Non-listed vehicles - Multi sector single sector||Global Capital raised|Investor Type and Vehicle Type|||1071
_global||For your Global strategy*, how much institutional capital did your company raise for Non-listed vehicless in 2020 by targeted multi-sector (million)?|35|||||||||1072
q131_1_global|CURRENCY|GLOBAL: Main sectors - Non-listed/ commingled real estate funds/private REITs|35_1|GLOBAL_NonListedFunds_MultiSectorMainSectors|GLB_NLF_MSMS|Non-listed funds - Multi sector main sectors||Global Capital raised|Investor Type and Vehicle Type|||1073
q131_2_global|CURRENCY|GLOBAL: Main sectors - Separate accounts investing directly into real estate|35_2|GLOBAL_SeparateAccountsDirect_MultiSectorMainSectors|GLB_SepAccDirect_MSMS|Separate accounts investing directly - Multi sector main sectors||Global Capital raised|Investor Type and Vehicle Type|||1074
q131_3_global|CURRENCY|GLOBAL: Main sectors - Separate accounts investing into indirect vehicles|35_3|GLOBAL_SeparateAccountsIndirect_MultiSectorMainSectors|GLB_SepAccIndirect_MSMS|Separate accounts investing indirectly - Multi sector main sectors||Global Capital raised|Investor Type and Vehicle Type|||1075
q131_4_global|CURRENCY|GLOBAL: Main sectors - Joint ventures and club deals|35_4|GLOBAL_JVs_MultiSectorMainSectors|GLB_JVs_MSMS|Joint ventures and club deals - Multi sector main sectors||Global Capital raised|Investor Type and Vehicle Type|||1076
q131_5_global|CURRENCY|GLOBAL: Main sectors - Funds of funds|35_5|GLOBAL_FundsOfFunds_MultiSectorMainSectors|GLB_FOF_MSMS|Funds of funds - Multi sector main sectors||Global Capital raised|Investor Type and Vehicle Type|||1077
q131_6_global|CURRENCY|GLOBAL: Main sectors - Non-listed debt products|35_6|GLOBAL_Debt_MultiSectorMainSectors|GLB_Debt_MSMS|Non-listed debt products - Multi sector main sectors||Global Capital raised|Investor Type and Vehicle Type|||1078
q13ROW1_Total_global|CURRENCY|GLOBAL: TOTAL - Main sectors |35_7|GLOBAL_NonListedVehicles_MultiSectorMainSectors_Total|GLB_NLV_MSMS_Total|Non-listed vehicles total - Multi sector main sectors||Global Capital raised|Investor Type and Vehicle Type|||1079
q132_1_global|CURRENCY|GLOBAL:  Alternative sectors - Non-listed/ commingled real estate funds/private REITs|35_8|GLOBAL_NonListedFunds_MultiSectorAlternativeSectors|GLB_NLF_MSAS|Non-listed funds - Multi sector alternative sectors||Global Capital raised|Investor Type and Vehicle Type|||1080
q132_2_global|CURRENCY|GLOBAL:  Alternative sectors - Separate accounts investing directly into real estate|35_9|GLOBAL_SeparateAccountsDirect_MultiSectorAlternativeSectors|GLB_SepAccDirect_MSAS|Separate accounts investing directly - Multi sector alternative sectors||Global Capital raised|Investor Type and Vehicle Type|||1081
q132_3_global|CURRENCY|GLOBAL:  Alternative sectors - Separate accounts investing into indirect vehicles|35_10|GLOBAL_SeparateAccountsIndirect_MultiSectorAlternativeSectors|GLB_SepAccIndirect_MSAS|Separate accounts investing indirectly - Multi sector alternative sectors||Global Capital raised|Investor Type and Vehicle Type|||1082
q132_4_global|CURRENCY|GLOBAL:  Alternative sectors - Joint ventures and club deals|35_11|GLOBAL_JVs_MultiSectorAlternativeSectors|GLB_JVs_MSAS|Joint ventures and club deals - Multi sector alternative sectors||Global Capital raised|Investor Type and Vehicle Type|||1083
q132_5_global|CURRENCY|GLOBAL:  Alternative sectors - Funds of funds|35_12|GLOBAL_FundsOfFunds_MultiSectorAlternativeSectors|GLB_FOF_MSAS|Funds of funds - Multi sector alternative sectors||Global Capital raised|Investor Type and Vehicle Type|||1084
q132_6_global|CURRENCY|GLOBAL:  Alternative sectors - Non-listed debt products|35_13|GLOBAL_Debt_MultiSectorAlternativeSectors|GLB_Debt_MSAS|Non-listed debt products - Multi sector alternative sectors||Global Capital raised|Investor Type and Vehicle Type|||1085
q13ROW2_Total_global|CURRENCY|GLOBAL:  TOTAL - Alternative sectors|35_14|GLOBAL_NonListedVehicles_MultiSectorAlternativeSectors_Total|GLB_NLV_MSAS_Total|Non-listed vehicles total - Multi sector alternative sectors||Global Capital raised|Investor Type and Vehicle Type|||1086
q13COL1_Total_global|CURRENCY|GLOBAL: TOTAL - Non-listed/ commingled real estate funds/private REITs|35_15|GLOBAL_NonListedFunds_MultiSector_Total|GLB_NLF_MS_Total|Non-listed funds - Multi sector||Global Capital raised|Investor Type and Vehicle Type|||1087
q13COL2_Total_global|CURRENCY|GLOBAL: TOTAL - Separate accounts investing directly into real estate|35_16|GLOBAL_SeparateAccountsDirect_MultiSector_Total|GLB_SepAccDirect_MS_Total|Separate accounts investing directly - Multi sector||Global Capital raised|Investor Type and Vehicle Type|||1088
q13COL3_Total_global|CURRENCY|GLOBAL: TOTAL - Separate accounts investing into indirect vehicles|35_17|GLOBAL_SeparateAccountsIndirect_MultiSector_Total|GLB_SepAccIndirect_MS_Total|Separate accounts investing indirectly - Multi sector||Global Capital raised|Investor Type and Vehicle Type|||1089
q13COL4_Total_global|CURRENCY|GLOBAL: TOTAL - Joint ventures and club deals|35_18|GLOBAL_JVs_MultiSector_Total|GLB_JVs_MS_Total|Joint ventures and club deals - Multi sector||Global Capital raised|Investor Type and Vehicle Type|||1090
q13COL5_Total_global|CURRENCY|GLOBAL: TOTAL - Funds of funds|35_19|GLOBAL_FundsOfFunds_MultiSector_Total|GLB_FOF_MS_Total|Funds of funds - Multi sector||Global Capital raised|Investor Type and Vehicle Type|||1091
q13COL6_Total_global|CURRENCY|GLOBAL: TOTAL - Non-listed debt products|35_20|GLOBAL_Debt_MultiSector_Total|GLB_Debt_MS_Total|Non-listed debt products - Multi sector||Global Capital raised|Investor Type and Vehicle Type|||1092
q13GRANDTotal_global|CURRENCY|GLOBAL TOTAL Raised by targeted multi-sector|35_21|GLOBAL_NonListedVehicles_MultiSector_Total|GLB_NLV_MS_Total|Non-listed vehicles total - Multi sector||Global Capital raised|Investor Type and Vehicle Type|||1093
_global||For your Global strategy*, how much institutional capital did your company raise for Non-listed vehicless in 2020 by targeted sector (million)?|36|||||||||1094
q141_1_global|CURRENCY|GLOBAL: Office - Non-listed/ commingled real estate funds/private REITs|36_1|GLOBAL_NonListedFunds_SingleSectorOffice|GLB_NLF_SSOffice|Non-listed funds - Single sector office||Global Capital raised|Investor Type and Vehicle Type|||1095
q141_2_global|CURRENCY|GLOBAL: Office - Separate accounts investing directly into real estate|36_2|GLOBAL_SeparateAccountsDirect_SingleSectorOffice|GLB_SepAccDirect_SSOffice|Separate accounts investing directly - Single sector office||Global Capital raised|Investor Type and Vehicle Type|||1096
q141_3_global|CURRENCY|GLOBAL: Office - Separate accounts investing into indirect vehicles|36_3|GLOBAL_SeparateAccountsIndirect_SingleSectorOffice|GLB_SepAccIndirect_SSOffice|Separate accounts investing indirectly - Single sector office||Global Capital raised|Investor Type and Vehicle Type|||1097
q141_4_global|CURRENCY|GLOBAL: Office - Joint ventures and club deals|36_4|GLOBAL_JVs_SingleSectorOffice|GLB_JVs_SSOffice|Joint ventures and club deals - Single sector office||Global Capital raised|Investor Type and Vehicle Type|||1098
q141_5_global|CURRENCY|GLOBAL: Office - Funds of funds|36_5|GLOBAL_FundsOfFunds_SingleSectorOffice|GLB_FOF_SSOffice|Funds of funds - Single sector office||Global Capital raised|Investor Type and Vehicle Type|||1099
q141_6_global|CURRENCY|GLOBAL: Office - Non-listed debt products|36_6|GLOBAL_Debt_SingleSectorOffice|GLB_Debt_SSOffice|Non-listed debt products - Single sector office||Global Capital raised|Investor Type and Vehicle Type|||1100
q14ROW1_Total_global|CURRENCY|GLOBAL: TOTAL Office|36_7|GLOBAL_NonListedVehicles_SingleSectorOffice_Total|GLB_NLV_SSOffice_Total|Non-listed vehicles total - Single sector office||Global Capital raised|Investor Type and Vehicle Type|||1101
q142_1_global|CURRENCY|GLOBAL: Retail - Non-listed/ commingled real estate funds/private REITs|36_8|GLOBAL_NonListedFunds_SingleSectorRetail|GLB_NLF_SSRetail|Non-listed funds - Single sector retail||Global Capital raised|Investor Type and Vehicle Type|||1102
q142_2_global|CURRENCY|GLOBAL: Retail - Separate accounts investing directly into real estate|36_9|GLOBAL_SeparateAccountsDirect_SingleSectorRetail|GLB_SepAccDirect_SSRetail|Separate accounts investing directly - Single sector retail||Global Capital raised|Investor Type and Vehicle Type|||1103
q142_3_global|CURRENCY|GLOBAL: Retail - Separate accounts investing into indirect vehicles|36_10|GLOBAL_SeparateAccountsIndirect_SingleSectorRetail|GLB_SepAccIndirect_SSRetail|Separate accounts investing indirectly - Single sector retail||Global Capital raised|Investor Type and Vehicle Type|||1104
q142_4_global|CURRENCY|GLOBAL: Retail - Joint ventures and club deals|36_11|GLOBAL_JVs_SingleSectorRetail|GLB_JVs_SSRetail|Joint ventures and club deals - Single sector retail||Global Capital raised|Investor Type and Vehicle Type|||1105
q142_5_global|CURRENCY|GLOBAL: Retail - Funds of funds|36_12|GLOBAL_FundsOfFunds_SingleSectorRetail|GLB_FOF_SSRetail|Funds of funds - Single sector retail||Global Capital raised|Investor Type and Vehicle Type|||1106
q142_6_global|CURRENCY|Non-listed debt products|36_13|GLOBAL_Debt_SingleSectorRetail|GLB_Debt_SSRetail|Non-listed debt products - Single sector retail||Global Capital raised|Investor Type and Vehicle Type|||1107
q14ROW2_Total_global|CURRENCY|GLOBAL: TOTAL Retail|36_14|GLOBAL_NonListedVehicles_SingleSectorRetail_Total|GLB_NLV_SSRetail_Total|Non-listed vehicles total - Single sector retail||Global Capital raised|Investor Type and Vehicle Type|||1108
q143_1_global|CURRENCY|GLOBAL: Industrial / logistics - Non-listed/ commingled real estate funds/private REITs|36_15|GLOBAL_NonListedFunds_SingleSectorIndustrial/Logistics|GLB_NLF_SSInd/Log|Non-listed funds - Single sector industrial/logistics||Global Capital raised|Investor Type and Vehicle Type|||1109
q143_2_global|CURRENCY|GLOBAL: Industrial / logistics - Separate accounts investing directly into real estate|36_16|GLOBAL_SeparateAccountsDirect_SingleSectorIndustrial/Logistics|GLB_SepAccDirect_SSInd/Log|Separate accounts investing directly - Single sector industrial/logistics||Global Capital raised|Investor Type and Vehicle Type|||1110
q143_3_global|CURRENCY|GLOBAL: Industrial / logistics - Separate accounts investing into indirect vehicles|36_17|GLOBAL_SeparateAccountsIndirect_SingleSectorIndustrial/Logistics|GLB_SepAccIndirect_SSInd/Log|Separate accounts investing indirectly - Single sector industrial/logistics||Global Capital raised|Investor Type and Vehicle Type|||1111
q143_4_global|CURRENCY|GLOBAL: Industrial / logistics - Joint ventures and club deals|36_18|GLOBAL_JVs_SingleSectorIndustrial/Logistics|GLB_JVs_SSInd/Log|Joint ventures and club deals - Single sector industrial/logistics||Global Capital raised|Investor Type and Vehicle Type|||1112
q143_5_global|CURRENCY|GLOBAL: Industrial / logistics - Funds of funds|36_19|GLOBAL_FundsOfFunds_SingleSectorIndustrial/Logistics|GLB_FOF_SSInd/Log|Funds of funds - Single sector industrial/logistics||Global Capital raised|Investor Type and Vehicle Type|||1113
q143_6_global|CURRENCY|GLOBAL: Industrial / logistics - Non-listed debt products|36_20|GLOBAL_Debt_SingleSectorIndustrial/Logistics|GLB_Debt_SSInd/Log|Non-listed debt products - Single sector industrial/logistics||Global Capital raised|Investor Type and Vehicle Type|||1114
q14ROW3_Total_global|CURRENCY|GLOBAL: TOTAL Industrial / logistics|36_21|GLOBAL_NonListedVehicles_SingleSectorIndustrial/Logistics_Total|GLB_NLV_SSInd/Log_Total|Non-listed vehicles total - Single sector industrial/logistics||Global Capital raised|Investor Type and Vehicle Type|||1115
q144_1_global|CURRENCY|GLOBAL: Residential / multi-family/apartments - Non-listed/ commingled real estate funds/private REITs|36_22|GLOBAL_NonListedFunds_SingleSectorResidential/Multifamily/Apartments|GLB_NLF_SSResidential|Non-listed funds - Single sector residential/multifamily/ apartment||Global Capital raised|Investor Type and Vehicle Type|||1116
q144_2_global|CURRENCY|GLOBAL: Residential / multi-family/apartments - Separate accounts investing directly into real estate|36_23|GLOBAL_SeparateAccountsDirect_SingleSectorResidential/Multifamily/Apartments|GLB_SepAccDirect_SSResidential|Separate accounts investing directly - Single sector residential/multifamily/ apartment||Global Capital raised|Investor Type and Vehicle Type|||1117
q144_3_global|CURRENCY|GLOBAL: Residential / multi-family/apartments - Separate accounts investing into indirect vehicles|36_24|GLOBAL_SeparateAccountsIndirect_SingleSectorResidential/Multifamily/Apartments|GLB_SepAccIndirect_SSResidential|Separate accounts investing indirectly - Single sector residential/multifamily/ apartment||Global Capital raised|Investor Type and Vehicle Type|||1118
q144_4_global|CURRENCY|GLOBAL: Residential / multi-family/apartments - Joint ventures and club deals|36_25|GLOBAL_JVs_SingleSectorResidential/Multifamily/Apartments|GLB_JVs_SSResidential|Joint ventures and club deals - Single sector residential/multifamily/ apartment||Global Capital raised|Investor Type and Vehicle Type|||1119
q144_5_global|CURRENCY|GLOBAL: Residential / multi-family/apartments - Funds of funds|36_26|GLOBAL_FundsOfFunds_SingleSectorResidential/Multifamily/Apartments|GLB_FOF_SSResidential|Funds of funds - Single sector residential/multifamily/ apartment||Global Capital raised|Investor Type and Vehicle Type|||1120
q144_6_global|CURRENCY|GLOBAL: Residential / multi-family/apartments - Non-listed debt products|36_27|GLOBAL_Debt_SingleSectorResidential/Multifamily/Apartments|GLB_Debt_SSResidential|Non-listed debt products - Single sector residential/multifamily/ apartment||Global Capital raised|Investor Type and Vehicle Type|||1121
q14ROW4_Total_global|CURRENCY|GLOBAL: TOTAL Residential / multi-family/apartments|36_28|GLOBAL_NonListedVehicles_SingleSectorResidential/Multifamily/Apartments_Total|GLB_NLV_SSResidential_Total|Non-listed vehicles total - Single sector residential/multifamily/ apartment||Global Capital raised|Investor Type and Vehicle Type|||1122
q145_1_global|CURRENCY|GLOBAL: Student housing - Non-listed/ commingled real estate funds/private REITs|36_29|GLOBAL_NonListedFunds_SingleSectorStudentHousing|GLB_NLF_SSStudHou|Non-listed funds - Single sector student housing||Global Capital raised|Investor Type and Vehicle Type|||1123
q145_2_global|CURRENCY|GLOBAL: Student housing - Separate accounts investing directly into real estate|36_30|GLOBAL_SeparateAccountsDirect_SingleSectorStudentHousing|GLB_SepAccDirect_SSStudHou|Separate accounts investing directly - Single sector student housing||Global Capital raised|Investor Type and Vehicle Type|||1124
q145_3_global|CURRENCY|GLOBAL: Student housing - Separate accounts investing into indirect vehicles|36_31|GLOBAL_SeparateAccountsIndirect_SingleSectorStudentHousing|GLB_SepAccIndirect_SSStudHou|Separate accounts investing indirectly - Single sector student housing||Global Capital raised|Investor Type and Vehicle Type|||1125
q145_4_global|CURRENCY|GLOBAL: Student housing - Joint ventures and club deals|36_32|GLOBAL_JVs_SingleSectorStudentHousing|GLB_JVs_SSStudHou|Joint ventures and club deals - Single sector student housing||Global Capital raised|Investor Type and Vehicle Type|||1126
q145_5_global|CURRENCY|GLOBAL: Student housing - Funds of funds|36_33|GLOBAL_FundsOfFunds_SingleSectorStudentHousing|GLB_FOF_SSStudHou|Funds of funds - Single sector student housing||Global Capital raised|Investor Type and Vehicle Type|||1127
q145_6_global|CURRENCY|GLOBAL: Student housing - Non-listed debt products|36_34|GLOBAL_Debt_SingleSectorStudentHousing|GLB_Debt_SSStudHou|Non-listed debt products - Single sector student housing||Global Capital raised|Investor Type and Vehicle Type|||1128
q14ROW5_Total_global|CURRENCY|GLOBAL: TOTAL Student housing |36_35|GLOBAL_NonListedVehicles_SingleSectorStudentHousing_Total|GLB_NLV_SSStudHou_Total|Non-listed vehicles total - Single sector student housing||Global Capital raised|Investor Type and Vehicle Type|||1129
q146_1_global|CURRENCY|GLOBAL: Senior living / aged care / health care - Non-listed/ commingled real estate funds/private REITs|36_36|GLOBAL_NonListedFunds_SingleSectorSeniorLiving/Agedcare/Healthcare|GLB_NLF_SSSenLiving|Non-listed funds - Single sector senior living/ aged care/ healthcare||Global Capital raised|Investor Type and Vehicle Type|||1130
q146_2_global|CURRENCY|GLOBAL: Senior living / aged care / health care - Separate accounts investing directly into real estate|36_37|GLOBAL_SeparateAccountsDirect_SingleSectorSeniorLiving/Agedcare/Healthcare|GLB_SepAccDirect_SSSenLiving|Separate accounts investing directly - Single sector senior living/ aged care/ healthcare||Global Capital raised|Investor Type and Vehicle Type|||1131
q146_3_global|CURRENCY|GLOBAL: Senior living / aged care / health care - Separate accounts investing into indirect vehicles|36_38|GLOBAL_SeparateAccountsIndirect_SingleSectorSeniorLiving/Agedcare/Healthcare|GLB_SepAccIndirect_SSSenLiving|Separate accounts investing indirectly - Single sector senior living/ aged care/ healthcare||Global Capital raised|Investor Type and Vehicle Type|||1132
q146_4_global|CURRENCY|GLOBAL: Senior living / aged care / health care - Joint ventures and club deals|36_39|GLOBAL_JVs_SingleSectorSeniorLiving/Agedcare/Healthcare|GLB_JVs_SSSenLiving|Joint ventures and club deals - Single sector senior living/ aged care/ healthcare||Global Capital raised|Investor Type and Vehicle Type|||1133
q146_5_global|CURRENCY|GLOBAL: Senior living / aged care / health care - Funds of funds|36_40|GLOBAL_FundsOfFunds_SingleSectorSeniorLiving/Agedcare/Healthcare|GLB_FOF_SSSenLiving|Funds of funds - Single sector senior living/ aged care/ healthcare||Global Capital raised|Investor Type and Vehicle Type|||1134
q146_6_global|CURRENCY|GLOBAL: Senior living / aged care / health care - Non-listed debt products|36_41|GLOBAL_Debt_SingleSectorSeniorLiving/Agedcare/Healthcare|GLB_Debt_SSSenLiving|Non-listed debt products - Single sector senior living/ aged care/ healthcare||Global Capital raised|Investor Type and Vehicle Type|||1135
q14ROW6_Total_global|CURRENCY|GLOBAL: TOTAL Senior living / aged care / health care|36_42|GLOBAL_NonListedVehicles_SingleSectorSeniorLiving/Agedcare/Healthcare_Total|GLB_NLV_SSSenLiving_Total|Non-listed vehicles total - Single sector senior living/ aged care/ healthcare||Global Capital raised|Investor Type and Vehicle Type|||1136
q147_1_global|CURRENCY|GLOBAL: Hotel / leisure - Non-listed/ commingled real estate funds/private REITs|36_43|GLOBAL_NonListedFunds_SingleSectorHotel/Leisure|GLB_NLF_SSHot/Lei|Non-listed funds - Single sector hotel/ leisure||Global Capital raised|Investor Type and Vehicle Type|||1137
q147_2_global|CURRENCY|GLOBAL: Hotel / leisure - Separate accounts investing directly into real estate|36_44|GLOBAL_SeparateAccountsDirect_SingleSectorHotel/Leisure|GLB_SepAccDirect_SSHot/Lei|Separate accounts investing directly - Single sector hotel/ leisure||Global Capital raised|Investor Type and Vehicle Type|||1138
q147_3_global|CURRENCY|GLOBAL: Hotel / leisure - Separate accounts investing into indirect vehicles|36_45|GLOBAL_SeparateAccountsIndirect_SingleSectorHotel/Leisure|GLB_SepAccIndirect_SSHot/Lei|Separate accounts investing indirectly - Single sector hotel/ leisure||Global Capital raised|Investor Type and Vehicle Type|||1139
q147_4_global|CURRENCY|GLOBAL: Hotel / leisure - Joint ventures and club deals|36_46|GLOBAL_JVs_SingleSectorHotel/Leisure|GLB_JVs_SSHot/Lei|Joint ventures and club deals - Single sector hotel/ leisure||Global Capital raised|Investor Type and Vehicle Type|||1140
q147_5_global|CURRENCY|GLOBAL: Hotel / leisure - Funds of funds|36_47|GLOBAL_FundsOfFunds_SingleSectorHotel/Leisure|GLB_FOF_SSHot/Lei|Funds of funds - Single sector hotel/ leisure||Global Capital raised|Investor Type and Vehicle Type|||1141
q147_6_global|CURRENCY|GLOBAL: Hotel / leisure - Non-listed debt products|36_48|GLOBAL_Debt_SingleSectorHotel/Leisure|GLB_Debt_SSHot/Lei|Non-listed debt products - Single sector hotel/ leisure||Global Capital raised|Investor Type and Vehicle Type|||1142
q14ROW7_Total_global|CURRENCY|GLOBAL: TOTAL Hotel / leisure|36_49|GLOBAL_NonListedVehicles_SingleSectorHotel/Leisure_Total|GLB_NLV_SSHot/Lei_Total|Non-listed vehicles total - Single sector hotel/ leisure||Global Capital raised|Investor Type and Vehicle Type|||1143
q148_1_global|CURRENCY|GLOBAL: Other (incl land, parking, self storage) - Non-listed/ commingled real estate funds/private REITs|36_50|GLOBAL_NonListedFunds_SingleSectorOther|GLB_NLF_SSOther|Non-listed funds - Single sector other||Global Capital raised|Investor Type and Vehicle Type|||1144
q148_2_global|CURRENCY|GLOBAL: Other (incl land, parking, self storage) - Separate accounts investing directly into real estate|36_51|GLOBAL_SeparateAccountsDirect_SingleSectorOther|GLB_SepAccDirect_SSOther|Separate accounts investing directly - Single sector other||Global Capital raised|Investor Type and Vehicle Type|||1145
q148_3_global|CURRENCY|GLOBAL: Other (incl land, parking, self storage) - Separate accounts investing into indirect vehicles|36_52|GLOBAL_SeparateAccountsIndirect_SingleSectorOther|GLB_SepAccIndirect_SSOther|Separate accounts investing indirectly - Single sector other||Global Capital raised|Investor Type and Vehicle Type|||1146
q148_4_global|CURRENCY|GLOBAL: Other (incl land, parking, self storage) - Joint ventures and club deals|36_53|GLOBAL_JVs_SingleSectorOther|GLB_JVs_SSOther|Joint ventures and club deals - Single sector other||Global Capital raised|Investor Type and Vehicle Type|||1147
q148_5_global|CURRENCY|GLOBAL: Other (incl land, parking, self storage) - Funds of funds|36_54|GLOBAL_FundsOfFunds_SingleSectorOther|GLB_FOF_SSOther|Funds of funds - Single sector other||Global Capital raised|Investor Type and Vehicle Type|||1148
q148_6_global|CURRENCY|GLOBAL: Other (incl land, parking, self storage) - Non-listed debt products|36_55|GLOBAL_Debt_SingleSectorOther|GLB_Debt_SSOther|Non-listed debt products - Single sector other||Global Capital raised|Investor Type and Vehicle Type|||1149
q14ROW8_Total_global|CURRENCY|GLOBAL: TOTAL Other (incl land, parking, self storage)|36_56|GLOBAL_NonListedVehicles_SingleSectorOther_Total|GLB_NLV_SSOther_Total|Non-listed vehicles total - Single sector other||Global Capital raised|Investor Type and Vehicle Type|||1150
q14COL1_Total_global|CURRENCY|GLOBAL: TOTAL Non-listed/ commingled real estate funds/private REITs|36_57|GLOBAL_NonListedFunds_Singlesector_Total|GLB_NLF_Singlesector_Total|Non-listed funds - Targeted sector total||Global Capital raised|Investor Type and Vehicle Type|||1151
q14COL2_Total_global|CURRENCY|GLOBAL: TOTAL Separate accounts investing directly into real estate|36_58|GLOBAL_SeparateAccountsDirect_Singlesector_Total|GLB_SepAccDirect_Singlesector_Total|Separate accounts investing directly - Targeted sector total||Global Capital raised|Investor Type and Vehicle Type|||1152
q14COL3_Total_global|CURRENCY|GLOBAL: TOTAL Separate accounts investing into indirect vehicles|36_59|GLOBAL_SeparateAccountsIndirect_Singlesector_Total|GLB_SepAccIndirect_Singlesector_Total|Separate accounts investing indirectly - Targeted sector total||Global Capital raised|Investor Type and Vehicle Type|||1153
q14COL4_Total_global|CURRENCY|GLOBAL: TOTAL Joint ventures and club deals|36_60|GLOBAL_JVs_Singlesector_Total|GLB_JVs_Singlesector_Total|Joint ventures and club deals - Targeted sector total||Global Capital raised|Investor Type and Vehicle Type|||1154
q14COL5_Total_global|CURRENCY|GLOBAL: TOTAL Funds of funds|36_61|GLOBAL_FundsOfFunds_Singlesector_Total|GLB_FOF_Singlesector_Total|Funds of funds - Targeted sector total||Global Capital raised|Investor Type and Vehicle Type|||1155
q14COL6_Total_global|CURRENCY|GLOBAL: TOTAL Non-listed debt products|36_62|GLOBAL_Debt_Singlesector_Total|GLB_Debt_Singlesector_Total|Non-listed debt products - Targeted sector total||Global Capital raised|Investor Type and Vehicle Type|||1156
q14GRANDTotal_global|CURRENCY|GLOBAL: TOTAL Raised by targeted sector|36_63|GLOBAL_NonListedVehicles_Singlesector_Total|GLB_NLV_Singlesector_Total|Non-listed vehicles total - Targeted sector total||Global Capital raised|Investor Type and Vehicle Type|||1157
qBothStrategyGRANDTotal_global|CURRENCY|Total Capital Raised in 2020 for your Global strategy (Shown only when BOTH strategies selected in q12)|36_64|GLOBAL_NonListedVehicles_MultiSectorSingleSector_Total|GLB_NLV_MSSS_Total|Non-listed vehicles - Multi sector single sector total||Global Capital raised|Investor Type and Vehicle Type|||1158
_global||For your Global strategy*, how much institutional capital did your company raise for Non-listed vehicless in 2020 by investment style (million)? |37|||||||||1159
q151_1_global|CURRENCY|GLOBAL: Core / Senior debt - Non-listed/ commingled real estate funds/private REITs|37_1|GLOBAL_NonListedFunds_Core/SeniorDebt|GLB_NLF_Core|Non-listed funds - Core/ senior debt||Global Capital raised|Investor Type and Vehicle Type|||1160
q151_2_global|CURRENCY|GLOBAL: Core / Senior debt - Separate accounts investing directly into real estate|37_2|GLOBAL_SeparateAccountsDirect_Core/SeniorDebt|GLB_SepAccDirect_Core|Separate accounts investing directly - Core/ senior debt||Global Capital raised|Investor Type and Vehicle Type|||1161
q151_3_global|CURRENCY|GLOBAL: Core / Senior debt - Separate accounts investing into indirect vehicles|37_3|GLOBAL_SeparateAccountsIndirect_Core/SeniorDebt|GLB_SepAccIndirect_Core|Separate accounts investing indirectly - Core/ senior debt||Global Capital raised|Investor Type and Vehicle Type|||1162
q151_4_global|CURRENCY|GLOBAL: Core / Senior debt - Joint ventures and club deals|37_4|GLOBAL_JVs_Core/SeniorDebt|GLB_JVs_Core|Joint ventures and club deals - Core/ senior debt||Global Capital raised|Investor Type and Vehicle Type|||1163
q151_5_global|CURRENCY|GLOBAL: Core / Senior debt - Funds of funds|37_5|GLOBAL_FundsOfFunds_Core/SeniorDebt|GLB_FOF_Core|Funds of funds - Core/ senior debt||Global Capital raised|Investor Type and Vehicle Type|||1164
q151_6_global|CURRENCY|GLOBAL: Core / Senior debt - Non-listed debt products|37_6|GLOBAL_Debt_Core/SeniorDebt|GLB_Debt_Core|Non-listed debt products - Core/ senior debt||Global Capital raised|Investor Type and Vehicle Type|||1165
q15ROW1_Total_global|CURRENCY|GLOBAL: TOTAL Core / Senior debt|37_7|GLOBAL_NonListedVehicles_Core/SeniorDebt_Total|GLB_NLV_Core_Total|Non-listed vehicles total - Value added/ junior and subordinated debt ||Global Capital raised|Investor Type and Vehicle Type|||1166
q152_1_global|CURRENCY|GLOBAL: Value added / Junior and other subordinated debt - Non-listed/ commingled real estate funds/private REITs|37_8|GLOBAL_NonListedFunds_ValueAdded/JuniorAndSubordinatedDebt|GLB_NLF_ValAdd|Non-listed funds - Value added/ junior and subordinated debt ||Global Capital raised|Investor Type and Vehicle Type|||1167
q152_2_global|CURRENCY|GLOBAL: Value added / Junior and other subordinated debt - Separate accounts investing directly into real estate|37_9|GLOBAL_SeparateAccountsDirect_ValueAdded/JuniorAndSubordinatedDebt|GLB_SepAccDirect_ValAdd|Separate accounts investing directly - Value added/ junior and subordinated debt ||Global Capital raised|Investor Type and Vehicle Type|||1168
q152_3_global|CURRENCY|GLOBAL: Value added / Junior and other subordinated debt - Separate accounts investing into indirect vehicles|37_10|GLOBAL_SeparateAccountsIndirect_ValueAdded/JuniorAndSubordinatedDebt|GLB_SepAccIndirect_ValAdd|Separate accounts investing indirectly - Value added/ junior and subordinated debt ||Global Capital raised|Investor Type and Vehicle Type|||1169
q152_4_global|CURRENCY|GLOBAL: Value added / Junior and other subordinated debt - Joint ventures and club deals|37_11|GLOBAL_JVs_ValueAdded/JuniorAndSubordinatedDebt|GLB_JVs_ValAdd|Joint ventures and club deals - Value added/ junior and subordinated debt ||Global Capital raised|Investor Type and Vehicle Type|||1170
q152_5_global|CURRENCY|GLOBAL: Value added / Junior and other subordinated debt - Funds of funds|37_12|GLOBAL_FundsOfFunds_ValueAdded/JuniorAndSubordinatedDebt|GLB_FOF_ValAdd|Funds of funds - Value added/ junior and subordinated debt ||Global Capital raised|Investor Type and Vehicle Type|||1171
q152_6_global|CURRENCY|GLOBAL: Value added / Junior and other subordinated debt - Non-listed debt products|37_13|GLOBAL_Debt_ValueAdded/JuniorAndSubordinatedDebt|GLB_Debt_ValAdd|Non-listed debt products - Value added/ junior and subordinated debt ||Global Capital raised|Investor Type and Vehicle Type|||1172
q15ROW2_Total_global|CURRENCY|GLOBAL: TOTAL Value added / Junior and other subordinated debt|37_14|GLOBAL_NonListedVehicles_ValueAdded/JuniorAndSubordinatedDebt_Total|GLB_NLV_ValAdd_Total|Non-listed vehicles total - Value added/ junior and subordinated debt ||Global Capital raised|Investor Type and Vehicle Type|||1173
q153_1_global|CURRENCY|GLOBAL: Opportunistic / Mezzanine debt - Non-listed/ commingled real estate funds/private REITs|37_15|GLOBAL_NonListedFunds_Opportunistic/MezzanineDebt|GLB_NLF_Opp|Non-listed funds - Opportunistic/ mezzanine debt||Global Capital raised|Investor Type and Vehicle Type|||1174
q153_2_global|CURRENCY|GLOBAL: Opportunistic / Mezzanine debt - Separate accounts investing directly into real estate|37_16|GLOBAL_SeparateAccountsDirect_Opportunistic/MezzanineDebt|GLB_SepAccDirect_Opp|Separate accounts investing directly - Opportunistic/ mezzanine debt||Global Capital raised|Investor Type and Vehicle Type|||1175
q153_3_global|CURRENCY|GLOBAL: Opportunistic / Mezzanine debt - Separate accounts investing into indirect vehicles|37_17|GLOBAL_SeparateAccountsIndirect_Opportunistic/MezzanineDebt|GLB_SepAccIndirect_Opp|Separate accounts investing indirectly - Opportunistic/ mezzanine debt||Global Capital raised|Investor Type and Vehicle Type|||1176
q153_4_global|CURRENCY|GLOBAL: Opportunistic / Mezzanine debt - Joint ventures and club deals|37_18|GLOBAL_JVs_Opportunistic/MezzanineDebt|GLB_JVs_Opp|Joint ventures and club deals - Opportunistic/ mezzanine debt||Global Capital raised|Investor Type and Vehicle Type|||1177
q153_5_global|CURRENCY|GLOBAL: Opportunistic / Mezzanine debt - Funds of funds|37_19|GLOBAL_FundsOfFunds_Opportunistic/MezzanineDebt|GLB_FOF_Opp|Funds of funds - Opportunistic/ mezzanine debt||Global Capital raised|Investor Type and Vehicle Type|||1178
q153_6_global|CURRENCY|GLOBAL: Opportunistic / Mezzanine debt - Non-listed debt products|37_20|GLOBAL_Debt_Opportunistic/MezzanineDebt|GLB_Debt_Opp|Non-listed debt products - Opportunistic/ mezzanine debt||Global Capital raised|Investor Type and Vehicle Type|||1179
q15ROW3_Total_global|CURRENCY|GLOBAL: TOTAL Opportunistic / Mezzanine debt|37_21|GLOBAL_NonListedVehicles_Opportunistic/MezzanineDebt_Total|GLB_NLV_Opp_Total|Non-listed vehicles total - Opportunistic/ mezzanine debt||Global Capital raised|Investor Type and Vehicle Type|||1180
q154_1_global|CURRENCY|GLOBAL: Mixed strategies - Non-listed/ commingled real estate funds/private REITs|37_22|GLOBAL_NonListedFunds_MixedStrategies|GLB_NLF_Mixed|Non-listed funds - Mixed strategies||Global Capital raised|Investor Type and Vehicle Type|||1181
q154_2_global|CURRENCY|GLOBAL: Mixed strategies - Separate accounts investing directly into real estate|37_23|GLOBAL_SeparateAccountsDirect_MixedStrategies|GLB_SepAccDirect_Mixed|Separate accounts investing directly - Mixed strategies||Global Capital raised|Investor Type and Vehicle Type|||1182
q154_3_global|CURRENCY|GLOBAL: Mixed strategies - Separate accounts investing into indirect vehicles|37_24|GLOBAL_SeparateAccountsIndirect_MixedStrategies|GLB_SepAccIndirect_Mixed|Separate accounts investing indirectly - Mixed strategies||Global Capital raised|Investor Type and Vehicle Type|||1183
q154_4_global|CURRENCY|GLOBAL: Mixed strategies - Joint ventures and club deals|37_25|GLOBAL_JVs_MixedStrategies|GLB_JVs_Mixed|Joint ventures and club deals - Mixed strategies||Global Capital raised|Investor Type and Vehicle Type|||1184
q154_5_global|CURRENCY|GLOBAL: Mixed strategies - Funds of funds|37_26|GLOBAL_FundsOfFunds_MixedStrategies|GLB_FOF_Mixed|Funds of funds - Mixed strategies||Global Capital raised|Investor Type and Vehicle Type|||1185
q154_6_global|CURRENCY|GLOBAL: Mixed strategies - Non-listed debt products|37_27|GLOBAL_Debt_MixedStrategies|GLB_Debt_Mixed|Non-listed debt products - Mixed strategies||Global Capital raised|Investor Type and Vehicle Type|||1186
q15ROW4_Total_global|CURRENCY|GLOBAL: TOTAL Mixed strategies|37_28|GLOBAL_NonListedVehicles_MixedStrategies_Total|GLB_NLV_Mixed_Total|Non-listed vehicles total - Mixed strategies||Global Capital raised|Investor Type and Vehicle Type|||1187
q15COL1_Total_global|CURRENCY|GLOBAL: TOTAL Non-listed/ commingled real estate funds/private REITs|37_29|GLOBAL_NonListedFunds_InvestmentStyle_Total|GLB_NLF_IS_Total|Non-listed funds - Investment style total||Global Capital raised|Investor Type and Vehicle Type|||1188
q15COL2_Total_global|CURRENCY|GLOBAL: TOTAL Separate accounts investing directly into real estate|37_30|GLOBAL_SeparateAccountsDirect_InvestmentStyle_Total|GLB_SepAccDirect_IS_Total|Separate accounts investing directly - Investment style total||Global Capital raised|Investor Type and Vehicle Type|||1189
q15COL3_Total_global|CURRENCY|GLOBAL: TOTAL Separate accounts investing into indirect vehicles|37_31|GLOBAL_SeparateAccountsIndirect_InvestmentStyle_Total|GLB_SepAccIndirect_IS_Total|Separate accounts investing indirectly - Investment style total||Global Capital raised|Investor Type and Vehicle Type|||1190
q15COL4_Total_global|CURRENCY|GLOBAL: TOTAL Joint ventures and club deals|37_32|GLOBAL_JVs_InvestmentStyle_Total|GLB_JVs_IS_Total|Joint ventures and club deals - Investment style total||Global Capital raised|Investor Type and Vehicle Type|||1191
q15COL5_Total_global|CURRENCY|GLOBAL: TOTAL Funds of funds|37_33|GLOBAL_FundsOfFunds_InvestmentStyle_Total|GLB_FOF_IS_Total|Funds of funds - Investment style total||Global Capital raised|Investor Type and Vehicle Type|||1192
q15COL6_Total_global|CURRENCY|GLOBAL: TOTAL Non-listed debt products|37_34|GLOBAL_Debt_InvestmentStyle_Total|GLB_Debt_IS_Total|Non-listed debt products - Investment style total||Global Capital raised|Investor Type and Vehicle Type|||1193
q15GRANDTotal_global|CURRENCY|GLOBAL: Total Capital Raised in 2020 for your Global strategy|37_35|GLOBAL_NonListedVehicles_InvestmentStyle_Total|GLB_NLV_IS_Total|Non-listed vehicles total - Investment style total||Global Capital raised|Investor Type and Vehicle Type|||1194
SOUTH AMERICA_southamerica||||||||||||1195
_southamerica||For your South American strategy*, how much institutional capital did your company raise for Non-listed vehicless in 2020 by investor type (million)?|38|||||||||1196
q101_1_southamerica|CURRENCY|SA: Pension funds - Non-listed/ commingled real estate funds/private REITs|38_1|SA_PensionFunds_NonListedFunds|SA_PF_NLF|Pension funds - Non-listed fund||SA Capital raised|Investor Type and Vehicle Type|||1197
q101_2_southamerica|CURRENCY|SA: Pension funds - Separate accounts investing directly into real estate|38_2|SA_PensionFunds_SeparateAccountsDirect|SA_PF_SepAccDirect|Pension funds - Separate accounts investing directly||SA Capital raised|Investor Type and Vehicle Type|||1198
q101_3_southamerica|CURRENCY|SA: Pension funds - Separate accounts investing into indirect vehicles|38_3|SA_PensionFunds_SeparateAccountsIndirect|SA_PF_SepAccIndirect|Pension funds - Separate accounts investing indirectly||SA Capital raised|Investor Type and Vehicle Type|||1199
q101_4_southamerica|CURRENCY|SA: Pension funds - Joint ventures and club deals|38_4|SA_PensionFunds_JVs|SA_PF_JVs|Pension funds - Joint ventures and club deals||SA Capital raised|Investor Type and Vehicle Type|||1200
q101_5_southamerica|CURRENCY|SA: Pension funds - Funds of funds|38_5|SA_PensionFunds_FundsOfFunds|SA_PF_FOF|Pension funds - Funds of funds||SA Capital raised|Investor Type and Vehicle Type|||1201
q101_6_southamerica|CURRENCY|SA: Pension funds - Non-listed debt products|38_6|SA_PensionFunds_Debt|SA_PF_Debt|Pension funds - Non-listed debt products||SA Capital raised|Investor Type and Vehicle Type|||1202
q10ROW1_Total_southamerica|CURRENCY|SA: Pension funds - TOTAL|38_7|SA_PensionFunds_VehicleType_Total|SA_PF_VT_Total|Pension funds - Vehicle type total||SA Capital raised|Investor Type and Vehicle Type|||1203
q102_1_southamerica|CURRENCY|SA: Insurance companies - Non-listed/ commingled real estate funds/private REITs|38_8|SA_InsuranceCompanies_NonListedFunds|SA_IC_NLF|Insurance companies - Non-listed fund||SA Capital raised|Investor Type and Vehicle Type|||1204
q102_2_southamerica|CURRENCY|SA: Insurance companies - Separate accounts investing directly into real estate|38_9|SA_InsuranceCompanies_SeparateAccountsDirect|SA_IC_SepAccDirect|Insurance companies - Separate accounts investing directly||SA Capital raised|Investor Type and Vehicle Type|||1205
q102_3_southamerica|CURRENCY|SA: Insurance companies - Separate accounts investing into indirect vehicles|38_10|SA_InsuranceCompanies_SeparateAccountsIndirect|SA_IC_SepAccIndirect|Insurance companies - Separate accounts investing indirectly||SA Capital raised|Investor Type and Vehicle Type|||1206
q102_4_southamerica|CURRENCY|SA: Insurance companies - Joint ventures and club deals|38_11|SA_InsuranceCompanies_JVs|SA_IC_JVs|Insurance companies - Joint ventures and club deals||SA Capital raised|Investor Type and Vehicle Type|||1207
q102_5_southamerica|CURRENCY|SA: Insurance companies - Funds of funds|38_12|SA_InsuranceCompanies_FundsOfFunds|SA_IC_FOF|Insurance companies - Funds of funds||SA Capital raised|Investor Type and Vehicle Type|||1208
q102_6_southamerica|CURRENCY|SA: Insurance companies - Non-listed debt products|38_13|SA_InsuranceCompanies_Debt|SA_IC_Debt|Insurance companies - Non-listed debt products||SA Capital raised|Investor Type and Vehicle Type|||1209
q10ROW2_Total_southamerica|CURRENCY|SA: Insurance companies - TOTAL|38_14|SA_InsuranceCompanies_VehicleType_Total|SA_IC_VT_Total|Insurance companies - Vehicle type total||SA Capital raised|Investor Type and Vehicle Type|||1210
q103_1_southamerica|CURRENCY|SA: Sovereign wealth funds - Non-listed/ commingled real estate funds/private REITs|38_15|SA_SovereignWealthFunds_NonListedFunds|SA_SWF_NLF|Sovereign wealth funds - Non-listed fund||SA Capital raised|Investor Type and Vehicle Type|||1211
q103_2_southamerica|CURRENCY|SA: Sovereign wealth funds - Separate accounts investing directly into real estate|38_16|SA_SovereignWealthFunds_SeparateAccountsDirect|SA_SWF_SepAccDirect|Sovereign wealth funds - Separate accounts investing directly||SA Capital raised|Investor Type and Vehicle Type|||1212
q103_3_southamerica|CURRENCY|SA: Sovereign wealth funds - Separate accounts investing into indirect vehicles|38_17|SA_SovereignWealthFunds_SeparateAccountsIndirect|SA_SWF_SepAccIndirect|Sovereign wealth funds - Separate accounts investing indirectly||SA Capital raised|Investor Type and Vehicle Type|||1213
q103_4_southamerica|CURRENCY|SA: Sovereign wealth funds - Joint ventures and club deals|38_18|SA_SovereignWealthFunds_JVs|SA_SWF_JVs|Sovereign wealth funds - Joint ventures and club deals||SA Capital raised|Investor Type and Vehicle Type|||1214
q103_5_southamerica|CURRENCY|SA: Sovereign wealth funds - Funds of funds|38_19|SA_SovereignWealthFunds_FundsOfFunds|SA_SWF_FOF|Sovereign wealth funds - Funds of funds||SA Capital raised|Investor Type and Vehicle Type|||1215
q103_6_southamerica|CURRENCY|SA: Sovereign wealth funds - Non-listed debt products|38_20|SA_SovereignWealthFunds_Debt|SA_SWF_Debt|Sovereign wealth funds - Non-listed debt products||SA Capital raised|Investor Type and Vehicle Type|||1216
q10ROW3_Total_southamerica|CURRENCY|SA: Sovereign wealth funds - TOTAL|38_21|SA_SovereignWealthFunds_VehicleType_Total|SA_SWF_VT_Total|Sovereign wealth funds - Vehicle type total||SA Capital raised|Investor Type and Vehicle Type|||1217
q104_1_southamerica|CURRENCY|SA: Government institutions - Non-listed/ commingled real estate funds/private REITs|38_22|SA_GovernmentInstitutions_NonListedFunds|SA_GI_NLF|Government institutions - Non-listed fund||SA Capital raised|Investor Type and Vehicle Type|||1218
q104_2_southamerica|CURRENCY|SA: Government institutions - Separate accounts investing directly into real estate|38_23|SA_GovernmentInstitutions_SeparateAccountsDirect|SA_GI_SepAccDirect|Government institutions - Separate accounts investing directly||SA Capital raised|Investor Type and Vehicle Type|||1219
q104_3_southamerica|CURRENCY|SA: Government institutions - Separate accounts investing into indirect vehicles|38_24|SA_GovernmentInstitutions_SeparateAccountsIndirect|SA_GI_SepAccIndirect|Government institutions - Separate accounts investing indirectly||SA Capital raised|Investor Type and Vehicle Type|||1220
q104_4_southamerica|CURRENCY|SA: Government institutions - Joint ventures and club deals|38_25|SA_GovernmentInstitutions_JVs|SA_GI_JVs|Government institutions - Joint ventures and club deals||SA Capital raised|Investor Type and Vehicle Type|||1221
q104_5_southamerica|CURRENCY|SA: Government institutions - Funds of funds|38_26|SA_GovernmentInstitutions_FundsOfFunds|SA_GI_FOF|Government institutions - Funds of funds||SA Capital raised|Investor Type and Vehicle Type|||1222
q104_6_southamerica|CURRENCY|SA: Government institutions - Non-listed debt products|38_27|SA_GovernmentInstitutions_Debt|SA_GI_Debt|Government institutions - Non-listed debt products||SA Capital raised|Investor Type and Vehicle Type|||1223
q10ROW4_Total_southamerica|CURRENCY|SA: Government institutions - TOTAL|38_28|SA_GovernmentInstitutions_VehicleType_Total|SA_GI_VT_Total|Government institutions - Vehicle type total||SA Capital raised|Investor Type and Vehicle Type|||1224
q105_1_southamerica|CURRENCY|SA: Charities, foundations, non-profit organisations - Non-listed/ commingled real estate funds/private REITs|38_29|SA_CharitiesFoundationsNonProfitOrganizations_NonListedFunds|SA_CF&NPO_NLF|Charities, foundations & non-profit organisations - Non-listed fund||SA Capital raised|Investor Type and Vehicle Type|||1225
q105_2_southamerica|CURRENCY|SA: Charities, foundations, non-profit organisations - Separate accounts investing directly into real estate|38_30|SA_CharitiesFoundationsNonProfitOrganizations_SeparateAccountsDirect|SA_CF&NPO_SepAccDirect|Charities, foundations & non-profit organisations - Separate accounts investing directly||SA Capital raised|Investor Type and Vehicle Type|||1226
q105_3_southamerica|CURRENCY|SA: Charities, foundations, non-profit organisations - Separate accounts investing into indirect vehicles|38_31|SA_CharitiesFoundationsNonProfitOrganizations_SeparateAccountsIndirect|SA_CF&NPO_SepAccIndirect|Charities, foundations & non-profit organisations - Separate accounts investing indirectly||SA Capital raised|Investor Type and Vehicle Type|||1227
q105_4_southamerica|CURRENCY|SA: Charities, foundations, non-profit organisations - Joint ventures and club deals|38_32|SA_CharitiesFoundationsNonProfitOrganizations_JVs|SA_CF&NPO_JVs|Charities, foundations & non-profit organisations - Joint ventures and club deals||SA Capital raised|Investor Type and Vehicle Type|||1228
q105_5_southamerica|CURRENCY|SA: Charities, foundations, non-profit organisations - Funds of funds|38_33|SA_CharitiesFoundationsNonProfitOrganizations_FundsOfFunds|SA_CF&NPO_FOF|Charities, foundations & non-profit organisations - Funds of funds||SA Capital raised|Investor Type and Vehicle Type|||1229
q105_6_southamerica|CURRENCY|SA: Charities, foundations, non-profit organisations - Non-listed debt products|38_34|SA_CharitiesFoundationsNonProfitOrganizations_Debt|SA_CF&NPO_Debt|Charities, foundations & non-profit organisations - Non-listed debt products||SA Capital raised|Investor Type and Vehicle Type|||1230
q10ROW5_Total_southamerica|CURRENCY|SA: Charities, foundations, non-profit organisations - TOTAL|38_35|SA_CharitiesFoundationsNonProfitOrganizations_VehicleType_Total|SA_CF&NPO_VT_Total|Charities, foundations & non-profit organisations - Vehicle type total||SA Capital raised|Investor Type and Vehicle Type|||1231
q106_1_southamerica|CURRENCY|SA: Funds of funds - Non-listed/ commingled real estate funds/private REITs|38_36|SA_FundsOfFunds_NonListedFunds|SA_FOF_NLF|Funds of funds - Non-listed fund||SA Capital raised|Investor Type and Vehicle Type|||1232
q106_2_southamerica|CURRENCY|SA: Funds of funds - Separate accounts investing directly into real estate|38_37|SA_FundsOfFunds_SeparateAccountsDirect|SA_FOF_SepAccDirect|Funds of funds - Separate accounts investing directly||SA Capital raised|Investor Type and Vehicle Type|||1233
q106_3_southamerica|CURRENCY|SA: Funds of funds - Separate accounts investing into indirect vehicles|38_38|SA_FundsOfFunds_SeparateAccountsIndirect|SA_FOF_SepAccIndirect|Funds of funds - Separate accounts investing indirectly||SA Capital raised|Investor Type and Vehicle Type|||1234
q106_4_southamerica|CURRENCY|SA: Funds of funds - Joint ventures and club deals|38_39|SA_FundsOfFunds_JVs|SA_FOF_JVs|Funds of funds - Joint ventures and club deals||SA Capital raised|Investor Type and Vehicle Type|||1235
q106_5_southamerica|CURRENCY|SA: Funds of funds - Funds of funds|38_40|SA_FundsOfFunds_FundsOfFunds|SA_FOF_FOF|Funds of funds - Funds of funds||SA Capital raised|Investor Type and Vehicle Type|||1236
q106_6_southamerica|CURRENCY|SA: Funds of funds - Non-listed debt products|38_41|SA_FundsOfFunds_Debt|SA_FOF_Debt|Funds of funds - Non-listed debt products||SA Capital raised|Investor Type and Vehicle Type|||1237
q10ROW6_Total_southamerica|CURRENCY|SA: Funds of funds - TOTAL|38_42|SA_FundsOfFunds_VehicleType_Total|SA_FOF_VT_Total|Funds of funds - Vehicle type total||SA Capital raised|Investor Type and Vehicle Type|||1238
q107_1_southamerica|CURRENCY|SA: High net worth individuals /Family offices - Non-listed/ commingled real estate funds/private REITs|38_43|SA_HighnetWorthIndividualsFamilyOffices_NonListedFunds|SA_HNWI/FO_NLF|Hign net worth individuals/Family offices - Non-listed fund||SA Capital raised|Investor Type and Vehicle Type|||1239
q107_2_southamerica|CURRENCY|SA: High net worth individuals /Family offices - Separate accounts investing directly into real estate|38_44|SA_HighnetWorthIndividualsFamilyOffices_SeparateAccountsDirect|SA_HNWI/FO_SepAccDirect|Hign net worth individuals/Family offices - Separate accounts investing directly||SA Capital raised|Investor Type and Vehicle Type|||1240
q107_3_southamerica|CURRENCY|SA: High net worth individuals /Family offices - Separate accounts investing into indirect vehicles|38_45|SA_HighnetWorthIndividualsFamilyOffices_SeparateAccountsIndirect|SA_HNWI/FO_SepAccIndirect|Hign net worth individuals/Family offices - Separate accounts investing indirectly||SA Capital raised|Investor Type and Vehicle Type|||1241
q107_4_southamerica|CURRENCY|SA: High net worth individuals /Family offices - Joint ventures and club deals|38_46|SA_HighnetWorthIndividualsFamilyOffices_JVs|SA_HNWI/FO_JVs|Hign net worth individuals/Family offices - Joint ventures and club deals||SA Capital raised|Investor Type and Vehicle Type|||1242
q107_5_southamerica|CURRENCY|SA: High net worth individuals /Family offices - Funds of funds|38_47|SA_HighnetWorthIndividualsFamilyOffices_FundsOfFunds|SA_HNWI/FO_FOF|Hign net worth individuals/Family offices - Funds of funds||SA Capital raised|Investor Type and Vehicle Type|||1243
q107_6_southamerica|CURRENCY|SA: High net worth individuals /Family offices - Non-listed debt products|38_48|SA_HighnetWorthIndividualsFamilyOffices_Debt|SA_HNWI/FO_Debt|Hign net worth individuals/Family offices - Non-listed debt products||SA Capital raised|Investor Type and Vehicle Type|||1244
q10ROW7_Total_southamerica|CURRENCY|SA: High net worth individuals /Family offices - TOTAL|38_49|SA_HighnetWorthIndividualsFamilyOffices_VehicleType_Total|SA_HNWI/FO_VT_Total|Hign net worth individuals/Family offices - Vehicle type total||SA Capital raised|Investor Type and Vehicle Type|||1245
q10other_southamerica|TEXT|SA: Other investor type (Other)|38_50|SA_OtherInvestorTypetext|SA_OtherITText|Other investor type||SA Capital raised|Investor Type and Vehicle Type|||1246
q108_1_southamerica|CURRENCY|SA: Other - Non-listed/ commingled real estate funds/private REITs|38_51|SA_OtherInvestorType_NonListedFunds|SA_OtherIT_NLF|Other investor type - Non-listed fund||SA Capital raised|Investor Type and Vehicle Type|||1247
q108_2_southamerica|CURRENCY|SA: Other - Separate accounts investing directly into real estate|38_52|SA_OtherInvestorType_SeparateAccountsDirect|SA_OtherIT_SepAccDirect|Other investor type - Separate accounts investing directly||SA Capital raised|Investor Type and Vehicle Type|||1248
q108_3_southamerica|CURRENCY|SA: Other - Separate accounts investing into indirect vehicles|38_53|SA_OtherInvestorType_SeparateAccountsIndirect|SA_OtherIT_SepAccIndirect|Other investor type - Separate accounts investing indirectly||SA Capital raised|Investor Type and Vehicle Type|||1249
q108_4_southamerica|CURRENCY|SA: Other - Joint ventures and club deals|38_54|SA_OtherInvestorType_JVs|SA_OtherIT_JVs|Other investor type - Joint ventures and club deals||SA Capital raised|Investor Type and Vehicle Type|||1250
q108_5_southamerica|CURRENCY|SA: Other - Funds of funds|38_55|SA_OtherInvestorType_FundsOfFunds|SA_OtherIT_FOF|Other investor type - Funds of funds||SA Capital raised|Investor Type and Vehicle Type|||1251
q108_6_southamerica|CURRENCY|SA: Other - Non-listed debt products|38_56|SA_OtherInvestorType_Debt|SA_OtherIT_Debt|Other investor type - Non-listed debt products||SA Capital raised|Investor Type and Vehicle Type|||1252
q10ROW8_Total_southamerica|CURRENCY|SA: Other - TOTAL|38_57|SA_OtherInvestorType_VehicleType_Total|SA_OtherIT_VT_Total|Other investor type - Vehicle type total||SA Capital raised|Investor Type and Vehicle Type|||1253
q10COL1_Total_southamerica|CURRENCY|SA TOTAL - Non-listed/ commingled real estate funds/private REITs|38_58|SA_InvestorType_NonListedFunds_Total|SA_IT_NLF_Total|Investor type - Non-listed fund total||SA Capital raised|Investor Type and Vehicle Type|||1254
q10COL2_Total_southamerica|CURRENCY|SA TOTAL - Separate accounts investing directly into real estate|38_59|SA_InvestorType_SeparateAccountsDirect_Total|SA_IT_SepAccDirect_Total|Investor type - Separate accounts investing directly total||SA Capital raised|Investor Type and Vehicle Type|||1255
q10COL3_Total_southamerica|CURRENCY|SA TOTAL - Separate accounts investing into indirect vehicles|38_60|SA_InvestorType_SeparateAccountsIndirect_Total|SA_IT_SepAccIndirect_Total|Investor type - Separate accounts investing indirectly total||SA Capital raised|Investor Type and Vehicle Type|||1256
q10COL4_Total_southamerica|CURRENCY|SA TOTAL - Joint ventures and club deals|38_61|SA_InvestorType_JVs_Total|SA_IT_JVs_Total|Investor type - Joint ventures and club deals total||SA Capital raised|Investor Type and Vehicle Type|||1257
q10COL5_Total_southamerica|CURRENCY|SA TOTAL - Funds of funds|38_62|SA_InvestorType_FundsOfFunds_Total|SA_IT_FOF_Total|Investor type - Funds of funds total||SA Capital raised|Investor Type and Vehicle Type|||1258
q10COL6_Total_southamerica|CURRENCY|SA TOTAL - Non-listed debt products|38_63|SA_InvestorType_Debt_Total|SA_IT_Debt_Total|Investor type - Non-listed debt products total||SA Capital raised|Investor Type and Vehicle Type|||1259
q10GRANDTotal_southamerica|CURRENCY|SA TOTAL Capital Raised in 2020 for your South American strategy by investor type|38_64|SA_InvestorType_VehicleType_Total|SA_IT_VT_Total|Investor type - Vehicle type total||SA Capital raised|Investor Type and Vehicle Type|||1260
_southamerica||For your South American strategy*, how much institutional capital did your company raise for Non-listed vehicless in 2020 by investor domicile (million)?|39|||||||||1261
q111_1_southamerica|CURRENCY|SA: Asia Pacific - Non-listed/ commingled real estate funds/private REITs|39_1|SA_InvestorDomicileAsiaPacific_NonListedFunds|SA_IDAPAC_NLF|Asia Pacific - Non-listed funds||SA Capital raised|Investor Type and Vehicle Type|||1262
q111_2_southamerica|CURRENCY|SA: Asia Pacific - Separate accounts investing directly into real estate|39_2|SA_InvestorDomicileAsiaPacific_SeparateAccountsDirect|SA_IDAPAC_SepAccDirect|Asia Pacific - Separate accounts investing directly||SA Capital raised|Investor Type and Vehicle Type|||1263
q111_3_southamerica|CURRENCY|SA: Asia Pacific - Separate accounts investing into indirect vehicles|39_3|SA_InvestorDomicileAsiaPacific_SeparateAccountsIndirect|SA_IDAPAC_SepAccIndirect|Asia Pacific - Separate accounts investing indirectly||SA Capital raised|Investor Type and Vehicle Type|||1264
q111_4_southamerica|CURRENCY|SA: Asia Pacific - Joint ventures and club deals|39_4|SA_InvestorDomicileAsiaPacific_JVs|SA_IDAPAC_JVs|Asia Pacific - Joint ventures and club deals||SA Capital raised|Investor Type and Vehicle Type|||1265
q111_5_southamerica|CURRENCY|SA: Asia Pacific - Funds of funds|39_5|SA_InvestorDomicileAsiaPacific_FundsOfFunds|SA_IDAPAC_FOF|Asia Pacific - Funds of funds||SA Capital raised|Investor Type and Vehicle Type|||1266
q111_6_southamerica|CURRENCY|SA: Asia Pacific - Non-listed debt products|39_6|SA_InvestorDomicileAsiaPacific_Debt|SA_IDAPAC_Debt|Asia Pacific - Non-listed debt products||SA Capital raised|Investor Type and Vehicle Type|||1267
q11ROW1_Total_southamerica|CURRENCY|SA: Asia Pacific - TOTAL|39_7|SA_InvestorDomicileAsiaPacific_VehicleType_Total|SA_IDAPAC_VT_Total|Asia Pacific - Vehicle type total||SA Capital raised|Investor Type and Vehicle Type|||1268
q112_1_southamerica|CURRENCY|SA: Europe - Non-listed/ commingled real estate funds/private REITs|39_8|SA_InvestorDomicileEurope_NonListedFunds|SA_IDEUR_NLF|Europe - Non-listed funds||SA Capital raised|Investor Type and Vehicle Type|||1269
q112_2_southamerica|CURRENCY|SA: Europe - Separate accounts investing directly into real estate|39_9|SA_InvestorDomicileEurope_SeparateAccountsDirect|SA_IDEUR_SepAccDirect|Europe - Separate accounts investing directly||SA Capital raised|Investor Type and Vehicle Type|||1270
q112_3_southamerica|CURRENCY|SA: Europe - Separate accounts investing into indirect vehicles|39_10|SA_InvestorDomicileEurope_SeparateAccountsIndirect|SA_IDEUR_SepAccIndirect|Europe - Separate accounts investing indirectly||SA Capital raised|Investor Type and Vehicle Type|||1271
q112_4_southamerica|CURRENCY|SA: Europe - Joint ventures and club deals|39_11|SA_InvestorDomicileEurope_JVs|SA_IDEUR_JVs|Europe - Joint ventures and club deals||SA Capital raised|Investor Type and Vehicle Type|||1272
q112_5_southamerica|CURRENCY|SA: Europe - Funds of funds|39_12|SA_InvestorDomicileEurope_FundsOfFunds|SA_IDEUR_FOF|Europe - Funds of funds||SA Capital raised|Investor Type and Vehicle Type|||1273
q112_6_southamerica|CURRENCY|SA: Europe - Non-listed debt products|39_13|SA_InvestorDomicileEurope_Debt|SA_IDEUR_Debt|Europe - Non-listed debt products||SA Capital raised|Investor Type and Vehicle Type|||1274
q11ROW2_Total_southamerica|CURRENCY|SA: Europe - TOTAL|39_14|SA_InvestorDomicileEurope_VehicleType_Total|SA_IDEUR_VT_Total|Europe - Vehicle type total||SA Capital raised|Investor Type and Vehicle Type|||1275
q113_1_southamerica|CURRENCY|SA: North America - Non-listed/ commingled real estate funds/private REITs|39_15|SA_InvestorDomicileNorthAmerica_NonListedFunds|SA_IDNA_NLF|North America - Non-listed funds||SA Capital raised|Investor Type and Vehicle Type|||1276
q113_2_southamerica|CURRENCY|SA: North America - Separate accounts investing directly into real estate|39_16|SA_InvestorDomicileNorthAmerica_SeparateAccountsDirect|SA_IDNA_SepAccDirect|North America - Separate accounts investing directly||SA Capital raised|Investor Type and Vehicle Type|||1277
q113_3_southamerica|CURRENCY|SA: North America - Separate accounts investing into indirect vehicles|39_17|SA_InvestorDomicileNorthAmerica_SeparateAccountsIndirect|SA_IDNA_SepAccIndirect|North America - Separate accounts investing indirectly||SA Capital raised|Investor Type and Vehicle Type|||1278
q113_4_southamerica|CURRENCY|SA: North America - Joint ventures and club deals|39_18|SA_InvestorDomicileNorthAmerica_JVs|SA_IDNA_JVs|North America - Joint ventures and club deals||SA Capital raised|Investor Type and Vehicle Type|||1279
q113_5_southamerica|CURRENCY|SA: North America - Funds of funds|39_19|SA_InvestorDomicileNorthAmerica_FundsOfFunds|SA_IDNA_FOF|North America - Funds of funds||SA Capital raised|Investor Type and Vehicle Type|||1280
q113_6_southamerica|CURRENCY|SA: North America - Non-listed debt products|39_20|SA_InvestorDomicileNorthAmerica_Debt|SA_IDNA_Debt|North America - Non-listed debt products||SA Capital raised|Investor Type and Vehicle Type|||1281
q11ROW3_Total_southamerica|CURRENCY|SA: North America - TOTAL|39_21|SA_InvestorDomicileNorthAmerica_VehicleType_Total|SA_IDNA_VT_Total|North America - Vehicle type total||SA Capital raised|Investor Type and Vehicle Type|||1282
q114_1_southamerica|CURRENCY|SA: South America - Non-listed/ commingled real estate funds/private REITs|39_22|SA_InvestorDomicileSouthAmerica_NonListedFunds|SA_IDSA_NLF|South America - Non-listed funds||SA Capital raised|Investor Type and Vehicle Type|||1283
q114_2_southamerica|CURRENCY|SA: South America - Separate accounts investing directly into real estate|39_23|SA_InvestorDomicileSouthAmerica_SeparateAccountsDirect|SA_IDSA_SepAccDirect|South America - Separate accounts investing directly||SA Capital raised|Investor Type and Vehicle Type|||1284
q114_3_southamerica|CURRENCY|SA: South America - Separate accounts investing into indirect vehicles|39_24|SA_InvestorDomicileSouthAmerica_SeparateAccountsIndirect|SA_IDSA_SepAccIndirect|South America - Separate accounts investing indirectly||SA Capital raised|Investor Type and Vehicle Type|||1285
q114_4_southamerica|CURRENCY|SA: South America - Joint ventures and club deals|39_25|SA_InvestorDomicileSouthAmerica_JVs|SA_IDSA_JVs|South America - Joint ventures and club deals||SA Capital raised|Investor Type and Vehicle Type|||1286
q114_5_southamerica|CURRENCY|SA: South America - Funds of funds|39_26|SA_InvestorDomicileSouthAmerica_FundsOfFunds|SA_IDSA_FOF|South America - Funds of funds||SA Capital raised|Investor Type and Vehicle Type|||1287
q114_6_southamerica|CURRENCY|SA: South America - Non-listed debt products|39_27|SA_InvestorDomicileSouthAmerica_Debt|SA_IDSA_Debt|South America - Non-listed debt products||SA Capital raised|Investor Type and Vehicle Type|||1288
q11ROW4_Total_southamerica|CURRENCY|SA: South America - TOTAL|39_28|SA_InvestorDomicileSouthAmerica_VehicleType_Total|SA_IDSA_VT_Total|South America - Vehicle type total||SA Capital raised|Investor Type and Vehicle Type|||1289
q115_1_southamerica|CURRENCY|SA: Africa - Non-listed/ commingled real estate funds/private REITs|39_29|SA_InvestorDomicileAfrica_NonListedFunds|SA_IDAFR_NLF|Africa - Non-listed funds||SA Capital raised|Investor Type and Vehicle Type|||1290
q115_2_southamerica|CURRENCY|SA: Africa - Separate accounts investing directly into real estate|39_30|SA_InvestorDomicileAfrica_SeparateAccountsDirect|SA_IDAFR_SepAccDirect|Africa - Separate accounts investing directly||SA Capital raised|Investor Type and Vehicle Type|||1291
q115_3_southamerica|CURRENCY|SA: Africa - Separate accounts investing into indirect vehicles|39_31|SA_InvestorDomicileAfrica_SeparateAccountsIndirect|SA_IDAFR_SepAccIndirect|Africa - Separate accounts investing indirectly||SA Capital raised|Investor Type and Vehicle Type|||1292
q115_4_southamerica|CURRENCY|SA: Africa - Joint ventures and club deals|39_32|SA_InvestorDomicileAfrica_JVs|SA_IDAFR_JVs|Africa - Joint ventures and club deals||SA Capital raised|Investor Type and Vehicle Type|||1293
q115_5_southamerica|CURRENCY|SA: Africa - Funds of funds|39_33|SA_InvestorDomicileAfrica_FundsOfFunds|SA_IDAFR_FOF|Africa - Funds of funds||SA Capital raised|Investor Type and Vehicle Type|||1294
q115_6_southamerica|CURRENCY|SA: Africa - Non-listed debt products|39_34|SA_InvestorDomicileAfrica_Debt|SA_IDAFR_Debt|Africa - Non-listed debt products||SA Capital raised|Investor Type and Vehicle Type|||1295
q11ROW5_Total_southamerica|CURRENCY|SA: Africa - TOTAL|39_35|SA_InvestorDomicileAfrica_VehicleType_Total|SA_IDAFR_VT_Total|Africa - Vehicle type total||SA Capital raised|Investor Type and Vehicle Type|||1296
q11COL1_Total_southamerica|CURRENCY|SA: TOTAL - Non-listed/ commingled real estate funds/private REITs|39_36|SA_InvestorDomicile_NonListedFunds_Total|SA_ID_NLF_Total|Investor domicile total - Non-listed funds||SA Capital raised|Investor Type and Vehicle Type|||1297
q11COL2_Total_southamerica|CURRENCY|SA: TOTAL - Separate accounts investing directly into real estate|39_37|SA_InvestorDomicile_SeparateAccountsDirect_Total|SA_ID_SepAccDirect_Total|Investor domicile total - Separate accounts investing directly||SA Capital raised|Investor Type and Vehicle Type|||1298
q11COL3_Total_southamerica|CURRENCY|SA: TOTAL - Separate accounts investing into indirect vehicles|39_38|SA_InvestorDomicile_SeparateAccountsIndirect_Total|SA_ID_SepAccIndirect_Total|Investor domicile total - Separate accounts investing indirectly||SA Capital raised|Investor Type and Vehicle Type|||1299
q11COL4_Total_southamerica|CURRENCY|SA: TOTAL - Joint ventures and club deals|39_39|SA_InvestorDomicile_JVs_Total|SA_ID_JVs_Total|Investor domicile total - Joint ventures and club deals||SA Capital raised|Investor Type and Vehicle Type|||1300
q11COL5_Total_southamerica|CURRENCY|SA: TOTAL - Funds of funds|39_40|SA_InvestorDomicile_FundsOfFunds_Total|SA_ID_FOF_Total|Investor domicile total - Funds of funds||SA Capital raised|Investor Type and Vehicle Type|||1301
q11COL6_Total_southamerica|CURRENCY|SA: TOTAL - Non-listed debt products|39_41|SA_InvestorDomicile_Debt_Total|SA_ID_Debt_Total|Investor domicile total - Non-listed debt products||SA Capital raised|Investor Type and Vehicle Type|||1302
q11GRANDTotal_southamerica|CURRENCY|SA TOTAL Capital Raised in 2020 for your South American strategy by investor domicile|39_42|SA_InvestorDomicile_VehicleType_Total|SA_ID_VT_Total|Investor domicile total - Vehicle type total||SA Capital raised|Investor Type and Vehicle Type|||1303
q12_southamerica|NUMBER|For your South American strategy*, for which sector-strategy did your company raise institutional capital for Non-listed vehicless in 2020?|40|SA_CapitalRaisingActivity_NonListedVehicles_MultiSectorSingleSector|SA_CRact_NLV_MSSS|Non-listed vehicles - Multi sector single sector||SA Capital raised|Investor Type and Vehicle Type|||1304
_southamerica||For your South American strategy*, how much institutional capital did your company raise for Non-listed vehicless in 2020 by targeted multi-sector (million)?|41|||||||||1305
q131_1_southamerica|CURRENCY|SA: Main sectors - Non-listed/ commingled real estate funds/private REITs|41_1|SA_NonListedFunds_MultiSectorMainSectors|SA_NLF_MSMS|Non-listed funds - Multi sector main sectors||SA Capital raised|Investor Type and Vehicle Type|||1306
q131_2_southamerica|CURRENCY|SA: Main sectors - Separate accounts investing directly into real estate|41_2|SA_SeparateAccountsDirect_MultiSectorMainSectors|SA_SepAccDirect_MSMS|Separate accounts investing directly - Multi sector main sectors||SA Capital raised|Investor Type and Vehicle Type|||1307
q131_3_southamerica|CURRENCY|SA: Main sectors - Separate accounts investing into indirect vehicles|41_3|SA_SeparateAccountsIndirect_MultiSectorMainSectors|SA_SepAccIndirect_MSMS|Separate accounts investing indirectly - Multi sector main sectors||SA Capital raised|Investor Type and Vehicle Type|||1308
q131_4_southamerica|CURRENCY|SA: Main sectors - Joint ventures and club deals|41_4|SA_JVs_MultiSectorMainSectors|SA_JVs_MSMS|Joint ventures and club deals - Multi sector main sectors||SA Capital raised|Investor Type and Vehicle Type|||1309
q131_5_southamerica|CURRENCY|SA: Main sectors - Funds of funds|41_5|SA_FundsOfFunds_MultiSectorMainSectors|SA_FOF_MSMS|Funds of funds - Multi sector main sectors||SA Capital raised|Investor Type and Vehicle Type|||1310
q131_6_southamerica|CURRENCY|SA: Main sectors - Non-listed debt products|41_6|SA_Debt_MultiSectorMainSectors|SA_Debt_MSMS|Non-listed debt products - Multi sector main sectors||SA Capital raised|Investor Type and Vehicle Type|||1311
q13ROW1_Total_southamerica|CURRENCY|SA: TOTAL - Main sectors |41_7|SA_NonListedVehicles_MultiSectorMainSectors_Total|SA_NLV_MSMS_Total|Non-listed vehicles total - Multi sector main sectors||SA Capital raised|Investor Type and Vehicle Type|||1312
q132_1_southamerica|CURRENCY|SA:  Alternative sectors - Non-listed/ commingled real estate funds/private REITs|41_8|SA_NonListedFunds_MultiSectorAlternativeSectors|SA_NLF_MSAS|Non-listed funds - Multi sector alternative sectors||SA Capital raised|Investor Type and Vehicle Type|||1313
q132_2_southamerica|CURRENCY|SA:  Alternative sectors - Separate accounts investing directly into real estate|41_9|SA_SeparateAccountsDirect_MultiSectorAlternativeSectors|SA_SepAccDirect_MSAS|Separate accounts investing directly - Multi sector alternative sectors||SA Capital raised|Investor Type and Vehicle Type|||1314
q132_3_southamerica|CURRENCY|SA:  Alternative sectors - Separate accounts investing into indirect vehicles|41_10|SA_SeparateAccountsIndirect_MultiSectorAlternativeSectors|SA_SepAccIndirect_MSAS|Separate accounts investing indirectly - Multi sector alternative sectors||SA Capital raised|Investor Type and Vehicle Type|||1315
q132_4_southamerica|CURRENCY|SA:  Alternative sectors - Joint ventures and club deals|41_11|SA_JVs_MultiSectorAlternativeSectors|SA_JVs_MSAS|Joint ventures and club deals - Multi sector alternative sectors||SA Capital raised|Investor Type and Vehicle Type|||1316
q132_5_southamerica|CURRENCY|SA:  Alternative sectors - Funds of funds|41_12|SA_FundsOfFunds_MultiSectorAlternativeSectors|SA_FOF_MSAS|Funds of funds - Multi sector alternative sectors||SA Capital raised|Investor Type and Vehicle Type|||1317
q132_6_southamerica|CURRENCY|SA:  Alternative sectors - Non-listed debt products|41_13|SA_Debt_MultiSectorAlternativeSectors|SA_Debt_MSAS|Non-listed debt products - Multi sector alternative sectors||SA Capital raised|Investor Type and Vehicle Type|||1318
q13ROW2_Total_southamerica|CURRENCY|SA:  TOTAL - Alternative sectors|41_14|SA_NonListedVehicles_MultiSectorAlternativeSectors_Total|SA_NLV_MSAS_Total|Non-listed vehicles total - Multi sector alternative sectors||SA Capital raised|Investor Type and Vehicle Type|||1319
q13COL1_Total_southamerica|CURRENCY|SA: TOTAL - Non-listed/ commingled real estate funds/private REITs|41_15|SA_NonListedFunds_MultiSector_Total|SA_NLF_MS_Total|Non-listed funds - Multi sector||SA Capital raised|Investor Type and Vehicle Type|||1320
q13COL2_Total_southamerica|CURRENCY|SA: TOTAL - Separate accounts investing directly into real estate|41_16|SA_SeparateAccountsDirect_MultiSector_Total|SA_SepAccDirect_MS_Total|Separate accounts investing directly - Multi sector||SA Capital raised|Investor Type and Vehicle Type|||1321
q13COL3_Total_southamerica|CURRENCY|SA: TOTAL - Separate accounts investing into indirect vehicles|41_17|SA_SeparateAccountsIndirect_MultiSector_Total|SA_SepAccIndirect_MS_Total|Separate accounts investing indirectly - Multi sector||SA Capital raised|Investor Type and Vehicle Type|||1322
q13COL4_Total_southamerica|CURRENCY|SA: TOTAL - Joint ventures and club deals|41_18|SA_JVs_MultiSector_Total|SA_JVs_MS_Total|Joint ventures and club deals - Multi sector||SA Capital raised|Investor Type and Vehicle Type|||1323
q13COL5_Total_southamerica|CURRENCY|SA: TOTAL - Funds of funds|41_19|SA_FundsOfFunds_MultiSector_Total|SA_FOF_MS_Total|Funds of funds - Multi sector||SA Capital raised|Investor Type and Vehicle Type|||1324
q13COL6_Total_southamerica|CURRENCY|SA: TOTAL - Non-listed debt products|41_20|SA_Debt_MultiSector_Total|SA_Debt_MS_Total|Non-listed debt products - Multi sector||SA Capital raised|Investor Type and Vehicle Type|||1325
q13GRANDTotal_southamerica|CURRENCY|SA TOTAL Raised by targeted multi-sector|41_21|SA_NonListedVehicles_MultiSector_Total|SA_NLV_MS_Total|Non-listed vehicles total - Multi sector||SA Capital raised|Investor Type and Vehicle Type|||1326
_southamerica||For your South American strategy*, how much institutional capital did your company raise for Non-listed vehicless in 2020 by targeted sector (million)?|42|||||||||1327
q141_1_southamerica|CURRENCY|SA: Office - Non-listed/ commingled real estate funds/private REITs|42_1|SA_NonListedFunds_SingleSectorOffice|SA_NLF_SSOffice|Non-listed funds - Single sector office||SA Capital raised|Investor Type and Vehicle Type|||1328
q141_2_southamerica|CURRENCY|SA: Office - Separate accounts investing directly into real estate|42_2|SA_SeparateAccountsDirect_SingleSectorOffice|SA_SepAccDirect_SSOffice|Separate accounts investing directly - Single sector office||SA Capital raised|Investor Type and Vehicle Type|||1329
q141_3_southamerica|CURRENCY|SA: Office - Separate accounts investing into indirect vehicles|42_3|SA_SeparateAccountsIndirect_SingleSectorOffice|SA_SepAccIndirect_SSOffice|Separate accounts investing indirectly - Single sector office||SA Capital raised|Investor Type and Vehicle Type|||1330
q141_4_southamerica|CURRENCY|SA: Office - Joint ventures and club deals|42_4|SA_JVs_SingleSectorOffice|SA_JVs_SSOffice|Joint ventures and club deals - Single sector office||SA Capital raised|Investor Type and Vehicle Type|||1331
q141_5_southamerica|CURRENCY|SA: Office - Funds of funds|42_5|SA_FundsOfFunds_SingleSectorOffice|SA_FOF_SSOffice|Funds of funds - Single sector office||SA Capital raised|Investor Type and Vehicle Type|||1332
q141_6_southamerica|CURRENCY|SA: Office - Non-listed debt products|42_6|SA_Debt_SingleSectorOffice|SA_Debt_SSOffice|Non-listed debt products - Single sector office||SA Capital raised|Investor Type and Vehicle Type|||1333
q14ROW1_Total_southamerica|CURRENCY|SA: TOTAL Office|42_7|SA_NonListedVehicles_SingleSectorOffice_Total|SA_NLV_SSOffice_Total|Non-listed vehicles total - Single sector office||SA Capital raised|Investor Type and Vehicle Type|||1334
q142_1_southamerica|CURRENCY|SA: Retail - Non-listed/ commingled real estate funds/private REITs|42_8|SA_NonListedFunds_SingleSectorRetail|SA_NLF_SSRetail|Non-listed funds - Single sector retail||SA Capital raised|Investor Type and Vehicle Type|||1335
q142_2_southamerica|CURRENCY|SA: Retail - Separate accounts investing directly into real estate|42_9|SA_SeparateAccountsDirect_SingleSectorRetail|SA_SepAccDirect_SSRetail|Separate accounts investing directly - Single sector retail||SA Capital raised|Investor Type and Vehicle Type|||1336
q142_3_southamerica|CURRENCY|SA: Retail - Separate accounts investing into indirect vehicles|42_10|SA_SeparateAccountsIndirect_SingleSectorRetail|SA_SepAccIndirect_SSRetail|Separate accounts investing indirectly - Single sector retail||SA Capital raised|Investor Type and Vehicle Type|||1337
q142_4_southamerica|CURRENCY|SA: Retail - Joint ventures and club deals|42_11|SA_JVs_SingleSectorRetail|SA_JVs_SSRetail|Joint ventures and club deals - Single sector retail||SA Capital raised|Investor Type and Vehicle Type|||1338
q142_5_southamerica|CURRENCY|SA: Retail - Funds of funds|42_12|SA_FundsOfFunds_SingleSectorRetail|SA_FOF_SSRetail|Funds of funds - Single sector retail||SA Capital raised|Investor Type and Vehicle Type|||1339
q142_6_southamerica|CURRENCY|Non-listed debt products|42_13|SA_Debt_SingleSectorRetail|SA_Debt_SSRetail|Non-listed debt products - Single sector retail||SA Capital raised|Investor Type and Vehicle Type|||1340
q14ROW2_Total_southamerica|CURRENCY|SA: TOTAL Retail|42_14|SA_NonListedVehicles_SingleSectorRetail_Total|SA_NLV_SSRetail_Total|Non-listed vehicles total - Single sector retail||SA Capital raised|Investor Type and Vehicle Type|||1341
q143_1_southamerica|CURRENCY|SA: Industrial / logistics - Non-listed/ commingled real estate funds/private REITs|42_15|SA_NonListedFunds_SingleSectorIndustrial/Logistics|SA_NLF_SSInd/Log|Non-listed funds - Single sector industrial/logistics||SA Capital raised|Investor Type and Vehicle Type|||1342
q143_2_southamerica|CURRENCY|SA: Industrial / logistics - Separate accounts investing directly into real estate|42_16|SA_SeparateAccountsDirect_SingleSectorIndustrial/Logistics|SA_SepAccDirect_SSInd/Log|Separate accounts investing directly - Single sector industrial/logistics||SA Capital raised|Investor Type and Vehicle Type|||1343
q143_3_southamerica|CURRENCY|SA: Industrial / logistics - Separate accounts investing into indirect vehicles|42_17|SA_SeparateAccountsIndirect_SingleSectorIndustrial/Logistics|SA_SepAccIndirect_SSInd/Log|Separate accounts investing indirectly - Single sector industrial/logistics||SA Capital raised|Investor Type and Vehicle Type|||1344
q143_4_southamerica|CURRENCY|SA: Industrial / logistics - Joint ventures and club deals|42_18|SA_JVs_SingleSectorIndustrial/Logistics|SA_JVs_SSInd/Log|Joint ventures and club deals - Single sector industrial/logistics||SA Capital raised|Investor Type and Vehicle Type|||1345
q143_5_southamerica|CURRENCY|SA: Industrial / logistics - Funds of funds|42_19|SA_FundsOfFunds_SingleSectorIndustrial/Logistics|SA_FOF_SSInd/Log|Funds of funds - Single sector industrial/logistics||SA Capital raised|Investor Type and Vehicle Type|||1346
q143_6_southamerica|CURRENCY|SA: Industrial / logistics - Non-listed debt products|42_20|SA_Debt_SingleSectorIndustrial/Logistics|SA_Debt_SSInd/Log|Non-listed debt products - Single sector industrial/logistics||SA Capital raised|Investor Type and Vehicle Type|||1347
q14ROW3_Total_southamerica|CURRENCY|SA: TOTAL Industrial / logistics|42_21|SA_NonListedVehicles_SingleSectorIndustrial/Logistics_Total|SA_NLV_SSInd/Log_Total|Non-listed vehicles total - Single sector industrial/logistics||SA Capital raised|Investor Type and Vehicle Type|||1348
q144_1_southamerica|CURRENCY|SA: Residential / multi-family/apartments - Non-listed/ commingled real estate funds/private REITs|42_22|SA_NonListedFunds_SingleSectorResidential/Multifamily/Apartments|SA_NLF_SSResidential|Non-listed funds - Single sector residential/multifamily/ apartment||SA Capital raised|Investor Type and Vehicle Type|||1349
q144_2_southamerica|CURRENCY|SA: Residential / multi-family/apartments - Separate accounts investing directly into real estate|42_23|SA_SeparateAccountsDirect_SingleSectorResidential/Multifamily/Apartments|SA_SepAccDirect_SSResidential|Separate accounts investing directly - Single sector residential/multifamily/ apartment||SA Capital raised|Investor Type and Vehicle Type|||1350
q144_3_southamerica|CURRENCY|SA: Residential / multi-family/apartments - Separate accounts investing into indirect vehicles|42_24|SA_SeparateAccountsIndirect_SingleSectorResidential/Multifamily/Apartments|SA_SepAccIndirect_SSResidential|Separate accounts investing indirectly - Single sector residential/multifamily/ apartment||SA Capital raised|Investor Type and Vehicle Type|||1351
q144_4_southamerica|CURRENCY|SA: Residential / multi-family/apartments - Joint ventures and club deals|42_25|SA_JVs_SingleSectorResidential/Multifamily/Apartments|SA_JVs_SSResidential|Joint ventures and club deals - Single sector residential/multifamily/ apartment||SA Capital raised|Investor Type and Vehicle Type|||1352
q144_5_southamerica|CURRENCY|SA: Residential / multi-family/apartments - Funds of funds|42_26|SA_FundsOfFunds_SingleSectorResidential/Multifamily/Apartments|SA_FOF_SSResidential|Funds of funds - Single sector residential/multifamily/ apartment||SA Capital raised|Investor Type and Vehicle Type|||1353
q144_6_southamerica|CURRENCY|SA: Residential / multi-family/apartments - Non-listed debt products|42_27|SA_Debt_SingleSectorResidential/Multifamily/Apartments|SA_Debt_SSResidential|Non-listed debt products - Single sector residential/multifamily/ apartment||SA Capital raised|Investor Type and Vehicle Type|||1354
q14ROW4_Total_southamerica|CURRENCY|SA: TOTAL Residential / multi-family/apartments|42_28|SA_NonListedVehicles_SingleSectorResidential/Multifamily/Apartments_Total|SA_NLV_SSResidential_Total|Non-listed vehicles total - Single sector residential/multifamily/ apartment||SA Capital raised|Investor Type and Vehicle Type|||1355
q145_1_southamerica|CURRENCY|SA: Student housing - Non-listed/ commingled real estate funds/private REITs|42_29|SA_NonListedFunds_SingleSectorStudentHousing|SA_NLF_SSStudHou|Non-listed funds - Single sector student housing||SA Capital raised|Investor Type and Vehicle Type|||1356
q145_2_southamerica|CURRENCY|SA: Student housing - Separate accounts investing directly into real estate|42_30|SA_SeparateAccountsDirect_SingleSectorStudentHousing|SA_SepAccDirect_SSStudHou|Separate accounts investing directly - Single sector student housing||SA Capital raised|Investor Type and Vehicle Type|||1357
q145_3_southamerica|CURRENCY|SA: Student housing - Separate accounts investing into indirect vehicles|42_31|SA_SeparateAccountsIndirect_SingleSectorStudentHousing|SA_SepAccIndirect_SSStudHou|Separate accounts investing indirectly - Single sector student housing||SA Capital raised|Investor Type and Vehicle Type|||1358
q145_4_southamerica|CURRENCY|SA: Student housing - Joint ventures and club deals|42_32|SA_JVs_SingleSectorStudentHousing|SA_JVs_SSStudHou|Joint ventures and club deals - Single sector student housing||SA Capital raised|Investor Type and Vehicle Type|||1359
q145_5_southamerica|CURRENCY|SA: Student housing - Funds of funds|42_33|SA_FundsOfFunds_SingleSectorStudentHousing|SA_FOF_SSStudHou|Funds of funds - Single sector student housing||SA Capital raised|Investor Type and Vehicle Type|||1360
q145_6_southamerica|CURRENCY|SA: Student housing - Non-listed debt products|42_34|SA_Debt_SingleSectorStudentHousing|SA_Debt_SSStudHou|Non-listed debt products - Single sector student housing||SA Capital raised|Investor Type and Vehicle Type|||1361
q14ROW5_Total_southamerica|CURRENCY|SA: TOTAL Student housing |42_35|SA_NonListedVehicles_SingleSectorStudentHousing_Total|SA_NLV_SSStudHou_Total|Non-listed vehicles total - Single sector student housing||SA Capital raised|Investor Type and Vehicle Type|||1362
q146_1_southamerica|CURRENCY|SA: Senior living / aged care / health care - Non-listed/ commingled real estate funds/private REITs|42_36|SA_NonListedFunds_SingleSectorSeniorLiving/Agedcare/Healthcare|SA_NLF_SSSenLiving|Non-listed funds - Single sector senior living/ aged care/ healthcare||SA Capital raised|Investor Type and Vehicle Type|||1363
q146_2_southamerica|CURRENCY|SA: Senior living / aged care / health care - Separate accounts investing directly into real estate|42_37|SA_SeparateAccountsDirect_SingleSectorSeniorLiving/Agedcare/Healthcare|SA_SepAccDirect_SSSenLiving|Separate accounts investing directly - Single sector senior living/ aged care/ healthcare||SA Capital raised|Investor Type and Vehicle Type|||1364
q146_3_southamerica|CURRENCY|SA: Senior living / aged care / health care - Separate accounts investing into indirect vehicles|42_38|SA_SeparateAccountsIndirect_SingleSectorSeniorLiving/Agedcare/Healthcare|SA_SepAccIndirect_SSSenLiving|Separate accounts investing indirectly - Single sector senior living/ aged care/ healthcare||SA Capital raised|Investor Type and Vehicle Type|||1365
q146_4_southamerica|CURRENCY|SA: Senior living / aged care / health care - Joint ventures and club deals|42_39|SA_JVs_SingleSectorSeniorLiving/Agedcare/Healthcare|SA_JVs_SSSenLiving|Joint ventures and club deals - Single sector senior living/ aged care/ healthcare||SA Capital raised|Investor Type and Vehicle Type|||1366
q146_5_southamerica|CURRENCY|SA: Senior living / aged care / health care - Funds of funds|42_40|SA_FundsOfFunds_SingleSectorSeniorLiving/Agedcare/Healthcare|SA_FOF_SSSenLiving|Funds of funds - Single sector senior living/ aged care/ healthcare||SA Capital raised|Investor Type and Vehicle Type|||1367
q146_6_southamerica|CURRENCY|SA: Senior living / aged care / health care - Non-listed debt products|42_41|SA_Debt_SingleSectorSeniorLiving/Agedcare/Healthcare|SA_Debt_SSSenLiving|Non-listed debt products - Single sector senior living/ aged care/ healthcare||SA Capital raised|Investor Type and Vehicle Type|||1368
q14ROW6_Total_southamerica|CURRENCY|SA: TOTAL Senior living / aged care / health care|42_42|SA_NonListedVehicles_SingleSectorSeniorLiving/Agedcare/Healthcare_Total|SA_NLV_SSSenLiving_Total|Non-listed vehicles total - Single sector senior living/ aged care/ healthcare||SA Capital raised|Investor Type and Vehicle Type|||1369
q147_1_southamerica|CURRENCY|SA: Hotel / leisure - Non-listed/ commingled real estate funds/private REITs|42_43|SA_NonListedFunds_SingleSectorHotel/Leisure|SA_NLF_SSHot/Lei|Non-listed funds - Single sector hotel/ leisure||SA Capital raised|Investor Type and Vehicle Type|||1370
q147_2_southamerica|CURRENCY|SA: Hotel / leisure - Separate accounts investing directly into real estate|42_44|SA_SeparateAccountsDirect_SingleSectorHotel/Leisure|SA_SepAccDirect_SSHot/Lei|Separate accounts investing directly - Single sector hotel/ leisure||SA Capital raised|Investor Type and Vehicle Type|||1371
q147_3_southamerica|CURRENCY|SA: Hotel / leisure - Separate accounts investing into indirect vehicles|42_45|SA_SeparateAccountsIndirect_SingleSectorHotel/Leisure|SA_SepAccIndirect_SSHot/Lei|Separate accounts investing indirectly - Single sector hotel/ leisure||SA Capital raised|Investor Type and Vehicle Type|||1372
q147_4_southamerica|CURRENCY|SA: Hotel / leisure - Joint ventures and club deals|42_46|SA_JVs_SingleSectorHotel/Leisure|SA_JVs_SSHot/Lei|Joint ventures and club deals - Single sector hotel/ leisure||SA Capital raised|Investor Type and Vehicle Type|||1373
q147_5_southamerica|CURRENCY|SA: Hotel / leisure - Funds of funds|42_47|SA_FundsOfFunds_SingleSectorHotel/Leisure|SA_FOF_SSHot/Lei|Funds of funds - Single sector hotel/ leisure||SA Capital raised|Investor Type and Vehicle Type|||1374
q147_6_southamerica|CURRENCY|SA: Hotel / leisure - Non-listed debt products|42_48|SA_Debt_SingleSectorHotel/Leisure|SA_Debt_SSHot/Lei|Non-listed debt products - Single sector hotel/ leisure||SA Capital raised|Investor Type and Vehicle Type|||1375
q14ROW7_Total_southamerica|CURRENCY|SA: TOTAL Hotel / leisure|42_49|SA_NonListedVehicles_SingleSectorHotel/Leisure_Total|SA_NLV_SSHot/Lei_Total|Non-listed vehicles total - Single sector hotel/ leisure||SA Capital raised|Investor Type and Vehicle Type|||1376
q148_1_southamerica|CURRENCY|SA: Other (incl land, parking, self storage) - Non-listed/ commingled real estate funds/private REITs|42_50|SA_NonListedFunds_SingleSectorOther|SA_NLF_SSOther|Non-listed funds - Single sector other||SA Capital raised|Investor Type and Vehicle Type|||1377
q148_2_southamerica|CURRENCY|SA: Other (incl land, parking, self storage) - Separate accounts investing directly into real estate|42_51|SA_SeparateAccountsDirect_SingleSectorOther|SA_SepAccDirect_SSOther|Separate accounts investing directly - Single sector other||SA Capital raised|Investor Type and Vehicle Type|||1378
q148_3_southamerica|CURRENCY|SA: Other (incl land, parking, self storage) - Separate accounts investing into indirect vehicles|42_52|SA_SeparateAccountsIndirect_SingleSectorOther|SA_SepAccIndirect_SSOther|Separate accounts investing indirectly - Single sector other||SA Capital raised|Investor Type and Vehicle Type|||1379
q148_4_southamerica|CURRENCY|SA: Other (incl land, parking, self storage) - Joint ventures and club deals|42_53|SA_JVs_SingleSectorOther|SA_JVs_SSOther|Joint ventures and club deals - Single sector other||SA Capital raised|Investor Type and Vehicle Type|||1380
q148_5_southamerica|CURRENCY|SA: Other (incl land, parking, self storage) - Funds of funds|42_54|SA_FundsOfFunds_SingleSectorOther|SA_FOF_SSOther|Funds of funds - Single sector other||SA Capital raised|Investor Type and Vehicle Type|||1381
q148_6_southamerica|CURRENCY|SA: Other (incl land, parking, self storage) - Non-listed debt products|42_55|SA_Debt_SingleSectorOther|SA_Debt_SSOther|Non-listed debt products - Single sector other||SA Capital raised|Investor Type and Vehicle Type|||1382
q14ROW8_Total_southamerica|CURRENCY|SA: TOTAL Other (incl land, parking, self storage)|42_56|SA_NonListedVehicles_SingleSectorOther_Total|SA_NLV_SSOther_Total|Non-listed vehicles total - Single sector other||SA Capital raised|Investor Type and Vehicle Type|||1383
q14COL1_Total_southamerica|CURRENCY|SA: TOTAL Non-listed/ commingled real estate funds/private REITs|42_57|SA_NonListedFunds_Singlesector_Total|SA_NLF_Singlesector_Total|Non-listed funds - Targeted sector total||SA Capital raised|Investor Type and Vehicle Type|||1384
q14COL2_Total_southamerica|CURRENCY|SA: TOTAL Separate accounts investing directly into real estate|42_58|SA_SeparateAccountsDirect_Singlesector_Total|SA_SepAccDirect_Singlesector_Total|Separate accounts investing directly - Targeted sector total||SA Capital raised|Investor Type and Vehicle Type|||1385
q14COL3_Total_southamerica|CURRENCY|SA: TOTAL Separate accounts investing into indirect vehicles|42_59|SA_SeparateAccountsIndirect_Singlesector_Total|SA_SepAccIndirect_Singlesector_Total|Separate accounts investing indirectly - Targeted sector total||SA Capital raised|Investor Type and Vehicle Type|||1386
q14COL4_Total_southamerica|CURRENCY|SA: TOTAL Joint ventures and club deals|42_60|SA_JVs_Singlesector_Total|SA_JVs_Singlesector_Total|Joint ventures and club deals - Targeted sector total||SA Capital raised|Investor Type and Vehicle Type|||1387
q14COL5_Total_southamerica|CURRENCY|SA: TOTAL Funds of funds|42_61|SA_FundsOfFunds_Singlesector_Total|SA_FOF_Singlesector_Total|Funds of funds - Targeted sector total||SA Capital raised|Investor Type and Vehicle Type|||1388
q14COL6_Total_southamerica|CURRENCY|SA: TOTAL Non-listed debt products|42_62|SA_Debt_Singlesector_Total|SA_Debt_Singlesector_Total|Non-listed debt products - Targeted sector total||SA Capital raised|Investor Type and Vehicle Type|||1389
q14GRANDTotal_southamerica|CURRENCY|SA: TOTAL Raised by targeted sector|42_63|SA_NonListedVehicles_Singlesector_Total|SA_NLV_Singlesector_Total|Non-listed vehicles total - Targeted sector total||SA Capital raised|Investor Type and Vehicle Type|||1390
qBothStrategyGRANDTotal_southamerica|CURRENCY|Total Capital Raised in 2020 for your South American strategy (Shown only when BOTH strategies selected in q12)|42_64|SA_NonListedVehicles_MultiSectorSingleSector_Total|SA_NLV_MSSS_Total|Non-listed vehicles - Multi sector single sector total||SA Capital raised|Investor Type and Vehicle Type|||1391
_southamerica||For your South American strategy*, how much institutional capital did your company raise for Non-listed vehicless in 2020 by investment style (million)? |43|||||||||1392
q151_1_southamerica|CURRENCY|SA: Core / Senior debt - Non-listed/ commingled real estate funds/private REITs|43_1|SA_NonListedFunds_Core/SeniorDebt|SA_NLF_Core|Non-listed funds - Core/ senior debt||SA Capital raised|Investor Type and Vehicle Type|||1393
q151_2_southamerica|CURRENCY|SA: Core / Senior debt - Separate accounts investing directly into real estate|43_2|SA_SeparateAccountsDirect_Core/SeniorDebt|SA_SepAccDirect_Core|Separate accounts investing directly - Core/ senior debt||SA Capital raised|Investor Type and Vehicle Type|||1394
q151_3_southamerica|CURRENCY|SA: Core / Senior debt - Separate accounts investing into indirect vehicles|43_3|SA_SeparateAccountsIndirect_Core/SeniorDebt|SA_SepAccIndirect_Core|Separate accounts investing indirectly - Core/ senior debt||SA Capital raised|Investor Type and Vehicle Type|||1395
q151_4_southamerica|CURRENCY|SA: Core / Senior debt - Joint ventures and club deals|43_4|SA_JVs_Core/SeniorDebt|SA_JVs_Core|Joint ventures and club deals - Core/ senior debt||SA Capital raised|Investor Type and Vehicle Type|||1396
q151_5_southamerica|CURRENCY|SA: Core / Senior debt - Funds of funds|43_5|SA_FundsOfFunds_Core/SeniorDebt|SA_FOF_Core|Funds of funds - Core/ senior debt||SA Capital raised|Investor Type and Vehicle Type|||1397
q151_6_southamerica|CURRENCY|SA: Core / Senior debt - Non-listed debt products|43_6|SA_Debt_Core/SeniorDebt|SA_Debt_Core|Non-listed debt products - Core/ senior debt||SA Capital raised|Investor Type and Vehicle Type|||1398
q15ROW1_Total_southamerica|CURRENCY|SA: TOTAL Core / Senior debt|43_7|SA_NonListedVehicles_Core/SeniorDebt_Total|SA_NLV_Core_Total|Non-listed vehicles total - Value added/ junior and subordinated debt ||SA Capital raised|Investor Type and Vehicle Type|||1399
q152_1_southamerica|CURRENCY|SA: Value added / Junior and other subordinated debt - Non-listed/ commingled real estate funds/private REITs|43_8|SA_NonListedFunds_ValueAdded/JuniorAndSubordinatedDebt|SA_NLF_ValAdd|Non-listed funds - Value added/ junior and subordinated debt ||SA Capital raised|Investor Type and Vehicle Type|||1400
q152_2_southamerica|CURRENCY|SA: Value added / Junior and other subordinated debt - Separate accounts investing directly into real estate|43_9|SA_SeparateAccountsDirect_ValueAdded/JuniorAndSubordinatedDebt|SA_SepAccDirect_ValAdd|Separate accounts investing directly - Value added/ junior and subordinated debt ||SA Capital raised|Investor Type and Vehicle Type|||1401
q152_3_southamerica|CURRENCY|SA: Value added / Junior and other subordinated debt - Separate accounts investing into indirect vehicles|43_10|SA_SeparateAccountsIndirect_ValueAdded/JuniorAndSubordinatedDebt|SA_SepAccIndirect_ValAdd|Separate accounts investing indirectly - Value added/ junior and subordinated debt ||SA Capital raised|Investor Type and Vehicle Type|||1402
q152_4_southamerica|CURRENCY|SA: Value added / Junior and other subordinated debt - Joint ventures and club deals|43_11|SA_JVs_ValueAdded/JuniorAndSubordinatedDebt|SA_JVs_ValAdd|Joint ventures and club deals - Value added/ junior and subordinated debt ||SA Capital raised|Investor Type and Vehicle Type|||1403
q152_5_southamerica|CURRENCY|SA: Value added / Junior and other subordinated debt - Funds of funds|43_12|SA_FundsOfFunds_ValueAdded/JuniorAndSubordinatedDebt|SA_FOF_ValAdd|Funds of funds - Value added/ junior and subordinated debt ||SA Capital raised|Investor Type and Vehicle Type|||1404
q152_6_southamerica|CURRENCY|SA: Value added / Junior and other subordinated debt - Non-listed debt products|43_13|SA_Debt_ValueAdded/JuniorAndSubordinatedDebt|SA_Debt_ValAdd|Non-listed debt products - Value added/ junior and subordinated debt ||SA Capital raised|Investor Type and Vehicle Type|||1405
q15ROW2_Total_southamerica|CURRENCY|SA: TOTAL Value added / Junior and other subordinated debt|43_14|SA_NonListedVehicles_ValueAdded/JuniorAndSubordinatedDebt_Total|SA_NLV_ValAdd_Total|Non-listed vehicles total - Value added/ junior and subordinated debt ||SA Capital raised|Investor Type and Vehicle Type|||1406
q153_1_southamerica|CURRENCY|SA: Opportunistic / Mezzanine debt - Non-listed/ commingled real estate funds/private REITs|43_15|SA_NonListedFunds_Opportunistic/MezzanineDebt|SA_NLF_Opp|Non-listed funds - Opportunistic/ mezzanine debt||SA Capital raised|Investor Type and Vehicle Type|||1407
q153_2_southamerica|CURRENCY|SA: Opportunistic / Mezzanine debt - Separate accounts investing directly into real estate|43_16|SA_SeparateAccountsDirect_Opportunistic/MezzanineDebt|SA_SepAccDirect_Opp|Separate accounts investing directly - Opportunistic/ mezzanine debt||SA Capital raised|Investor Type and Vehicle Type|||1408
q153_3_southamerica|CURRENCY|SA: Opportunistic / Mezzanine debt - Separate accounts investing into indirect vehicles|43_17|SA_SeparateAccountsIndirect_Opportunistic/MezzanineDebt|SA_SepAccIndirect_Opp|Separate accounts investing indirectly - Opportunistic/ mezzanine debt||SA Capital raised|Investor Type and Vehicle Type|||1409
q153_4_southamerica|CURRENCY|SA: Opportunistic / Mezzanine debt - Joint ventures and club deals|43_18|SA_JVs_Opportunistic/MezzanineDebt|SA_JVs_Opp|Joint ventures and club deals - Opportunistic/ mezzanine debt||SA Capital raised|Investor Type and Vehicle Type|||1410
q153_5_southamerica|CURRENCY|SA: Opportunistic / Mezzanine debt - Funds of funds|43_19|SA_FundsOfFunds_Opportunistic/MezzanineDebt|SA_FOF_Opp|Funds of funds - Opportunistic/ mezzanine debt||SA Capital raised|Investor Type and Vehicle Type|||1411
q153_6_southamerica|CURRENCY|SA: Opportunistic / Mezzanine debt - Non-listed debt products|43_20|SA_Debt_Opportunistic/MezzanineDebt|SA_Debt_Opp|Non-listed debt products - Opportunistic/ mezzanine debt||SA Capital raised|Investor Type and Vehicle Type|||1412
q15ROW3_Total_southamerica|CURRENCY|SA: TOTAL Opportunistic / Mezzanine debt|43_21|SA_NonListedVehicles_Opportunistic/MezzanineDebt_Total|SA_NLV_Opp_Total|Non-listed vehicles total - Opportunistic/ mezzanine debt||SA Capital raised|Investor Type and Vehicle Type|||1413
q154_1_southamerica|CURRENCY|SA: Mixed strategies - Non-listed/ commingled real estate funds/private REITs|43_22|SA_NonListedFunds_MixedStrategies|SA_NLF_Mixed|Non-listed funds - Mixed strategies||SA Capital raised|Investor Type and Vehicle Type|||1414
q154_2_southamerica|CURRENCY|SA: Mixed strategies - Separate accounts investing directly into real estate|43_23|SA_SeparateAccountsDirect_MixedStrategies|SA_SepAccDirect_Mixed|Separate accounts investing directly - Mixed strategies||SA Capital raised|Investor Type and Vehicle Type|||1415
q154_3_southamerica|CURRENCY|SA: Mixed strategies - Separate accounts investing into indirect vehicles|43_24|SA_SeparateAccountsIndirect_MixedStrategies|SA_SepAccIndirect_Mixed|Separate accounts investing indirectly - Mixed strategies||SA Capital raised|Investor Type and Vehicle Type|||1416
q154_4_southamerica|CURRENCY|SA: Mixed strategies - Joint ventures and club deals|43_25|SA_JVs_MixedStrategies|SA_JVs_Mixed|Joint ventures and club deals - Mixed strategies||SA Capital raised|Investor Type and Vehicle Type|||1417
q154_5_southamerica|CURRENCY|SA: Mixed strategies - Funds of funds|43_26|SA_FundsOfFunds_MixedStrategies|SA_FOF_Mixed|Funds of funds - Mixed strategies||SA Capital raised|Investor Type and Vehicle Type|||1418
q154_6_southamerica|CURRENCY|SA: Mixed strategies - Non-listed debt products|43_27|SA_Debt_MixedStrategies|SA_Debt_Mixed|Non-listed debt products - Mixed strategies||SA Capital raised|Investor Type and Vehicle Type|||1419
q15ROW4_Total_southamerica|CURRENCY|SA: TOTAL Mixed strategies|43_28|SA_NonListedVehicles_MixedStrategies_Total|SA_NLV_Mixed_Total|Non-listed vehicles total - Mixed strategies||SA Capital raised|Investor Type and Vehicle Type|||1420
q15COL1_Total_southamerica|CURRENCY|SA: TOTAL Non-listed/ commingled real estate funds/private REITs|43_29|SA_NonListedFunds_InvestmentStyle_Total|SA_NLF_IS_Total|Non-listed funds - Investment style total||SA Capital raised|Investor Type and Vehicle Type|||1421
q15COL2_Total_southamerica|CURRENCY|SA: TOTAL Separate accounts investing directly into real estate|43_30|SA_SeparateAccountsDirect_InvestmentStyle_Total|SA_SepAccDirect_IS_Total|Separate accounts investing directly - Investment style total||SA Capital raised|Investor Type and Vehicle Type|||1422
q15COL3_Total_southamerica|CURRENCY|SA: TOTAL Separate accounts investing into indirect vehicles|43_31|SA_SeparateAccountsIndirect_InvestmentStyle_Total|SA_SepAccIndirect_IS_Total|Separate accounts investing indirectly - Investment style total||SA Capital raised|Investor Type and Vehicle Type|||1423
q15COL4_Total_southamerica|CURRENCY|SA: TOTAL Joint ventures and club deals|43_32|SA_JVs_InvestmentStyle_Total|SA_JVs_IS_Total|Joint ventures and club deals - Investment style total||SA Capital raised|Investor Type and Vehicle Type|||1424
q15COL5_Total_southamerica|CURRENCY|SA: TOTAL Funds of funds|43_33|SA_FundsOfFunds_InvestmentStyle_Total|SA_FOF_IS_Total|Funds of funds - Investment style total||SA Capital raised|Investor Type and Vehicle Type|||1425
q15COL6_Total_southamerica|CURRENCY|SA: TOTAL Non-listed debt products|43_34|SA_Debt_InvestmentStyle_Total|SA_Debt_IS_Total|Non-listed debt products - Investment style total||SA Capital raised|Investor Type and Vehicle Type|||1426
q15GRANDTotal_southamerica|CURRENCY|SA: Total Capital Raised in 2020 for your South American strategy|43_35|SA_NonListedVehicles_InvestmentStyle_Total|SA_NLV_IS_Total|Non-listed vehicles total - Investment style total||SA Capital raised|Investor Type and Vehicle Type|||1427
AFRICA_africa||||||||||||1428
_africa||For your African strategy*, how much institutional capital did your company raise for Non-listed vehicless in 2020 by investor type (million)?|44|||||||||1429
q101_1_africa|CURRENCY|AFRICAN: Pension funds - Non-listed/ commingled real estate funds/private REITs|44_1|AFRICA_PensionFunds_NonListedFunds|AFR_PF_NLF|Pension funds - Non-listed fund||Africa Capital raised|Investor Type and Vehicle Type|||1430
q101_2_africa|CURRENCY|AFRICAN: Pension funds - Separate accounts investing directly into real estate|44_2|AFRICA_PensionFunds_SeparateAccountsDirect|AFR_PF_SepAccDirect|Pension funds - Separate accounts investing directly||Africa Capital raised|Investor Type and Vehicle Type|||1431
q101_3_africa|CURRENCY|AFRICAN: Pension funds - Separate accounts investing into indirect vehicles|44_3|AFRICA_PensionFunds_SeparateAccountsIndirect|AFR_PF_SepAccIndirect|Pension funds - Separate accounts investing indirectly||Africa Capital raised|Investor Type and Vehicle Type|||1432
q101_4_africa|CURRENCY|AFRICAN: Pension funds - Joint ventures and club deals|44_4|AFRICA_PensionFunds_JVs|AFR_PF_JVs|Pension funds - Joint ventures and club deals||Africa Capital raised|Investor Type and Vehicle Type|||1433
q101_5_africa|CURRENCY|AFRICAN: Pension funds - Funds of funds|44_5|AFRICA_PensionFunds_FundsOfFunds|AFR_PF_FOF|Pension funds - Funds of funds||Africa Capital raised|Investor Type and Vehicle Type|||1434
q101_6_africa|CURRENCY|AFRICAN: Pension funds - Non-listed debt products|44_6|AFRICA_PensionFunds_Debt|AFR_PF_Debt|Pension funds - Non-listed debt products||Africa Capital raised|Investor Type and Vehicle Type|||1435
q10ROW1_Total_africa|CURRENCY|AFRICAN: Pension funds - TOTAL|44_7|AFRICA_PensionFunds_VehicleType_Total|AFR_PF_VT_Total|Pension funds - Vehicle type total||Africa Capital raised|Investor Type and Vehicle Type|||1436
q102_1_africa|CURRENCY|AFRICAN: Insurance companies - Non-listed/ commingled real estate funds/private REITs|44_8|AFRICA_InsuranceCompanies_NonListedFunds|AFR_IC_NLF|Insurance companies - Non-listed fund||Africa Capital raised|Investor Type and Vehicle Type|||1437
q102_2_africa|CURRENCY|AFRICAN: Insurance companies - Separate accounts investing directly into real estate|44_9|AFRICA_InsuranceCompanies_SeparateAccountsDirect|AFR_IC_SepAccDirect|Insurance companies - Separate accounts investing directly||Africa Capital raised|Investor Type and Vehicle Type|||1438
q102_3_africa|CURRENCY|AFRICAN: Insurance companies - Separate accounts investing into indirect vehicles|44_10|AFRICA_InsuranceCompanies_SeparateAccountsIndirect|AFR_IC_SepAccIndirect|Insurance companies - Separate accounts investing indirectly||Africa Capital raised|Investor Type and Vehicle Type|||1439
q102_4_africa|CURRENCY|AFRICAN: Insurance companies - Joint ventures and club deals|44_11|AFRICA_InsuranceCompanies_JVs|AFR_IC_JVs|Insurance companies - Joint ventures and club deals||Africa Capital raised|Investor Type and Vehicle Type|||1440
q102_5_africa|CURRENCY|AFRICAN: Insurance companies - Funds of funds|44_12|AFRICA_InsuranceCompanies_FundsOfFunds|AFR_IC_FOF|Insurance companies - Funds of funds||Africa Capital raised|Investor Type and Vehicle Type|||1441
q102_6_africa|CURRENCY|AFRICAN: Insurance companies - Non-listed debt products|44_13|AFRICA_InsuranceCompanies_Debt|AFR_IC_Debt|Insurance companies - Non-listed debt products||Africa Capital raised|Investor Type and Vehicle Type|||1442
q10ROW2_Total_africa|CURRENCY|AFRICAN: Insurance companies - TOTAL|44_14|AFRICA_InsuranceCompanies_VehicleType_Total|AFR_IC_VT_Total|Insurance companies - Vehicle type total||Africa Capital raised|Investor Type and Vehicle Type|||1443
q103_1_africa|CURRENCY|AFRICAN: Sovereign wealth funds - Non-listed/ commingled real estate funds/private REITs|44_15|AFRICA_SovereignWealthFunds_NonListedFunds|AFR_SWF_NLF|Sovereign wealth funds - Non-listed fund||Africa Capital raised|Investor Type and Vehicle Type|||1444
q103_2_africa|CURRENCY|AFRICAN: Sovereign wealth funds - Separate accounts investing directly into real estate|44_16|AFRICA_SovereignWealthFunds_SeparateAccountsDirect|AFR_SWF_SepAccDirect|Sovereign wealth funds - Separate accounts investing directly||Africa Capital raised|Investor Type and Vehicle Type|||1445
q103_3_africa|CURRENCY|AFRICAN: Sovereign wealth funds - Separate accounts investing into indirect vehicles|44_17|AFRICA_SovereignWealthFunds_SeparateAccountsIndirect|AFR_SWF_SepAccIndirect|Sovereign wealth funds - Separate accounts investing indirectly||Africa Capital raised|Investor Type and Vehicle Type|||1446
q103_4_africa|CURRENCY|AFRICAN: Sovereign wealth funds - Joint ventures and club deals|44_18|AFRICA_SovereignWealthFunds_JVs|AFR_SWF_JVs|Sovereign wealth funds - Joint ventures and club deals||Africa Capital raised|Investor Type and Vehicle Type|||1447
q103_5_africa|CURRENCY|AFRICAN: Sovereign wealth funds - Funds of funds|44_19|AFRICA_SovereignWealthFunds_FundsOfFunds|AFR_SWF_FOF|Sovereign wealth funds - Funds of funds||Africa Capital raised|Investor Type and Vehicle Type|||1448
q103_6_africa|CURRENCY|AFRICAN: Sovereign wealth funds - Non-listed debt products|44_20|AFRICA_SovereignWealthFunds_Debt|AFR_SWF_Debt|Sovereign wealth funds - Non-listed debt products||Africa Capital raised|Investor Type and Vehicle Type|||1449
q10ROW3_Total_africa|CURRENCY|AFRICAN: Sovereign wealth funds - TOTAL|44_21|AFRICA_SovereignWealthFunds_VehicleType_Total|AFR_SWF_VT_Total|Sovereign wealth funds - Vehicle type total||Africa Capital raised|Investor Type and Vehicle Type|||1450
q104_1_africa|CURRENCY|AFRICAN: Government institutions - Non-listed/ commingled real estate funds/private REITs|44_22|AFRICA_GovernmentInstitutions_NonListedFunds|AFR_GI_NLF|Government institutions - Non-listed fund||Africa Capital raised|Investor Type and Vehicle Type|||1451
q104_2_africa|CURRENCY|AFRICAN: Government institutions - Separate accounts investing directly into real estate|44_23|AFRICA_GovernmentInstitutions_SeparateAccountsDirect|AFR_GI_SepAccDirect|Government institutions - Separate accounts investing directly||Africa Capital raised|Investor Type and Vehicle Type|||1452
q104_3_africa|CURRENCY|AFRICAN: Government institutions - Separate accounts investing into indirect vehicles|44_24|AFRICA_GovernmentInstitutions_SeparateAccountsIndirect|AFR_GI_SepAccIndirect|Government institutions - Separate accounts investing indirectly||Africa Capital raised|Investor Type and Vehicle Type|||1453
q104_4_africa|CURRENCY|AFRICAN: Government institutions - Joint ventures and club deals|44_25|AFRICA_GovernmentInstitutions_JVs|AFR_GI_JVs|Government institutions - Joint ventures and club deals||Africa Capital raised|Investor Type and Vehicle Type|||1454
q104_5_africa|CURRENCY|AFRICAN: Government institutions - Funds of funds|44_26|AFRICA_GovernmentInstitutions_FundsOfFunds|AFR_GI_FOF|Government institutions - Funds of funds||Africa Capital raised|Investor Type and Vehicle Type|||1455
q104_6_africa|CURRENCY|AFRICAN: Government institutions - Non-listed debt products|44_27|AFRICA_GovernmentInstitutions_Debt|AFR_GI_Debt|Government institutions - Non-listed debt products||Africa Capital raised|Investor Type and Vehicle Type|||1456
q10ROW4_Total_africa|CURRENCY|AFRICAN: Government institutions - TOTAL|44_28|AFRICA_GovernmentInstitutions_VehicleType_Total|AFR_GI_VT_Total|Government institutions - Vehicle type total||Africa Capital raised|Investor Type and Vehicle Type|||1457
q105_1_africa|CURRENCY|AFRICAN: Charities, foundations, non-profit organisations - Non-listed/ commingled real estate funds/private REITs|44_29|AFRICA_CharitiesFoundationsNonProfitOrganizations_NonListedFunds|AFR_CF&NPO_NLF|Charities, foundations & non-profit organisations - Non-listed fund||Africa Capital raised|Investor Type and Vehicle Type|||1458
q105_2_africa|CURRENCY|AFRICAN: Charities, foundations, non-profit organisations - Separate accounts investing directly into real estate|44_30|AFRICA_CharitiesFoundationsNonProfitOrganizations_SeparateAccountsDirect|AFR_CF&NPO_SepAccDirect|Charities, foundations & non-profit organisations - Separate accounts investing directly||Africa Capital raised|Investor Type and Vehicle Type|||1459
q105_3_africa|CURRENCY|AFRICAN: Charities, foundations, non-profit organisations - Separate accounts investing into indirect vehicles|44_31|AFRICA_CharitiesFoundationsNonProfitOrganizations_SeparateAccountsIndirect|AFR_CF&NPO_SepAccIndirect|Charities, foundations & non-profit organisations - Separate accounts investing indirectly||Africa Capital raised|Investor Type and Vehicle Type|||1460
q105_4_africa|CURRENCY|AFRICAN: Charities, foundations, non-profit organisations - Joint ventures and club deals|44_32|AFRICA_CharitiesFoundationsNonProfitOrganizations_JVs|AFR_CF&NPO_JVs|Charities, foundations & non-profit organisations - Joint ventures and club deals||Africa Capital raised|Investor Type and Vehicle Type|||1461
q105_5_africa|CURRENCY|AFRICAN: Charities, foundations, non-profit organisations - Funds of funds|44_33|AFRICA_CharitiesFoundationsNonProfitOrganizations_FundsOfFunds|AFR_CF&NPO_FOF|Charities, foundations & non-profit organisations - Funds of funds||Africa Capital raised|Investor Type and Vehicle Type|||1462
q105_6_africa|CURRENCY|AFRICAN: Charities, foundations, non-profit organisations - Non-listed debt products|44_34|AFRICA_CharitiesFoundationsNonProfitOrganizations_Debt|AFR_CF&NPO_Debt|Charities, foundations & non-profit organisations - Non-listed debt products||Africa Capital raised|Investor Type and Vehicle Type|||1463
q10ROW5_Total_africa|CURRENCY|AFRICAN: Charities, foundations, non-profit organisations - TOTAL|44_35|AFRICA_CharitiesFoundationsNonProfitOrganizations_VehicleType_Total|AFR_CF&NPO_VT_Total|Charities, foundations & non-profit organisations - Vehicle type total||Africa Capital raised|Investor Type and Vehicle Type|||1464
q106_1_africa|CURRENCY|AFRICAN: Funds of funds - Non-listed/ commingled real estate funds/private REITs|44_36|AFRICA_FundsOfFunds_NonListedFunds|AFR_FOF_NLF|Funds of funds - Non-listed fund||Africa Capital raised|Investor Type and Vehicle Type|||1465
q106_2_africa|CURRENCY|AFRICAN: Funds of funds - Separate accounts investing directly into real estate|44_37|AFRICA_FundsOfFunds_SeparateAccountsDirect|AFR_FOF_SepAccDirect|Funds of funds - Separate accounts investing directly||Africa Capital raised|Investor Type and Vehicle Type|||1466
q106_3_africa|CURRENCY|AFRICAN: Funds of funds - Separate accounts investing into indirect vehicles|44_38|AFRICA_FundsOfFunds_SeparateAccountsIndirect|AFR_FOF_SepAccIndirect|Funds of funds - Separate accounts investing indirectly||Africa Capital raised|Investor Type and Vehicle Type|||1467
q106_4_africa|CURRENCY|AFRICAN: Funds of funds - Joint ventures and club deals|44_39|AFRICA_FundsOfFunds_JVs|AFR_FOF_JVs|Funds of funds - Joint ventures and club deals||Africa Capital raised|Investor Type and Vehicle Type|||1468
q106_5_africa|CURRENCY|AFRICAN: Funds of funds - Funds of funds|44_40|AFRICA_FundsOfFunds_FundsOfFunds|AFR_FOF_FOF|Funds of funds - Funds of funds||Africa Capital raised|Investor Type and Vehicle Type|||1469
q106_6_africa|CURRENCY|AFRICAN: Funds of funds - Non-listed debt products|44_41|AFRICA_FundsOfFunds_Debt|AFR_FOF_Debt|Funds of funds - Non-listed debt products||Africa Capital raised|Investor Type and Vehicle Type|||1470
q10ROW6_Total_africa|CURRENCY|AFRICAN: Funds of funds - TOTAL|44_42|AFRICA_FundsOfFunds_VehicleType_Total|AFR_FOF_VT_Total|Funds of funds - Vehicle type total||Africa Capital raised|Investor Type and Vehicle Type|||1471
q107_1_africa|CURRENCY|AFRICAN: High net worth individuals /Family offices - Non-listed/ commingled real estate funds/private REITs|44_43|AFRICA_HighnetWorthIndividualsFamilyOffices_NonListedFunds|AFR_HNWI/FO_NLF|Hign net worth individuals/Family offices - Non-listed fund||Africa Capital raised|Investor Type and Vehicle Type|||1472
q107_2_africa|CURRENCY|AFRICAN: High net worth individuals /Family offices - Separate accounts investing directly into real estate|44_44|AFRICA_HighnetWorthIndividualsFamilyOffices_SeparateAccountsDirect|AFR_HNWI/FO_SepAccDirect|Hign net worth individuals/Family offices - Separate accounts investing directly||Africa Capital raised|Investor Type and Vehicle Type|||1473
q107_3_africa|CURRENCY|AFRICAN: High net worth individuals /Family offices - Separate accounts investing into indirect vehicles|44_45|AFRICA_HighnetWorthIndividualsFamilyOffices_SeparateAccountsIndirect|AFR_HNWI/FO_SepAccIndirect|Hign net worth individuals/Family offices - Separate accounts investing indirectly||Africa Capital raised|Investor Type and Vehicle Type|||1474
q107_4_africa|CURRENCY|AFRICAN: High net worth individuals /Family offices - Joint ventures and club deals|44_46|AFRICA_HighnetWorthIndividualsFamilyOffices_JVs|AFR_HNWI/FO_JVs|Hign net worth individuals/Family offices - Joint ventures and club deals||Africa Capital raised|Investor Type and Vehicle Type|||1475
q107_5_africa|CURRENCY|AFRICAN: High net worth individuals /Family offices - Funds of funds|44_47|AFRICA_HighnetWorthIndividualsFamilyOffices_FundsOfFunds|AFR_HNWI/FO_FOF|Hign net worth individuals/Family offices - Funds of funds||Africa Capital raised|Investor Type and Vehicle Type|||1476
q107_6_africa|CURRENCY|AFRICAN: High net worth individuals /Family offices - Non-listed debt products|44_48|AFRICA_HighnetWorthIndividualsFamilyOffices_Debt|AFR_HNWI/FO_Debt|Hign net worth individuals/Family offices - Non-listed debt products||Africa Capital raised|Investor Type and Vehicle Type|||1477
q10ROW7_Total_africa|CURRENCY|AFRICAN: High net worth individuals /Family offices - TOTAL|44_49|AFRICA_HighnetWorthIndividualsFamilyOffices_VehicleType_Total|AFR_HNWI/FO_VT_Total|Hign net worth individuals/Family offices - Vehicle type total||Africa Capital raised|Investor Type and Vehicle Type|||1478
q10other_africa|TEXT|AFRICAN: Other investor type (Other)|44_50|AFRICA_OtherInvestorTypetext|AFR_OtherITText|Other investor type||Africa Capital raised|Investor Type and Vehicle Type|||1479
q108_1_africa|CURRENCY|AFRICAN: Other - Non-listed/ commingled real estate funds/private REITs|44_51|AFRICA_OtherInvestorType_NonListedFunds|AFR_OtherIT_NLF|Other investor type - Non-listed fund||Africa Capital raised|Investor Type and Vehicle Type|||1480
q108_2_africa|CURRENCY|AFRICAN: Other - Separate accounts investing directly into real estate|44_52|AFRICA_OtherInvestorType_SeparateAccountsDirect|AFR_OtherIT_SepAccDirect|Other investor type - Separate accounts investing directly||Africa Capital raised|Investor Type and Vehicle Type|||1481
q108_3_africa|CURRENCY|AFRICAN: Other - Separate accounts investing into indirect vehicles|44_53|AFRICA_OtherInvestorType_SeparateAccountsIndirect|AFR_OtherIT_SepAccIndirect|Other investor type - Separate accounts investing indirectly||Africa Capital raised|Investor Type and Vehicle Type|||1482
q108_4_africa|CURRENCY|AFRICAN: Other - Joint ventures and club deals|44_54|AFRICA_OtherInvestorType_JVs|AFR_OtherIT_JVs|Other investor type - Joint ventures and club deals||Africa Capital raised|Investor Type and Vehicle Type|||1483
q108_5_africa|CURRENCY|AFRICAN: Other - Funds of funds|44_55|AFRICA_OtherInvestorType_FundsOfFunds|AFR_OtherIT_FOF|Other investor type - Funds of funds||Africa Capital raised|Investor Type and Vehicle Type|||1484
q108_6_africa|CURRENCY|AFRICAN: Other - Non-listed debt products|44_56|AFRICA_OtherInvestorType_Debt|AFR_OtherIT_Debt|Other investor type - Non-listed debt products||Africa Capital raised|Investor Type and Vehicle Type|||1485
q10ROW8_Total_africa|CURRENCY|AFRICAN: Other - TOTAL|44_57|AFRICA_OtherInvestorType_VehicleType_Total|AFR_OtherIT_VT_Total|Other investor type - Vehicle type total||Africa Capital raised|Investor Type and Vehicle Type|||1486
q10COL1_Total_africa|CURRENCY|AFRICAN TOTAL - Non-listed/ commingled real estate funds/private REITs|44_58|AFRICA_InvestorType_NonListedFunds_Total|AFR_IT_NLF_Total|Investor type - Non-listed fund total||Africa Capital raised|Investor Type and Vehicle Type|||1487
q10COL2_Total_africa|CURRENCY|AFRICAN TOTAL - Separate accounts investing directly into real estate|44_59|AFRICA_InvestorType_SeparateAccountsDirect_Total|AFR_IT_SepAccDirect_Total|Investor type - Separate accounts investing directly total||Africa Capital raised|Investor Type and Vehicle Type|||1488
q10COL3_Total_africa|CURRENCY|AFRICAN TOTAL - Separate accounts investing into indirect vehicles|44_60|AFRICA_InvestorType_SeparateAccountsIndirect_Total|AFR_IT_SepAccIndirect_Total|Investor type - Separate accounts investing indirectly total||Africa Capital raised|Investor Type and Vehicle Type|||1489
q10COL4_Total_africa|CURRENCY|AFRICAN TOTAL - Joint ventures and club deals|44_61|AFRICA_InvestorType_JVs_Total|AFR_IT_JVs_Total|Investor type - Joint ventures and club deals total||Africa Capital raised|Investor Type and Vehicle Type|||1490
q10COL5_Total_africa|CURRENCY|AFRICAN TOTAL - Funds of funds|44_62|AFRICA_InvestorType_FundsOfFunds_Total|AFR_IT_FOF_Total|Investor type - Funds of funds total||Africa Capital raised|Investor Type and Vehicle Type|||1491
q10COL6_Total_africa|CURRENCY|AFRICAN TOTAL - Non-listed debt products|44_63|AFRICA_InvestorType_Debt_Total|AFR_IT_Debt_Total|Investor type - Non-listed debt products total||Africa Capital raised|Investor Type and Vehicle Type|||1492
q10GRANDTotal_africa|CURRENCY|AFRICAN TOTAL Capital Raised in 2020 for your African strategy by investor type|44_64|AFRICA_InvestorType_VehicleType_Total|AFR_IT_VT_Total|Investor type - Vehicle type total||Africa Capital raised|Investor Type and Vehicle Type|||1493
_africa||For your African strategy*, how much institutional capital did your company raise for Non-listed vehicless in 2020 by investor domicile (million)?|45|||||||||1494
q111_1_africa|CURRENCY|AFRICAN: Asia Pacific - Non-listed/ commingled real estate funds/private REITs|45_1|AFRICA_InvestorDomicileAsiaPacific_NonListedFunds|AFR_IDAPAC_NLF|Asia Pacific - Non-listed funds||Africa Capital raised|Investor Type and Vehicle Type|||1495
q111_2_africa|CURRENCY|AFRICAN: Asia Pacific - Separate accounts investing directly into real estate|45_2|AFRICA_InvestorDomicileAsiaPacific_SeparateAccountsDirect|AFR_IDAPAC_SepAccDirect|Asia Pacific - Separate accounts investing directly||Africa Capital raised|Investor Type and Vehicle Type|||1496
q111_3_africa|CURRENCY|AFRICAN: Asia Pacific - Separate accounts investing into indirect vehicles|45_3|AFRICA_InvestorDomicileAsiaPacific_SeparateAccountsIndirect|AFR_IDAPAC_SepAccIndirect|Asia Pacific - Separate accounts investing indirectly||Africa Capital raised|Investor Type and Vehicle Type|||1497
q111_4_africa|CURRENCY|AFRICAN: Asia Pacific - Joint ventures and club deals|45_4|AFRICA_InvestorDomicileAsiaPacific_JVs|AFR_IDAPAC_JVs|Asia Pacific - Joint ventures and club deals||Africa Capital raised|Investor Type and Vehicle Type|||1498
q111_5_africa|CURRENCY|AFRICAN: Asia Pacific - Funds of funds|45_5|AFRICA_InvestorDomicileAsiaPacific_FundsOfFunds|AFR_IDAPAC_FOF|Asia Pacific - Funds of funds||Africa Capital raised|Investor Type and Vehicle Type|||1499
q111_6_africa|CURRENCY|AFRICAN: Asia Pacific - Non-listed debt products|45_6|AFRICA_InvestorDomicileAsiaPacific_Debt|AFR_IDAPAC_Debt|Asia Pacific - Non-listed debt products||Africa Capital raised|Investor Type and Vehicle Type|||1500
q11ROW1_Total_africa|CURRENCY|AFRICAN: Asia Pacific - TOTAL|45_7|AFRICA_InvestorDomicileAsiaPacific_VehicleType_Total|AFR_IDAPAC_VT_Total|Asia Pacific - Vehicle type total||Africa Capital raised|Investor Type and Vehicle Type|||1501
q112_1_africa|CURRENCY|AFRICAN: Europe - Non-listed/ commingled real estate funds/private REITs|45_8|AFRICA_InvestorDomicileEurope_NonListedFunds|AFR_IDEUR_NLF|Europe - Non-listed funds||Africa Capital raised|Investor Type and Vehicle Type|||1502
q112_2_africa|CURRENCY|AFRICAN: Europe - Separate accounts investing directly into real estate|45_9|AFRICA_InvestorDomicileEurope_SeparateAccountsDirect|AFR_IDEUR_SepAccDirect|Europe - Separate accounts investing directly||Africa Capital raised|Investor Type and Vehicle Type|||1503
q112_3_africa|CURRENCY|AFRICAN: Europe - Separate accounts investing into indirect vehicles|45_10|AFRICA_InvestorDomicileEurope_SeparateAccountsIndirect|AFR_IDEUR_SepAccIndirect|Europe - Separate accounts investing indirectly||Africa Capital raised|Investor Type and Vehicle Type|||1504
q112_4_africa|CURRENCY|AFRICAN: Europe - Joint ventures and club deals|45_11|AFRICA_InvestorDomicileEurope_JVs|AFR_IDEUR_JVs|Europe - Joint ventures and club deals||Africa Capital raised|Investor Type and Vehicle Type|||1505
q112_5_africa|CURRENCY|AFRICAN: Europe - Funds of funds|45_12|AFRICA_InvestorDomicileEurope_FundsOfFunds|AFR_IDEUR_FOF|Europe - Funds of funds||Africa Capital raised|Investor Type and Vehicle Type|||1506
q112_6_africa|CURRENCY|AFRICAN: Europe - Non-listed debt products|45_13|AFRICA_InvestorDomicileEurope_Debt|AFR_IDEUR_Debt|Europe - Non-listed debt products||Africa Capital raised|Investor Type and Vehicle Type|||1507
q11ROW2_Total_africa|CURRENCY|AFRICAN: Europe - TOTAL|45_14|AFRICA_InvestorDomicileEurope_VehicleType_Total|AFR_IDEUR_VT_Total|Europe - Vehicle type total||Africa Capital raised|Investor Type and Vehicle Type|||1508
q113_1_africa|CURRENCY|AFRICAN: North America - Non-listed/ commingled real estate funds/private REITs|45_15|AFRICA_InvestorDomicileNorthAmerica_NonListedFunds|AFR_IDNA_NLF|North America - Non-listed funds||Africa Capital raised|Investor Type and Vehicle Type|||1509
q113_2_africa|CURRENCY|AFRICAN: North America - Separate accounts investing directly into real estate|45_16|AFRICA_InvestorDomicileNorthAmerica_SeparateAccountsDirect|AFR_IDNA_SepAccDirect|North America - Separate accounts investing directly||Africa Capital raised|Investor Type and Vehicle Type|||1510
q113_3_africa|CURRENCY|AFRICAN: North America - Separate accounts investing into indirect vehicles|45_17|AFRICA_InvestorDomicileNorthAmerica_SeparateAccountsIndirect|AFR_IDNA_SepAccIndirect|North America - Separate accounts investing indirectly||Africa Capital raised|Investor Type and Vehicle Type|||1511
q113_4_africa|CURRENCY|AFRICAN: North America - Joint ventures and club deals|45_18|AFRICA_InvestorDomicileNorthAmerica_JVs|AFR_IDNA_JVs|North America - Joint ventures and club deals||Africa Capital raised|Investor Type and Vehicle Type|||1512
q113_5_africa|CURRENCY|AFRICAN: North America - Funds of funds|45_19|AFRICA_InvestorDomicileNorthAmerica_FundsOfFunds|AFR_IDNA_FOF|North America - Funds of funds||Africa Capital raised|Investor Type and Vehicle Type|||1513
q113_6_africa|CURRENCY|AFRICAN: North America - Non-listed debt products|45_20|AFRICA_InvestorDomicileNorthAmerica_Debt|AFR_IDNA_Debt|North America - Non-listed debt products||Africa Capital raised|Investor Type and Vehicle Type|||1514
q11ROW3_Total_africa|CURRENCY|AFRICAN: North America - TOTAL|45_21|AFRICA_InvestorDomicileNorthAmerica_VehicleType_Total|AFR_IDNA_VT_Total|North America - Vehicle type total||Africa Capital raised|Investor Type and Vehicle Type|||1515
q114_1_africa|CURRENCY|AFRICAN: South America - Non-listed/ commingled real estate funds/private REITs|45_22|AFRICA_InvestorDomicileSouthAmerica_NonListedFunds|AFR_IDSA_NLF|South America - Non-listed funds||Africa Capital raised|Investor Type and Vehicle Type|||1516
q114_2_africa|CURRENCY|AFRICAN: South America - Separate accounts investing directly into real estate|45_23|AFRICA_InvestorDomicileSouthAmerica_SeparateAccountsDirect|AFR_IDSA_SepAccDirect|South America - Separate accounts investing directly||Africa Capital raised|Investor Type and Vehicle Type|||1517
q114_3_africa|CURRENCY|AFRICAN: South America - Separate accounts investing into indirect vehicles|45_24|AFRICA_InvestorDomicileSouthAmerica_SeparateAccountsIndirect|AFR_IDSA_SepAccIndirect|South America - Separate accounts investing indirectly||Africa Capital raised|Investor Type and Vehicle Type|||1518
q114_4_africa|CURRENCY|AFRICAN: South America - Joint ventures and club deals|45_25|AFRICA_InvestorDomicileSouthAmerica_JVs|AFR_IDSA_JVs|South America - Joint ventures and club deals||Africa Capital raised|Investor Type and Vehicle Type|||1519
q114_5_africa|CURRENCY|AFRICAN: South America - Funds of funds|45_26|AFRICA_InvestorDomicileSouthAmerica_FundsOfFunds|AFR_IDSA_FOF|South America - Funds of funds||Africa Capital raised|Investor Type and Vehicle Type|||1520
q114_6_africa|CURRENCY|AFRICAN: South America - Non-listed debt products|45_27|AFRICA_InvestorDomicileSouthAmerica_Debt|AFR_IDSA_Debt|South America - Non-listed debt products||Africa Capital raised|Investor Type and Vehicle Type|||1521
q11ROW4_Total_africa|CURRENCY|AFRICAN: South America - TOTAL|45_28|AFRICA_InvestorDomicileSouthAmerica_VehicleType_Total|AFR_IDSA_VT_Total|South America - Vehicle type total||Africa Capital raised|Investor Type and Vehicle Type|||1522
q115_1_africa|CURRENCY|AFRICAN: Africa - Non-listed/ commingled real estate funds/private REITs|45_29|AFRICA_InvestorDomicileAfrica_NonListedFunds|AFR_IDAFR_NLF|Africa - Non-listed funds||Africa Capital raised|Investor Type and Vehicle Type|||1523
q115_2_africa|CURRENCY|AFRICAN: Africa - Separate accounts investing directly into real estate|45_30|AFRICA_InvestorDomicileAfrica_SeparateAccountsDirect|AFR_IDAFR_SepAccDirect|Africa - Separate accounts investing directly||Africa Capital raised|Investor Type and Vehicle Type|||1524
q115_3_africa|CURRENCY|AFRICAN: Africa - Separate accounts investing into indirect vehicles|45_31|AFRICA_InvestorDomicileAfrica_SeparateAccountsIndirect|AFR_IDAFR_SepAccIndirect|Africa - Separate accounts investing indirectly||Africa Capital raised|Investor Type and Vehicle Type|||1525
q115_4_africa|CURRENCY|AFRICAN: Africa - Joint ventures and club deals|45_32|AFRICA_InvestorDomicileAfrica_JVs|AFR_IDAFR_JVs|Africa - Joint ventures and club deals||Africa Capital raised|Investor Type and Vehicle Type|||1526
q115_5_africa|CURRENCY|AFRICAN: Africa - Funds of funds|45_33|AFRICA_InvestorDomicileAfrica_FundsOfFunds|AFR_IDAFR_FOF|Africa - Funds of funds||Africa Capital raised|Investor Type and Vehicle Type|||1527
q115_6_africa|CURRENCY|AFRICAN: Africa - Non-listed debt products|45_34|AFRICA_InvestorDomicileAfrica_Debt|AFR_IDAFR_Debt|Africa - Non-listed debt products||Africa Capital raised|Investor Type and Vehicle Type|||1528
q11ROW5_Total_africa|CURRENCY|AFRICAN: Africa - TOTAL|45_35|AFRICA_InvestorDomicileAfrica_VehicleType_Total|AFR_IDAFR_VT_Total|Africa - Vehicle type total||Africa Capital raised|Investor Type and Vehicle Type|||1529
q11COL1_Total_africa|CURRENCY|AFRICAN: TOTAL - Non-listed/ commingled real estate funds/private REITs|45_36|AFRICA_InvestorDomicile_NonListedFunds_Total|AFR_ID_NLF_Total|Investor domicile total - Non-listed funds||Africa Capital raised|Investor Type and Vehicle Type|||1530
q11COL2_Total_africa|CURRENCY|AFRICAN: TOTAL - Separate accounts investing directly into real estate|45_37|AFRICA_InvestorDomicile_SeparateAccountsDirect_Total|AFR_ID_SepAccDirect_Total|Investor domicile total - Separate accounts investing directly||Africa Capital raised|Investor Type and Vehicle Type|||1531
q11COL3_Total_africa|CURRENCY|AFRICAN: TOTAL - Separate accounts investing into indirect vehicles|45_38|AFRICA_InvestorDomicile_SeparateAccountsIndirect_Total|AFR_ID_SepAccIndirect_Total|Investor domicile total - Separate accounts investing indirectly||Africa Capital raised|Investor Type and Vehicle Type|||1532
q11COL4_Total_africa|CURRENCY|AFRICAN: TOTAL - Joint ventures and club deals|45_39|AFRICA_InvestorDomicile_JVs_Total|AFR_ID_JVs_Total|Investor domicile total - Joint ventures and club deals||Africa Capital raised|Investor Type and Vehicle Type|||1533
q11COL5_Total_africa|CURRENCY|AFRICAN: TOTAL - Funds of funds|45_40|AFRICA_InvestorDomicile_FundsOfFunds_Total|AFR_ID_FOF_Total|Investor domicile total - Funds of funds||Africa Capital raised|Investor Type and Vehicle Type|||1534
q11COL6_Total_africa|CURRENCY|AFRICAN: TOTAL - Non-listed debt products|45_41|AFRICA_InvestorDomicile_Debt_Total|AFR_ID_Debt_Total|Investor domicile total - Non-listed debt products||Africa Capital raised|Investor Type and Vehicle Type|||1535
q11GRANDTotal_africa|CURRENCY|AFRICAN TOTAL Capital Raised in 2020 for your African strategy by investor domicile|45_42|AFRICA_InvestorDomicile_VehicleType_Total|AFR_ID_VT_Total|Investor domicile total - Vehicle type total||Africa Capital raised|Investor Type and Vehicle Type|||1536
q12_africa|NUMBER|For your African strategy*, for which sector-strategy did your company raise institutional capital for Non-listed vehicless in 2020?|46|AFRICA_CapitalRaisingActivity_NonListedVehicles_MultiSectorSingleSector|AFR_CRact_NLV_MSSS|Non-listed vehicles - Multi sector single sector||Africa Capital raised|Investor Type and Vehicle Type|||1537
_africa||For your African strategy*, how much institutional capital did your company raise for Non-listed vehicless in 2020 by targeted multi-sector (million)?|47|||||||||1538
q131_1_africa|CURRENCY|AFRICAN: Main sectors - Non-listed/ commingled real estate funds/private REITs|47_1|AFRICA_NonListedFunds_MultiSectorMainSectors|AFR_NLF_MSMS|Non-listed funds - Multi sector main sectors||Africa Capital raised|Investor Type and Vehicle Type|||1539
q131_2_africa|CURRENCY|AFRICAN: Main sectors - Separate accounts investing directly into real estate|47_2|AFRICA_SeparateAccountsDirect_MultiSectorMainSectors|AFR_SepAccDirect_MSMS|Separate accounts investing directly - Multi sector main sectors||Africa Capital raised|Investor Type and Vehicle Type|||1540
q131_3_africa|CURRENCY|AFRICAN: Main sectors - Separate accounts investing into indirect vehicles|47_3|AFRICA_SeparateAccountsIndirect_MultiSectorMainSectors|AFR_SepAccIndirect_MSMS|Separate accounts investing indirectly - Multi sector main sectors||Africa Capital raised|Investor Type and Vehicle Type|||1541
q131_4_africa|CURRENCY|AFRICAN: Main sectors - Joint ventures and club deals|47_4|AFRICA_JVs_MultiSectorMainSectors|AFR_JVs_MSMS|Joint ventures and club deals - Multi sector main sectors||Africa Capital raised|Investor Type and Vehicle Type|||1542
q131_5_africa|CURRENCY|AFRICAN: Main sectors - Funds of funds|47_5|AFRICA_FundsOfFunds_MultiSectorMainSectors|AFR_FOF_MSMS|Funds of funds - Multi sector main sectors||Africa Capital raised|Investor Type and Vehicle Type|||1543
q131_6_africa|CURRENCY|AFRICAN: Main sectors - Non-listed debt products|47_6|AFRICA_Debt_MultiSectorMainSectors|AFR_Debt_MSMS|Non-listed debt products - Multi sector main sectors||Africa Capital raised|Investor Type and Vehicle Type|||1544
q13ROW1_Total_africa|CURRENCY|AFRICAN: TOTAL - Main sectors |47_7|AFRICA_NonListedVehicles_MultiSectorMainSectors_Total|AFR_NLV_MSMS_Total|Non-listed vehicles total - Multi sector main sectors||Africa Capital raised|Investor Type and Vehicle Type|||1545
q132_1_africa|CURRENCY|AFRICAN:  Alternative sectors - Non-listed/ commingled real estate funds/private REITs|47_8|AFRICA_NonListedFunds_MultiSectorAlternativeSectors|AFR_NLF_MSAS|Non-listed funds - Multi sector alternative sectors||Africa Capital raised|Investor Type and Vehicle Type|||1546
q132_2_africa|CURRENCY|AFRICAN:  Alternative sectors - Separate accounts investing directly into real estate|47_9|AFRICA_SeparateAccountsDirect_MultiSectorAlternativeSectors|AFR_SepAccDirect_MSAS|Separate accounts investing directly - Multi sector alternative sectors||Africa Capital raised|Investor Type and Vehicle Type|||1547
q132_3_africa|CURRENCY|AFRICAN:  Alternative sectors - Separate accounts investing into indirect vehicles|47_10|AFRICA_SeparateAccountsIndirect_MultiSectorAlternativeSectors|AFR_SepAccIndirect_MSAS|Separate accounts investing indirectly - Multi sector alternative sectors||Africa Capital raised|Investor Type and Vehicle Type|||1548
q132_4_africa|CURRENCY|AFRICAN:  Alternative sectors - Joint ventures and club deals|47_11|AFRICA_JVs_MultiSectorAlternativeSectors|AFR_JVs_MSAS|Joint ventures and club deals - Multi sector alternative sectors||Africa Capital raised|Investor Type and Vehicle Type|||1549
q132_5_africa|CURRENCY|AFRICAN:  Alternative sectors - Funds of funds|47_12|AFRICA_FundsOfFunds_MultiSectorAlternativeSectors|AFR_FOF_MSAS|Funds of funds - Multi sector alternative sectors||Africa Capital raised|Investor Type and Vehicle Type|||1550
q132_6_africa|CURRENCY|AFRICAN:  Alternative sectors - Non-listed debt products|47_13|AFRICA_Debt_MultiSectorAlternativeSectors|AFR_Debt_MSAS|Non-listed debt products - Multi sector alternative sectors||Africa Capital raised|Investor Type and Vehicle Type|||1551
q13ROW2_Total_africa|CURRENCY|AFRICAN:  TOTAL - Alternative sectors|47_14|AFRICA_NonListedVehicles_MultiSectorAlternativeSectors_Total|AFR_NLV_MSAS_Total|Non-listed vehicles total - Multi sector alternative sectors||Africa Capital raised|Investor Type and Vehicle Type|||1552
q13COL1_Total_africa|CURRENCY|AFRICAN: TOTAL - Non-listed/ commingled real estate funds/private REITs|47_15|AFRICA_NonListedFunds_MultiSector_Total|AFR_NLF_MS_Total|Non-listed funds - Multi sector||Africa Capital raised|Investor Type and Vehicle Type|||1553
q13COL2_Total_africa|CURRENCY|AFRICAN: TOTAL - Separate accounts investing directly into real estate|47_16|AFRICA_SeparateAccountsDirect_MultiSector_Total|AFR_SepAccDirect_MS_Total|Separate accounts investing directly - Multi sector||Africa Capital raised|Investor Type and Vehicle Type|||1554
q13COL3_Total_africa|CURRENCY|AFRICAN: TOTAL - Separate accounts investing into indirect vehicles|47_17|AFRICA_SeparateAccountsIndirect_MultiSector_Total|AFR_SepAccIndirect_MS_Total|Separate accounts investing indirectly - Multi sector||Africa Capital raised|Investor Type and Vehicle Type|||1555
q13COL4_Total_africa|CURRENCY|AFRICAN: TOTAL - Joint ventures and club deals|47_18|AFRICA_JVs_MultiSector_Total|AFR_JVs_MS_Total|Joint ventures and club deals - Multi sector||Africa Capital raised|Investor Type and Vehicle Type|||1556
q13COL5_Total_africa|CURRENCY|AFRICAN: TOTAL - Funds of funds|47_19|AFRICA_FundsOfFunds_MultiSector_Total|AFR_FOF_MS_Total|Funds of funds - Multi sector||Africa Capital raised|Investor Type and Vehicle Type|||1557
q13COL6_Total_africa|CURRENCY|AFRICAN: TOTAL - Non-listed debt products|47_20|AFRICA_Debt_MultiSector_Total|AFR_Debt_MS_Total|Non-listed debt products - Multi sector||Africa Capital raised|Investor Type and Vehicle Type|||1558
q13GRANDTotal_africa|CURRENCY|AFRICAN TOTAL Raised by targeted multi-sector|47_21|AFRICA_NonListedVehicles_MultiSector_Total|AFR_NLV_MS_Total|Non-listed vehicles total - Multi sector||Africa Capital raised|Investor Type and Vehicle Type|||1559
_africa||For your African strategy*, how much institutional capital did your company raise for Non-listed vehicless in 2020 by targeted sector (million)?|48|||||||||1560
q141_1_africa|CURRENCY|AFRICAN: Office - Non-listed/ commingled real estate funds/private REITs|48_1|AFRICA_NonListedFunds_SingleSectorOffice|AFR_NLF_SSOffice|Non-listed funds - Single sector office||Africa Capital raised|Investor Type and Vehicle Type|||1561
q141_2_africa|CURRENCY|AFRICAN: Office - Separate accounts investing directly into real estate|48_2|AFRICA_SeparateAccountsDirect_SingleSectorOffice|AFR_SepAccDirect_SSOffice|Separate accounts investing directly - Single sector office||Africa Capital raised|Investor Type and Vehicle Type|||1562
q141_3_africa|CURRENCY|AFRICAN: Office - Separate accounts investing into indirect vehicles|48_3|AFRICA_SeparateAccountsIndirect_SingleSectorOffice|AFR_SepAccIndirect_SSOffice|Separate accounts investing indirectly - Single sector office||Africa Capital raised|Investor Type and Vehicle Type|||1563
q141_4_africa|CURRENCY|AFRICAN: Office - Joint ventures and club deals|48_4|AFRICA_JVs_SingleSectorOffice|AFR_JVs_SSOffice|Joint ventures and club deals - Single sector office||Africa Capital raised|Investor Type and Vehicle Type|||1564
q141_5_africa|CURRENCY|AFRICAN: Office - Funds of funds|48_5|AFRICA_FundsOfFunds_SingleSectorOffice|AFR_FOF_SSOffice|Funds of funds - Single sector office||Africa Capital raised|Investor Type and Vehicle Type|||1565
q141_6_africa|CURRENCY|AFRICAN: Office - Non-listed debt products|48_6|AFRICA_Debt_SingleSectorOffice|AFR_Debt_SSOffice|Non-listed debt products - Single sector office||Africa Capital raised|Investor Type and Vehicle Type|||1566
q14ROW1_Total_africa|CURRENCY|AFRICAN: TOTAL Office|48_7|AFRICA_NonListedVehicles_SingleSectorOffice_Total|AFR_NLV_SSOffice_Total|Non-listed vehicles total - Single sector office||Africa Capital raised|Investor Type and Vehicle Type|||1567
q142_1_africa|CURRENCY|AFRICAN: Retail - Non-listed/ commingled real estate funds/private REITs|48_8|AFRICA_NonListedFunds_SingleSectorRetail|AFR_NLF_SSRetail|Non-listed funds - Single sector retail||Africa Capital raised|Investor Type and Vehicle Type|||1568
q142_2_africa|CURRENCY|AFRICAN: Retail - Separate accounts investing directly into real estate|48_9|AFRICA_SeparateAccountsDirect_SingleSectorRetail|AFR_SepAccDirect_SSRetail|Separate accounts investing directly - Single sector retail||Africa Capital raised|Investor Type and Vehicle Type|||1569
q142_3_africa|CURRENCY|AFRICAN: Retail - Separate accounts investing into indirect vehicles|48_10|AFRICA_SeparateAccountsIndirect_SingleSectorRetail|AFR_SepAccIndirect_SSRetail|Separate accounts investing indirectly - Single sector retail||Africa Capital raised|Investor Type and Vehicle Type|||1570
q142_4_africa|CURRENCY|AFRICAN: Retail - Joint ventures and club deals|48_11|AFRICA_JVs_SingleSectorRetail|AFR_JVs_SSRetail|Joint ventures and club deals - Single sector retail||Africa Capital raised|Investor Type and Vehicle Type|||1571
q142_5_africa|CURRENCY|AFRICAN: Retail - Funds of funds|48_12|AFRICA_FundsOfFunds_SingleSectorRetail|AFR_FOF_SSRetail|Funds of funds - Single sector retail||Africa Capital raised|Investor Type and Vehicle Type|||1572
q142_6_africa|CURRENCY|Non-listed debt products|48_13|AFRICA_Debt_SingleSectorRetail|AFR_Debt_SSRetail|Non-listed debt products - Single sector retail||Africa Capital raised|Investor Type and Vehicle Type|||1573
q14ROW2_Total_africa|CURRENCY|AFRICAN: TOTAL Retail|48_14|AFRICA_NonListedVehicles_SingleSectorRetail_Total|AFR_NLV_SSRetail_Total|Non-listed vehicles total - Single sector retail||Africa Capital raised|Investor Type and Vehicle Type|||1574
q143_1_africa|CURRENCY|AFRICAN: Industrial / logistics - Non-listed/ commingled real estate funds/private REITs|48_15|AFRICA_NonListedFunds_SingleSectorIndustrial/Logistics|AFR_NLF_SSInd/Log|Non-listed funds - Single sector industrial/logistics||Africa Capital raised|Investor Type and Vehicle Type|||1575
q143_2_africa|CURRENCY|AFRICAN: Industrial / logistics - Separate accounts investing directly into real estate|48_16|AFRICA_SeparateAccountsDirect_SingleSectorIndustrial/Logistics|AFR_SepAccDirect_SSInd/Log|Separate accounts investing directly - Single sector industrial/logistics||Africa Capital raised|Investor Type and Vehicle Type|||1576
q143_3_africa|CURRENCY|AFRICAN: Industrial / logistics - Separate accounts investing into indirect vehicles|48_17|AFRICA_SeparateAccountsIndirect_SingleSectorIndustrial/Logistics|AFR_SepAccIndirect_SSInd/Log|Separate accounts investing indirectly - Single sector industrial/logistics||Africa Capital raised|Investor Type and Vehicle Type|||1577
q143_4_africa|CURRENCY|AFRICAN: Industrial / logistics - Joint ventures and club deals|48_18|AFRICA_JVs_SingleSectorIndustrial/Logistics|AFR_JVs_SSInd/Log|Joint ventures and club deals - Single sector industrial/logistics||Africa Capital raised|Investor Type and Vehicle Type|||1578
q143_5_africa|CURRENCY|AFRICAN: Industrial / logistics - Funds of funds|48_19|AFRICA_FundsOfFunds_SingleSectorIndustrial/Logistics|AFR_FOF_SSInd/Log|Funds of funds - Single sector industrial/logistics||Africa Capital raised|Investor Type and Vehicle Type|||1579
q143_6_africa|CURRENCY|AFRICAN: Industrial / logistics - Non-listed debt products|48_20|AFRICA_Debt_SingleSectorIndustrial/Logistics|AFR_Debt_SSInd/Log|Non-listed debt products - Single sector industrial/logistics||Africa Capital raised|Investor Type and Vehicle Type|||1580
q14ROW3_Total_africa|CURRENCY|AFRICAN: TOTAL Industrial / logistics|48_21|AFRICA_NonListedVehicles_SingleSectorIndustrial/Logistics_Total|AFR_NLV_SSInd/Log_Total|Non-listed vehicles total - Single sector industrial/logistics||Africa Capital raised|Investor Type and Vehicle Type|||1581
q144_1_africa|CURRENCY|AFRICAN: Residential / multi-family/apartments - Non-listed/ commingled real estate funds/private REITs|48_22|AFRICA_NonListedFunds_SingleSectorResidential/Multifamily/Apartments|AFR_NLF_SSResidential|Non-listed funds - Single sector residential/multifamily/ apartment||Africa Capital raised|Investor Type and Vehicle Type|||1582
q144_2_africa|CURRENCY|AFRICAN: Residential / multi-family/apartments - Separate accounts investing directly into real estate|48_23|AFRICA_SeparateAccountsDirect_SingleSectorResidential/Multifamily/Apartments|AFR_SepAccDirect_SSResidential|Separate accounts investing directly - Single sector residential/multifamily/ apartment||Africa Capital raised|Investor Type and Vehicle Type|||1583
q144_3_africa|CURRENCY|AFRICAN: Residential / multi-family/apartments - Separate accounts investing into indirect vehicles|48_24|AFRICA_SeparateAccountsIndirect_SingleSectorResidential/Multifamily/Apartments|AFR_SepAccIndirect_SSResidential|Separate accounts investing indirectly - Single sector residential/multifamily/ apartment||Africa Capital raised|Investor Type and Vehicle Type|||1584
q144_4_africa|CURRENCY|AFRICAN: Residential / multi-family/apartments - Joint ventures and club deals|48_25|AFRICA_JVs_SingleSectorResidential/Multifamily/Apartments|AFR_JVs_SSResidential|Joint ventures and club deals - Single sector residential/multifamily/ apartment||Africa Capital raised|Investor Type and Vehicle Type|||1585
q144_5_africa|CURRENCY|AFRICAN: Residential / multi-family/apartments - Funds of funds|48_26|AFRICA_FundsOfFunds_SingleSectorResidential/Multifamily/Apartments|AFR_FOF_SSResidential|Funds of funds - Single sector residential/multifamily/ apartment||Africa Capital raised|Investor Type and Vehicle Type|||1586
q144_6_africa|CURRENCY|AFRICAN: Residential / multi-family/apartments - Non-listed debt products|48_27|AFRICA_Debt_SingleSectorResidential/Multifamily/Apartments|AFR_Debt_SSResidential|Non-listed debt products - Single sector residential/multifamily/ apartment||Africa Capital raised|Investor Type and Vehicle Type|||1587
q14ROW4_Total_africa|CURRENCY|AFRICAN: TOTAL Residential / multi-family/apartments|48_28|AFRICA_NonListedVehicles_SingleSectorResidential/Multifamily/Apartments_Total|AFR_NLV_SSResidential_Total|Non-listed vehicles total - Single sector residential/multifamily/ apartment||Africa Capital raised|Investor Type and Vehicle Type|||1588
q145_1_africa|CURRENCY|AFRICAN: Student housing - Non-listed/ commingled real estate funds/private REITs|48_29|AFRICA_NonListedFunds_SingleSectorStudentHousing|AFR_NLF_SSStudHou|Non-listed funds - Single sector student housing||Africa Capital raised|Investor Type and Vehicle Type|||1589
q145_2_africa|CURRENCY|AFRICAN: Student housing - Separate accounts investing directly into real estate|48_30|AFRICA_SeparateAccountsDirect_SingleSectorStudentHousing|AFR_SepAccDirect_SSStudHou|Separate accounts investing directly - Single sector student housing||Africa Capital raised|Investor Type and Vehicle Type|||1590
q145_3_africa|CURRENCY|AFRICAN: Student housing - Separate accounts investing into indirect vehicles|48_31|AFRICA_SeparateAccountsIndirect_SingleSectorStudentHousing|AFR_SepAccIndirect_SSStudHou|Separate accounts investing indirectly - Single sector student housing||Africa Capital raised|Investor Type and Vehicle Type|||1591
q145_4_africa|CURRENCY|AFRICAN: Student housing - Joint ventures and club deals|48_32|AFRICA_JVs_SingleSectorStudentHousing|AFR_JVs_SSStudHou|Joint ventures and club deals - Single sector student housing||Africa Capital raised|Investor Type and Vehicle Type|||1592
q145_5_africa|CURRENCY|AFRICAN: Student housing - Funds of funds|48_33|AFRICA_FundsOfFunds_SingleSectorStudentHousing|AFR_FOF_SSStudHou|Funds of funds - Single sector student housing||Africa Capital raised|Investor Type and Vehicle Type|||1593
q145_6_africa|CURRENCY|AFRICAN: Student housing - Non-listed debt products|48_34|AFRICA_Debt_SingleSectorStudentHousing|AFR_Debt_SSStudHou|Non-listed debt products - Single sector student housing||Africa Capital raised|Investor Type and Vehicle Type|||1594
q14ROW5_Total_africa|CURRENCY|AFRICAN: TOTAL Student housing |48_35|AFRICA_NonListedVehicles_SingleSectorStudentHousing_Total|AFR_NLV_SSStudHou_Total|Non-listed vehicles total - Single sector student housing||Africa Capital raised|Investor Type and Vehicle Type|||1595
q146_1_africa|CURRENCY|AFRICAN: Senior living / aged care / health care - Non-listed/ commingled real estate funds/private REITs|48_36|AFRICA_NonListedFunds_SingleSectorSeniorLiving/Agedcare/Healthcare|AFR_NLF_SSSenLiving|Non-listed funds - Single sector senior living/ aged care/ healthcare||Africa Capital raised|Investor Type and Vehicle Type|||1596
q146_2_africa|CURRENCY|AFRICAN: Senior living / aged care / health care - Separate accounts investing directly into real estate|48_37|AFRICA_SeparateAccountsDirect_SingleSectorSeniorLiving/Agedcare/Healthcare|AFR_SepAccDirect_SSSenLiving|Separate accounts investing directly - Single sector senior living/ aged care/ healthcare||Africa Capital raised|Investor Type and Vehicle Type|||1597
q146_3_africa|CURRENCY|AFRICAN: Senior living / aged care / health care - Separate accounts investing into indirect vehicles|48_38|AFRICA_SeparateAccountsIndirect_SingleSectorSeniorLiving/Agedcare/Healthcare|AFR_SepAccIndirect_SSSenLiving|Separate accounts investing indirectly - Single sector senior living/ aged care/ healthcare||Africa Capital raised|Investor Type and Vehicle Type|||1598
q146_4_africa|CURRENCY|AFRICAN: Senior living / aged care / health care - Joint ventures and club deals|48_39|AFRICA_JVs_SingleSectorSeniorLiving/Agedcare/Healthcare|AFR_JVs_SSSenLiving|Joint ventures and club deals - Single sector senior living/ aged care/ healthcare||Africa Capital raised|Investor Type and Vehicle Type|||1599
q146_5_africa|CURRENCY|AFRICAN: Senior living / aged care / health care - Funds of funds|48_40|AFRICA_FundsOfFunds_SingleSectorSeniorLiving/Agedcare/Healthcare|AFR_FOF_SSSenLiving|Funds of funds - Single sector senior living/ aged care/ healthcare||Africa Capital raised|Investor Type and Vehicle Type|||1600
q146_6_africa|CURRENCY|AFRICAN: Senior living / aged care / health care - Non-listed debt products|48_41|AFRICA_Debt_SingleSectorSeniorLiving/Agedcare/Healthcare|AFR_Debt_SSSenLiving|Non-listed debt products - Single sector senior living/ aged care/ healthcare||Africa Capital raised|Investor Type and Vehicle Type|||1601
q14ROW6_Total_africa|CURRENCY|AFRICAN: TOTAL Senior living / aged care / health care|48_42|AFRICA_NonListedVehicles_SingleSectorSeniorLiving/Agedcare/Healthcare_Total|AFR_NLV_SSSenLiving_Total|Non-listed vehicles total - Single sector senior living/ aged care/ healthcare||Africa Capital raised|Investor Type and Vehicle Type|||1602
q147_1_africa|CURRENCY|AFRICAN: Hotel / leisure - Non-listed/ commingled real estate funds/private REITs|48_43|AFRICA_NonListedFunds_SingleSectorHotel/Leisure|AFR_NLF_SSHot/Lei|Non-listed funds - Single sector hotel/ leisure||Africa Capital raised|Investor Type and Vehicle Type|||1603
q147_2_africa|CURRENCY|AFRICAN: Hotel / leisure - Separate accounts investing directly into real estate|48_44|AFRICA_SeparateAccountsDirect_SingleSectorHotel/Leisure|AFR_SepAccDirect_SSHot/Lei|Separate accounts investing directly - Single sector hotel/ leisure||Africa Capital raised|Investor Type and Vehicle Type|||1604
q147_3_africa|CURRENCY|AFRICAN: Hotel / leisure - Separate accounts investing into indirect vehicles|48_45|AFRICA_SeparateAccountsIndirect_SingleSectorHotel/Leisure|AFR_SepAccIndirect_SSHot/Lei|Separate accounts investing indirectly - Single sector hotel/ leisure||Africa Capital raised|Investor Type and Vehicle Type|||1605
q147_4_africa|CURRENCY|AFRICAN: Hotel / leisure - Joint ventures and club deals|48_46|AFRICA_JVs_SingleSectorHotel/Leisure|AFR_JVs_SSHot/Lei|Joint ventures and club deals - Single sector hotel/ leisure||Africa Capital raised|Investor Type and Vehicle Type|||1606
q147_5_africa|CURRENCY|AFRICAN: Hotel / leisure - Funds of funds|48_47|AFRICA_FundsOfFunds_SingleSectorHotel/Leisure|AFR_FOF_SSHot/Lei|Funds of funds - Single sector hotel/ leisure||Africa Capital raised|Investor Type and Vehicle Type|||1607
q147_6_africa|CURRENCY|AFRICAN: Hotel / leisure - Non-listed debt products|48_48|AFRICA_Debt_SingleSectorHotel/Leisure|AFR_Debt_SSHot/Lei|Non-listed debt products - Single sector hotel/ leisure||Africa Capital raised|Investor Type and Vehicle Type|||1608
q14ROW7_Total_africa|CURRENCY|AFRICAN: TOTAL Hotel / leisure|48_49|AFRICA_NonListedVehicles_SingleSectorHotel/Leisure_Total|AFR_NLV_SSHot/Lei_Total|Non-listed vehicles total - Single sector hotel/ leisure||Africa Capital raised|Investor Type and Vehicle Type|||1609
q148_1_africa|CURRENCY|AFRICAN: Other (incl land, parking, self storage) - Non-listed/ commingled real estate funds/private REITs|48_50|AFRICA_NonListedFunds_SingleSectorOther|AFR_NLF_SSOther|Non-listed funds - Single sector other||Africa Capital raised|Investor Type and Vehicle Type|||1610
q148_2_africa|CURRENCY|AFRICAN: Other (incl land, parking, self storage) - Separate accounts investing directly into real estate|48_51|AFRICA_SeparateAccountsDirect_SingleSectorOther|AFR_SepAccDirect_SSOther|Separate accounts investing directly - Single sector other||Africa Capital raised|Investor Type and Vehicle Type|||1611
q148_3_africa|CURRENCY|AFRICAN: Other (incl land, parking, self storage) - Separate accounts investing into indirect vehicles|48_52|AFRICA_SeparateAccountsIndirect_SingleSectorOther|AFR_SepAccIndirect_SSOther|Separate accounts investing indirectly - Single sector other||Africa Capital raised|Investor Type and Vehicle Type|||1612
q148_4_africa|CURRENCY|AFRICAN: Other (incl land, parking, self storage) - Joint ventures and club deals|48_53|AFRICA_JVs_SingleSectorOther|AFR_JVs_SSOther|Joint ventures and club deals - Single sector other||Africa Capital raised|Investor Type and Vehicle Type|||1613
q148_5_africa|CURRENCY|AFRICAN: Other (incl land, parking, self storage) - Funds of funds|48_54|AFRICA_FundsOfFunds_SingleSectorOther|AFR_FOF_SSOther|Funds of funds - Single sector other||Africa Capital raised|Investor Type and Vehicle Type|||1614
q148_6_africa|CURRENCY|AFRICAN: Other (incl land, parking, self storage) - Non-listed debt products|48_55|AFRICA_Debt_SingleSectorOther|AFR_Debt_SSOther|Non-listed debt products - Single sector other||Africa Capital raised|Investor Type and Vehicle Type|||1615
q14ROW8_Total_africa|CURRENCY|AFRICAN: TOTAL Other (incl land, parking, self storage)|48_56|AFRICA_NonListedVehicles_SingleSectorOther_Total|AFR_NLV_SSOther_Total|Non-listed vehicles total - Single sector other||Africa Capital raised|Investor Type and Vehicle Type|||1616
q14COL1_Total_africa|CURRENCY|AFRICAN: TOTAL Non-listed/ commingled real estate funds/private REITs|48_57|AFRICA_NonListedFunds_Singlesector_Total|AFR_NLF_Singlesector_Total|Non-listed funds - Targeted sector total||Africa Capital raised|Investor Type and Vehicle Type|||1617
q14COL2_Total_africa|CURRENCY|AFRICAN: TOTAL Separate accounts investing directly into real estate|48_58|AFRICA_SeparateAccountsDirect_Singlesector_Total|AFR_SepAccDirect_Singlesector_Total|Separate accounts investing directly - Targeted sector total||Africa Capital raised|Investor Type and Vehicle Type|||1618
q14COL3_Total_africa|CURRENCY|AFRICAN: TOTAL Separate accounts investing into indirect vehicles|48_59|AFRICA_SeparateAccountsIndirect_Singlesector_Total|AFR_SepAccIndirect_Singlesector_Total|Separate accounts investing indirectly - Targeted sector total||Africa Capital raised|Investor Type and Vehicle Type|||1619
q14COL4_Total_africa|CURRENCY|AFRICAN: TOTAL Joint ventures and club deals|48_60|AFRICA_JVs_Singlesector_Total|AFR_JVs_Singlesector_Total|Joint ventures and club deals - Targeted sector total||Africa Capital raised|Investor Type and Vehicle Type|||1620
q14COL5_Total_africa|CURRENCY|AFRICAN: TOTAL Funds of funds|48_61|AFRICA_FundsOfFunds_Singlesector_Total|AFR_FOF_Singlesector_Total|Funds of funds - Targeted sector total||Africa Capital raised|Investor Type and Vehicle Type|||1621
q14COL6_Total_africa|CURRENCY|AFRICAN: TOTAL Non-listed debt products|48_62|AFRICA_Debt_Singlesector_Total|AFR_Debt_Singlesector_Total|Non-listed debt products - Targeted sector total||Africa Capital raised|Investor Type and Vehicle Type|||1622
q14GRANDTotal_africa|CURRENCY|AFRICAN: TOTAL Raised by targeted sector|48_63|AFRICA_NonListedVehicles_Singlesector_Total|AFR_NLV_Singlesector_Total|Non-listed vehicles total - Targeted sector total||Africa Capital raised|Investor Type and Vehicle Type|||1623
qBothStrategyGRANDTotal_africa|CURRENCY|Total Capital Raised in 2020 for your African strategy (Shown only when BOTH strategies selected in q12)|48_64|AFRICA_NonListedVehicles_MultiSectorSingleSector_Total|AFR_NLV_MSSS_Total|Non-listed vehicles - Multi sector single sector total||Africa Capital raised|Investor Type and Vehicle Type|||1624
_africa||For your African strategy*, how much institutional capital did your company raise for Non-listed vehicless in 2020 by investment style (million)? |49|||||||||1625
q151_1_africa|CURRENCY|AFRICAN: Core / Senior debt - Non-listed/ commingled real estate funds/private REITs|49_1|AFRICA_NonListedFunds_Core/SeniorDebt|AFR_NLF_Core|Non-listed funds - Core/ senior debt||Africa Capital raised|Investor Type and Vehicle Type|||1626
q151_2_africa|CURRENCY|AFRICAN: Core / Senior debt - Separate accounts investing directly into real estate|49_2|AFRICA_SeparateAccountsDirect_Core/SeniorDebt|AFR_SepAccDirect_Core|Separate accounts investing directly - Core/ senior debt||Africa Capital raised|Investor Type and Vehicle Type|||1627
q151_3_africa|CURRENCY|AFRICAN: Core / Senior debt - Separate accounts investing into indirect vehicles|49_3|AFRICA_SeparateAccountsIndirect_Core/SeniorDebt|AFR_SepAccIndirect_Core|Separate accounts investing indirectly - Core/ senior debt||Africa Capital raised|Investor Type and Vehicle Type|||1628
q151_4_africa|CURRENCY|AFRICAN: Core / Senior debt - Joint ventures and club deals|49_4|AFRICA_JVs_Core/SeniorDebt|AFR_JVs_Core|Joint ventures and club deals - Core/ senior debt||Africa Capital raised|Investor Type and Vehicle Type|||1629
q151_5_africa|CURRENCY|AFRICAN: Core / Senior debt - Funds of funds|49_5|AFRICA_FundsOfFunds_Core/SeniorDebt|AFR_FOF_Core|Funds of funds - Core/ senior debt||Africa Capital raised|Investor Type and Vehicle Type|||1630
q151_6_africa|CURRENCY|AFRICAN: Core / Senior debt - Non-listed debt products|49_6|AFRICA_Debt_Core/SeniorDebt|AFR_Debt_Core|Non-listed debt products - Core/ senior debt||Africa Capital raised|Investor Type and Vehicle Type|||1631
q15ROW1_Total_africa|CURRENCY|AFRICAN: TOTAL Core / Senior debt|49_7|AFRICA_NonListedVehicles_Core/SeniorDebt_Total|AFR_NLV_Core_Total|Non-listed vehicles total - Value added/ junior and subordinated debt ||Africa Capital raised|Investor Type and Vehicle Type|||1632
q152_1_africa|CURRENCY|AFRICAN: Value added / Junior and other subordinated debt - Non-listed/ commingled real estate funds/private REITs|49_8|AFRICA_NonListedFunds_ValueAdded/JuniorAndSubordinatedDebt|AFR_NLF_ValAdd|Non-listed funds - Value added/ junior and subordinated debt ||Africa Capital raised|Investor Type and Vehicle Type|||1633
q152_2_africa|CURRENCY|AFRICAN: Value added / Junior and other subordinated debt - Separate accounts investing directly into real estate|49_9|AFRICA_SeparateAccountsDirect_ValueAdded/JuniorAndSubordinatedDebt|AFR_SepAccDirect_ValAdd|Separate accounts investing directly - Value added/ junior and subordinated debt ||Africa Capital raised|Investor Type and Vehicle Type|||1634
q152_3_africa|CURRENCY|AFRICAN: Value added / Junior and other subordinated debt - Separate accounts investing into indirect vehicles|49_10|AFRICA_SeparateAccountsIndirect_ValueAdded/JuniorAndSubordinatedDebt|AFR_SepAccIndirect_ValAdd|Separate accounts investing indirectly - Value added/ junior and subordinated debt ||Africa Capital raised|Investor Type and Vehicle Type|||1635
q152_4_africa|CURRENCY|AFRICAN: Value added / Junior and other subordinated debt - Joint ventures and club deals|49_11|AFRICA_JVs_ValueAdded/JuniorAndSubordinatedDebt|AFR_JVs_ValAdd|Joint ventures and club deals - Value added/ junior and subordinated debt ||Africa Capital raised|Investor Type and Vehicle Type|||1636
q152_5_africa|CURRENCY|AFRICAN: Value added / Junior and other subordinated debt - Funds of funds|49_12|AFRICA_FundsOfFunds_ValueAdded/JuniorAndSubordinatedDebt|AFR_FOF_ValAdd|Funds of funds - Value added/ junior and subordinated debt ||Africa Capital raised|Investor Type and Vehicle Type|||1637
q152_6_africa|CURRENCY|AFRICAN: Value added / Junior and other subordinated debt - Non-listed debt products|49_13|AFRICA_Debt_ValueAdded/JuniorAndSubordinatedDebt|AFR_Debt_ValAdd|Non-listed debt products - Value added/ junior and subordinated debt ||Africa Capital raised|Investor Type and Vehicle Type|||1638
q15ROW2_Total_africa|CURRENCY|AFRICAN: TOTAL Value added / Junior and other subordinated debt|49_14|AFRICA_NonListedVehicles_ValueAdded/JuniorAndSubordinatedDebt_Total|AFR_NLV_ValAdd_Total|Non-listed vehicles total - Value added/ junior and subordinated debt ||Africa Capital raised|Investor Type and Vehicle Type|||1639
q153_1_africa|CURRENCY|AFRICAN: Opportunistic / Mezzanine debt - Non-listed/ commingled real estate funds/private REITs|49_15|AFRICA_NonListedFunds_Opportunistic/MezzanineDebt|AFR_NLF_Opp|Non-listed funds - Opportunistic/ mezzanine debt||Africa Capital raised|Investor Type and Vehicle Type|||1640
q153_2_africa|CURRENCY|AFRICAN: Opportunistic / Mezzanine debt - Separate accounts investing directly into real estate|49_16|AFRICA_SeparateAccountsDirect_Opportunistic/MezzanineDebt|AFR_SepAccDirect_Opp|Separate accounts investing directly - Opportunistic/ mezzanine debt||Africa Capital raised|Investor Type and Vehicle Type|||1641
q153_3_africa|CURRENCY|AFRICAN: Opportunistic / Mezzanine debt - Separate accounts investing into indirect vehicles|49_17|AFRICA_SeparateAccountsIndirect_Opportunistic/MezzanineDebt|AFR_SepAccIndirect_Opp|Separate accounts investing indirectly - Opportunistic/ mezzanine debt||Africa Capital raised|Investor Type and Vehicle Type|||1642
q153_4_africa|CURRENCY|AFRICAN: Opportunistic / Mezzanine debt - Joint ventures and club deals|49_18|AFRICA_JVs_Opportunistic/MezzanineDebt|AFR_JVs_Opp|Joint ventures and club deals - Opportunistic/ mezzanine debt||Africa Capital raised|Investor Type and Vehicle Type|||1643
q153_5_africa|CURRENCY|AFRICAN: Opportunistic / Mezzanine debt - Funds of funds|49_19|AFRICA_FundsOfFunds_Opportunistic/MezzanineDebt|AFR_FOF_Opp|Funds of funds - Opportunistic/ mezzanine debt||Africa Capital raised|Investor Type and Vehicle Type|||1644
q153_6_africa|CURRENCY|AFRICAN: Opportunistic / Mezzanine debt - Non-listed debt products|49_20|AFRICA_Debt_Opportunistic/MezzanineDebt|AFR_Debt_Opp|Non-listed debt products - Opportunistic/ mezzanine debt||Africa Capital raised|Investor Type and Vehicle Type|||1645
q15ROW3_Total_africa|CURRENCY|AFRICAN: TOTAL Opportunistic / Mezzanine debt|49_21|AFRICA_NonListedVehicles_Opportunistic/MezzanineDebt_Total|AFR_NLV_Opp_Total|Non-listed vehicles total - Opportunistic/ mezzanine debt||Africa Capital raised|Investor Type and Vehicle Type|||1646
q154_1_africa|CURRENCY|AFRICAN: Mixed strategies - Non-listed/ commingled real estate funds/private REITs|49_22|AFRICA_NonListedFunds_MixedStrategies|AFR_NLF_Mixed|Non-listed funds - Mixed strategies||Africa Capital raised|Investor Type and Vehicle Type|||1647
q154_2_africa|CURRENCY|AFRICAN: Mixed strategies - Separate accounts investing directly into real estate|49_23|AFRICA_SeparateAccountsDirect_MixedStrategies|AFR_SepAccDirect_Mixed|Separate accounts investing directly - Mixed strategies||Africa Capital raised|Investor Type and Vehicle Type|||1648
q154_3_africa|CURRENCY|AFRICAN: Mixed strategies - Separate accounts investing into indirect vehicles|49_24|AFRICA_SeparateAccountsIndirect_MixedStrategies|AFR_SepAccIndirect_Mixed|Separate accounts investing indirectly - Mixed strategies||Africa Capital raised|Investor Type and Vehicle Type|||1649
q154_4_africa|CURRENCY|AFRICAN: Mixed strategies - Joint ventures and club deals|49_25|AFRICA_JVs_MixedStrategies|AFR_JVs_Mixed|Joint ventures and club deals - Mixed strategies||Africa Capital raised|Investor Type and Vehicle Type|||1650
q154_5_africa|CURRENCY|AFRICAN: Mixed strategies - Funds of funds|49_26|AFRICA_FundsOfFunds_MixedStrategies|AFR_FOF_Mixed|Funds of funds - Mixed strategies||Africa Capital raised|Investor Type and Vehicle Type|||1651
q154_6_africa|CURRENCY|AFRICAN: Mixed strategies - Non-listed debt products|49_27|AFRICA_Debt_MixedStrategies|AFR_Debt_Mixed|Non-listed debt products - Mixed strategies||Africa Capital raised|Investor Type and Vehicle Type|||1652
q15ROW4_Total_africa|CURRENCY|AFRICAN: TOTAL Mixed strategies|49_28|AFRICA_NonListedVehicles_MixedStrategies_Total|AFR_NLV_Mixed_Total|Non-listed vehicles total - Mixed strategies||Africa Capital raised|Investor Type and Vehicle Type|||1653
q15COL1_Total_africa|CURRENCY|AFRICAN: TOTAL Non-listed/ commingled real estate funds/private REITs|49_29|AFRICA_NonListedFunds_InvestmentStyle_Total|AFR_NLF_IS_Total|Non-listed funds - Investment style total||Africa Capital raised|Investor Type and Vehicle Type|||1654
q15COL2_Total_africa|CURRENCY|AFRICAN: TOTAL Separate accounts investing directly into real estate|49_30|AFRICA_SeparateAccountsDirect_InvestmentStyle_Total|AFR_SepAccDirect_IS_Total|Separate accounts investing directly - Investment style total||Africa Capital raised|Investor Type and Vehicle Type|||1655
q15COL3_Total_africa|CURRENCY|AFRICAN: TOTAL Separate accounts investing into indirect vehicles|49_31|AFRICA_SeparateAccountsIndirect_InvestmentStyle_Total|AFR_SepAccIndirect_IS_Total|Separate accounts investing indirectly - Investment style total||Africa Capital raised|Investor Type and Vehicle Type|||1656
q15COL4_Total_africa|CURRENCY|AFRICAN: TOTAL Joint ventures and club deals|49_32|AFRICA_JVs_InvestmentStyle_Total|AFR_JVs_IS_Total|Joint ventures and club deals - Investment style total||Africa Capital raised|Investor Type and Vehicle Type|||1657
q15COL5_Total_africa|CURRENCY|AFRICAN: TOTAL Funds of funds|49_33|AFRICA_FundsOfFunds_InvestmentStyle_Total|AFR_FOF_IS_Total|Funds of funds - Investment style total||Africa Capital raised|Investor Type and Vehicle Type|||1658
q15COL6_Total_africa|CURRENCY|AFRICAN: TOTAL Non-listed debt products|49_34|AFRICA_Debt_InvestmentStyle_Total|AFR_Debt_IS_Total|Non-listed debt products - Investment style total||Africa Capital raised|Investor Type and Vehicle Type|||1659
q15GRANDTotal_africa|CURRENCY|AFRICAN: Total Capital Raised in 2020 for your African strategy|49_35|AFRICA_NonListedVehicles_InvestmentStyle_Total|AFR_NLV_IS_Total|Non-listed vehicles total - Investment style total||Africa Capital raised|Investor Type and Vehicle Type|||1660
