Column|Format|QuestionText|dtcode|answer_Label|answer_label_condensed|qn_breakdown_label|section|Topic|sub_topic|Question|comment|column_order
RecordNo|TEXT|RecordNo|0_1|||||||||1
Surveycode|TEXT|Surveycode|0_2|||||||||2
URIstring|TEXT|URIstring|0_3|||||||||3
DateUpdated|TEXT|DateUpdated|0_4|||||||||4
DateCompleted|TEXT|DateCompleted|0_5|||||||||5
PageNo|TEXT|PageNo|0_6|||||||||6
PathInfo|TEXT|PathInfo|0_7|||||||||7
Referrer|TEXT|Referrer|0_8|||||||||8
IPaddress|TEXT|IPaddress|0_9|||||||||9
Version|TEXT|IGNORE|0_10|||||||||10
qName|TEXT|Contact Name|0_11|||||||||11
qCompany|TEXT|Company|0_12|||||||||12
mnumber|TEXT|Mnumber|0_13|||||||||13
qJobtitle|TEXT|Job title|0_14|||||||||14
qEmail|TEXT|Email address|0_15|||||||||15
qTelephone|TEXT|Contact Number|0_16|||||||||16
qCountry|TEXT|Country of Origin Global Head Office|0_17|||||||||17
qCurrency|TEXT|Currency|0_18|||||||||18
qCurrencyOther|TEXT|Currency (OTHER)|0_19|||||||||19
q1|SINGLE|Did you raise any capital for non-listed funds, separate accounts, JVs and club deals, funds of funds or non-listed debt funds in 2015?|1|CapitalRaisingActivity_NonListedRealEstateVehicles|CRact_NLV|||Capital raising activity||q1||20
q2|SINGLE|If no, please state select one of the following reasons:|2|NoCapitalRaisingActivity_Reason|NoCR_Reason|||Capital raising activity||q2||21
q2other|TEXT|If no, please state select one of the following reasons: (Other)|3|NoCapitalRaisingActivity_Reason_Othertext|NoCR_Reason_OtherText|||Capital raising activity||q3||22
||How much capital did your company raise in 2015 by regional strategy (million)?|4|||||||q4||23
q31_1|CURRENCY|European strategy - Non-listed/ commingled real estate funds/private REITs|4_1|RegionalStrategyEurope_NonListedFunds|RSEUR_NLF|Europe - Non-listed funds||Capital raised |Regional Strategy and Vehicle Type|q4||24
q31_2|CURRENCY|European strategy - Separate accounts investing directly into real estate|4_2|RegionalStrategyEurope_SeparateAccountsDirect|RSEUR_SepAccDirect|Europe - Separate accounts investing directly||Capital raised |Regional Strategy and Vehicle Type|q4||25
q31_3|CURRENCY|European strategy - Separate accounts investing into indirect vehicles|4_3|RegionalStrategyEurope_SeparateAccountsIndirect|RSEUR_SepAccIndirect|Europe - Separate accounts investing indirectly||Capital raised |Regional Strategy and Vehicle Type|q4||26
q31_4|CURRENCY|European strategy - Joint ventures and club deals|4_4|RegionalStrategyEurope_JVs|RSEUR_JVs|Europe -  Joint ventures and club deals||Capital raised |Regional Strategy and Vehicle Type|q4||27
q31_5|CURRENCY|European strategy - Funds of funds|4_5|RegionalStrategyEurope_FundsOfFunds|RSEUR_FOF|Europe - Funds of funds||Capital raised |Regional Strategy and Vehicle Type|q4||28
q31_6|CURRENCY|European strategy - Non-listed debt products|4_6|RegionalStrategyEurope_Debt|RSEUR_Debt|Europe - Non-listed debt||Capital raised |Regional Strategy and Vehicle Type|q4||29
q3ROW1_hidden|CURRENCY|European strategy TOTAL|4_7|RegionalStrategyEurope_VehicleType_Total|RSEUR_VT_Total|Europe - Vehicle type total||Capital raised |Regional Strategy and Vehicle Type|q4||30
q32_1|CURRENCY|Asia Pacific strategy - Non-listed/ commingled real estate funds/private REITs|4_8|RegionalStrategyAsiaPacific_NonListedFunds|RSAPAC_NLF|Asia Pacific - Non-listed funds||Capital raised |Regional Strategy and Vehicle Type|q4||31
q32_2|CURRENCY|Asia Pacific strategy - Separate accounts investing directly into real estate|4_9|RegionalStrategyAsiaPacific_SeparateAccountsDirect|RSAPAC_SepAccDirect|Asia Pacific - Separate accounts investing directly||Capital raised |Regional Strategy and Vehicle Type|q4||32
q32_3|CURRENCY|Asia Pacific strategy - Separate accounts investing into indirect vehicles|4_10|RegionalStrategyAsiaPacific_SeparateAccountsIndirect|RSAPAC_SepAccIndirect|Asia Pacific - Separate accounts investing indirectly||Capital raised |Regional Strategy and Vehicle Type|q4||33
q32_4|CURRENCY|Asia Pacific strategy - Joint ventures and club deals|4_11|RegionalStrategyAsiaPacific_JVs|RSAPAC_JVs|Asia Pacific - Joint ventures and club deals||Capital raised |Regional Strategy and Vehicle Type|q4||34
q32_5|CURRENCY|Asia Pacific strategy - Funds of funds|4_12|RegionalStrategyAsiaPacific_FundsOfFunds|RSAPAC_FOF|Asia Pacific - Funds of funds||Capital raised |Regional Strategy and Vehicle Type|q4||35
q32_6|CURRENCY|Asia Pacific strategy - Non-listed debt products|4_13|RegionalStrategyAsiaPacific_Debt|RSAPAC_Debt|Asia Pacific - Non-listed debt||Capital raised |Regional Strategy and Vehicle Type|q4||36
q3ROW2_hidden|CURRENCY|Asia Pacific strategy TOTAL|4_14|RegionalStrategyAsiaPacific_VehicleType_Total|RSAPAC_VT_Total|Asia Pacific - Vehicle type total||Capital raised |Regional Strategy and Vehicle Type|q4||37
q33_1|CURRENCY|North American strategy - Non-listed/ commingled real estate funds/private REITs|4_15|RegionalStrategyNorthAmerica_NonListedFunds|RSNA_NLF|North America - Non-listed funds||Capital raised |Regional Strategy and Vehicle Type|q4||38
q33_2|CURRENCY|North American strategy - Separate accounts investing directly into real estate|4_16|RegionalStrategyNorthAmerica_SeparateAccountsDirect|RSNA_SepAccDirect|North America - Separate accounts investing directly||Capital raised |Regional Strategy and Vehicle Type|q4||39
q33_3|CURRENCY|North American strategy - Separate accounts investing into indirect vehicles|4_17|RegionalStrategyNorthAmerica_SeparateAccountsIndirect|RSNA_SepAccIndirect|North America - Separate accounts investing indirectly||Capital raised |Regional Strategy and Vehicle Type|q4||40
q33_4|CURRENCY|North American strategy - Joint ventures and club deals|4_18|RegionalStrategyNorthAmerica_JVs|RSNA_JVs|North America -  Joint ventures and club deals||Capital raised |Regional Strategy and Vehicle Type|q4||41
q33_5|CURRENCY|North American strategy - Funds of funds|4_19|RegionalStrategyNorthAmerica_FundsOfFunds|RSNA_FOF|North America - Funds of funds||Capital raised |Regional Strategy and Vehicle Type|q4||42
q33_6|CURRENCY|North American strategy - Non-listed debt products|4_20|RegionalStrategyNorthAmerica_Debt|RSNA_Debt|North America - Non-listed debt||Capital raised |Regional Strategy and Vehicle Type|q4||43
q3ROW3_hidden|CURRENCY|North American strategy TOTAL|4_21|RegionalStrategyNorthAmerica_VehicleType_Total|RSNA_VT_Total|North America - Vehicle type total||Capital raised |Regional Strategy and Vehicle Type|q4||44
q34_1|CURRENCY|Global strategy - Non-listed/ commingled real estate funds/private REITs|4_22|RegionalStrategyGlobal_NonListedFunds|RSGLB_NLF|Global - Non-listed funds||Capital raised |Regional Strategy and Vehicle Type|q4||45
q34_2|CURRENCY|Global strategy - Separate accounts investing directly into real estate|4_23|RegionalStrategyGlobal_SeparateAccountsDirect|RSGLB_SepAccDirect|Global - Separate accounts investing directly||Capital raised |Regional Strategy and Vehicle Type|q4||46
q34_3|CURRENCY|Global strategy - Separate accounts investing into indirect vehicles|4_24|RegionalStrategyGlobal_SeparateAccountsIndirect|RSGLB_SepAccIndirect|Global - Separate accounts investing indirectly||Capital raised |Regional Strategy and Vehicle Type|q4||47
q34_4|CURRENCY|Global strategy - Joint ventures and club deals|4_25|RegionalStrategyGlobal_JVs|RSGLB_JVs|Global -  Joint ventures and club deals||Capital raised |Regional Strategy and Vehicle Type|q4||48
q34_5|CURRENCY|Global strategy - Funds of funds|4_26|RegionalStrategyGlobal_FundsOfFunds|RSGLB_FOF|Global - Funds of funds||Capital raised |Regional Strategy and Vehicle Type|q4||49
q34_6|CURRENCY|Global strategy - Non-listed debt products|4_27|RegionalStrategyGlobal_Debt|RSGLB_Debt|Global - Non-listed debt||Capital raised |Regional Strategy and Vehicle Type|q4||50
q3ROW4_hidden|CURRENCY|Global strategy TOTAL|4_28|RegionalStrategyGlobal_VehicleType_Total|RSGLB_VT_Total|Global - Vehicle type total||Capital raised |Regional Strategy and Vehicle Type|q4||51
q35_1|CURRENCY|South American strategy - Non-listed/ commingled real estate funds/private REITs|4_29|RegionalStrategySouthAmerica_NonListedFunds|RSSA_NLF|South America - Non-listed funds||Capital raised |Regional Strategy and Vehicle Type|q4||52
q35_2|CURRENCY|South American strategy - Separate accounts investing directly into real estate|4_30|RegionalStrategySouthAmerica_SeparateAccountsDirect|RSSA_SepAccDirect|South America - Separate accounts investing directly||Capital raised |Regional Strategy and Vehicle Type|q4||53
q35_3|CURRENCY|South American strategy - Separate accounts investing into indirect vehicles|4_31|RegionalStrategySouthAmerica_SeparateAccountsIndirect|RSSA_SepAccIndirect|South America - Separate accounts investing indirectly||Capital raised |Regional Strategy and Vehicle Type|q4||54
q35_4|CURRENCY|South American strategy - Joint ventures and club deals|4_32|RegionalStrategySouthAmerica_JVs|RSSA_JVs|South America -  Joint ventures and club deals||Capital raised |Regional Strategy and Vehicle Type|q4||55
q35_5|CURRENCY|South American strategy - Funds of funds|4_33|RegionalStrategySouthAmerica_FundsOfFunds|RSSA_FOF|South America - Funds of funds||Capital raised |Regional Strategy and Vehicle Type|q4||56
q35_6|CURRENCY|South American strategy - Non-listed debt products|4_34|RegionalStrategySouthAmerica_Debt|RSSA_Debt|South America - Non-listed debt||Capital raised |Regional Strategy and Vehicle Type|q4||57
q3ROW5_hidden|CURRENCY|South American strategy TOTAL|4_35|RegionalStrategySouthAmerica_VehicleType_Total|RSSA_VT_Total|South America - Vehicle type total||Capital raised |Regional Strategy and Vehicle Type|q4||58
q36_1|CURRENCY|African strategy - Non-listed/ commingled real estate funds/private REITs|4_36|RegionalStrategyAfrica_NonListedFunds|RSAFR_NLF|Africa - Non-listed funds||Capital raised |Regional Strategy and Vehicle Type|q4||59
q36_2|CURRENCY|African strategy - Separate accounts investing directly into real estate|4_37|RegionalStrategyAfrica_SeparateAccountsDirect|RSAFR_SepAccDirect|Africa - Separate accounts investing directly||Capital raised |Regional Strategy and Vehicle Type|q4||60
q36_3|CURRENCY|African strategy - Separate accounts investing into indirect vehicles|4_38|RegionalStrategyAfrica_SeparateAccountsIndirect|RSAFR_SepAccIndirect|Africa - Separate accounts investing indirectly||Capital raised |Regional Strategy and Vehicle Type|q4||61
q36_4|CURRENCY|African strategy - Joint ventures and club deals|4_39|RegionalStrategyAfrica_JVs|RSAFR_JVs|Africa -  Joint ventures and club deals||Capital raised |Regional Strategy and Vehicle Type|q4||62
q36_5|CURRENCY|African strategy - Funds of funds|4_40|RegionalStrategyAfrica_FundsOfFunds|RSAFR_FOF|Africa - Funds of funds||Capital raised |Regional Strategy and Vehicle Type|q4||63
q36_6|CURRENCY|African strategy - Non-listed debt products|4_41|RegionalStrategyAfrica_Debt|RSAFR_Debt|Africa - Non-listed debt||Capital raised |Regional Strategy and Vehicle Type|q4||64
q3ROW6_hidden|CURRENCY|African strategy TOTAL|4_42|RegionalStrategyAfrica_VehicleType_Total|RSAFR_VT_Total|Africa - Vehicle type total||Capital raised |Regional Strategy and Vehicle Type|q4||65
q3COL1_hidden|CURRENCY|Non-listed/ commingled real estate funds/private REITs TOTAL|4_43|RegionalStrategy_NonListedFunds_Total|RS_NLF_Total|Regional strategy - Non-listed funds total||Capital raised |Regional Strategy and Vehicle Type|q4||66
q3COL2_hidden|CURRENCY|Separate accounts investing directly into real estate TOTAL|4_44|RegionalStrategy_SeparateAccountsDirect_Total|RS_SepAccDirect_Total|Regional strategy - Separate accounts investing directly total||Capital raised |Regional Strategy and Vehicle Type|q4||67
q3COL3_hidden|CURRENCY|Separate accounts investing into indirect vehicles TOTAL|4_45|RegionalStrategy_SeparateAccountsIndirect_Total|RS_SepAccIndirect_Total|Regional strategy - Separate accounts investing indirectly total||Capital raised |Regional Strategy and Vehicle Type|q4||68
q3COL4_hidden|CURRENCY|Joint ventures and club deals TOTAL|4_46|RegionalStrategy_JVs_Total|RS_JVs_Total|Regional strategy - Joint ventures and club deals total||Capital raised |Regional Strategy and Vehicle Type|q4||69
q3COL5_hidden|CURRENCY|Funds of funds TOTAL|4_47|RegionalStrategy_FundsOfFunds_Total|RS_FOF_Total|Regional strategy - Funds of funds total||Capital raised |Regional Strategy and Vehicle Type|q4||70
q3COL6_hidden|CURRENCY|Non-listed debt products TOTAL|4_48|RegionalStrategy_Debt_Total|RS_Debt_Total|Regional strategy - Non-listed debt total||Capital raised |Regional Strategy and Vehicle Type|q4||71
q3GRANDTotal_hidden|CURRENCY|TOTAL capital raised in 2015 by regional strategy (million)|4_49|RegionalStrategy_VehicleType_Total|RS_VT_Total|Regional strategy - Vehicle type total||Capital raised |Regional Strategy and Vehicle Type|q4||72
ShowEurope||IGNORE|4_50|||||||||73
||For how many vehicles did your company raise capital for in 2015 by regional strategy?|5|||||||||74
q41_1|NUMBER|European strategy - Non-listed/ commingled real estate funds/private REITs|5_1|NOV_RegionalStrategyEurope_NonListedFunds|NOV_RSEUR_NLF|Europe - Non-listed funds||NOV Capital raised|Regional Strategy and Vehicle Type|q5||75
q41_2|NUMBER|European strategy - Separate accounts investing directly into real estate|5_2|NOV_RegionalStrategyEurope_SeparateAccountsDirect|NOV_RSEUR_SepAccDirect|Europe - Separate accounts investing directly||NOV Capital raised|Regional Strategy and Vehicle Type|q5||76
q41_3|NUMBER|European strategy - Separate accounts investing into indirect vehicles|5_3|NOV_RegionalStrategyEurope_SeparateAccountsIndirect|NOV_RSEUR_SepAccIndirect|Europe - Separate accounts investing indirectly||NOV Capital raised|Regional Strategy and Vehicle Type|q5||77
q41_4|NUMBER|European strategy - Joint ventures and club deals|5_4|NOV_RegionalStrategyEurope_JVs|NOV_RSEUR_JVs|Europe -  Joint ventures and club deals||NOV Capital raised|Regional Strategy and Vehicle Type|q5||78
q41_5|NUMBER|European strategy - Funds of funds|5_5|NOV_RegionalStrategyEurope_FundsOfFunds|NOV_RSEUR_FOF|Europe - Funds of funds||NOV Capital raised|Regional Strategy and Vehicle Type|q5||79
q41_6|NUMBER|European strategy - Non-listed debt products|5_6|NOV_RegionalStrategyEurope_Debt|NOV_RSEUR_Debt|Europe - Non-listed debt||NOV Capital raised|Regional Strategy and Vehicle Type|q5||80
q4ROW1_hidden|NUMBER|European strategy TOTAL|5_7|NOV_RegionalStrategyEurope_VehicleType_Total|NOV_RSEUR_VT_Total|Europe - Vehicle type total||NOV Capital raised|Regional Strategy and Vehicle Type|q5||81
q42_1|NUMBER|Asia Pacific strategy - Non-listed/ commingled real estate funds/private REITs|5_8|NOV_RegionalStrategyAsiaPacific_NonListedFunds|NOV_RSAPAC_NLF|Asia Pacific - Non-listed funds||NOV Capital raised|Regional Strategy and Vehicle Type|q5||82
q42_2|NUMBER|Asia Pacific strategy - Separate accounts investing directly into real estate|5_9|NOV_RegionalStrategyAsiaPacific_SeparateAccountsDirect|NOV_RSAPAC_SepAccDirect|Asia Pacific - Separate accounts investing directly||NOV Capital raised|Regional Strategy and Vehicle Type|q5||83
q42_3|NUMBER|Asia Pacific strategy - Separate accounts investing into indirect vehicles|5_10|NOV_RegionalStrategyAsiaPacific_SeparateAccountsIndirect|NOV_RSAPAC_SepAccIndirect|Asia Pacific - Separate accounts investing indirectly||NOV Capital raised|Regional Strategy and Vehicle Type|q5||84
q42_4|NUMBER|Asia Pacific strategy - Joint ventures and club deals|5_11|NOV_RegionalStrategyAsiaPacific_JVs|NOV_RSAPAC_JVs|Asia Pacific - Joint ventures and club deals||NOV Capital raised|Regional Strategy and Vehicle Type|q5||85
q42_5|NUMBER|Asia Pacific strategy - Funds of funds|5_12|NOV_RegionalStrategyAsiaPacific_FundsOfFunds|NOV_RSAPAC_FOF|Asia Pacific - Funds of funds||NOV Capital raised|Regional Strategy and Vehicle Type|q5||86
q42_6|NUMBER|Asia Pacific strategy - Non-listed debt products|5_13|NOV_RegionalStrategyAsiaPacific_Debt|NOV_RSAPAC_Debt|Asia Pacific - Non-listed debt||NOV Capital raised|Regional Strategy and Vehicle Type|q5||87
q4ROW2_hidden|NUMBER|Asia Pacific strategy TOTAL|5_14|NOV_RegionalStrategyAsiaPacific_VehicleType_Total|NOV_RSAPAC_VT_Total|Asia Pacific - Vehicle type total||NOV Capital raised|Regional Strategy and Vehicle Type|q5||88
q43_1|NUMBER|North American strategy - Non-listed/ commingled real estate funds/private REITs|5_15|NOV_RegionalStrategyNorthAmerica_NonListedFunds|NOV_RSNA_NLF|North America - Non-listed funds||NOV Capital raised|Regional Strategy and Vehicle Type|q5||89
q43_2|NUMBER|North American strategy - Separate accounts investing directly into real estate|5_16|NOV_RegionalStrategyNorthAmerica_SeparateAccountsDirect|NOV_RSNA_SepAccDirect|North America - Separate accounts investing directly||NOV Capital raised|Regional Strategy and Vehicle Type|q5||90
q43_3|NUMBER|North American strategy - Separate accounts investing into indirect vehicles|5_17|NOV_RegionalStrategyNorthAmerica_SeparateAccountsIndirect|NOV_RSNA_SepAccIndirect|North America - Separate accounts investing indirectly||NOV Capital raised|Regional Strategy and Vehicle Type|q5||91
q43_4|NUMBER|North American strategy - Joint ventures and club deals|5_18|NOV_RegionalStrategyNorthAmerica_JVs|NOV_RSNA_JVs|North America -  Joint ventures and club deals||NOV Capital raised|Regional Strategy and Vehicle Type|q5||92
q43_5|NUMBER|North American strategy - Funds of funds|5_19|NOV_RegionalStrategyNorthAmerica_FundsOfFunds|NOV_RSNA_FOF|North America - Funds of funds||NOV Capital raised|Regional Strategy and Vehicle Type|q5||93
q43_6|NUMBER|North American strategy - Non-listed debt products|5_20|NOV_RegionalStrategyNorthAmerica_Debt|NOV_RSNA_Debt|North America - Non-listed debt||NOV Capital raised|Regional Strategy and Vehicle Type|q5||94
q4ROW3_hidden|NUMBER|North American strategy TOTAL|5_21|NOV_RegionalStrategyNorthAmerica_VehicleType_Total|NOV_RSNA_VT_Total|North America - Vehicle type total||NOV Capital raised|Regional Strategy and Vehicle Type|q5||95
q44_1|NUMBER|Global strategy - Non-listed/ commingled real estate funds/private REITs|5_22|NOV_RegionalStrategyGlobal_NonListedFunds|NOV_RSGLB_NLF|Global - Non-listed funds||NOV Capital raised|Regional Strategy and Vehicle Type|q5||96
q44_2|NUMBER|Global strategy - Separate accounts investing directly into real estate|5_23|NOV_RegionalStrategyGlobal_SeparateAccountsDirect|NOV_RSGLB_SepAccDirect|Global - Separate accounts investing directly||NOV Capital raised|Regional Strategy and Vehicle Type|q5||97
q44_3|NUMBER|Global strategy - Separate accounts investing into indirect vehicles|5_24|NOV_RegionalStrategyGlobal_SeparateAccountsIndirect|NOV_RSGLB_SepAccIndirect|Global - Separate accounts investing indirectly||NOV Capital raised|Regional Strategy and Vehicle Type|q5||98
q44_4|NUMBER|Global strategy - Joint ventures and club deals|5_25|NOV_RegionalStrategyGlobal_JVs|NOV_RSGLB_JVs|Global -  Joint ventures and club deals||NOV Capital raised|Regional Strategy and Vehicle Type|q5||99
q44_5|NUMBER|Global strategy - Funds of funds|5_26|NOV_RegionalStrategyGlobal_FundsOfFunds|NOV_RSGLB_FOF|Global - Funds of funds||NOV Capital raised|Regional Strategy and Vehicle Type|q5||100
q44_6|NUMBER|Global strategy - Non-listed debt products|5_27|NOV_RegionalStrategyGlobal_Debt|NOV_RSGLB_Debt|Global - Non-listed debt||NOV Capital raised|Regional Strategy and Vehicle Type|q5||101
q4ROW4_hidden|NUMBER|Global strategy TOTAL|5_28|NOV_RegionalStrategyGlobal_VehicleType_Total|NOV_RSGLB_VT_Total|Global - Vehicle type total||NOV Capital raised|Regional Strategy and Vehicle Type|q5||102
q45_1|NUMBER|South American strategy - Non-listed/ commingled real estate funds/private REITs|5_29|NOV_RegionalStrategySouthAmerica_NonListedFunds|NOV_RSSA_NLF|South America - Non-listed funds||NOV Capital raised|Regional Strategy and Vehicle Type|q5||103
q45_2|NUMBER|South American strategy - Separate accounts investing directly into real estate|5_30|NOV_RegionalStrategySouthAmerica_SeparateAccountsDirect|NOV_RSSA_SepAccDirect|South America - Separate accounts investing directly||NOV Capital raised|Regional Strategy and Vehicle Type|q5||104
q45_3|NUMBER|South American strategy - Separate accounts investing into indirect vehicles|5_31|NOV_RegionalStrategySouthAmerica_SeparateAccountsIndirect|NOV_RSSA_SepAccIndirect|South America - Separate accounts investing indirectly||NOV Capital raised|Regional Strategy and Vehicle Type|q5||105
q45_4|NUMBER|South American strategy - Joint ventures and club deals|5_32|NOV_RegionalStrategySouthAmerica_JVs|NOV_RSSA_JVs|South America -  Joint ventures and club deals||NOV Capital raised|Regional Strategy and Vehicle Type|q5||106
q45_5|NUMBER|South American strategy - Funds of funds|5_33|NOV_RegionalStrategySouthAmerica_FundsOfFunds|NOV_RSSA_FOF|South America - Funds of funds||NOV Capital raised|Regional Strategy and Vehicle Type|q5||107
q45_6|NUMBER|South American strategy - Non-listed debt products|5_34|NOV_RegionalStrategySouthAmerica_Debt|NOV_RSSA_Debt|South America - Non-listed debt||NOV Capital raised|Regional Strategy and Vehicle Type|q5||108
q4ROW5_hidden|NUMBER|South American strategy TOTAL|5_35|NOV_RegionalStrategySouthAmerica_VehicleType_Total|NOV_RSSA_VT_Total|South America - Vehicle type total||NOV Capital raised|Regional Strategy and Vehicle Type|q5||109
q46_1|NUMBER|African strategy - Non-listed/ commingled real estate funds/private REITs|5_36|NOV_RegionalStrategyAfrica_NonListedFunds|NOV_RSAFR_NLF|Africa - Non-listed funds||NOV Capital raised|Regional Strategy and Vehicle Type|q5||110
q46_2|NUMBER|African strategy - Separate accounts investing directly into real estate|5_37|NOV_RegionalStrategyAfrica_SeparateAccountsDirect|NOV_RSAFR_SepAccDirect|Africa - Separate accounts investing directly||NOV Capital raised|Regional Strategy and Vehicle Type|q5||111
q46_3|NUMBER|African strategy - Separate accounts investing into indirect vehicles|5_38|NOV_RegionalStrategyAfrica_SeparateAccountsIndirect|NOV_RSAFR_SepAccIndirect|Africa - Separate accounts investing indirectly||NOV Capital raised|Regional Strategy and Vehicle Type|q5||112
q46_4|NUMBER|African strategy - Joint ventures and club deals|5_39|NOV_RegionalStrategyAfrica_JVs|NOV_RSAFR_JVs|Africa -  Joint ventures and club deals||NOV Capital raised|Regional Strategy and Vehicle Type|q5||113
q46_5|NUMBER|African strategy - Funds of funds|5_40|NOV_RegionalStrategyAfrica_FundsOfFunds|NOV_RSAFR_FOF|Africa - Funds of funds||NOV Capital raised|Regional Strategy and Vehicle Type|q5||114
q46_6|NUMBER|African strategy - Non-listed debt products|5_41|NOV_RegionalStrategyAfrica_Debt|NOV_RSAFR_Debt|Africa - Non-listed debt||NOV Capital raised|Regional Strategy and Vehicle Type|q5||115
q4ROW6_hidden|NUMBER|African strategy TOTAL|5_42|NOV_RegionalStrategyAfrica_VehicleType_Total|NOV_RSAFR_VT_Total|Africa - Vehicle type total||NOV Capital raised|Regional Strategy and Vehicle Type|q5||116
q4COL1_hidden|NUMBER|Non-listed/ commingled real estate funds/private REITs TOTAL|5_43|NOV_RegionalStrategy_NonListedFunds_Total|NOV_RS_NLF_Total|Regional strategy - Non-listed funds total||NOV Capital raised|Regional Strategy and Vehicle Type|q5||117
q4COL2_hidden|NUMBER|Separate accounts investing directly into real estate TOTAL|5_44|NOV_RegionalStrategy_SeparateAccountsDirect_Total|NOV_RS_SepAccDirect_Total|Regional strategy - Separate accounts investing directly total||NOV Capital raised|Regional Strategy and Vehicle Type|q5||118
q4COL3_hidden|NUMBER|Separate accounts investing into indirect vehicles TOTAL|5_45|NOV_RegionalStrategy_SeparateAccountsIndirect_Total|NOV_RS_SepAccIndirect_Total|Regional strategy - Separate accounts investing indirectly total||NOV Capital raised|Regional Strategy and Vehicle Type|q5||119
q4COL4_hidden|NUMBER|Joint ventures and club deals TOTAL|5_46|NOV_RegionalStrategy_JVs_Total|NOV_RS_JVs_Total|Regional strategy - Joint ventures and club deals total||NOV Capital raised|Regional Strategy and Vehicle Type|q5||120
q4COL5_hidden|NUMBER|Funds of funds TOTAL|5_47|NOV_RegionalStrategy_FundsOfFunds_Total|NOV_RS_FOF_Total|Regional strategy - Funds of funds total||NOV Capital raised|Regional Strategy and Vehicle Type|q5||121
q4COL6_hidden|NUMBER|Non-listed debt products TOTAL|5_48|NOV_RegionalStrategy_Debt_Total|NOV_RS_Debt_Total|Regional strategy - Non-listed debt total||NOV Capital raised|Regional Strategy and Vehicle Type|q5||122
q4GRANDTotal_hidden|NUMBER|Total number of vehicles company raised capital for in 2015 by regional strategy|5_49|NOV_RegionalStrategy_VehicleType_Total|NOV_RS_VT_Total|Regional strategy - Vehicle type total||NOV Capital raised|Regional Strategy and Vehicle Type|q5||123
||How much capital did your company raise in 2015 from institutional investors by investor type (million)?|6|||||||||124
q51_1|CURRENCY|Pension funds - Non-listed/ commingled real estate funds/private REITs|6_1|PensionFunds_NonListedFunds|PF_NLF|Pension funds - Non-listed fund||Capital raised |Investor Type and Vehicle Type|q6||125
q51_2|CURRENCY|Pension funds - Separate accounts investing directly into real estate|6_2|PensionFunds_SeparateAccountsDirect|PF_SepAccDirect|Pension funds - Separate accounts investing directly||Capital raised |Investor Type and Vehicle Type|q6||126
q51_3|CURRENCY|Pension funds - Separate accounts investing into indirect vehicles|6_3|PensionFunds_SeparateAccountsIndirect|PF_SepAccIndirect|Pension funds - Separate accounts investing indirectly||Capital raised |Investor Type and Vehicle Type|q6||127
q51_4|CURRENCY|Pension funds - Joint ventures and club deals|6_4|PensionFunds_JVs|PF_JVs|Pension funds - Joint ventures and club deals||Capital raised |Investor Type and Vehicle Type|q6||128
q51_5|CURRENCY|Pension funds - Funds of funds|6_5|PensionFunds_FundsOfFunds|PF_FOF|Pension funds - Funds of funds||Capital raised |Investor Type and Vehicle Type|q6||129
q51_6|CURRENCY|Pension funds - Non-listed debt products|6_6|PensionFunds_Debt|PF_Debt|Pension funds - Non-listed debt products||Capital raised |Investor Type and Vehicle Type|q6||130
q5ROW1_hidden|CURRENCY|Pension funds TOTAL|6_7|PensionFunds_VehicleType_Total|PF_VT_Total|Pension funds - Vehicle type total||Capital raised |Investor Type and Vehicle Type|q6||131
q52_1|CURRENCY|Insurance companies - Non-listed/ commingled real estate funds/private REITs|6_8|InsuranceCompanies_NonListedFunds|IC_NLF|Insurance companies - Non-listed fund||Capital raised |Investor Type and Vehicle Type|q6||132
q52_2|CURRENCY|Insurance companies - Separate accounts investing directly into real estate|6_9|InsuranceCompanies_SeparateAccountsDirect|IC_SepAccDirect|Insurance companies - Separate accounts investing directly||Capital raised |Investor Type and Vehicle Type|q6||133
q52_3|CURRENCY|Insurance companies - Separate accounts investing into indirect vehicles|6_10|InsuranceCompanies_SeparateAccountsIndirect|IC_SepAccIndirect|Insurance companies - Separate accounts investing indirectly||Capital raised |Investor Type and Vehicle Type|q6||134
q52_4|CURRENCY|Insurance companies - Joint ventures and club deals|6_11|InsuranceCompanies_JVs|IC_JVs|Insurance companies - Joint ventures and club deals||Capital raised |Investor Type and Vehicle Type|q6||135
q52_5|CURRENCY|Insurance companies - Funds of funds|6_12|InsuranceCompanies_FundsOfFunds|IC_FOF|Insurance companies - Funds of funds||Capital raised |Investor Type and Vehicle Type|q6||136
q52_6|CURRENCY|Insurance companies - Non-listed debt products|6_13|InsuranceCompanies_Debt|IC_Debt|Insurance companies - Non-listed debt products||Capital raised |Investor Type and Vehicle Type|q6||137
q5ROW2_hidden|CURRENCY|Insurance companies TOTAL|6_14|InsuranceCompanies_VehicleType_Total|IC_VT_Total|Insurance companies - Vehicle type total||Capital raised |Investor Type and Vehicle Type|q6||138
q53_1|CURRENCY|Sovereign wealth funds - Non-listed/ commingled real estate funds/private REITs|6_15|SovereignWealthFunds_NonListedFunds|SWF_NLF|Sovereign wealth funds - Non-listed fund||Capital raised |Investor Type and Vehicle Type|q6||139
q53_2|CURRENCY|Sovereign wealth funds - Separate accounts investing directly into real estate|6_16|SovereignWealthFunds_SeparateAccountsDirect|SWF_SepAccDirect|Sovereign wealth funds - Separate accounts investing directly||Capital raised |Investor Type and Vehicle Type|q6||140
q53_3|CURRENCY|Sovereign wealth funds - Separate accounts investing into indirect vehicles|6_17|SovereignWealthFunds_SeparateAccountsIndirect|SWF_SepAccIndirect|Sovereign wealth funds - Separate accounts investing indirectly||Capital raised |Investor Type and Vehicle Type|q6||141
q53_4|CURRENCY|Sovereign wealth funds - Joint ventures and club deals|6_18|SovereignWealthFunds_JVs|SWF_JVs|Sovereign wealth funds - Joint ventures and club deals||Capital raised |Investor Type and Vehicle Type|q6||142
q53_5|CURRENCY|Sovereign wealth funds - Funds of funds|6_19|SovereignWealthFunds_FundsOfFunds|SWF_FOF|Sovereign wealth funds - Funds of funds||Capital raised |Investor Type and Vehicle Type|q6||143
q53_6|CURRENCY|Sovereign wealth funds - Non-listed debt products|6_20|SovereignWealthFunds_Debt|SWF_Debt|Sovereign wealth funds - Non-listed debt products||Capital raised |Investor Type and Vehicle Type|q6||144
q5ROW3_hidden|CURRENCY|Sovereign wealth funds TOTAL|6_21|SovereignWealthFunds_VehicleType_Total|SWF_VT_Total|Sovereign wealth funds - Vehicle type total||Capital raised |Investor Type and Vehicle Type|q6||145
q54_1|CURRENCY|Government institutions - Non-listed/ commingled real estate funds/private REITs|6_22|GovernmentInstitutions_NonListedFunds|GI_NLF|Government institutions - Non-listed fund||Capital raised |Investor Type and Vehicle Type|q6||146
q54_2|CURRENCY|Government institutions - Separate accounts investing directly into real estate|6_23|GovernmentInstitutions_SeparateAccountsDirect|GI_SepAccDirect|Government institutions - Separate accounts investing directly||Capital raised |Investor Type and Vehicle Type|q6||147
q54_3|CURRENCY|Government institutions - Separate accounts investing into indirect vehicles|6_24|GovernmentInstitutions_SeparateAccountsIndirect|GI_SepAccIndirect|Government institutions - Separate accounts investing indirectly||Capital raised |Investor Type and Vehicle Type|q6||148
q54_4|CURRENCY|Government institutions - Joint ventures and club deals|6_25|GovernmentInstitutions_JVs|GI_JVs|Government institutions - Joint ventures and club deals||Capital raised |Investor Type and Vehicle Type|q6||149
q54_5|CURRENCY|Government institutions - Funds of funds|6_26|GovernmentInstitutions_FundsOfFunds|GI_FOF|Government institutions - Funds of funds||Capital raised |Investor Type and Vehicle Type|q6||150
q54_6|CURRENCY|Government institutions - Non-listed debt products|6_27|GovernmentInstitutions_Debt|GI_Debt|Government institutions - Non-listed debt products||Capital raised |Investor Type and Vehicle Type|q6||151
q5ROW4_hidden|CURRENCY|Government institutions TOTAL|6_28|GovernmentInstitutions_VehicleType_Total|GI_VT_Total|Government institutions - Vehicle type total||Capital raised |Investor Type and Vehicle Type|q6||152
q55_1|CURRENCY|Charities, foundations, non-profit organisations - Non-listed/ commingled real estate funds/private REITs|6_29|CharitiesFoundationsNonProfitOrganizations_NonListedFunds|CF&NPO_NLF|Charities, foundations & non-profit organisations - Non-listed fund||Capital raised |Investor Type and Vehicle Type|q6||153
q55_2|CURRENCY|Charities, foundations, non-profit organisations - Separate accounts investing directly into real estate|6_30|CharitiesFoundationsNonProfitOrganizations_SeparateAccountsDirect|CF&NPO_SepAccDirect|Charities, foundations & non-profit organisations - Separate accounts investing directly||Capital raised |Investor Type and Vehicle Type|q6||154
q55_3|CURRENCY|Charities, foundations, non-profit organisations - Separate accounts investing into indirect vehicles|6_31|CharitiesFoundationsNonProfitOrganizations_SeparateAccountsIndirect|CF&NPO_SepAccIndirect|Charities, foundations & non-profit organisations - Separate accounts investing indirectly||Capital raised |Investor Type and Vehicle Type|q6||155
q55_4|CURRENCY|Charities, foundations, non-profit organisations - Joint ventures and club deals|6_32|CharitiesFoundationsNonProfitOrganizations_JVs|CF&NPO_JVs|Charities, foundations & non-profit organisations - Joint ventures and club deals||Capital raised |Investor Type and Vehicle Type|q6||156
q55_5|CURRENCY|Charities, foundations, non-profit organisations - Funds of funds|6_33|CharitiesFoundationsNonProfitOrganizations_FundsOfFunds|CF&NPO_FOF|Charities, foundations & non-profit organisations - Funds of funds||Capital raised |Investor Type and Vehicle Type|q6||157
q55_6|CURRENCY|Charities, foundations, non-profit organisations - Non-listed debt products|6_34|CharitiesFoundationsNonProfitOrganizations_Debt|CF&NPO_Debt|Charities, foundations & non-profit organisations - Non-listed debt products||Capital raised |Investor Type and Vehicle Type|q6||158
q5ROW5_hidden|CURRENCY|Charities, foundations, non-profit organisations  TOTAL|6_35|CharitiesFoundationsNonProfitOrganizations_VehicleType_Total|CF&NPO_VT_Total|Charities, foundations & non-profit organisations - Vehicle type total||Capital raised |Investor Type and Vehicle Type|q6||159
q56_1|CURRENCY|Funds of funds - Non-listed/ commingled real estate funds/private REITs|6_36|FundsOfFunds_NonListedFunds|FOF_NLF|Funds of funds - Non-listed fund||Capital raised |Investor Type and Vehicle Type|q6||160
q56_2|CURRENCY|Funds of funds - Separate accounts investing directly into real estate|6_37|FundsOfFunds_SeparateAccountsDirect|FOF_SepAccDirect|Funds of funds - Separate accounts investing directly||Capital raised |Investor Type and Vehicle Type|q6||161
q56_3|CURRENCY|Funds of funds - Separate accounts investing into indirect vehicles|6_38|FundsOfFunds_SeparateAccountsIndirect|FOF_SepAccIndirect|Funds of funds - Separate accounts investing indirectly||Capital raised |Investor Type and Vehicle Type|q6||162
q56_4|CURRENCY|Funds of funds - Joint ventures and club deals|6_39|FundsOfFunds_JVs|FOF_JVs|Funds of funds - Joint ventures and club deals||Capital raised |Investor Type and Vehicle Type|q6||163
q56_5|CURRENCY|Funds of funds - Funds of funds|6_40|FundsOfFunds_FundsOfFunds|FOF_FOF|Funds of funds - Funds of funds||Capital raised |Investor Type and Vehicle Type|q6||164
q56_6|CURRENCY|Funds of funds - Non-listed debt products|6_41|FundsOfFunds_Debt|FOF_Debt|Funds of funds - Non-listed debt products||Capital raised |Investor Type and Vehicle Type|q6||165
q5ROW6_hidden|CURRENCY|Funds of funds TOTAL|6_42|FundsOfFunds_VehicleType_Total|FOF_VT_Total|Funds of funds - Vehicle type total||Capital raised |Investor Type and Vehicle Type|q6||166
q57_1|CURRENCY|High net worth individuals /Family offices - Non-listed/ commingled real estate funds/private REITs|6_43|HighnetWorthIndividualsFamilyOffices_NonListedFunds|HNWI/FO_NLF|Hign net worth individuals/Family offices - Non-listed fund||Capital raised |Investor Type and Vehicle Type|q6||167
q57_2|CURRENCY|High net worth individuals /Family offices - Separate accounts investing directly into real estate|6_44|HighnetWorthIndividualsFamilyOffices_SeparateAccountsDirect|HNWI/FO_SepAccDirect|Hign net worth individuals/Family offices - Separate accounts investing directly||Capital raised |Investor Type and Vehicle Type|q6||168
q57_3|CURRENCY|High net worth individuals /Family offices - Separate accounts investing into indirect vehicles|6_45|HighnetWorthIndividualsFamilyOffices_SeparateAccountsIndirect|HNWI/FO_SepAccIndirect|Hign net worth individuals/Family offices - Separate accounts investing indirectly||Capital raised |Investor Type and Vehicle Type|q6||169
q57_4|CURRENCY|High net worth individuals /Family offices - Joint ventures and club deals|6_46|HighnetWorthIndividualsFamilyOffices_JVs|HNWI/FO_JVs|Hign net worth individuals/Family offices - Joint ventures and club deals||Capital raised |Investor Type and Vehicle Type|q6||170
q57_5|CURRENCY|High net worth individuals /Family offices - Funds of funds|6_47|HighnetWorthIndividualsFamilyOffices_FundsOfFunds|HNWI/FO_FOF|Hign net worth individuals/Family offices - Funds of funds||Capital raised |Investor Type and Vehicle Type|q6||171
q57_6|CURRENCY|High net worth individuals /Family offices - Non-listed debt products|6_48|HighnetWorthIndividualsFamilyOffices_Debt|HNWI/FO_Debt|Hign net worth individuals/Family offices - Non-listed debt products||Capital raised |Investor Type and Vehicle Type|q6||172
q5ROW7_hidden|CURRENCY|High net worth individuals /Family offices TOTAL|6_49|HighnetWorthIndividualsFamilyOffices_VehicleType_Total|HNWI/FO_VT_Total|Hign net worth individuals/Family offices - Vehicle type total||Capital raised |Investor Type and Vehicle Type|q6||173
q5other|TEXT|Other (please specify)|6_50|OtherInvestorTypetext|OtherITText|Other investor type||Capital raised |Investor Type and Vehicle Type|q6||174
q58_1|CURRENCY|Other - Non-listed/ commingled real estate funds/private REITs|6_51|OtherInvestorType_NonListedFunds|OtherIT_NLF|Other investor type - Non-listed fund||Capital raised |Investor Type and Vehicle Type|q6||175
q58_2|CURRENCY|Other - Separate accounts investing directly into real estate|6_52|OtherInvestorType_SeparateAccountsDirect|OtherIT_SepAccDirect|Other investor type - Separate accounts investing directly||Capital raised |Investor Type and Vehicle Type|q6||176
q58_3|CURRENCY|Other - Separate accounts investing into indirect vehicles|6_53|OtherInvestorType_SeparateAccountsIndirect|OtherIT_SepAccIndirect|Other investor type - Separate accounts investing indirectly||Capital raised |Investor Type and Vehicle Type|q6||177
q58_4|CURRENCY|Other - Joint ventures and club deals|6_54|OtherInvestorType_JVs|OtherIT_JVs|Other investor type - Joint ventures and club deals||Capital raised |Investor Type and Vehicle Type|q6||178
q58_5|CURRENCY|Other - Funds of funds|6_55|OtherInvestorType_FundsOfFunds|OtherIT_FOF|Other investor type - Funds of funds||Capital raised |Investor Type and Vehicle Type|q6||179
q58_6|CURRENCY|Other - Non-listed debt products|6_56|OtherInvestorType_Debt|OtherIT_Debt|Other investor type - Non-listed debt products||Capital raised |Investor Type and Vehicle Type|q6||180
q5ROW8_hidden|CURRENCY|Other TOTAL|6_57|OtherInvestorType_VehicleType_Total|OtherIT_VT_Total|Other investor type - Vehicle type total||Capital raised |Investor Type and Vehicle Type|q6||181
q5COL1_hidden|CURRENCY|Non-listed/ commingled real estate funds/private REITs TOTAL|6_58|InvestorType_NonListedFunds_Total|IT_NLF_Total|Investor type - Non-listed fund total||Capital raised |Investor Type and Vehicle Type|q6||182
q5COL2_hidden|CURRENCY|Separate accounts investing directly into real estate TOTAL|6_59|InvestorType_SeparateAccountsDirect_Total|IT_SepAccDirect_Total|Investor type - Separate accounts investing directly total||Capital raised |Investor Type and Vehicle Type|q6||183
q5COL3_hidden|CURRENCY|Separate accounts investing into indirect vehicles TOTAL|6_60|InvestorType_SeparateAccountsIndirect_Total|IT_SepAccIndirect_Total|Investor type - Separate accounts investing indirectly total||Capital raised |Investor Type and Vehicle Type|q6||184
q5COL4_hidden|CURRENCY|Joint ventures and club deals TOTAL|6_61|InvestorType_JVs_Total|IT_JVs_Total|Investor type - Joint ventures and club deals total||Capital raised |Investor Type and Vehicle Type|q6||185
q5COL5_hidden|CURRENCY|Funds of funds TOTAL|6_62|InvestorType_FundsOfFunds_Total|IT_FOF_Total|Investor type - Funds of funds total||Capital raised |Investor Type and Vehicle Type|q6||186
q5COL6_hidden|CURRENCY|Non-listed debt products TOTAL|6_63|InvestorType_Debt_Total|IT_Debt_Total|Investor type - Non-listed debt products total||Capital raised |Investor Type and Vehicle Type|q6||187
q5GRANDTotal_hidden|CURRENCY|Total capital company raised in 2015 from institutional investors by investor type (million)|6_64|InvestorType_VehicleType_Total|IT_VT_Total|Investor type - Vehicle type total||Capital raised |Investor Type and Vehicle Type|q6||188
||How much capital did your company raise in 2015 from Institutional Investors by investor domicile (million)?|7|||||||||189
q61_1|CURRENCY|Europe - Non-listed/ commingled real estate funds/private REITs|7_1|InvestorDomicileEurope_NonListedFunds|IDEUR_NLF|Europe - Non-listed funds||Capital raised |Investor Domicile and Vehicle Type|q7||190
q61_2|CURRENCY|Europe - Separate accounts investing directly into real estate|7_2|InvestorDomicileEurope_SeparateAccountsDirect|IDEUR_SepAccDirect|Europe - Separate accounts direct||Capital raised |Investor Domicile and Vehicle Type|q7||191
q61_3|CURRENCY|Europe - Separate accounts investing into indirect vehicles|7_3|InvestorDomicileEurope_SeparateAccountsIndirect|IDEUR_SepAccIndirect|Europe - Separate accounts indirect||Capital raised |Investor Domicile and Vehicle Type|q7||192
q61_4|CURRENCY|Europe - Joint ventures and club deals|7_4|InvestorDomicileEurope_JVs|IDEUR_JVs|Europe -  Joint ventures and club deals||Capital raised |Investor Domicile and Vehicle Type|q7||193
q61_5|CURRENCY|Europe - Funds of funds|7_5|InvestorDomicileEurope_FundsOfFunds|IDEUR_FOF|Europe - Funds of funds||Capital raised |Investor Domicile and Vehicle Type|q7||194
q61_6|CURRENCY|Europe - Non-listed debt products|7_6|InvestorDomicileEurope_Debt|IDEUR_Debt|Europe - Non-listed debt||Capital raised |Investor Domicile and Vehicle Type|q7||195
q6ROW1_hidden|CURRENCY|Europe  TOTAL|7_7|InvestorDomicileEurope_VehicleType_Total|IDEUR_VT_Total|Europe - Vehicle type total||Capital raised |Investor Domicile and Vehicle Type|q7||196
q62_1|CURRENCY|Asia Pacific - Non-listed/ commingled real estate funds/private REITs|7_8|InvestorDomicileAsiaPacific_NonListedFunds|IDAPAC_NLF|Asia Pacific - Non-listed funds||Capital raised |Investor Domicile and Vehicle Type|q7||197
q62_2|CURRENCY|Asia Pacific - Separate accounts investing directly into real estate|7_9|InvestorDomicileAsiaPacific_SeparateAccountsDirect|IDAPAC_SepAccDirect|Asia Pacific - Separate accounts direct||Capital raised |Investor Domicile and Vehicle Type|q7||198
q62_3|CURRENCY|Asia Pacific - Separate accounts investing into indirect vehicles|7_10|InvestorDomicileAsiaPacific_SeparateAccountsIndirect|IDAPAC_SepAccIndirect|Asia Pacific - Separate accounts indirect||Capital raised |Investor Domicile and Vehicle Type|q7||199
q62_4|CURRENCY|Asia Pacific - Joint ventures and club deals|7_11|InvestorDomicileAsiaPacific_JVs|IDAPAC_JVs|Asia Pacific - Joint ventures and club deals||Capital raised |Investor Domicile and Vehicle Type|q7||200
q62_5|CURRENCY|Asia Pacific - Funds of funds|7_12|InvestorDomicileAsiaPacific_FundsOfFunds|IDAPAC_FOF|Asia Pacific - Funds of funds||Capital raised |Investor Domicile and Vehicle Type|q7||201
q62_6|CURRENCY|Asia Pacific - Non-listed debt products|7_13|InvestorDomicileAsiaPacific_Debt|IDAPAC_Debt|Asia Pacific - Non-listed debt||Capital raised |Investor Domicile and Vehicle Type|q7||202
q6ROW2_hidden|CURRENCY|Asia Pacific  TOTAL|7_14|InvestorDomicileAsiaPacific_VehicleType_Total|IDAPAC_VT_Total|Asia Pacific - Vehicle type total||Capital raised |Investor Domicile and Vehicle Type|q7||203
q63_1|CURRENCY|North America - Non-listed/ commingled real estate funds/private REITs|7_15|InvestorDomicileNorthAmerica_NonListedFunds|IDNA_NLF|North America - Non-listed funds||Capital raised |Investor Domicile and Vehicle Type|q7||204
q63_2|CURRENCY|North America - Separate accounts investing directly into real estate|7_16|InvestorDomicileNorthAmerica_SeparateAccountsDirect|IDNA_SepAccDirect|North America - Separate accounts direct||Capital raised |Investor Domicile and Vehicle Type|q7||205
q63_3|CURRENCY|North America - Separate accounts investing into indirect vehicles|7_17|InvestorDomicileNorthAmerica_SeparateAccountsIndirect|IDNA_SepAccIndirect|North America - Separate accounts indirect||Capital raised |Investor Domicile and Vehicle Type|q7||206
q63_4|CURRENCY|North America - Joint ventures and club deals|7_18|InvestorDomicileNorthAmerica_JVs|IDNA_JVs|North America -  Joint ventures and club deals||Capital raised |Investor Domicile and Vehicle Type|q7||207
q63_5|CURRENCY|North America - Funds of funds|7_19|InvestorDomicileNorthAmerica_FundsOfFunds|IDNA_FOF|North America - Funds of funds||Capital raised |Investor Domicile and Vehicle Type|q7||208
q63_6|CURRENCY|North America - Non-listed debt products|7_20|InvestorDomicileNorthAmerica_Debt|IDNA_Debt|North America - Non-listed debt||Capital raised |Investor Domicile and Vehicle Type|q7||209
q6ROW3_hidden|CURRENCY|North America  TOTAL|7_21|InvestorDomicileNorthAmerica_VehicleType_Total|IDNA_VT_Total|North America - Vehicle type total||Capital raised |Investor Domicile and Vehicle Type|q7||210
q64_1|CURRENCY|South America - Non-listed/ commingled real estate funds/private REITs|7_22|InvestorDomicileSouthAmerica_NonListedFunds|IDSA_NLF|South America - Non-listed funds||Capital raised |Investor Domicile and Vehicle Type|q7||211
q64_2|CURRENCY|South America - Separate accounts investing directly into real estate|7_23|InvestorDomicileSouthAmerica_SeparateAccountsDirect|IDSA_SepAccDirect|South America - Separate accounts direct||Capital raised |Investor Domicile and Vehicle Type|q7||212
q64_3|CURRENCY|South America - Separate accounts investing into indirect vehicles|7_24|InvestorDomicileSouthAmerica_SeparateAccountsIndirect|IDSA_SepAccIndirect|South America - Separate accounts indirect||Capital raised |Investor Domicile and Vehicle Type|q7||213
q64_4|CURRENCY|South America - Joint ventures and club deals|7_25|InvestorDomicileSouthAmerica_JVs|IDSA_JVs|South America -  Joint ventures and club deals||Capital raised |Investor Domicile and Vehicle Type|q7||214
q64_5|CURRENCY|South America - Funds of funds|7_26|InvestorDomicileSouthAmerica_FundsOfFunds|IDSA_FOF|South America - Funds of funds||Capital raised |Investor Domicile and Vehicle Type|q7||215
q64_6|CURRENCY|South America - Non-listed debt products|7_27|InvestorDomicileSouthAmerica_Debt|IDSA_Debt|South America - Non-listed debt||Capital raised |Investor Domicile and Vehicle Type|q7||216
q6ROW4_hidden|CURRENCY|South America  TOTAL|7_28|InvestorDomicileSouthAmerica_VehicleType_Total|IDSA_VT_Total|South America - Vehicle type total||Capital raised |Investor Domicile and Vehicle Type|q7||217
q65_1|CURRENCY|Africa - Non-listed/ commingled real estate funds/private REITs|7_29|InvestorDomicileAfrica_NonListedFunds|IDAFR_NLF|Africa - Non-listed funds||Capital raised |Investor Domicile and Vehicle Type|q7||218
q65_2|CURRENCY|Africa - Separate accounts investing directly into real estate|7_30|InvestorDomicileAfrica_SeparateAccountsDirect|IDAFR_SepAccDirect|Africa - Separate accounts direct||Capital raised |Investor Domicile and Vehicle Type|q7||219
q65_3|CURRENCY|Africa - Separate accounts investing into indirect vehicles|7_31|InvestorDomicileAfrica_SeparateAccountsIndirect|IDAFR_SepAccIndirect|Africa - Separate accounts indirect||Capital raised |Investor Domicile and Vehicle Type|q7||220
q65_4|CURRENCY|Africa - Joint ventures and club deals|7_32|InvestorDomicileAfrica_JVs|IDAFR_JVs|Africa -  Joint ventures and club deals||Capital raised |Investor Domicile and Vehicle Type|q7||221
q65_5|CURRENCY|Africa - Funds of funds|7_33|InvestorDomicileAfrica_FundsOfFunds|IDAFR_FOF|Africa - Funds of funds||Capital raised |Investor Domicile and Vehicle Type|q7||222
q65_6|CURRENCY|Africa - Non-listed debt products|7_34|InvestorDomicileAfrica_Debt|IDAFR_Debt|Africa - Non-listed debt||Capital raised |Investor Domicile and Vehicle Type|q7||223
q6ROW5_hidden|CURRENCY|Africa  TOTAL|7_35|InvestorDomicileAfrica_VehicleType_Total|IDAFR_VT_Total|Africa - Vehicle type total||Capital raised |Investor Domicile and Vehicle Type|q7||224
q6COL1_hidden|CURRENCY|Non-listed/ commingled real estate funds/private REITs TOTAL|7_36|InvestorDomicile_NonListedFunds_Total|ID_NLF_Total|Regional strategy - Non-listed funds total||Capital raised |Investor Domicile and Vehicle Type|q7||225
q6COL2_hidden|CURRENCY|Separate accounts investing directly into real estate TOTAL|7_37|InvestorDomicile_SeparateAccountsDirect_Total|ID_SepAccDirect_Total|Regional strategy - Separate accounts investing directly total||Capital raised |Investor Domicile and Vehicle Type|q7||226
q6COL3_hidden|CURRENCY|Separate accounts investing into indirect vehicles TOTAL|7_38|InvestorDomicile_SeparateAccountsIndirect_Total|ID_SepAccIndirect_Total|Regional strategy - Separate accounts indirect total||Capital raised |Investor Domicile and Vehicle Type|q7||227
q6COL4_hidden|CURRENCY|Joint ventures and club deals TOTAL|7_39|InvestorDomicile_JVs_Total|ID_JVs_Total|Regional strategy - Joint ventures and club deals total||Capital raised |Investor Domicile and Vehicle Type|q7||228
q6COL5_hidden|CURRENCY|Funds of funds TOTAL|7_40|InvestorDomicile_FundsOfFunds_Total|ID_FOF_Total|Regional strategy - Funds of funds total||Capital raised |Investor Domicile and Vehicle Type|q7||229
q6COL6_hidden|CURRENCY|Non-listed debt products TOTAL|7_41|InvestorDomicile_Debt_Total|ID_Debt_Total|Regional strategy - Non-listed debt total||Capital raised |Investor Domicile and Vehicle Type|q7||230
q6GRANDTotal_hidden|CURRENCY|Total capital company raised in 2015 from Institutional Investors by investor domicile (million)|7_42|InvestorDomicile_VehicleType_Total|ID_VT_Total|Regional strategy - Vehicle type total||Capital raised |Investor Domicile and Vehicle Type|q7||231
||What percentage of the total capital was raised via...?|8|||||||||232
q7_1|PERCENT|Placement agent|8_1|PercentMethod_PlacementAgent|PercMeth_PlacAg|Placement agent||Capital raised |Method|q8||233
q7_2|PERCENT|Investors contacting you directly|8_2|PercentMethod_InvestorsContactingDirectly|PercMeth_InvConDirect|Investor contracting directly||Capital raised |Method|q8||234
q7_3|PERCENT|Your own direct relationship with investors|8_3|PercentMethod_RelationshipWithInvestors|PercMeth_RelWithInv|Relationship with investors||Capital raised |Method|q8||235
q7other|TEXT|Other (please specify)|8_4|PercentMethod_Othertext|PercMeth_OtherText|Other Text||Capital raised |Method|q8||236
q7_4|PERCENT|Other|8_5|PercentMethod_Other|PercMeth_Other|Other Method||Capital raised |Method|q8||237
||For your European* strategy, how much capital did your company raise in 2015?|9|||||||||238
q81_1|CURRENCY|(EUROPE) Pension funds - Non-listed/ commingled real estate funds/private REITs|9_1|EUROPE_PensionFunds_NonListedFunds|EUR_PF_NLF|Pension funds - Non-listed fund||Europe Capital raised|Investor Type and Vehicle Type|q9||239
q81_2|CURRENCY|(EUROPE) Pension funds - Separate accounts investing directly into real estate|9_2|EUROPE_PensionFunds_SeparateAccountsDirect|EUR_PF_SepAccDirect|Pension funds - Separate accounts investing directly||Europe Capital raised|Investor Type and Vehicle Type|q9||240
q81_3|CURRENCY|(EUROPE) Pension funds - Separate accounts investing into indirect vehicles|9_3|EUROPE_PensionFunds_SeparateAccountsIndirect|EUR_PF_SepAccIndirect|Pension funds - Separate accounts investing indirectly||Europe Capital raised|Investor Type and Vehicle Type|q9||241
q81_4|CURRENCY|(EUROPE) Pension funds - Joint ventures and club deals|9_4|EUROPE_PensionFunds_JVs|EUR_PF_JVs|Pension funds - Joint ventures and club deals||Europe Capital raised|Investor Type and Vehicle Type|q9||242
q81_5|CURRENCY|(EUROPE) Pension funds - Funds of funds|9_5|EUROPE_PensionFunds_FundsOfFunds|EUR_PF_FOF|Pension funds - Funds of funds||Europe Capital raised|Investor Type and Vehicle Type|q9||243
q81_6|CURRENCY|(EUROPE) Pension funds - Non-listed debt products|9_6|EUROPE_PensionFunds_Debt|EUR_PF_Debt|Pension funds - Non-listed debt products||Europe Capital raised|Investor Type and Vehicle Type|q9||244
q8ROW1_hidden|CURRENCY|(EUROPE) Pension funds TOTAL|9_7|EUROPE_PensionFunds_VehicleType_Total|EUR_PF_VT_Total|Pension funds - Vehicle type total||Europe Capital raised|Investor Type and Vehicle Type|q9||245
q82_1|CURRENCY|(EUROPE) Insurance companies - Non-listed/ commingled real estate funds/private REITs|9_8|EUROPE_InsuranceCompanies_NonListedFunds|EUR_IC_NLF|Insurance companies - Non-listed fund||Europe Capital raised|Investor Type and Vehicle Type|q9||246
q82_2|CURRENCY|(EUROPE) Insurance companies - Separate accounts investing directly into real estate|9_9|EUROPE_InsuranceCompanies_SeparateAccountsDirect|EUR_IC_SepAccDirect|Insurance companies - Separate accounts investing directly||Europe Capital raised|Investor Type and Vehicle Type|q9||247
q82_3|CURRENCY|(EUROPE) Insurance companies - Separate accounts investing into indirect vehicles|9_10|EUROPE_InsuranceCompanies_SeparateAccountsIndirect|EUR_IC_SepAccIndirect|Insurance companies - Separate accounts investing indirectly||Europe Capital raised|Investor Type and Vehicle Type|q9||248
q82_4|CURRENCY|(EUROPE) Insurance companies - Joint ventures and club deals|9_11|EUROPE_InsuranceCompanies_JVs|EUR_IC_JVs|Insurance companies - Joint ventures and club deals||Europe Capital raised|Investor Type and Vehicle Type|q9||249
q82_5|CURRENCY|(EUROPE) Insurance companies - Funds of funds|9_12|EUROPE_InsuranceCompanies_FundsOfFunds|EUR_IC_FOF|Insurance companies - Funds of funds||Europe Capital raised|Investor Type and Vehicle Type|q9||250
q82_6|CURRENCY|(EUROPE) Insurance companies - Non-listed debt products|9_13|EUROPE_InsuranceCompanies_Debt|EUR_IC_Debt|Insurance companies - Non-listed debt products||Europe Capital raised|Investor Type and Vehicle Type|q9||251
q8ROW2_hidden|CURRENCY|(EUROPE) Insurance companies TOTAL|9_14|EUROPE_InsuranceCompanies_VehicleType_Total|EUR_IC_VT_Total|Insurance companies - Vehicle type total||Europe Capital raised|Investor Type and Vehicle Type|q9||252
q83_1|CURRENCY|(EUROPE) Sovereign wealth funds - Non-listed/ commingled real estate funds/private REITs|9_15|EUROPE_SovereignWealthFunds_NonListedFunds|EUR_SWF_NLF|Sovereign wealth funds - Non-listed fund||Europe Capital raised|Investor Type and Vehicle Type|q9||253
q83_2|CURRENCY|(EUROPE) Sovereign wealth funds - Separate accounts investing directly into real estate|9_16|EUROPE_SovereignWealthFunds_SeparateAccountsDirect|EUR_SWF_SepAccDirect|Sovereign wealth funds - Separate accounts investing directly||Europe Capital raised|Investor Type and Vehicle Type|q9||254
q83_3|CURRENCY|(EUROPE) Sovereign wealth funds - Separate accounts investing into indirect vehicles|9_17|EUROPE_SovereignWealthFunds_SeparateAccountsIndirect|EUR_SWF_SepAccIndirect|Sovereign wealth funds - Separate accounts investing indirectly||Europe Capital raised|Investor Type and Vehicle Type|q9||255
q83_4|CURRENCY|(EUROPE) Sovereign wealth funds - Joint ventures and club deals|9_18|EUROPE_SovereignWealthFunds_JVs|EUR_SWF_JVs|Sovereign wealth funds - Joint ventures and club deals||Europe Capital raised|Investor Type and Vehicle Type|q9||256
q83_5|CURRENCY|(EUROPE) Sovereign wealth funds - Funds of funds|9_19|EUROPE_SovereignWealthFunds_FundsOfFunds|EUR_SWF_FOF|Sovereign wealth funds - Funds of funds||Europe Capital raised|Investor Type and Vehicle Type|q9||257
q83_6|CURRENCY|(EUROPE) Sovereign wealth funds - Non-listed debt products|9_20|EUROPE_SovereignWealthFunds_Debt|EUR_SWF_Debt|Sovereign wealth funds - Non-listed debt products||Europe Capital raised|Investor Type and Vehicle Type|q9||258
q8ROW3_hidden|CURRENCY|(EUROPE) Sovereign wealth funds TOTAL|9_21|EUROPE_SovereignWealthFunds_VehicleType_Total|EUR_SWF_VT_Total|Sovereign wealth funds - Vehicle type total||Europe Capital raised|Investor Type and Vehicle Type|q9||259
q84_1|CURRENCY|(EUROPE) Government institutions - Non-listed/ commingled real estate funds/private REITs|9_22|EUROPE_GovernmentInstitutions_NonListedFunds|EUR_GI_NLF|Government institutions - Non-listed fund||Europe Capital raised|Investor Type and Vehicle Type|q9||260
q84_2|CURRENCY|(EUROPE) Government institutions - Separate accounts investing directly into real estate|9_23|EUROPE_GovernmentInstitutions_SeparateAccountsDirect|EUR_GI_SepAccDirect|Government institutions - Separate accounts investing directly||Europe Capital raised|Investor Type and Vehicle Type|q9||261
q84_3|CURRENCY|(EUROPE) Government institutions - Separate accounts investing into indirect vehicles|9_24|EUROPE_GovernmentInstitutions_SeparateAccountsIndirect|EUR_GI_SepAccIndirect|Government institutions - Separate accounts investing indirectly||Europe Capital raised|Investor Type and Vehicle Type|q9||262
q84_4|CURRENCY|(EUROPE) Government institutions - Joint ventures and club deals|9_25|EUROPE_GovernmentInstitutions_JVs|EUR_GI_JVs|Government institutions - Joint ventures and club deals||Europe Capital raised|Investor Type and Vehicle Type|q9||263
q84_5|CURRENCY|(EUROPE) Government institutions - Funds of funds|9_26|EUROPE_GovernmentInstitutions_FundsOfFunds|EUR_GI_FOF|Government institutions - Funds of funds||Europe Capital raised|Investor Type and Vehicle Type|q9||264
q84_6|CURRENCY|(EUROPE) Government institutions - Non-listed debt products|9_27|EUROPE_GovernmentInstitutions_Debt|EUR_GI_Debt|Government institutions - Non-listed debt products||Europe Capital raised|Investor Type and Vehicle Type|q9||265
q8ROW4_hidden|CURRENCY|(EUROPE) Government institutions TOTAL|9_28|EUROPE_GovernmentInstitutions_VehicleType_Total|EUR_GI_VT_Total|Government institutions - Vehicle type total||Europe Capital raised|Investor Type and Vehicle Type|q9||266
q85_1|CURRENCY|(EUROPE) Charities, foundations, non-profit organisations - Non-listed/ commingled real estate funds/private REITs|9_29|EUROPE_CharitiesFoundationsNonProfitOrganizations_NonListedFunds|EUR_CF&NPO_NLF|Charities, foundations & non-profit organisations - Non-listed fund||Europe Capital raised|Investor Type and Vehicle Type|q9||267
q85_2|CURRENCY|(EUROPE) Charities, foundations, non-profit organisations - Separate accounts investing directly into real estate|9_30|EUROPE_CharitiesFoundationsNonProfitOrganizations_SeparateAccountsDirect|EUR_CF&NPO_SepAccDirect|Charities, foundations & non-profit organisations - Separate accounts investing directly||Europe Capital raised|Investor Type and Vehicle Type|q9||268
q85_3|CURRENCY|(EUROPE) Charities, foundations, non-profit organisations - Separate accounts investing into indirect vehicles|9_31|EUROPE_CharitiesFoundationsNonProfitOrganizations_SeparateAccountsIndirect|EUR_CF&NPO_SepAccIndirect|Charities, foundations & non-profit organisations - Separate accounts investing indirectly||Europe Capital raised|Investor Type and Vehicle Type|q9||269
q85_4|CURRENCY|(EUROPE) Charities, foundations, non-profit organisations - Joint ventures and club deals|9_32|EUROPE_CharitiesFoundationsNonProfitOrganizations_JVs|EUR_CF&NPO_JVs|Charities, foundations & non-profit organisations - Joint ventures and club deals||Europe Capital raised|Investor Type and Vehicle Type|q9||270
q85_5|CURRENCY|(EUROPE) Charities, foundations, non-profit organisations - Funds of funds|9_33|EUROPE_CharitiesFoundationsNonProfitOrganizations_FundsOfFunds|EUR_CF&NPO_FOF|Charities, foundations & non-profit organisations - Funds of funds||Europe Capital raised|Investor Type and Vehicle Type|q9||271
q85_6|CURRENCY|(EUROPE) Charities, foundations, non-profit organisations - Non-listed debt products|9_34|EUROPE_CharitiesFoundationsNonProfitOrganizations_Debt|EUR_CF&NPO_Debt|Charities, foundations & non-profit organisations - Non-listed debt products||Europe Capital raised|Investor Type and Vehicle Type|q9||272
q8ROW5_hidden|CURRENCY|(EUROPE) Charities, foundations, non-profit organisations  TOTAL|9_35|EUROPE_CharitiesFoundationsNonProfitOrganizations_VehicleType_Total|EUR_CF&NPO_VT_Total|Charities, foundations & non-profit organisations - Vehicle type total||Europe Capital raised|Investor Type and Vehicle Type|q9||273
q86_1|CURRENCY|(EUROPE) Funds of funds - Non-listed/ commingled real estate funds/private REITs|9_36|EUROPE_FundsOfFunds_NonListedFunds|EUR_FOF_NLF|Funds of funds - Non-listed fund||Europe Capital raised|Investor Type and Vehicle Type|q9||274
q86_2|CURRENCY|(EUROPE) Funds of funds - Separate accounts investing directly into real estate|9_37|EUROPE_FundsOfFunds_SeparateAccountsDirect|EUR_FOF_SepAccDirect|Funds of funds - Separate accounts investing directly||Europe Capital raised|Investor Type and Vehicle Type|q9||275
q86_3|CURRENCY|(EUROPE) Funds of funds - Separate accounts investing into indirect vehicles|9_38|EUROPE_FundsOfFunds_SeparateAccountsIndirect|EUR_FOF_SepAccIndirect|Funds of funds - Separate accounts investing indirectly||Europe Capital raised|Investor Type and Vehicle Type|q9||276
q86_4|CURRENCY|(EUROPE) Funds of funds - Joint ventures and club deals|9_39|EUROPE_FundsOfFunds_JVs|EUR_FOF_JVs|Funds of funds - Joint ventures and club deals||Europe Capital raised|Investor Type and Vehicle Type|q9||277
q86_5|CURRENCY|(EUROPE) Funds of funds - Funds of funds|9_40|EUROPE_FundsOfFunds_FundsOfFunds|EUR_FOF_FOF|Funds of funds - Funds of funds||Europe Capital raised|Investor Type and Vehicle Type|q9||278
q86_6|CURRENCY|(EUROPE) Funds of funds - Non-listed debt products|9_41|EUROPE_FundsOfFunds_Debt|EUR_FOF_Debt|Funds of funds - Non-listed debt products||Europe Capital raised|Investor Type and Vehicle Type|q9||279
q8ROW6_hidden|CURRENCY|(EUROPE) Funds of funds TOTAL|9_42|EUROPE_FundsOfFunds_VehicleType_Total|EUR_FOF_VT_Total|Funds of funds - Vehicle type total||Europe Capital raised|Investor Type and Vehicle Type|q9||280
q87_1|CURRENCY|(EUROPE) High net worth individuals /Family offices - Non-listed/ commingled real estate funds/private REITs|9_43|EUROPE_HighnetWorthIndividualsFamilyOffices_NonListedFunds|EUR_HNWI/FO_NLF|Hign net worth individuals/Family offices - Non-listed fund||Europe Capital raised|Investor Type and Vehicle Type|q9||281
q87_2|CURRENCY|(EUROPE) High net worth individuals /Family offices - Separate accounts investing directly into real estate|9_44|EUROPE_HighnetWorthIndividualsFamilyOffices_SeparateAccountsDirect|EUR_HNWI/FO_SepAccDirect|Hign net worth individuals/Family offices - Separate accounts investing directly||Europe Capital raised|Investor Type and Vehicle Type|q9||282
q87_3|CURRENCY|(EUROPE) High net worth individuals /Family offices - Separate accounts investing into indirect vehicles|9_45|EUROPE_HighnetWorthIndividualsFamilyOffices_SeparateAccountsIndirect|EUR_HNWI/FO_SepAccIndirect|Hign net worth individuals/Family offices - Separate accounts investing indirectly||Europe Capital raised|Investor Type and Vehicle Type|q9||283
q87_4|CURRENCY|(EUROPE) High net worth individuals /Family offices - Joint ventures and club deals|9_46|EUROPE_HighnetWorthIndividualsFamilyOffices_JVs|EUR_HNWI/FO_JVs|Hign net worth individuals/Family offices - Joint ventures and club deals||Europe Capital raised|Investor Type and Vehicle Type|q9||284
q87_5|CURRENCY|(EUROPE) High net worth individuals /Family offices - Funds of funds|9_47|EUROPE_HighnetWorthIndividualsFamilyOffices_FundsOfFunds|EUR_HNWI/FO_FOF|Hign net worth individuals/Family offices - Funds of funds||Europe Capital raised|Investor Type and Vehicle Type|q9||285
q87_6|CURRENCY|(EUROPE) High net worth individuals /Family offices - Non-listed debt products|9_48|EUROPE_HighnetWorthIndividualsFamilyOffices_Debt|EUR_HNWI/FO_Debt|Hign net worth individuals/Family offices - Non-listed debt products||Europe Capital raised|Investor Type and Vehicle Type|q9||286
q8ROW7_hidden|CURRENCY|(EUROPE) High net worth individuals /Family offices TOTAL|9_49|EUROPE_HighnetWorthIndividualsFamilyOffices_VehicleType_Total|EUR_HNWI/FO_VT_Total|Hign net worth individuals/Family offices - Vehicle type total||Europe Capital raised|Investor Type and Vehicle Type|q9||287
q8other|TEXT|(EUROPE) Other (please specify)|9_50|EUROPE_OtherInvestorTypetext|EUR_OtherITText|Other investor type||Europe Capital raised|Investor Type and Vehicle Type|q9||288
q88_1|CURRENCY|(EUROPE) Other - Non-listed/ commingled real estate funds/private REITs|9_51|EUROPE_OtherInvestorType_NonListedFunds|EUR_OtherIT_NLF|Other investor type - Non-listed fund||Europe Capital raised|Investor Type and Vehicle Type|q9||289
q88_2|CURRENCY|(EUROPE) Other - Separate accounts investing directly into real estate|9_52|EUROPE_OtherInvestorType_SeparateAccountsDirect|EUR_OtherIT_SepAccDirect|Other investor type - Separate accounts investing directly||Europe Capital raised|Investor Type and Vehicle Type|q9||290
q88_3|CURRENCY|(EUROPE) Other - Separate accounts investing into indirect vehicles|9_53|EUROPE_OtherInvestorType_SeparateAccountsIndirect|EUR_OtherIT_SepAccIndirect|Other investor type - Separate accounts investing indirectly||Europe Capital raised|Investor Type and Vehicle Type|q9||291
q88_4|CURRENCY|(EUROPE) Other - Joint ventures and club deals|9_54|EUROPE_OtherInvestorType_JVs|EUR_OtherIT_JVs|Other investor type - Joint ventures and club deals||Europe Capital raised|Investor Type and Vehicle Type|q9||292
q88_5|CURRENCY|(EUROPE) Other - Funds of funds|9_55|EUROPE_OtherInvestorType_FundsOfFunds|EUR_OtherIT_FOF|Other investor type - Funds of funds||Europe Capital raised|Investor Type and Vehicle Type|q9||293
q88_6|CURRENCY|(EUROPE) Other - Non-listed debt products|9_56|EUROPE_OtherInvestorType_Debt|EUR_OtherIT_Debt|Other investor type - Non-listed debt products||Europe Capital raised|Investor Type and Vehicle Type|q9||294
q8ROW8_hidden|CURRENCY|(EUROPE) Other TOTAL|9_57|EUROPE_OtherInvestorType_VehicleType_Total|EUR_OtherIT_VT_Total|Other investor type - Vehicle type total||Europe Capital raised|Investor Type and Vehicle Type|q9||295
q8COL1_hidden|CURRENCY|(EUROPE) Non-listed/ commingled real estate funds/private REITs TOTAL|9_58|EUROPE_InvestorType_NonListedFunds_Total|EUR_IT_NLF_Total|Investor type - Non-listed fund total||Europe Capital raised|Investor Type and Vehicle Type|q9||296
q8COL2_hidden|CURRENCY|(EUROPE) Separate accounts investing directly into real estate TOTAL|9_59|EUROPE_InvestorType_SeparateAccountsDirect_Total|EUR_IT_SepAccDirect_Total|Investor type - Separate accounts investing directly total||Europe Capital raised|Investor Type and Vehicle Type|q9||297
q8COL3_hidden|CURRENCY|(EUROPE) Separate accounts investing into indirect vehicles TOTAL|9_60|EUROPE_InvestorType_SeparateAccountsIndirect_Total|EUR_IT_SepAccIndirect_Total|Investor type - Separate accounts investing indirectly total||Europe Capital raised|Investor Type and Vehicle Type|q9||298
q8COL4_hidden|CURRENCY|(EUROPE) Joint ventures and club deals TOTAL|9_61|EUROPE_InvestorType_JVs_Total|EUR_IT_JVs_Total|Investor type - Joint ventures and club deals total||Europe Capital raised|Investor Type and Vehicle Type|q9||299
q8COL5_hidden|CURRENCY|(EUROPE) Funds of funds TOTAL|9_62|EUROPE_InvestorType_FundsOfFunds_Total|EUR_IT_FOF_Total|Investor type - Funds of funds total||Europe Capital raised|Investor Type and Vehicle Type|q9||300
q8COL6_hidden|CURRENCY|(EUROPE) Non-listed debt products TOTAL|9_63|EUROPE_InvestorType_Debt_Total|EUR_IT_Debt_Total|Investor type - Non-listed debt products total||Europe Capital raised|Investor Type and Vehicle Type|q9||301
q8GRANDTotal_hidden|CURRENCY|(EUROPE) Total capital  raised in 2015 from European strategy|9_64|EUROPE_InvestorType_VehicleType_Total|EUR_IT_VT_Total|Investor type - Vehicle type total||Europe Capital raised|Investor Type and Vehicle Type|q9||302
||For your Asia Pacific* strategy, how much capital did your company raise in 2015?|10|||||||||303
q91_1|CURRENCY|(ASIA PACIFIC) Pension funds - Non-listed/ commingled real estate funds/private REITs|10_1|APAC_PensionFunds_NonListedFunds|APAC_PF_NLF|Pension funds - Non-listed fund||APAC Capital raised|Investor Type and Vehicle Type|q10||304
q91_2|CURRENCY|(ASIA PACIFIC) Pension funds - Separate accounts investing directly into real estate|10_2|APAC_PensionFunds_SeparateAccountsDirect|APAC_PF_SepAccDirect|Pension funds - Separate accounts investing directly||APAC Capital raised|Investor Type and Vehicle Type|q10||305
q91_3|CURRENCY|(ASIA PACIFIC) Pension funds - Separate accounts investing into indirect vehicles|10_3|APAC_PensionFunds_SeparateAccountsIndirect|APAC_PF_SepAccIndirect|Pension funds - Separate accounts investing indirectly||APAC Capital raised|Investor Type and Vehicle Type|q10||306
q91_4|CURRENCY|(ASIA PACIFIC) Pension funds - Joint ventures and club deals|10_4|APAC_PensionFunds_JVs|APAC_PF_JVs|Pension funds - Joint ventures and club deals||APAC Capital raised|Investor Type and Vehicle Type|q10||307
q91_5|CURRENCY|(ASIA PACIFIC) Pension funds - Funds of funds|10_5|APAC_PensionFunds_FundsOfFunds|APAC_PF_FOF|Pension funds - Funds of funds||APAC Capital raised|Investor Type and Vehicle Type|q10||308
q91_6|CURRENCY|(ASIA PACIFIC) Pension funds - Non-listed debt products|10_6|APAC_PensionFunds_Debt|APAC_PF_Debt|Pension funds - Non-listed debt products||APAC Capital raised|Investor Type and Vehicle Type|q10||309
q9ROW1_hidden|CURRENCY|(ASIA PACIFIC) Pension funds TOTAL|10_7|APAC_PensionFunds_VehicleType_Total|APAC_PF_VT_Total|Pension funds - Vehicle type total||APAC Capital raised|Investor Type and Vehicle Type|q10||310
q92_1|CURRENCY|(ASIA PACIFIC) Insurance companies - Non-listed/ commingled real estate funds/private REITs|10_8|APAC_InsuranceCompanies_NonListedFunds|APAC_IC_NLF|Insurance companies - Non-listed fund||APAC Capital raised|Investor Type and Vehicle Type|q10||311
q92_2|CURRENCY|(ASIA PACIFIC) Insurance companies - Separate accounts investing directly into real estate|10_9|APAC_InsuranceCompanies_SeparateAccountsDirect|APAC_IC_SepAccDirect|Insurance companies - Separate accounts investing directly||APAC Capital raised|Investor Type and Vehicle Type|q10||312
q92_3|CURRENCY|(ASIA PACIFIC) Insurance companies - Separate accounts investing into indirect vehicles|10_10|APAC_InsuranceCompanies_SeparateAccountsIndirect|APAC_IC_SepAccIndirect|Insurance companies - Separate accounts investing indirectly||APAC Capital raised|Investor Type and Vehicle Type|q10||313
q92_4|CURRENCY|(ASIA PACIFIC) Insurance companies - Joint ventures and club deals|10_11|APAC_InsuranceCompanies_JVs|APAC_IC_JVs|Insurance companies - Joint ventures and club deals||APAC Capital raised|Investor Type and Vehicle Type|q10||314
q92_5|CURRENCY|(ASIA PACIFIC) Insurance companies - Funds of funds|10_12|APAC_InsuranceCompanies_FundsOfFunds|APAC_IC_FOF|Insurance companies - Funds of funds||APAC Capital raised|Investor Type and Vehicle Type|q10||315
q92_6|CURRENCY|(ASIA PACIFIC) Insurance companies - Non-listed debt products|10_13|APAC_InsuranceCompanies_Debt|APAC_IC_Debt|Insurance companies - Non-listed debt products||APAC Capital raised|Investor Type and Vehicle Type|q10||316
q9ROW2_hidden|CURRENCY|(ASIA PACIFIC) Insurance companies TOTAL|10_14|APAC_InsuranceCompanies_VehicleType_Total|APAC_IC_VT_Total|Insurance companies - Vehicle type total||APAC Capital raised|Investor Type and Vehicle Type|q10||317
q93_1|CURRENCY|(ASIA PACIFIC) Sovereign wealth funds - Non-listed/ commingled real estate funds/private REITs|10_15|APAC_SovereignWealthFunds_NonListedFunds|APAC_SWF_NLF|Sovereign wealth funds - Non-listed fund||APAC Capital raised|Investor Type and Vehicle Type|q10||318
q93_2|CURRENCY|(ASIA PACIFIC) Sovereign wealth funds - Separate accounts investing directly into real estate|10_16|APAC_SovereignWealthFunds_SeparateAccountsDirect|APAC_SWF_SepAccDirect|Sovereign wealth funds - Separate accounts investing directly||APAC Capital raised|Investor Type and Vehicle Type|q10||319
q93_3|CURRENCY|(ASIA PACIFIC) Sovereign wealth funds - Separate accounts investing into indirect vehicles|10_17|APAC_SovereignWealthFunds_SeparateAccountsIndirect|APAC_SWF_SepAccIndirect|Sovereign wealth funds - Separate accounts investing indirectly||APAC Capital raised|Investor Type and Vehicle Type|q10||320
q93_4|CURRENCY|(ASIA PACIFIC) Sovereign wealth funds - Joint ventures and club deals|10_18|APAC_SovereignWealthFunds_JVs|APAC_SWF_JVs|Sovereign wealth funds - Joint ventures and club deals||APAC Capital raised|Investor Type and Vehicle Type|q10||321
q93_5|CURRENCY|(ASIA PACIFIC) Sovereign wealth funds - Funds of funds|10_19|APAC_SovereignWealthFunds_FundsOfFunds|APAC_SWF_FOF|Sovereign wealth funds - Funds of funds||APAC Capital raised|Investor Type and Vehicle Type|q10||322
q93_6|CURRENCY|(ASIA PACIFIC) Sovereign wealth funds - Non-listed debt products|10_20|APAC_SovereignWealthFunds_Debt|APAC_SWF_Debt|Sovereign wealth funds - Non-listed debt products||APAC Capital raised|Investor Type and Vehicle Type|q10||323
q9ROW3_hidden|CURRENCY|(ASIA PACIFIC) Sovereign wealth funds TOTAL|10_21|APAC_SovereignWealthFunds_VehicleType_Total|APAC_SWF_VT_Total|Sovereign wealth funds - Vehicle type total||APAC Capital raised|Investor Type and Vehicle Type|q10||324
q94_1|CURRENCY|(ASIA PACIFIC) Government institutions - Non-listed/ commingled real estate funds/private REITs|10_22|APAC_GovernmentInstitutions_NonListedFunds|APAC_GI_NLF|Government institutions - Non-listed fund||APAC Capital raised|Investor Type and Vehicle Type|q10||325
q94_2|CURRENCY|(ASIA PACIFIC) Government institutions - Separate accounts investing directly into real estate|10_23|APAC_GovernmentInstitutions_SeparateAccountsDirect|APAC_GI_SepAccDirect|Government institutions - Separate accounts investing directly||APAC Capital raised|Investor Type and Vehicle Type|q10||326
q94_3|CURRENCY|(ASIA PACIFIC) Government institutions - Separate accounts investing into indirect vehicles|10_24|APAC_GovernmentInstitutions_SeparateAccountsIndirect|APAC_GI_SepAccIndirect|Government institutions - Separate accounts investing indirectly||APAC Capital raised|Investor Type and Vehicle Type|q10||327
q94_4|CURRENCY|(ASIA PACIFIC) Government institutions - Joint ventures and club deals|10_25|APAC_GovernmentInstitutions_JVs|APAC_GI_JVs|Government institutions - Joint ventures and club deals||APAC Capital raised|Investor Type and Vehicle Type|q10||328
q94_5|CURRENCY|(ASIA PACIFIC) Government institutions - Funds of funds|10_26|APAC_GovernmentInstitutions_FundsOfFunds|APAC_GI_FOF|Government institutions - Funds of funds||APAC Capital raised|Investor Type and Vehicle Type|q10||329
q94_6|CURRENCY|(ASIA PACIFIC) Government institutions - Non-listed debt products|10_27|APAC_GovernmentInstitutions_Debt|APAC_GI_Debt|Government institutions - Non-listed debt products||APAC Capital raised|Investor Type and Vehicle Type|q10||330
q9ROW4_hidden|CURRENCY|(ASIA PACIFIC) Government institutions TOTAL|10_28|APAC_GovernmentInstitutions_VehicleType_Total|APAC_GI_VT_Total|Government institutions - Vehicle type total||APAC Capital raised|Investor Type and Vehicle Type|q10||331
q95_1|CURRENCY|(ASIA PACIFIC) Charities, foundations, non-profit organisations - Non-listed/ commingled real estate funds/private REITs|10_29|APAC_CharitiesFoundationsNonProfitOrganizations_NonListedFunds|APAC_CF&NPO_NLF|Charities, foundations & non-profit organisations - Non-listed fund||APAC Capital raised|Investor Type and Vehicle Type|q10||332
q95_2|CURRENCY|(ASIA PACIFIC) Charities, foundations, non-profit organisations - Separate accounts investing directly into real estate|10_30|APAC_CharitiesFoundationsNonProfitOrganizations_SeparateAccountsDirect|APAC_CF&NPO_SepAccDirect|Charities, foundations & non-profit organisations - Separate accounts investing directly||APAC Capital raised|Investor Type and Vehicle Type|q10||333
q95_3|CURRENCY|(ASIA PACIFIC) Charities, foundations, non-profit organisations - Separate accounts investing into indirect vehicles|10_31|APAC_CharitiesFoundationsNonProfitOrganizations_SeparateAccountsIndirect|APAC_CF&NPO_SepAccIndirect|Charities, foundations & non-profit organisations - Separate accounts investing indirectly||APAC Capital raised|Investor Type and Vehicle Type|q10||334
q95_4|CURRENCY|(ASIA PACIFIC) Charities, foundations, non-profit organisations - Joint ventures and club deals|10_32|APAC_CharitiesFoundationsNonProfitOrganizations_JVs|APAC_CF&NPO_JVs|Charities, foundations & non-profit organisations - Joint ventures and club deals||APAC Capital raised|Investor Type and Vehicle Type|q10||335
q95_5|CURRENCY|(ASIA PACIFIC) Charities, foundations, non-profit organisations - Funds of funds|10_33|APAC_CharitiesFoundationsNonProfitOrganizations_FundsOfFunds|APAC_CF&NPO_FOF|Charities, foundations & non-profit organisations - Funds of funds||APAC Capital raised|Investor Type and Vehicle Type|q10||336
q95_6|CURRENCY|(ASIA PACIFIC) Charities, foundations, non-profit organisations - Non-listed debt products|10_34|APAC_CharitiesFoundationsNonProfitOrganizations_Debt|APAC_CF&NPO_Debt|Charities, foundations & non-profit organisations - Non-listed debt products||APAC Capital raised|Investor Type and Vehicle Type|q10||337
q9ROW5_hidden|CURRENCY|(ASIA PACIFIC) Charities, foundations, non-profit organisations  TOTAL|10_35|APAC_CharitiesFoundationsNonProfitOrganizations_VehicleType_Total|APAC_CF&NPO_VT_Total|Charities, foundations & non-profit organisations - Vehicle type total||APAC Capital raised|Investor Type and Vehicle Type|q10||338
q96_1|CURRENCY|(ASIA PACIFIC) Funds of funds - Non-listed/ commingled real estate funds/private REITs|10_36|APAC_FundsOfFunds_NonListedFunds|APAC_FOF_NLF|Funds of funds - Non-listed fund||APAC Capital raised|Investor Type and Vehicle Type|q10||339
q96_2|CURRENCY|(ASIA PACIFIC) Funds of funds - Separate accounts investing directly into real estate|10_37|APAC_FundsOfFunds_SeparateAccountsDirect|APAC_FOF_SepAccDirect|Funds of funds - Separate accounts investing directly||APAC Capital raised|Investor Type and Vehicle Type|q10||340
q96_3|CURRENCY|(ASIA PACIFIC) Funds of funds - Separate accounts investing into indirect vehicles|10_38|APAC_FundsOfFunds_SeparateAccountsIndirect|APAC_FOF_SepAccIndirect|Funds of funds - Separate accounts investing indirectly||APAC Capital raised|Investor Type and Vehicle Type|q10||341
q96_4|CURRENCY|(ASIA PACIFIC) Funds of funds - Joint ventures and club deals|10_39|APAC_FundsOfFunds_JVs|APAC_FOF_JVs|Funds of funds - Joint ventures and club deals||APAC Capital raised|Investor Type and Vehicle Type|q10||342
q96_5|CURRENCY|(ASIA PACIFIC) Funds of funds - Funds of funds|10_40|APAC_FundsOfFunds_FundsOfFunds|APAC_FOF_FOF|Funds of funds - Funds of funds||APAC Capital raised|Investor Type and Vehicle Type|q10||343
q96_6|CURRENCY|(ASIA PACIFIC) Funds of funds - Non-listed debt products|10_41|APAC_FundsOfFunds_Debt|APAC_FOF_Debt|Funds of funds - Non-listed debt products||APAC Capital raised|Investor Type and Vehicle Type|q10||344
q9ROW6_hidden|CURRENCY|(ASIA PACIFIC) Funds of funds TOTAL|10_42|APAC_FundsOfFunds_VehicleType_Total|APAC_FOF_VT_Total|Funds of funds - Vehicle type total||APAC Capital raised|Investor Type and Vehicle Type|q10||345
q97_1|CURRENCY|(ASIA PACIFIC) High net worth individuals /Family offices - Non-listed/ commingled real estate funds/private REITs|10_43|APAC_HighnetWorthIndividualsFamilyOffices_NonListedFunds|APAC_HNWI/FO_NLF|Hign net worth individuals/Family offices - Non-listed fund||APAC Capital raised|Investor Type and Vehicle Type|q10||346
q97_2|CURRENCY|(ASIA PACIFIC) High net worth individuals /Family offices - Separate accounts investing directly into real estate|10_44|APAC_HighnetWorthIndividualsFamilyOffices_SeparateAccountsDirect|APAC_HNWI/FO_SepAccDirect|Hign net worth individuals/Family offices - Separate accounts investing directly||APAC Capital raised|Investor Type and Vehicle Type|q10||347
q97_3|CURRENCY|(ASIA PACIFIC) High net worth individuals /Family offices - Separate accounts investing into indirect vehicles|10_45|APAC_HighnetWorthIndividualsFamilyOffices_SeparateAccountsIndirect|APAC_HNWI/FO_SepAccIndirect|Hign net worth individuals/Family offices - Separate accounts investing indirectly||APAC Capital raised|Investor Type and Vehicle Type|q10||348
q97_4|CURRENCY|(ASIA PACIFIC) High net worth individuals /Family offices - Joint ventures and club deals|10_46|APAC_HighnetWorthIndividualsFamilyOffices_JVs|APAC_HNWI/FO_JVs|Hign net worth individuals/Family offices - Joint ventures and club deals||APAC Capital raised|Investor Type and Vehicle Type|q10||349
q97_5|CURRENCY|(ASIA PACIFIC) High net worth individuals /Family offices - Funds of funds|10_47|APAC_HighnetWorthIndividualsFamilyOffices_FundsOfFunds|APAC_HNWI/FO_FOF|Hign net worth individuals/Family offices - Funds of funds||APAC Capital raised|Investor Type and Vehicle Type|q10||350
q97_6|CURRENCY|(ASIA PACIFIC) High net worth individuals /Family offices - Non-listed debt products|10_48|APAC_HighnetWorthIndividualsFamilyOffices_Debt|APAC_HNWI/FO_Debt|Hign net worth individuals/Family offices - Non-listed debt products||APAC Capital raised|Investor Type and Vehicle Type|q10||351
q9ROW7_hidden|CURRENCY|(ASIA PACIFIC) High net worth individuals /Family offices TOTAL|10_49|APAC_HighnetWorthIndividualsFamilyOffices_VehicleType_Total|APAC_HNWI/FO_VT_Total|Hign net worth individuals/Family offices - Vehicle type total||APAC Capital raised|Investor Type and Vehicle Type|q10||352
q9other|TEXT|(ASIA PACIFIC) Other (please specify)|10_50|APAC_OtherInvestorTypetext|APAC_OtherITText|Other investor type||APAC Capital raised|Investor Type and Vehicle Type|q10||353
q98_1|CURRENCY|(ASIA PACIFIC) Other - Non-listed/ commingled real estate funds/private REITs|10_51|APAC_OtherInvestorType_NonListedFunds|APAC_OtherIT_NLF|Other investor type - Non-listed fund||APAC Capital raised|Investor Type and Vehicle Type|q10||354
q98_2|CURRENCY|(ASIA PACIFIC) Other - Separate accounts investing directly into real estate|10_52|APAC_OtherInvestorType_SeparateAccountsDirect|APAC_OtherIT_SepAccDirect|Other investor type - Separate accounts investing directly||APAC Capital raised|Investor Type and Vehicle Type|q10||355
q98_3|CURRENCY|(ASIA PACIFIC) Other - Separate accounts investing into indirect vehicles|10_53|APAC_OtherInvestorType_SeparateAccountsIndirect|APAC_OtherIT_SepAccIndirect|Other investor type - Separate accounts investing indirectly||APAC Capital raised|Investor Type and Vehicle Type|q10||356
q98_4|CURRENCY|(ASIA PACIFIC) Other - Joint ventures and club deals|10_54|APAC_OtherInvestorType_JVs|APAC_OtherIT_JVs|Other investor type - Joint ventures and club deals||APAC Capital raised|Investor Type and Vehicle Type|q10||357
q98_5|CURRENCY|(ASIA PACIFIC) Other - Funds of funds|10_55|APAC_OtherInvestorType_FundsOfFunds|APAC_OtherIT_FOF|Other investor type - Funds of funds||APAC Capital raised|Investor Type and Vehicle Type|q10||358
q98_6|CURRENCY|(ASIA PACIFIC) Other - Non-listed debt products|10_56|APAC_OtherInvestorType_Debt|APAC_OtherIT_Debt|Other investor type - Non-listed debt products||APAC Capital raised|Investor Type and Vehicle Type|q10||359
q9ROW8_hidden|CURRENCY|(ASIA PACIFIC) Other TOTAL|10_57|APAC_OtherInvestorType_VehicleType_Total|APAC_OtherIT_VT_Total|Other investor type - Vehicle type total||APAC Capital raised|Investor Type and Vehicle Type|q10||360
q9COL1_hidden|CURRENCY|(ASIA PACIFIC) Non-listed/ commingled real estate funds/private REITs TOTAL|10_58|APAC_InvestorType_NonListedFunds_Total|APAC_IT_NLF_Total|Investor type - Non-listed fund total||APAC Capital raised|Investor Type and Vehicle Type|q10||361
q9COL2_hidden|CURRENCY|(ASIA PACIFIC) Separate accounts investing directly into real estate TOTAL|10_59|APAC_InvestorType_SeparateAccountsDirect_Total|APAC_IT_SepAccDirect_Total|Investor type - Separate accounts investing directly total||APAC Capital raised|Investor Type and Vehicle Type|q10||362
q9COL3_hidden|CURRENCY|(ASIA PACIFIC) Separate accounts investing into indirect vehicles TOTAL|10_60|APAC_InvestorType_SeparateAccountsIndirect_Total|APAC_IT_SepAccIndirect_Total|Investor type - Separate accounts investing indirectly total||APAC Capital raised|Investor Type and Vehicle Type|q10||363
q9COL4_hidden|CURRENCY|(ASIA PACIFIC) Joint ventures and club deals TOTAL|10_61|APAC_InvestorType_JVs_Total|APAC_IT_JVs_Total|Investor type - Joint ventures and club deals total||APAC Capital raised|Investor Type and Vehicle Type|q10||364
q9COL5_hidden|CURRENCY|(ASIA PACIFIC) Funds of funds TOTAL|10_62|APAC_InvestorType_FundsOfFunds_Total|APAC_IT_FOF_Total|Investor type - Funds of funds total||APAC Capital raised|Investor Type and Vehicle Type|q10||365
q9COL6_hidden|CURRENCY|(ASIA PACIFIC) Non-listed debt products TOTAL|10_63|APAC_InvestorType_Debt_Total|APAC_IT_Debt_Total|Investor type - Non-listed debt products total||APAC Capital raised|Investor Type and Vehicle Type|q10||366
q9GRANDTotal_hidden|CURRENCY|(ASIA PACIFIC) Total capital  raised in 2015 from Asia Pacific strategy|10_64|APAC_InvestorType_VehicleType_Total|APAC_IT_VT_Total|Investor type - Vehicle type total||APAC Capital raised|Investor Type and Vehicle Type|q10||367
||For your North American* strategy, how much capital did your company raise in 2015?|11|||||||||368
q101_1|CURRENCY|(NORTH AMERICA) Pension funds - Non-listed/ commingled real estate funds/private REITs|11_1|NA_PensionFunds_NonListedFunds|NA_PF_NLF|Pension funds - Non-listed fund||NA Capital raised|Investor Type and Vehicle Type|q11||369
q101_2|CURRENCY|(NORTH AMERICA) Pension funds - Separate accounts investing directly into real estate|11_2|NA_PensionFunds_SeparateAccountsDirect|NA_PF_SepAccDirect|Pension funds - Separate accounts investing directly||NA Capital raised|Investor Type and Vehicle Type|q11||370
q101_3|CURRENCY|(NORTH AMERICA) Pension funds - Separate accounts investing into indirect vehicles|11_3|NA_PensionFunds_SeparateAccountsIndirect|NA_PF_SepAccIndirect|Pension funds - Separate accounts investing indirectly||NA Capital raised|Investor Type and Vehicle Type|q11||371
q101_4|CURRENCY|(NORTH AMERICA) Pension funds - Joint ventures and club deals|11_4|NA_PensionFunds_JVs|NA_PF_JVs|Pension funds - Joint ventures and club deals||NA Capital raised|Investor Type and Vehicle Type|q11||372
q101_5|CURRENCY|(NORTH AMERICA) Pension funds - Funds of funds|11_5|NA_PensionFunds_FundsOfFunds|NA_PF_FOF|Pension funds - Funds of funds||NA Capital raised|Investor Type and Vehicle Type|q11||373
q101_6|CURRENCY|(NORTH AMERICA) Pension funds - Non-listed debt products|11_6|NA_PensionFunds_Debt|NA_PF_Debt|Pension funds - Non-listed debt products||NA Capital raised|Investor Type and Vehicle Type|q11||374
q10ROW1_hidden|CURRENCY|(NORTH AMERICA) Pension funds TOTAL|11_7|NA_PensionFunds_VehicleType_Total|NA_PF_VT_Total|Pension funds - Vehicle type total||NA Capital raised|Investor Type and Vehicle Type|q11||375
q102_1|CURRENCY|(NORTH AMERICA) Insurance companies - Non-listed/ commingled real estate funds/private REITs|11_8|NA_InsuranceCompanies_NonListedFunds|NA_IC_NLF|Insurance companies - Non-listed fund||NA Capital raised|Investor Type and Vehicle Type|q11||376
q102_2|CURRENCY|(NORTH AMERICA) Insurance companies - Separate accounts investing directly into real estate|11_9|NA_InsuranceCompanies_SeparateAccountsDirect|NA_IC_SepAccDirect|Insurance companies - Separate accounts investing directly||NA Capital raised|Investor Type and Vehicle Type|q11||377
q102_3|CURRENCY|(NORTH AMERICA) Insurance companies - Separate accounts investing into indirect vehicles|11_10|NA_InsuranceCompanies_SeparateAccountsIndirect|NA_IC_SepAccIndirect|Insurance companies - Separate accounts investing indirectly||NA Capital raised|Investor Type and Vehicle Type|q11||378
q102_4|CURRENCY|(NORTH AMERICA) Insurance companies - Joint ventures and club deals|11_11|NA_InsuranceCompanies_JVs|NA_IC_JVs|Insurance companies - Joint ventures and club deals||NA Capital raised|Investor Type and Vehicle Type|q11||379
q102_5|CURRENCY|(NORTH AMERICA) Insurance companies - Funds of funds|11_12|NA_InsuranceCompanies_FundsOfFunds|NA_IC_FOF|Insurance companies - Funds of funds||NA Capital raised|Investor Type and Vehicle Type|q11||380
q102_6|CURRENCY|(NORTH AMERICA) Insurance companies - Non-listed debt products|11_13|NA_InsuranceCompanies_Debt|NA_IC_Debt|Insurance companies - Non-listed debt products||NA Capital raised|Investor Type and Vehicle Type|q11||381
q10ROW2_hidden|CURRENCY|(NORTH AMERICA) Insurance companies TOTAL|11_14|NA_InsuranceCompanies_VehicleType_Total|NA_IC_VT_Total|Insurance companies - Vehicle type total||NA Capital raised|Investor Type and Vehicle Type|q11||382
q103_1|CURRENCY|(NORTH AMERICA) Sovereign wealth funds - Non-listed/ commingled real estate funds/private REITs|11_15|NA_SovereignWealthFunds_NonListedFunds|NA_SWF_NLF|Sovereign wealth funds - Non-listed fund||NA Capital raised|Investor Type and Vehicle Type|q11||383
q103_2|CURRENCY|(NORTH AMERICA) Sovereign wealth funds - Separate accounts investing directly into real estate|11_16|NA_SovereignWealthFunds_SeparateAccountsDirect|NA_SWF_SepAccDirect|Sovereign wealth funds - Separate accounts investing directly||NA Capital raised|Investor Type and Vehicle Type|q11||384
q103_3|CURRENCY|(NORTH AMERICA) Sovereign wealth funds - Separate accounts investing into indirect vehicles|11_17|NA_SovereignWealthFunds_SeparateAccountsIndirect|NA_SWF_SepAccIndirect|Sovereign wealth funds - Separate accounts investing indirectly||NA Capital raised|Investor Type and Vehicle Type|q11||385
q103_4|CURRENCY|(NORTH AMERICA) Sovereign wealth funds - Joint ventures and club deals|11_18|NA_SovereignWealthFunds_JVs|NA_SWF_JVs|Sovereign wealth funds - Joint ventures and club deals||NA Capital raised|Investor Type and Vehicle Type|q11||386
q103_5|CURRENCY|(NORTH AMERICA) Sovereign wealth funds - Funds of funds|11_19|NA_SovereignWealthFunds_FundsOfFunds|NA_SWF_FOF|Sovereign wealth funds - Funds of funds||NA Capital raised|Investor Type and Vehicle Type|q11||387
q103_6|CURRENCY|(NORTH AMERICA) Sovereign wealth funds - Non-listed debt products|11_20|NA_SovereignWealthFunds_Debt|NA_SWF_Debt|Sovereign wealth funds - Non-listed debt products||NA Capital raised|Investor Type and Vehicle Type|q11||388
q10ROW3_hidden|CURRENCY|(NORTH AMERICA) Sovereign wealth funds TOTAL|11_21|NA_SovereignWealthFunds_VehicleType_Total|NA_SWF_VT_Total|Sovereign wealth funds - Vehicle type total||NA Capital raised|Investor Type and Vehicle Type|q11||389
q104_1|CURRENCY|(NORTH AMERICA) Government institutions - Non-listed/ commingled real estate funds/private REITs|11_22|NA_GovernmentInstitutions_NonListedFunds|NA_GI_NLF|Government institutions - Non-listed fund||NA Capital raised|Investor Type and Vehicle Type|q11||390
q104_2|CURRENCY|(NORTH AMERICA) Government institutions - Separate accounts investing directly into real estate|11_23|NA_GovernmentInstitutions_SeparateAccountsDirect|NA_GI_SepAccDirect|Government institutions - Separate accounts investing directly||NA Capital raised|Investor Type and Vehicle Type|q11||391
q104_3|CURRENCY|(NORTH AMERICA) Government institutions - Separate accounts investing into indirect vehicles|11_24|NA_GovernmentInstitutions_SeparateAccountsIndirect|NA_GI_SepAccIndirect|Government institutions - Separate accounts investing indirectly||NA Capital raised|Investor Type and Vehicle Type|q11||392
q104_4|CURRENCY|(NORTH AMERICA) Government institutions - Joint ventures and club deals|11_25|NA_GovernmentInstitutions_JVs|NA_GI_JVs|Government institutions - Joint ventures and club deals||NA Capital raised|Investor Type and Vehicle Type|q11||393
q104_5|CURRENCY|(NORTH AMERICA) Government institutions - Funds of funds|11_26|NA_GovernmentInstitutions_FundsOfFunds|NA_GI_FOF|Government institutions - Funds of funds||NA Capital raised|Investor Type and Vehicle Type|q11||394
q104_6|CURRENCY|(NORTH AMERICA) Government institutions - Non-listed debt products|11_27|NA_GovernmentInstitutions_Debt|NA_GI_Debt|Government institutions - Non-listed debt products||NA Capital raised|Investor Type and Vehicle Type|q11||395
q10ROW4_hidden|CURRENCY|(NORTH AMERICA) Government institutions TOTAL|11_28|NA_GovernmentInstitutions_VehicleType_Total|NA_GI_VT_Total|Government institutions - Vehicle type total||NA Capital raised|Investor Type and Vehicle Type|q11||396
q105_1|CURRENCY|(NORTH AMERICA) Charities, foundations, non-profit organisations - Non-listed/ commingled real estate funds/private REITs|11_29|NA_CharitiesFoundationsNonProfitOrganizations_NonListedFunds|NA_CF&NPO_NLF|Charities, foundations & non-profit organisations - Non-listed fund||NA Capital raised|Investor Type and Vehicle Type|q11||397
q105_2|CURRENCY|(NORTH AMERICA) Charities, foundations, non-profit organisations - Separate accounts investing directly into real estate|11_30|NA_CharitiesFoundationsNonProfitOrganizations_SeparateAccountsDirect|NA_CF&NPO_SepAccDirect|Charities, foundations & non-profit organisations - Separate accounts investing directly||NA Capital raised|Investor Type and Vehicle Type|q11||398
q105_3|CURRENCY|(NORTH AMERICA) Charities, foundations, non-profit organisations - Separate accounts investing into indirect vehicles|11_31|NA_CharitiesFoundationsNonProfitOrganizations_SeparateAccountsIndirect|NA_CF&NPO_SepAccIndirect|Charities, foundations & non-profit organisations - Separate accounts investing indirectly||NA Capital raised|Investor Type and Vehicle Type|q11||399
q105_4|CURRENCY|(NORTH AMERICA) Charities, foundations, non-profit organisations - Joint ventures and club deals|11_32|NA_CharitiesFoundationsNonProfitOrganizations_JVs|NA_CF&NPO_JVs|Charities, foundations & non-profit organisations - Joint ventures and club deals||NA Capital raised|Investor Type and Vehicle Type|q11||400
q105_5|CURRENCY|(NORTH AMERICA) Charities, foundations, non-profit organisations - Funds of funds|11_33|NA_CharitiesFoundationsNonProfitOrganizations_FundsOfFunds|NA_CF&NPO_FOF|Charities, foundations & non-profit organisations - Funds of funds||NA Capital raised|Investor Type and Vehicle Type|q11||401
q105_6|CURRENCY|(NORTH AMERICA) Charities, foundations, non-profit organisations - Non-listed debt products|11_34|NA_CharitiesFoundationsNonProfitOrganizations_Debt|NA_CF&NPO_Debt|Charities, foundations & non-profit organisations - Non-listed debt products||NA Capital raised|Investor Type and Vehicle Type|q11||402
q10ROW5_hidden|CURRENCY|(NORTH AMERICA) Charities, foundations, non-profit organisations  TOTAL|11_35|NA_CharitiesFoundationsNonProfitOrganizations_VehicleType_Total|NA_CF&NPO_VT_Total|Charities, foundations & non-profit organisations - Vehicle type total||NA Capital raised|Investor Type and Vehicle Type|q11||403
q106_1|CURRENCY|(NORTH AMERICA) Funds of funds - Non-listed/ commingled real estate funds/private REITs|11_36|NA_FundsOfFunds_NonListedFunds|NA_FOF_NLF|Funds of funds - Non-listed fund||NA Capital raised|Investor Type and Vehicle Type|q11||404
q106_2|CURRENCY|(NORTH AMERICA) Funds of funds - Separate accounts investing directly into real estate|11_37|NA_FundsOfFunds_SeparateAccountsDirect|NA_FOF_SepAccDirect|Funds of funds - Separate accounts investing directly||NA Capital raised|Investor Type and Vehicle Type|q11||405
q106_3|CURRENCY|(NORTH AMERICA) Funds of funds - Separate accounts investing into indirect vehicles|11_38|NA_FundsOfFunds_SeparateAccountsIndirect|NA_FOF_SepAccIndirect|Funds of funds - Separate accounts investing indirectly||NA Capital raised|Investor Type and Vehicle Type|q11||406
q106_4|CURRENCY|(NORTH AMERICA) Funds of funds - Joint ventures and club deals|11_39|NA_FundsOfFunds_JVs|NA_FOF_JVs|Funds of funds - Joint ventures and club deals||NA Capital raised|Investor Type and Vehicle Type|q11||407
q106_5|CURRENCY|(NORTH AMERICA) Funds of funds - Funds of funds|11_40|NA_FundsOfFunds_FundsOfFunds|NA_FOF_FOF|Funds of funds - Funds of funds||NA Capital raised|Investor Type and Vehicle Type|q11||408
q106_6|CURRENCY|(NORTH AMERICA) Funds of funds - Non-listed debt products|11_41|NA_FundsOfFunds_Debt|NA_FOF_Debt|Funds of funds - Non-listed debt products||NA Capital raised|Investor Type and Vehicle Type|q11||409
q10ROW6_hidden|CURRENCY|(NORTH AMERICA) Funds of funds TOTAL|11_42|NA_FundsOfFunds_VehicleType_Total|NA_FOF_VT_Total|Funds of funds - Vehicle type total||NA Capital raised|Investor Type and Vehicle Type|q11||410
q107_1|CURRENCY|(NORTH AMERICA) High net worth individuals /Family offices - Non-listed/ commingled real estate funds/private REITs|11_43|NA_HighnetWorthIndividualsFamilyOffices_NonListedFunds|NA_HNWI/FO_NLF|Hign net worth individuals/Family offices - Non-listed fund||NA Capital raised|Investor Type and Vehicle Type|q11||411
q107_2|CURRENCY|(NORTH AMERICA) High net worth individuals /Family offices - Separate accounts investing directly into real estate|11_44|NA_HighnetWorthIndividualsFamilyOffices_SeparateAccountsDirect|NA_HNWI/FO_SepAccDirect|Hign net worth individuals/Family offices - Separate accounts investing directly||NA Capital raised|Investor Type and Vehicle Type|q11||412
q107_3|CURRENCY|(NORTH AMERICA) High net worth individuals /Family offices - Separate accounts investing into indirect vehicles|11_45|NA_HighnetWorthIndividualsFamilyOffices_SeparateAccountsIndirect|NA_HNWI/FO_SepAccIndirect|Hign net worth individuals/Family offices - Separate accounts investing indirectly||NA Capital raised|Investor Type and Vehicle Type|q11||413
q107_4|CURRENCY|(NORTH AMERICA) High net worth individuals /Family offices - Joint ventures and club deals|11_46|NA_HighnetWorthIndividualsFamilyOffices_JVs|NA_HNWI/FO_JVs|Hign net worth individuals/Family offices - Joint ventures and club deals||NA Capital raised|Investor Type and Vehicle Type|q11||414
q107_5|CURRENCY|(NORTH AMERICA) High net worth individuals /Family offices - Funds of funds|11_47|NA_HighnetWorthIndividualsFamilyOffices_FundsOfFunds|NA_HNWI/FO_FOF|Hign net worth individuals/Family offices - Funds of funds||NA Capital raised|Investor Type and Vehicle Type|q11||415
q107_6|CURRENCY|(NORTH AMERICA) High net worth individuals /Family offices - Non-listed debt products|11_48|NA_HighnetWorthIndividualsFamilyOffices_Debt|NA_HNWI/FO_Debt|Hign net worth individuals/Family offices - Non-listed debt products||NA Capital raised|Investor Type and Vehicle Type|q11||416
q10ROW7_hidden|CURRENCY|(NORTH AMERICA) High net worth individuals /Family offices TOTAL|11_49|NA_HighnetWorthIndividualsFamilyOffices_VehicleType_Total|NA_HNWI/FO_VT_Total|Hign net worth individuals/Family offices - Vehicle type total||NA Capital raised|Investor Type and Vehicle Type|q11||417
q10other|TEXT|(NORTH AMERICA) Other (please specify)|11_50|NA_OtherInvestorTypetext|NA_OtherITText|Other investor type||NA Capital raised|Investor Type and Vehicle Type|q11||418
q108_1|CURRENCY|(NORTH AMERICA) Other - Non-listed/ commingled real estate funds/private REITs|11_51|NA_OtherInvestorType_NonListedFunds|NA_OtherIT_NLF|Other investor type - Non-listed fund||NA Capital raised|Investor Type and Vehicle Type|q11||419
q108_2|CURRENCY|(NORTH AMERICA) Other - Separate accounts investing directly into real estate|11_52|NA_OtherInvestorType_SeparateAccountsDirect|NA_OtherIT_SepAccDirect|Other investor type - Separate accounts investing directly||NA Capital raised|Investor Type and Vehicle Type|q11||420
q108_3|CURRENCY|(NORTH AMERICA) Other - Separate accounts investing into indirect vehicles|11_53|NA_OtherInvestorType_SeparateAccountsIndirect|NA_OtherIT_SepAccIndirect|Other investor type - Separate accounts investing indirectly||NA Capital raised|Investor Type and Vehicle Type|q11||421
q108_4|CURRENCY|(NORTH AMERICA) Other - Joint ventures and club deals|11_54|NA_OtherInvestorType_JVs|NA_OtherIT_JVs|Other investor type - Joint ventures and club deals||NA Capital raised|Investor Type and Vehicle Type|q11||422
q108_5|CURRENCY|(NORTH AMERICA) Other - Funds of funds|11_55|NA_OtherInvestorType_FundsOfFunds|NA_OtherIT_FOF|Other investor type - Funds of funds||NA Capital raised|Investor Type and Vehicle Type|q11||423
q108_6|CURRENCY|(NORTH AMERICA) Other - Non-listed debt products|11_56|NA_OtherInvestorType_Debt|NA_OtherIT_Debt|Other investor type - Non-listed debt products||NA Capital raised|Investor Type and Vehicle Type|q11||424
q10ROW8_hidden|CURRENCY|(NORTH AMERICA) Other TOTAL|11_57|NA_OtherInvestorType_VehicleType_Total|NA_OtherIT_VT_Total|Other investor type - Vehicle type total||NA Capital raised|Investor Type and Vehicle Type|q11||425
q10COL1_hidden|CURRENCY|(NORTH AMERICA) Non-listed/ commingled real estate funds/private REITs TOTAL|11_58|NA_InvestorType_NonListedFunds_Total|NA_IT_NLF_Total|Investor type - Non-listed fund total||NA Capital raised|Investor Type and Vehicle Type|q11||426
q10COL2_hidden|CURRENCY|(NORTH AMERICA) Separate accounts investing directly into real estate TOTAL|11_59|NA_InvestorType_SeparateAccountsDirect_Total|NA_IT_SepAccDirect_Total|Investor type - Separate accounts investing directly total||NA Capital raised|Investor Type and Vehicle Type|q11||427
q10COL3_hidden|CURRENCY|(NORTH AMERICA) Separate accounts investing into indirect vehicles TOTAL|11_60|NA_InvestorType_SeparateAccountsIndirect_Total|NA_IT_SepAccIndirect_Total|Investor type - Separate accounts investing indirectly total||NA Capital raised|Investor Type and Vehicle Type|q11||428
q10COL4_hidden|CURRENCY|(NORTH AMERICA) Joint ventures and club deals TOTAL|11_61|NA_InvestorType_JVs_Total|NA_IT_JVs_Total|Investor type - Joint ventures and club deals total||NA Capital raised|Investor Type and Vehicle Type|q11||429
q10COL5_hidden|CURRENCY|(NORTH AMERICA) Funds of funds TOTAL|11_62|NA_InvestorType_FundsOfFunds_Total|NA_IT_FOF_Total|Investor type - Funds of funds total||NA Capital raised|Investor Type and Vehicle Type|q11||430
q10COL6_hidden|CURRENCY|(NORTH AMERICA) Non-listed debt products TOTAL|11_63|NA_InvestorType_Debt_Total|NA_IT_Debt_Total|Investor type - Non-listed debt products total||NA Capital raised|Investor Type and Vehicle Type|q11||431
q10GRANDTotal_hidden|CURRENCY|(NORTH AMERICA) Total capital  raised in 2015 from North American strategy|11_64|NA_InvestorType_VehicleType_Total|NA_IT_VT_Total|Investor type - Vehicle type total||NA Capital raised|Investor Type and Vehicle Type|q11||432
||For your Global* strategy, how much capital did your company raise in 2015?|12|||||||||433
q111_1|CURRENCY|(GLOBAL) Pension funds - Non-listed/ commingled real estate funds/private REITs|12_1|GLOBAL_PensionFunds_NonListedFunds|GLB_PF_NLF|Pension funds - Non-listed fund||Global Capital raised|Investor Type and Vehicle Type|q12||434
q111_2|CURRENCY|(GLOBAL) Pension funds - Separate accounts investing directly into real estate|12_2|GLOBAL_PensionFunds_SeparateAccountsDirect|GLB_PF_SepAccDirect|Pension funds - Separate accounts investing directly||Global Capital raised|Investor Type and Vehicle Type|q12||435
q111_3|CURRENCY|(GLOBAL) Pension funds - Separate accounts investing into indirect vehicles|12_3|GLOBAL_PensionFunds_SeparateAccountsIndirect|GLB_PF_SepAccIndirect|Pension funds - Separate accounts investing indirectly||Global Capital raised|Investor Type and Vehicle Type|q12||436
q111_4|CURRENCY|(GLOBAL) Pension funds - Joint ventures and club deals|12_4|GLOBAL_PensionFunds_JVs|GLB_PF_JVs|Pension funds - Joint ventures and club deals||Global Capital raised|Investor Type and Vehicle Type|q12||437
q111_5|CURRENCY|(GLOBAL) Pension funds - Funds of funds|12_5|GLOBAL_PensionFunds_FundsOfFunds|GLB_PF_FOF|Pension funds - Funds of funds||Global Capital raised|Investor Type and Vehicle Type|q12||438
q111_6|CURRENCY|(GLOBAL) Pension funds - Non-listed debt products|12_6|GLOBAL_PensionFunds_Debt|GLB_PF_Debt|Pension funds - Non-listed debt products||Global Capital raised|Investor Type and Vehicle Type|q12||439
q11ROW1_hidden|CURRENCY|(GLOBAL) Pension funds TOTAL|12_7|GLOBAL_PensionFunds_VehicleType_Total|GLB_PF_VT_Total|Pension funds - Vehicle type total||Global Capital raised|Investor Type and Vehicle Type|q12||440
q112_1|CURRENCY|(GLOBAL) Insurance companies - Non-listed/ commingled real estate funds/private REITs|12_8|GLOBAL_InsuranceCompanies_NonListedFunds|GLB_IC_NLF|Insurance companies - Non-listed fund||Global Capital raised|Investor Type and Vehicle Type|q12||441
q112_2|CURRENCY|(GLOBAL) Insurance companies - Separate accounts investing directly into real estate|12_9|GLOBAL_InsuranceCompanies_SeparateAccountsDirect|GLB_IC_SepAccDirect|Insurance companies - Separate accounts investing directly||Global Capital raised|Investor Type and Vehicle Type|q12||442
q112_3|CURRENCY|(GLOBAL) Insurance companies - Separate accounts investing into indirect vehicles|12_10|GLOBAL_InsuranceCompanies_SeparateAccountsIndirect|GLB_IC_SepAccIndirect|Insurance companies - Separate accounts investing indirectly||Global Capital raised|Investor Type and Vehicle Type|q12||443
q112_4|CURRENCY|(GLOBAL) Insurance companies - Joint ventures and club deals|12_11|GLOBAL_InsuranceCompanies_JVs|GLB_IC_JVs|Insurance companies - Joint ventures and club deals||Global Capital raised|Investor Type and Vehicle Type|q12||444
q112_5|CURRENCY|(GLOBAL) Insurance companies - Funds of funds|12_12|GLOBAL_InsuranceCompanies_FundsOfFunds|GLB_IC_FOF|Insurance companies - Funds of funds||Global Capital raised|Investor Type and Vehicle Type|q12||445
q112_6|CURRENCY|(GLOBAL) Insurance companies - Non-listed debt products|12_13|GLOBAL_InsuranceCompanies_Debt|GLB_IC_Debt|Insurance companies - Non-listed debt products||Global Capital raised|Investor Type and Vehicle Type|q12||446
q11ROW2_hidden|CURRENCY|(GLOBAL) Insurance companies TOTAL|12_14|GLOBAL_InsuranceCompanies_VehicleType_Total|GLB_IC_VT_Total|Insurance companies - Vehicle type total||Global Capital raised|Investor Type and Vehicle Type|q12||447
q113_1|CURRENCY|(GLOBAL) Sovereign wealth funds - Non-listed/ commingled real estate funds/private REITs|12_15|GLOBAL_SovereignWealthFunds_NonListedFunds|GLB_SWF_NLF|Sovereign wealth funds - Non-listed fund||Global Capital raised|Investor Type and Vehicle Type|q12||448
q113_2|CURRENCY|(GLOBAL) Sovereign wealth funds - Separate accounts investing directly into real estate|12_16|GLOBAL_SovereignWealthFunds_SeparateAccountsDirect|GLB_SWF_SepAccDirect|Sovereign wealth funds - Separate accounts investing directly||Global Capital raised|Investor Type and Vehicle Type|q12||449
q113_3|CURRENCY|(GLOBAL) Sovereign wealth funds - Separate accounts investing into indirect vehicles|12_17|GLOBAL_SovereignWealthFunds_SeparateAccountsIndirect|GLB_SWF_SepAccIndirect|Sovereign wealth funds - Separate accounts investing indirectly||Global Capital raised|Investor Type and Vehicle Type|q12||450
q113_4|CURRENCY|(GLOBAL) Sovereign wealth funds - Joint ventures and club deals|12_18|GLOBAL_SovereignWealthFunds_JVs|GLB_SWF_JVs|Sovereign wealth funds - Joint ventures and club deals||Global Capital raised|Investor Type and Vehicle Type|q12||451
q113_5|CURRENCY|(GLOBAL) Sovereign wealth funds - Funds of funds|12_19|GLOBAL_SovereignWealthFunds_FundsOfFunds|GLB_SWF_FOF|Sovereign wealth funds - Funds of funds||Global Capital raised|Investor Type and Vehicle Type|q12||452
q113_6|CURRENCY|(GLOBAL) Sovereign wealth funds - Non-listed debt products|12_20|GLOBAL_SovereignWealthFunds_Debt|GLB_SWF_Debt|Sovereign wealth funds - Non-listed debt products||Global Capital raised|Investor Type and Vehicle Type|q12||453
q11ROW3_hidden|CURRENCY|(GLOBAL) Sovereign wealth funds TOTAL|12_21|GLOBAL_SovereignWealthFunds_VehicleType_Total|GLB_SWF_VT_Total|Sovereign wealth funds - Vehicle type total||Global Capital raised|Investor Type and Vehicle Type|q12||454
q114_1|CURRENCY|(GLOBAL) Government institutions - Non-listed/ commingled real estate funds/private REITs|12_22|GLOBAL_GovernmentInstitutions_NonListedFunds|GLB_GI_NLF|Government institutions - Non-listed fund||Global Capital raised|Investor Type and Vehicle Type|q12||455
q114_2|CURRENCY|(GLOBAL) Government institutions - Separate accounts investing directly into real estate|12_23|GLOBAL_GovernmentInstitutions_SeparateAccountsDirect|GLB_GI_SepAccDirect|Government institutions - Separate accounts investing directly||Global Capital raised|Investor Type and Vehicle Type|q12||456
q114_3|CURRENCY|(GLOBAL) Government institutions - Separate accounts investing into indirect vehicles|12_24|GLOBAL_GovernmentInstitutions_SeparateAccountsIndirect|GLB_GI_SepAccIndirect|Government institutions - Separate accounts investing indirectly||Global Capital raised|Investor Type and Vehicle Type|q12||457
q114_4|CURRENCY|(GLOBAL) Government institutions - Joint ventures and club deals|12_25|GLOBAL_GovernmentInstitutions_JVs|GLB_GI_JVs|Government institutions - Joint ventures and club deals||Global Capital raised|Investor Type and Vehicle Type|q12||458
q114_5|CURRENCY|(GLOBAL) Government institutions - Funds of funds|12_26|GLOBAL_GovernmentInstitutions_FundsOfFunds|GLB_GI_FOF|Government institutions - Funds of funds||Global Capital raised|Investor Type and Vehicle Type|q12||459
q114_6|CURRENCY|(GLOBAL) Government institutions - Non-listed debt products|12_27|GLOBAL_GovernmentInstitutions_Debt|GLB_GI_Debt|Government institutions - Non-listed debt products||Global Capital raised|Investor Type and Vehicle Type|q12||460
q11ROW4_hidden|CURRENCY|(GLOBAL) Government institutions TOTAL|12_28|GLOBAL_GovernmentInstitutions_VehicleType_Total|GLB_GI_VT_Total|Government institutions - Vehicle type total||Global Capital raised|Investor Type and Vehicle Type|q12||461
q115_1|CURRENCY|(GLOBAL) Charities, foundations, non-profit organisations - Non-listed/ commingled real estate funds/private REITs|12_29|GLOBAL_CharitiesFoundationsNonProfitOrganizations_NonListedFunds|GLB_CF&NPO_NLF|Charities, foundations & non-profit organisations - Non-listed fund||Global Capital raised|Investor Type and Vehicle Type|q12||462
q115_2|CURRENCY|(GLOBAL) Charities, foundations, non-profit organisations - Separate accounts investing directly into real estate|12_30|GLOBAL_CharitiesFoundationsNonProfitOrganizations_SeparateAccountsDirect|GLB_CF&NPO_SepAccDirect|Charities, foundations & non-profit organisations - Separate accounts investing directly||Global Capital raised|Investor Type and Vehicle Type|q12||463
q115_3|CURRENCY|(GLOBAL) Charities, foundations, non-profit organisations - Separate accounts investing into indirect vehicles|12_31|GLOBAL_CharitiesFoundationsNonProfitOrganizations_SeparateAccountsIndirect|GLB_CF&NPO_SepAccIndirect|Charities, foundations & non-profit organisations - Separate accounts investing indirectly||Global Capital raised|Investor Type and Vehicle Type|q12||464
q115_4|CURRENCY|(GLOBAL) Charities, foundations, non-profit organisations - Joint ventures and club deals|12_32|GLOBAL_CharitiesFoundationsNonProfitOrganizations_JVs|GLB_CF&NPO_JVs|Charities, foundations & non-profit organisations - Joint ventures and club deals||Global Capital raised|Investor Type and Vehicle Type|q12||465
q115_5|CURRENCY|(GLOBAL) Charities, foundations, non-profit organisations - Funds of funds|12_33|GLOBAL_CharitiesFoundationsNonProfitOrganizations_FundsOfFunds|GLB_CF&NPO_FOF|Charities, foundations & non-profit organisations - Funds of funds||Global Capital raised|Investor Type and Vehicle Type|q12||466
q115_6|CURRENCY|(GLOBAL) Charities, foundations, non-profit organisations - Non-listed debt products|12_34|GLOBAL_CharitiesFoundationsNonProfitOrganizations_Debt|GLB_CF&NPO_Debt|Charities, foundations & non-profit organisations - Non-listed debt products||Global Capital raised|Investor Type and Vehicle Type|q12||467
q11ROW5_hidden|CURRENCY|(GLOBAL) Charities, foundations, non-profit organisations  TOTAL|12_35|GLOBAL_CharitiesFoundationsNonProfitOrganizations_VehicleType_Total|GLB_CF&NPO_VT_Total|Charities, foundations & non-profit organisations - Vehicle type total||Global Capital raised|Investor Type and Vehicle Type|q12||468
q116_1|CURRENCY|(GLOBAL) Funds of funds - Non-listed/ commingled real estate funds/private REITs|12_36|GLOBAL_FundsOfFunds_NonListedFunds|GLB_FOF_NLF|Funds of funds - Non-listed fund||Global Capital raised|Investor Type and Vehicle Type|q12||469
q116_2|CURRENCY|(GLOBAL) Funds of funds - Separate accounts investing directly into real estate|12_37|GLOBAL_FundsOfFunds_SeparateAccountsDirect|GLB_FOF_SepAccDirect|Funds of funds - Separate accounts investing directly||Global Capital raised|Investor Type and Vehicle Type|q12||470
q116_3|CURRENCY|(GLOBAL) Funds of funds - Separate accounts investing into indirect vehicles|12_38|GLOBAL_FundsOfFunds_SeparateAccountsIndirect|GLB_FOF_SepAccIndirect|Funds of funds - Separate accounts investing indirectly||Global Capital raised|Investor Type and Vehicle Type|q12||471
q116_4|CURRENCY|(GLOBAL) Funds of funds - Joint ventures and club deals|12_39|GLOBAL_FundsOfFunds_JVs|GLB_FOF_JVs|Funds of funds - Joint ventures and club deals||Global Capital raised|Investor Type and Vehicle Type|q12||472
q116_5|CURRENCY|(GLOBAL) Funds of funds - Funds of funds|12_40|GLOBAL_FundsOfFunds_FundsOfFunds|GLB_FOF_FOF|Funds of funds - Funds of funds||Global Capital raised|Investor Type and Vehicle Type|q12||473
q116_6|CURRENCY|(GLOBAL) Funds of funds - Non-listed debt products|12_41|GLOBAL_FundsOfFunds_Debt|GLB_FOF_Debt|Funds of funds - Non-listed debt products||Global Capital raised|Investor Type and Vehicle Type|q12||474
q11ROW6_hidden|CURRENCY|(GLOBAL) Funds of funds TOTAL|12_42|GLOBAL_FundsOfFunds_VehicleType_Total|GLB_FOF_VT_Total|Funds of funds - Vehicle type total||Global Capital raised|Investor Type and Vehicle Type|q12||475
q117_1|CURRENCY|(GLOBAL) High net worth individuals /Family offices - Non-listed/ commingled real estate funds/private REITs|12_43|GLOBAL_HighnetWorthIndividualsFamilyOffices_NonListedFunds|GLB_HNWI/FO_NLF|Hign net worth individuals/Family offices - Non-listed fund||Global Capital raised|Investor Type and Vehicle Type|q12||476
q117_2|CURRENCY|(GLOBAL) High net worth individuals /Family offices - Separate accounts investing directly into real estate|12_44|GLOBAL_HighnetWorthIndividualsFamilyOffices_SeparateAccountsDirect|GLB_HNWI/FO_SepAccDirect|Hign net worth individuals/Family offices - Separate accounts investing directly||Global Capital raised|Investor Type and Vehicle Type|q12||477
q117_3|CURRENCY|(GLOBAL) High net worth individuals /Family offices - Separate accounts investing into indirect vehicles|12_45|GLOBAL_HighnetWorthIndividualsFamilyOffices_SeparateAccountsIndirect|GLB_HNWI/FO_SepAccIndirect|Hign net worth individuals/Family offices - Separate accounts investing indirectly||Global Capital raised|Investor Type and Vehicle Type|q12||478
q117_4|CURRENCY|(GLOBAL) High net worth individuals /Family offices - Joint ventures and club deals|12_46|GLOBAL_HighnetWorthIndividualsFamilyOffices_JVs|GLB_HNWI/FO_JVs|Hign net worth individuals/Family offices - Joint ventures and club deals||Global Capital raised|Investor Type and Vehicle Type|q12||479
q117_5|CURRENCY|(GLOBAL) High net worth individuals /Family offices - Funds of funds|12_47|GLOBAL_HighnetWorthIndividualsFamilyOffices_FundsOfFunds|GLB_HNWI/FO_FOF|Hign net worth individuals/Family offices - Funds of funds||Global Capital raised|Investor Type and Vehicle Type|q12||480
q117_6|CURRENCY|(GLOBAL) High net worth individuals /Family offices - Non-listed debt products|12_48|GLOBAL_HighnetWorthIndividualsFamilyOffices_Debt|GLB_HNWI/FO_Debt|Hign net worth individuals/Family offices - Non-listed debt products||Global Capital raised|Investor Type and Vehicle Type|q12||481
q11ROW7_hidden|CURRENCY|(GLOBAL) High net worth individuals /Family offices TOTAL|12_49|GLOBAL_HighnetWorthIndividualsFamilyOffices_VehicleType_Total|GLB_HNWI/FO_VT_Total|Hign net worth individuals/Family offices - Vehicle type total||Global Capital raised|Investor Type and Vehicle Type|q12||482
q11other|TEXT|(GLOBAL) Other (please specify)|12_50|GLOBAL_OtherInvestorTypetext|GLB_OtherITText|Other investor type||Global Capital raised|Investor Type and Vehicle Type|q12||483
q118_1|CURRENCY|(GLOBAL) Other - Non-listed/ commingled real estate funds/private REITs|12_51|GLOBAL_OtherInvestorType_NonListedFunds|GLB_OtherIT_NLF|Other investor type - Non-listed fund||Global Capital raised|Investor Type and Vehicle Type|q12||484
q118_2|CURRENCY|(GLOBAL) Other - Separate accounts investing directly into real estate|12_52|GLOBAL_OtherInvestorType_SeparateAccountsDirect|GLB_OtherIT_SepAccDirect|Other investor type - Separate accounts investing directly||Global Capital raised|Investor Type and Vehicle Type|q12||485
q118_3|CURRENCY|(GLOBAL) Other - Separate accounts investing into indirect vehicles|12_53|GLOBAL_OtherInvestorType_SeparateAccountsIndirect|GLB_OtherIT_SepAccIndirect|Other investor type - Separate accounts investing indirectly||Global Capital raised|Investor Type and Vehicle Type|q12||486
q118_4|CURRENCY|(GLOBAL) Other - Joint ventures and club deals|12_54|GLOBAL_OtherInvestorType_JVs|GLB_OtherIT_JVs|Other investor type - Joint ventures and club deals||Global Capital raised|Investor Type and Vehicle Type|q12||487
q118_5|CURRENCY|(GLOBAL) Other - Funds of funds|12_55|GLOBAL_OtherInvestorType_FundsOfFunds|GLB_OtherIT_FOF|Other investor type - Funds of funds||Global Capital raised|Investor Type and Vehicle Type|q12||488
q118_6|CURRENCY|(GLOBAL) Other - Non-listed debt products|12_56|GLOBAL_OtherInvestorType_Debt|GLB_OtherIT_Debt|Other investor type - Non-listed debt products||Global Capital raised|Investor Type and Vehicle Type|q12||489
q11ROW8_hidden|CURRENCY|(GLOBAL) Other TOTAL|12_57|GLOBAL_OtherInvestorType_VehicleType_Total|GLB_OtherIT_VT_Total|Other investor type - Vehicle type total||Global Capital raised|Investor Type and Vehicle Type|q12||490
q11COL1_hidden|CURRENCY|(GLOBAL) Non-listed/ commingled real estate funds/private REITs TOTAL|12_58|GLOBAL_InvestorType_NonListedFunds_Total|GLB_IT_NLF_Total|Investor type - Non-listed fund total||Global Capital raised|Investor Type and Vehicle Type|q12||491
q11COL2_hidden|CURRENCY|(GLOBAL) Separate accounts investing directly into real estate TOTAL|12_59|GLOBAL_InvestorType_SeparateAccountsDirect_Total|GLB_IT_SepAccDirect_Total|Investor type - Separate accounts investing directly total||Global Capital raised|Investor Type and Vehicle Type|q12||492
q11COL3_hidden|CURRENCY|(GLOBAL) Separate accounts investing into indirect vehicles TOTAL|12_60|GLOBAL_InvestorType_SeparateAccountsIndirect_Total|GLB_IT_SepAccIndirect_Total|Investor type - Separate accounts investing indirectly total||Global Capital raised|Investor Type and Vehicle Type|q12||493
q11COL4_hidden|CURRENCY|(GLOBAL) Joint ventures and club deals TOTAL|12_61|GLOBAL_InvestorType_JVs_Total|GLB_IT_JVs_Total|Investor type - Joint ventures and club deals total||Global Capital raised|Investor Type and Vehicle Type|q12||494
q11COL5_hidden|CURRENCY|(GLOBAL) Funds of funds TOTAL|12_62|GLOBAL_InvestorType_FundsOfFunds_Total|GLB_IT_FOF_Total|Investor type - Funds of funds total||Global Capital raised|Investor Type and Vehicle Type|q12||495
q11COL6_hidden|CURRENCY|(GLOBAL) Non-listed debt products TOTAL|12_63|GLOBAL_InvestorType_Debt_Total|GLB_IT_Debt_Total|Investor type - Non-listed debt products total||Global Capital raised|Investor Type and Vehicle Type|q12||496
q11GRANDTotal_hidden|CURRENCY|(GLOBAL) Total capital  raised in 2015 from Global strategy|12_64|GLOBAL_InvestorType_VehicleType_Total|GLB_IT_VT_Total|Investor type - Vehicle type total||Global Capital raised|Investor Type and Vehicle Type|q12||497
||For your South American* strategy, how much capital did your company raise in 2015?|13|||||||||498
q121_1|CURRENCY|(SOUTH AMERICA) Pension funds - Non-listed/ commingled real estate funds/private REITs|13_1|SA_PensionFunds_NonListedFunds|SA_PF_NLF|Pension funds - Non-listed fund||SA Capital raised|Investor Type and Vehicle Type|q13||499
q121_2|CURRENCY|(SOUTH AMERICA) Pension funds - Separate accounts investing directly into real estate|13_2|SA_PensionFunds_SeparateAccountsDirect|SA_PF_SepAccDirect|Pension funds - Separate accounts investing directly||SA Capital raised|Investor Type and Vehicle Type|q13||500
q121_3|CURRENCY|(SOUTH AMERICA) Pension funds - Separate accounts investing into indirect vehicles|13_3|SA_PensionFunds_SeparateAccountsIndirect|SA_PF_SepAccIndirect|Pension funds - Separate accounts investing indirectly||SA Capital raised|Investor Type and Vehicle Type|q13||501
q121_4|CURRENCY|(SOUTH AMERICA) Pension funds - Joint ventures and club deals|13_4|SA_PensionFunds_JVs|SA_PF_JVs|Pension funds - Joint ventures and club deals||SA Capital raised|Investor Type and Vehicle Type|q13||502
q121_5|CURRENCY|(SOUTH AMERICA) Pension funds - Funds of funds|13_5|SA_PensionFunds_FundsOfFunds|SA_PF_FOF|Pension funds - Funds of funds||SA Capital raised|Investor Type and Vehicle Type|q13||503
q121_6|CURRENCY|(SOUTH AMERICA) Pension funds - Non-listed debt products|13_6|SA_PensionFunds_Debt|SA_PF_Debt|Pension funds - Non-listed debt products||SA Capital raised|Investor Type and Vehicle Type|q13||504
q12ROW1_hidden|CURRENCY|(SOUTH AMERICA) Pension funds TOTAL|13_7|SA_PensionFunds_VehicleType_Total|SA_PF_VT_Total|Pension funds - Vehicle type total||SA Capital raised|Investor Type and Vehicle Type|q13||505
q122_1|CURRENCY|(SOUTH AMERICA) Insurance companies - Non-listed/ commingled real estate funds/private REITs|13_8|SA_InsuranceCompanies_NonListedFunds|SA_IC_NLF|Insurance companies - Non-listed fund||SA Capital raised|Investor Type and Vehicle Type|q13||506
q122_2|CURRENCY|(SOUTH AMERICA) Insurance companies - Separate accounts investing directly into real estate|13_9|SA_InsuranceCompanies_SeparateAccountsDirect|SA_IC_SepAccDirect|Insurance companies - Separate accounts investing directly||SA Capital raised|Investor Type and Vehicle Type|q13||507
q122_3|CURRENCY|(SOUTH AMERICA) Insurance companies - Separate accounts investing into indirect vehicles|13_10|SA_InsuranceCompanies_SeparateAccountsIndirect|SA_IC_SepAccIndirect|Insurance companies - Separate accounts investing indirectly||SA Capital raised|Investor Type and Vehicle Type|q13||508
q122_4|CURRENCY|(SOUTH AMERICA) Insurance companies - Joint ventures and club deals|13_11|SA_InsuranceCompanies_JVs|SA_IC_JVs|Insurance companies - Joint ventures and club deals||SA Capital raised|Investor Type and Vehicle Type|q13||509
q122_5|CURRENCY|(SOUTH AMERICA) Insurance companies - Funds of funds|13_12|SA_InsuranceCompanies_FundsOfFunds|SA_IC_FOF|Insurance companies - Funds of funds||SA Capital raised|Investor Type and Vehicle Type|q13||510
q122_6|CURRENCY|(SOUTH AMERICA) Insurance companies - Non-listed debt products|13_13|SA_InsuranceCompanies_Debt|SA_IC_Debt|Insurance companies - Non-listed debt products||SA Capital raised|Investor Type and Vehicle Type|q13||511
q12ROW2_hidden|CURRENCY|(SOUTH AMERICA) Insurance companies TOTAL|13_14|SA_InsuranceCompanies_VehicleType_Total|SA_IC_VT_Total|Insurance companies - Vehicle type total||SA Capital raised|Investor Type and Vehicle Type|q13||512
q123_1|CURRENCY|(SOUTH AMERICA) Sovereign wealth funds - Non-listed/ commingled real estate funds/private REITs|13_15|SA_SovereignWealthFunds_NonListedFunds|SA_SWF_NLF|Sovereign wealth funds - Non-listed fund||SA Capital raised|Investor Type and Vehicle Type|q13||513
q123_2|CURRENCY|(SOUTH AMERICA) Sovereign wealth funds - Separate accounts investing directly into real estate|13_16|SA_SovereignWealthFunds_SeparateAccountsDirect|SA_SWF_SepAccDirect|Sovereign wealth funds - Separate accounts investing directly||SA Capital raised|Investor Type and Vehicle Type|q13||514
q123_3|CURRENCY|(SOUTH AMERICA) Sovereign wealth funds - Separate accounts investing into indirect vehicles|13_17|SA_SovereignWealthFunds_SeparateAccountsIndirect|SA_SWF_SepAccIndirect|Sovereign wealth funds - Separate accounts investing indirectly||SA Capital raised|Investor Type and Vehicle Type|q13||515
q123_4|CURRENCY|(SOUTH AMERICA) Sovereign wealth funds - Joint ventures and club deals|13_18|SA_SovereignWealthFunds_JVs|SA_SWF_JVs|Sovereign wealth funds - Joint ventures and club deals||SA Capital raised|Investor Type and Vehicle Type|q13||516
q123_5|CURRENCY|(SOUTH AMERICA) Sovereign wealth funds - Funds of funds|13_19|SA_SovereignWealthFunds_FundsOfFunds|SA_SWF_FOF|Sovereign wealth funds - Funds of funds||SA Capital raised|Investor Type and Vehicle Type|q13||517
q123_6|CURRENCY|(SOUTH AMERICA) Sovereign wealth funds - Non-listed debt products|13_20|SA_SovereignWealthFunds_Debt|SA_SWF_Debt|Sovereign wealth funds - Non-listed debt products||SA Capital raised|Investor Type and Vehicle Type|q13||518
q12ROW3_hidden|CURRENCY|(SOUTH AMERICA) Sovereign wealth funds TOTAL|13_21|SA_SovereignWealthFunds_VehicleType_Total|SA_SWF_VT_Total|Sovereign wealth funds - Vehicle type total||SA Capital raised|Investor Type and Vehicle Type|q13||519
q124_1|CURRENCY|(SOUTH AMERICA) Government institutions - Non-listed/ commingled real estate funds/private REITs|13_22|SA_GovernmentInstitutions_NonListedFunds|SA_GI_NLF|Government institutions - Non-listed fund||SA Capital raised|Investor Type and Vehicle Type|q13||520
q124_2|CURRENCY|(SOUTH AMERICA) Government institutions - Separate accounts investing directly into real estate|13_23|SA_GovernmentInstitutions_SeparateAccountsDirect|SA_GI_SepAccDirect|Government institutions - Separate accounts investing directly||SA Capital raised|Investor Type and Vehicle Type|q13||521
q124_3|CURRENCY|(SOUTH AMERICA) Government institutions - Separate accounts investing into indirect vehicles|13_24|SA_GovernmentInstitutions_SeparateAccountsIndirect|SA_GI_SepAccIndirect|Government institutions - Separate accounts investing indirectly||SA Capital raised|Investor Type and Vehicle Type|q13||522
q124_4|CURRENCY|(SOUTH AMERICA) Government institutions - Joint ventures and club deals|13_25|SA_GovernmentInstitutions_JVs|SA_GI_JVs|Government institutions - Joint ventures and club deals||SA Capital raised|Investor Type and Vehicle Type|q13||523
q124_5|CURRENCY|(SOUTH AMERICA) Government institutions - Funds of funds|13_26|SA_GovernmentInstitutions_FundsOfFunds|SA_GI_FOF|Government institutions - Funds of funds||SA Capital raised|Investor Type and Vehicle Type|q13||524
q124_6|CURRENCY|(SOUTH AMERICA) Government institutions - Non-listed debt products|13_27|SA_GovernmentInstitutions_Debt|SA_GI_Debt|Government institutions - Non-listed debt products||SA Capital raised|Investor Type and Vehicle Type|q13||525
q12ROW4_hidden|CURRENCY|(SOUTH AMERICA) Government institutions TOTAL|13_28|SA_GovernmentInstitutions_VehicleType_Total|SA_GI_VT_Total|Government institutions - Vehicle type total||SA Capital raised|Investor Type and Vehicle Type|q13||526
q125_1|CURRENCY|(SOUTH AMERICA) Charities, foundations, non-profit organisations - Non-listed/ commingled real estate funds/private REITs|13_29|SA_CharitiesFoundationsNonProfitOrganizations_NonListedFunds|SA_CF&NPO_NLF|Charities, foundations & non-profit organisations - Non-listed fund||SA Capital raised|Investor Type and Vehicle Type|q13||527
q125_2|CURRENCY|(SOUTH AMERICA) Charities, foundations, non-profit organisations - Separate accounts investing directly into real estate|13_30|SA_CharitiesFoundationsNonProfitOrganizations_SeparateAccountsDirect|SA_CF&NPO_SepAccDirect|Charities, foundations & non-profit organisations - Separate accounts investing directly||SA Capital raised|Investor Type and Vehicle Type|q13||528
q125_3|CURRENCY|(SOUTH AMERICA) Charities, foundations, non-profit organisations - Separate accounts investing into indirect vehicles|13_31|SA_CharitiesFoundationsNonProfitOrganizations_SeparateAccountsIndirect|SA_CF&NPO_SepAccIndirect|Charities, foundations & non-profit organisations - Separate accounts investing indirectly||SA Capital raised|Investor Type and Vehicle Type|q13||529
q125_4|CURRENCY|(SOUTH AMERICA) Charities, foundations, non-profit organisations - Joint ventures and club deals|13_32|SA_CharitiesFoundationsNonProfitOrganizations_JVs|SA_CF&NPO_JVs|Charities, foundations & non-profit organisations - Joint ventures and club deals||SA Capital raised|Investor Type and Vehicle Type|q13||530
q125_5|CURRENCY|(SOUTH AMERICA) Charities, foundations, non-profit organisations - Funds of funds|13_33|SA_CharitiesFoundationsNonProfitOrganizations_FundsOfFunds|SA_CF&NPO_FOF|Charities, foundations & non-profit organisations - Funds of funds||SA Capital raised|Investor Type and Vehicle Type|q13||531
q125_6|CURRENCY|(SOUTH AMERICA) Charities, foundations, non-profit organisations - Non-listed debt products|13_34|SA_CharitiesFoundationsNonProfitOrganizations_Debt|SA_CF&NPO_Debt|Charities, foundations & non-profit organisations - Non-listed debt products||SA Capital raised|Investor Type and Vehicle Type|q13||532
q12ROW5_hidden|CURRENCY|(SOUTH AMERICA) Charities, foundations, non-profit organisations  TOTAL|13_35|SA_CharitiesFoundationsNonProfitOrganizations_VehicleType_Total|SA_CF&NPO_VT_Total|Charities, foundations & non-profit organisations - Vehicle type total||SA Capital raised|Investor Type and Vehicle Type|q13||533
q126_1|CURRENCY|(SOUTH AMERICA) Funds of funds - Non-listed/ commingled real estate funds/private REITs|13_36|SA_FundsOfFunds_NonListedFunds|SA_FOF_NLF|Funds of funds - Non-listed fund||SA Capital raised|Investor Type and Vehicle Type|q13||534
q126_2|CURRENCY|(SOUTH AMERICA) Funds of funds - Separate accounts investing directly into real estate|13_37|SA_FundsOfFunds_SeparateAccountsDirect|SA_FOF_SepAccDirect|Funds of funds - Separate accounts investing directly||SA Capital raised|Investor Type and Vehicle Type|q13||535
q126_3|CURRENCY|(SOUTH AMERICA) Funds of funds - Separate accounts investing into indirect vehicles|13_38|SA_FundsOfFunds_SeparateAccountsIndirect|SA_FOF_SepAccIndirect|Funds of funds - Separate accounts investing indirectly||SA Capital raised|Investor Type and Vehicle Type|q13||536
q126_4|CURRENCY|(SOUTH AMERICA) Funds of funds - Joint ventures and club deals|13_39|SA_FundsOfFunds_JVs|SA_FOF_JVs|Funds of funds - Joint ventures and club deals||SA Capital raised|Investor Type and Vehicle Type|q13||537
q126_5|CURRENCY|(SOUTH AMERICA) Funds of funds - Funds of funds|13_40|SA_FundsOfFunds_FundsOfFunds|SA_FOF_FOF|Funds of funds - Funds of funds||SA Capital raised|Investor Type and Vehicle Type|q13||538
q126_6|CURRENCY|(SOUTH AMERICA) Funds of funds - Non-listed debt products|13_41|SA_FundsOfFunds_Debt|SA_FOF_Debt|Funds of funds - Non-listed debt products||SA Capital raised|Investor Type and Vehicle Type|q13||539
q12ROW6_hidden|CURRENCY|(SOUTH AMERICA) Funds of funds TOTAL|13_42|SA_FundsOfFunds_VehicleType_Total|SA_FOF_VT_Total|Funds of funds - Vehicle type total||SA Capital raised|Investor Type and Vehicle Type|q13||540
q127_1|CURRENCY|(SOUTH AMERICA) High net worth individuals /Family offices - Non-listed/ commingled real estate funds/private REITs|13_43|SA_HighnetWorthIndividualsFamilyOffices_NonListedFunds|SA_HNWI/FO_NLF|Hign net worth individuals/Family offices - Non-listed fund||SA Capital raised|Investor Type and Vehicle Type|q13||541
q127_2|CURRENCY|(SOUTH AMERICA) High net worth individuals /Family offices - Separate accounts investing directly into real estate|13_44|SA_HighnetWorthIndividualsFamilyOffices_SeparateAccountsDirect|SA_HNWI/FO_SepAccDirect|Hign net worth individuals/Family offices - Separate accounts investing directly||SA Capital raised|Investor Type and Vehicle Type|q13||542
q127_3|CURRENCY|(SOUTH AMERICA) High net worth individuals /Family offices - Separate accounts investing into indirect vehicles|13_45|SA_HighnetWorthIndividualsFamilyOffices_SeparateAccountsIndirect|SA_HNWI/FO_SepAccIndirect|Hign net worth individuals/Family offices - Separate accounts investing indirectly||SA Capital raised|Investor Type and Vehicle Type|q13||543
q127_4|CURRENCY|(SOUTH AMERICA) High net worth individuals /Family offices - Joint ventures and club deals|13_46|SA_HighnetWorthIndividualsFamilyOffices_JVs|SA_HNWI/FO_JVs|Hign net worth individuals/Family offices - Joint ventures and club deals||SA Capital raised|Investor Type and Vehicle Type|q13||544
q127_5|CURRENCY|(SOUTH AMERICA) High net worth individuals /Family offices - Funds of funds|13_47|SA_HighnetWorthIndividualsFamilyOffices_FundsOfFunds|SA_HNWI/FO_FOF|Hign net worth individuals/Family offices - Funds of funds||SA Capital raised|Investor Type and Vehicle Type|q13||545
q127_6|CURRENCY|(SOUTH AMERICA) High net worth individuals /Family offices - Non-listed debt products|13_48|SA_HighnetWorthIndividualsFamilyOffices_Debt|SA_HNWI/FO_Debt|Hign net worth individuals/Family offices - Non-listed debt products||SA Capital raised|Investor Type and Vehicle Type|q13||546
q12ROW7_hidden|CURRENCY|(SOUTH AMERICA) High net worth individuals /Family offices TOTAL|13_49|SA_HighnetWorthIndividualsFamilyOffices_VehicleType_Total|SA_HNWI/FO_VT_Total|Hign net worth individuals/Family offices - Vehicle type total||SA Capital raised|Investor Type and Vehicle Type|q13||547
q12other|TEXT|(SOUTH AMERICA) Other (please specify)|13_50|SA_OtherInvestorTypetext|SA_OtherITText|Other investor type||SA Capital raised|Investor Type and Vehicle Type|q13||548
q128_1|CURRENCY|(SOUTH AMERICA) Other - Non-listed/ commingled real estate funds/private REITs|13_51|SA_OtherInvestorType_NonListedFunds|SA_OtherIT_NLF|Other investor type - Non-listed fund||SA Capital raised|Investor Type and Vehicle Type|q13||549
q128_2|CURRENCY|(SOUTH AMERICA) Other - Separate accounts investing directly into real estate|13_52|SA_OtherInvestorType_SeparateAccountsDirect|SA_OtherIT_SepAccDirect|Other investor type - Separate accounts investing directly||SA Capital raised|Investor Type and Vehicle Type|q13||550
q128_3|CURRENCY|(SOUTH AMERICA) Other - Separate accounts investing into indirect vehicles|13_53|SA_OtherInvestorType_SeparateAccountsIndirect|SA_OtherIT_SepAccIndirect|Other investor type - Separate accounts investing indirectly||SA Capital raised|Investor Type and Vehicle Type|q13||551
q128_4|CURRENCY|(SOUTH AMERICA) Other - Joint ventures and club deals|13_54|SA_OtherInvestorType_JVs|SA_OtherIT_JVs|Other investor type - Joint ventures and club deals||SA Capital raised|Investor Type and Vehicle Type|q13||552
q128_5|CURRENCY|(SOUTH AMERICA) Other - Funds of funds|13_55|SA_OtherInvestorType_FundsOfFunds|SA_OtherIT_FOF|Other investor type - Funds of funds||SA Capital raised|Investor Type and Vehicle Type|q13||553
q128_6|CURRENCY|(SOUTH AMERICA) Other - Non-listed debt products|13_56|SA_OtherInvestorType_Debt|SA_OtherIT_Debt|Other investor type - Non-listed debt products||SA Capital raised|Investor Type and Vehicle Type|q13||554
q12ROW8_hidden|CURRENCY|(SOUTH AMERICA) Other TOTAL|13_57|SA_OtherInvestorType_VehicleType_Total|SA_OtherIT_VT_Total|Other investor type - Vehicle type total||SA Capital raised|Investor Type and Vehicle Type|q13||555
q12COL1_hidden|CURRENCY|(SOUTH AMERICA) Non-listed/ commingled real estate funds/private REITs TOTAL|13_58|SA_InvestorType_NonListedFunds_Total|SA_IT_NLF_Total|Investor type - Non-listed fund total||SA Capital raised|Investor Type and Vehicle Type|q13||556
q12COL2_hidden|CURRENCY|(SOUTH AMERICA) Separate accounts investing directly into real estate TOTAL|13_59|SA_InvestorType_SeparateAccountsDirect_Total|SA_IT_SepAccDirect_Total|Investor type - Separate accounts investing directly total||SA Capital raised|Investor Type and Vehicle Type|q13||557
q12COL3_hidden|CURRENCY|(SOUTH AMERICA) Separate accounts investing into indirect vehicles TOTAL|13_60|SA_InvestorType_SeparateAccountsIndirect_Total|SA_IT_SepAccIndirect_Total|Investor type - Separate accounts investing indirectly total||SA Capital raised|Investor Type and Vehicle Type|q13||558
q12COL4_hidden|CURRENCY|(SOUTH AMERICA) Joint ventures and club deals TOTAL|13_61|SA_InvestorType_JVs_Total|SA_IT_JVs_Total|Investor type - Joint ventures and club deals total||SA Capital raised|Investor Type and Vehicle Type|q13||559
q12COL5_hidden|CURRENCY|(SOUTH AMERICA) Funds of funds TOTAL|13_62|SA_InvestorType_FundsOfFunds_Total|SA_IT_FOF_Total|Investor type - Funds of funds total||SA Capital raised|Investor Type and Vehicle Type|q13||560
q12COL6_hidden|CURRENCY|(SOUTH AMERICA) Non-listed debt products TOTAL|13_63|SA_InvestorType_Debt_Total|SA_IT_Debt_Total|Investor type - Non-listed debt products total||SA Capital raised|Investor Type and Vehicle Type|q13||561
q12GRANDTotal_hidden|CURRENCY|(SOUTH AMERICA) Total capital  raised in 2015 from South American strategy|13_64|SA_InvestorType_VehicleType_Total|SA_IT_VT_Total|Investor type - Vehicle type total||SA Capital raised|Investor Type and Vehicle Type|q13||562
||For your Africa* strategy, how much capital did your company raise in 2015?|14|||||||||563
q131_1|CURRENCY|(AFRICA) Pension funds - Non-listed/ commingled real estate funds/private REITs|14_1|AFRICA_PensionFunds_NonListedFunds|AFR_PF_NLF|Pension funds - Non-listed fund||Africa Capital raised|Investor Type and Vehicle Type|q14||564
q131_2|CURRENCY|(AFRICA) Pension funds - Separate accounts investing directly into real estate|14_2|AFRICA_PensionFunds_SeparateAccountsDirect|AFR_PF_SepAccDirect|Pension funds - Separate accounts investing directly||Africa Capital raised|Investor Type and Vehicle Type|q14||565
q131_3|CURRENCY|(AFRICA) Pension funds - Separate accounts investing into indirect vehicles|14_3|AFRICA_PensionFunds_SeparateAccountsIndirect|AFR_PF_SepAccIndirect|Pension funds - Separate accounts investing indirectly||Africa Capital raised|Investor Type and Vehicle Type|q14||566
q131_4|CURRENCY|(AFRICA) Pension funds - Joint ventures and club deals|14_4|AFRICA_PensionFunds_JVs|AFR_PF_JVs|Pension funds - Joint ventures and club deals||Africa Capital raised|Investor Type and Vehicle Type|q14||567
q131_5|CURRENCY|(AFRICA) Pension funds - Funds of funds|14_5|AFRICA_PensionFunds_FundsOfFunds|AFR_PF_FOF|Pension funds - Funds of funds||Africa Capital raised|Investor Type and Vehicle Type|q14||568
q131_6|CURRENCY|(AFRICA) Pension funds - Non-listed debt products|14_6|AFRICA_PensionFunds_Debt|AFR_PF_Debt|Pension funds - Non-listed debt products||Africa Capital raised|Investor Type and Vehicle Type|q14||569
q13ROW1_hidden|CURRENCY|(AFRICA) Pension funds TOTAL|14_7|AFRICA_PensionFunds_VehicleType_Total|AFR_PF_VT_Total|Pension funds - Vehicle type total||Africa Capital raised|Investor Type and Vehicle Type|q14||570
q132_1|CURRENCY|(AFRICA) Insurance companies - Non-listed/ commingled real estate funds/private REITs|14_8|AFRICA_InsuranceCompanies_NonListedFunds|AFR_IC_NLF|Insurance companies - Non-listed fund||Africa Capital raised|Investor Type and Vehicle Type|q14||571
q132_2|CURRENCY|(AFRICA) Insurance companies - Separate accounts investing directly into real estate|14_9|AFRICA_InsuranceCompanies_SeparateAccountsDirect|AFR_IC_SepAccDirect|Insurance companies - Separate accounts investing directly||Africa Capital raised|Investor Type and Vehicle Type|q14||572
q132_3|CURRENCY|(AFRICA) Insurance companies - Separate accounts investing into indirect vehicles|14_10|AFRICA_InsuranceCompanies_SeparateAccountsIndirect|AFR_IC_SepAccIndirect|Insurance companies - Separate accounts investing indirectly||Africa Capital raised|Investor Type and Vehicle Type|q14||573
q132_4|CURRENCY|(AFRICA) Insurance companies - Joint ventures and club deals|14_11|AFRICA_InsuranceCompanies_JVs|AFR_IC_JVs|Insurance companies - Joint ventures and club deals||Africa Capital raised|Investor Type and Vehicle Type|q14||574
q132_5|CURRENCY|(AFRICA) Insurance companies - Funds of funds|14_12|AFRICA_InsuranceCompanies_FundsOfFunds|AFR_IC_FOF|Insurance companies - Funds of funds||Africa Capital raised|Investor Type and Vehicle Type|q14||575
q132_6|CURRENCY|(AFRICA) Insurance companies - Non-listed debt products|14_13|AFRICA_InsuranceCompanies_Debt|AFR_IC_Debt|Insurance companies - Non-listed debt products||Africa Capital raised|Investor Type and Vehicle Type|q14||576
q13ROW2_hidden|CURRENCY|(AFRICA) Insurance companies TOTAL|14_14|AFRICA_InsuranceCompanies_VehicleType_Total|AFR_IC_VT_Total|Insurance companies - Vehicle type total||Africa Capital raised|Investor Type and Vehicle Type|q14||577
q133_1|CURRENCY|(AFRICA) Sovereign wealth funds - Non-listed/ commingled real estate funds/private REITs|14_15|AFRICA_SovereignWealthFunds_NonListedFunds|AFR_SWF_NLF|Sovereign wealth funds - Non-listed fund||Africa Capital raised|Investor Type and Vehicle Type|q14||578
q133_2|CURRENCY|(AFRICA) Sovereign wealth funds - Separate accounts investing directly into real estate|14_16|AFRICA_SovereignWealthFunds_SeparateAccountsDirect|AFR_SWF_SepAccDirect|Sovereign wealth funds - Separate accounts investing directly||Africa Capital raised|Investor Type and Vehicle Type|q14||579
q133_3|CURRENCY|(AFRICA) Sovereign wealth funds - Separate accounts investing into indirect vehicles|14_17|AFRICA_SovereignWealthFunds_SeparateAccountsIndirect|AFR_SWF_SepAccIndirect|Sovereign wealth funds - Separate accounts investing indirectly||Africa Capital raised|Investor Type and Vehicle Type|q14||580
q133_4|CURRENCY|(AFRICA) Sovereign wealth funds - Joint ventures and club deals|14_18|AFRICA_SovereignWealthFunds_JVs|AFR_SWF_JVs|Sovereign wealth funds - Joint ventures and club deals||Africa Capital raised|Investor Type and Vehicle Type|q14||581
q133_5|CURRENCY|(AFRICA) Sovereign wealth funds - Funds of funds|14_19|AFRICA_SovereignWealthFunds_FundsOfFunds|AFR_SWF_FOF|Sovereign wealth funds - Funds of funds||Africa Capital raised|Investor Type and Vehicle Type|q14||582
q133_6|CURRENCY|(AFRICA) Sovereign wealth funds - Non-listed debt products|14_20|AFRICA_SovereignWealthFunds_Debt|AFR_SWF_Debt|Sovereign wealth funds - Non-listed debt products||Africa Capital raised|Investor Type and Vehicle Type|q14||583
q13ROW3_hidden|CURRENCY|(AFRICA) Sovereign wealth funds TOTAL|14_21|AFRICA_SovereignWealthFunds_VehicleType_Total|AFR_SWF_VT_Total|Sovereign wealth funds - Vehicle type total||Africa Capital raised|Investor Type and Vehicle Type|q14||584
q134_1|CURRENCY|(AFRICA) Government institutions - Non-listed/ commingled real estate funds/private REITs|14_22|AFRICA_GovernmentInstitutions_NonListedFunds|AFR_GI_NLF|Government institutions - Non-listed fund||Africa Capital raised|Investor Type and Vehicle Type|q14||585
q134_2|CURRENCY|(AFRICA) Government institutions - Separate accounts investing directly into real estate|14_23|AFRICA_GovernmentInstitutions_SeparateAccountsDirect|AFR_GI_SepAccDirect|Government institutions - Separate accounts investing directly||Africa Capital raised|Investor Type and Vehicle Type|q14||586
q134_3|CURRENCY|(AFRICA) Government institutions - Separate accounts investing into indirect vehicles|14_24|AFRICA_GovernmentInstitutions_SeparateAccountsIndirect|AFR_GI_SepAccIndirect|Government institutions - Separate accounts investing indirectly||Africa Capital raised|Investor Type and Vehicle Type|q14||587
q134_4|CURRENCY|(AFRICA) Government institutions - Joint ventures and club deals|14_25|AFRICA_GovernmentInstitutions_JVs|AFR_GI_JVs|Government institutions - Joint ventures and club deals||Africa Capital raised|Investor Type and Vehicle Type|q14||588
q134_5|CURRENCY|(AFRICA) Government institutions - Funds of funds|14_26|AFRICA_GovernmentInstitutions_FundsOfFunds|AFR_GI_FOF|Government institutions - Funds of funds||Africa Capital raised|Investor Type and Vehicle Type|q14||589
q134_6|CURRENCY|(AFRICA) Government institutions - Non-listed debt products|14_27|AFRICA_GovernmentInstitutions_Debt|AFR_GI_Debt|Government institutions - Non-listed debt products||Africa Capital raised|Investor Type and Vehicle Type|q14||590
q13ROW4_hidden|CURRENCY|(AFRICA) Government institutions TOTAL|14_28|AFRICA_GovernmentInstitutions_VehicleType_Total|AFR_GI_VT_Total|Government institutions - Vehicle type total||Africa Capital raised|Investor Type and Vehicle Type|q14||591
q135_1|CURRENCY|(AFRICA) Charities, foundations, non-profit organisations - Non-listed/ commingled real estate funds/private REITs|14_29|AFRICA_CharitiesFoundationsNonProfitOrganizations_NonListedFunds|AFR_CF&NPO_NLF|Charities, foundations & non-profit organisations - Non-listed fund||Africa Capital raised|Investor Type and Vehicle Type|q14||592
q135_2|CURRENCY|(AFRICA) Charities, foundations, non-profit organisations - Separate accounts investing directly into real estate|14_30|AFRICA_CharitiesFoundationsNonProfitOrganizations_SeparateAccountsDirect|AFR_CF&NPO_SepAccDirect|Charities, foundations & non-profit organisations - Separate accounts investing directly||Africa Capital raised|Investor Type and Vehicle Type|q14||593
q135_3|CURRENCY|(AFRICA) Charities, foundations, non-profit organisations - Separate accounts investing into indirect vehicles|14_31|AFRICA_CharitiesFoundationsNonProfitOrganizations_SeparateAccountsIndirect|AFR_CF&NPO_SepAccIndirect|Charities, foundations & non-profit organisations - Separate accounts investing indirectly||Africa Capital raised|Investor Type and Vehicle Type|q14||594
q135_4|CURRENCY|(AFRICA) Charities, foundations, non-profit organisations - Joint ventures and club deals|14_32|AFRICA_CharitiesFoundationsNonProfitOrganizations_JVs|AFR_CF&NPO_JVs|Charities, foundations & non-profit organisations - Joint ventures and club deals||Africa Capital raised|Investor Type and Vehicle Type|q14||595
q135_5|CURRENCY|(AFRICA) Charities, foundations, non-profit organisations - Funds of funds|14_33|AFRICA_CharitiesFoundationsNonProfitOrganizations_FundsOfFunds|AFR_CF&NPO_FOF|Charities, foundations & non-profit organisations - Funds of funds||Africa Capital raised|Investor Type and Vehicle Type|q14||596
q135_6|CURRENCY|(AFRICA) Charities, foundations, non-profit organisations - Non-listed debt products|14_34|AFRICA_CharitiesFoundationsNonProfitOrganizations_Debt|AFR_CF&NPO_Debt|Charities, foundations & non-profit organisations - Non-listed debt products||Africa Capital raised|Investor Type and Vehicle Type|q14||597
q13ROW5_hidden|CURRENCY|(AFRICA) Charities, foundations, non-profit organisations  TOTAL|14_35|AFRICA_CharitiesFoundationsNonProfitOrganizations_VehicleType_Total|AFR_CF&NPO_VT_Total|Charities, foundations & non-profit organisations - Vehicle type total||Africa Capital raised|Investor Type and Vehicle Type|q14||598
q136_1|CURRENCY|(AFRICA) Funds of funds - Non-listed/ commingled real estate funds/private REITs|14_36|AFRICA_FundsOfFunds_NonListedFunds|AFR_FOF_NLF|Funds of funds - Non-listed fund||Africa Capital raised|Investor Type and Vehicle Type|q14||599
q136_2|CURRENCY|(AFRICA) Funds of funds - Separate accounts investing directly into real estate|14_37|AFRICA_FundsOfFunds_SeparateAccountsDirect|AFR_FOF_SepAccDirect|Funds of funds - Separate accounts investing directly||Africa Capital raised|Investor Type and Vehicle Type|q14||600
q136_3|CURRENCY|(AFRICA) Funds of funds - Separate accounts investing into indirect vehicles|14_38|AFRICA_FundsOfFunds_SeparateAccountsIndirect|AFR_FOF_SepAccIndirect|Funds of funds - Separate accounts investing indirectly||Africa Capital raised|Investor Type and Vehicle Type|q14||601
q136_4|CURRENCY|(AFRICA) Funds of funds - Joint ventures and club deals|14_39|AFRICA_FundsOfFunds_JVs|AFR_FOF_JVs|Funds of funds - Joint ventures and club deals||Africa Capital raised|Investor Type and Vehicle Type|q14||602
q136_5|CURRENCY|(AFRICA) Funds of funds - Funds of funds|14_40|AFRICA_FundsOfFunds_FundsOfFunds|AFR_FOF_FOF|Funds of funds - Funds of funds||Africa Capital raised|Investor Type and Vehicle Type|q14||603
q136_6|CURRENCY|(AFRICA) Funds of funds - Non-listed debt products|14_41|AFRICA_FundsOfFunds_Debt|AFR_FOF_Debt|Funds of funds - Non-listed debt products||Africa Capital raised|Investor Type and Vehicle Type|q14||604
q13ROW6_hidden|CURRENCY|(AFRICA) Funds of funds TOTAL|14_42|AFRICA_FundsOfFunds_VehicleType_Total|AFR_FOF_VT_Total|Funds of funds - Vehicle type total||Africa Capital raised|Investor Type and Vehicle Type|q14||605
q137_1|CURRENCY|(AFRICA) High net worth individuals /Family offices - Non-listed/ commingled real estate funds/private REITs|14_43|AFRICA_HighnetWorthIndividualsFamilyOffices_NonListedFunds|AFR_HNWI/FO_NLF|Hign net worth individuals/Family offices - Non-listed fund||Africa Capital raised|Investor Type and Vehicle Type|q14||606
q137_2|CURRENCY|(AFRICA) High net worth individuals /Family offices - Separate accounts investing directly into real estate|14_44|AFRICA_HighnetWorthIndividualsFamilyOffices_SeparateAccountsDirect|AFR_HNWI/FO_SepAccDirect|Hign net worth individuals/Family offices - Separate accounts investing directly||Africa Capital raised|Investor Type and Vehicle Type|q14||607
q137_3|CURRENCY|(AFRICA) High net worth individuals /Family offices - Separate accounts investing into indirect vehicles|14_45|AFRICA_HighnetWorthIndividualsFamilyOffices_SeparateAccountsIndirect|AFR_HNWI/FO_SepAccIndirect|Hign net worth individuals/Family offices - Separate accounts investing indirectly||Africa Capital raised|Investor Type and Vehicle Type|q14||608
q137_4|CURRENCY|(AFRICA) High net worth individuals /Family offices - Joint ventures and club deals|14_46|AFRICA_HighnetWorthIndividualsFamilyOffices_JVs|AFR_HNWI/FO_JVs|Hign net worth individuals/Family offices - Joint ventures and club deals||Africa Capital raised|Investor Type and Vehicle Type|q14||609
q137_5|CURRENCY|(AFRICA) High net worth individuals /Family offices - Funds of funds|14_47|AFRICA_HighnetWorthIndividualsFamilyOffices_FundsOfFunds|AFR_HNWI/FO_FOF|Hign net worth individuals/Family offices - Funds of funds||Africa Capital raised|Investor Type and Vehicle Type|q14||610
q137_6|CURRENCY|(AFRICA) High net worth individuals /Family offices - Non-listed debt products|14_48|AFRICA_HighnetWorthIndividualsFamilyOffices_Debt|AFR_HNWI/FO_Debt|Hign net worth individuals/Family offices - Non-listed debt products||Africa Capital raised|Investor Type and Vehicle Type|q14||611
q13ROW7_hidden|CURRENCY|(AFRICA) High net worth individuals /Family offices TOTAL|14_49|AFRICA_HighnetWorthIndividualsFamilyOffices_VehicleType_Total|AFR_HNWI/FO_VT_Total|Hign net worth individuals/Family offices - Vehicle type total||Africa Capital raised|Investor Type and Vehicle Type|q14||612
q13other|TEXT|(AFRICA) Other (please specify)|14_50|AFRICA_OtherInvestorTypetext|AFR_OtherITText|Other investor type||Africa Capital raised|Investor Type and Vehicle Type|q14||613
q138_1|CURRENCY|(AFRICA) Other - Non-listed/ commingled real estate funds/private REITs|14_51|AFRICA_OtherInvestorType_NonListedFunds|AFR_OtherIT_NLF|Other investor type - Non-listed fund||Africa Capital raised|Investor Type and Vehicle Type|q14||614
q138_2|CURRENCY|(AFRICA) Other - Separate accounts investing directly into real estate|14_52|AFRICA_OtherInvestorType_SeparateAccountsDirect|AFR_OtherIT_SepAccDirect|Other investor type - Separate accounts investing directly||Africa Capital raised|Investor Type and Vehicle Type|q14||615
q138_3|CURRENCY|(AFRICA) Other - Separate accounts investing into indirect vehicles|14_53|AFRICA_OtherInvestorType_SeparateAccountsIndirect|AFR_OtherIT_SepAccIndirect|Other investor type - Separate accounts investing indirectly||Africa Capital raised|Investor Type and Vehicle Type|q14||616
q138_4|CURRENCY|(AFRICA) Other - Joint ventures and club deals|14_54|AFRICA_OtherInvestorType_JVs|AFR_OtherIT_JVs|Other investor type - Joint ventures and club deals||Africa Capital raised|Investor Type and Vehicle Type|q14||617
q138_5|CURRENCY|(AFRICA) Other - Funds of funds|14_55|AFRICA_OtherInvestorType_FundsOfFunds|AFR_OtherIT_FOF|Other investor type - Funds of funds||Africa Capital raised|Investor Type and Vehicle Type|q14||618
q138_6|CURRENCY|(AFRICA) Other - Non-listed debt products|14_56|AFRICA_OtherInvestorType_Debt|AFR_OtherIT_Debt|Other investor type - Non-listed debt products||Africa Capital raised|Investor Type and Vehicle Type|q14||619
q13ROW8_hidden|CURRENCY|(AFRICA) Other TOTAL|14_57|AFRICA_OtherInvestorType_VehicleType_Total|AFR_OtherIT_VT_Total|Other investor type - Vehicle type total||Africa Capital raised|Investor Type and Vehicle Type|q14||620
q13COL1_hidden|CURRENCY|(AFRICA) Non-listed/ commingled real estate funds/private REITs TOTAL|14_58|AFRICA_InvestorType_NonListedFunds_Total|AFR_IT_NLF_Total|Investor type - Non-listed fund total||Africa Capital raised|Investor Type and Vehicle Type|q14||621
q13COL2_hidden|CURRENCY|(AFRICA) Separate accounts investing directly into real estate TOTAL|14_59|AFRICA_InvestorType_SeparateAccountsDirect_Total|AFR_IT_SepAccDirect_Total|Investor type - Separate accounts investing directly total||Africa Capital raised|Investor Type and Vehicle Type|q14||622
q13COL3_hidden|CURRENCY|(AFRICA) Separate accounts investing into indirect vehicles TOTAL|14_60|AFRICA_InvestorType_SeparateAccountsIndirect_Total|AFR_IT_SepAccIndirect_Total|Investor type - Separate accounts investing indirectly total||Africa Capital raised|Investor Type and Vehicle Type|q14||623
q13COL4_hidden|CURRENCY|(AFRICA) Joint ventures and club deals TOTAL|14_61|AFRICA_InvestorType_JVs_Total|AFR_IT_JVs_Total|Investor type - Joint ventures and club deals total||Africa Capital raised|Investor Type and Vehicle Type|q14||624
q13COL5_hidden|CURRENCY|(AFRICA) Funds of funds TOTAL|14_62|AFRICA_InvestorType_FundsOfFunds_Total|AFR_IT_FOF_Total|Investor type - Funds of funds total||Africa Capital raised|Investor Type and Vehicle Type|q14||625
q13COL6_hidden|CURRENCY|(AFRICA) Non-listed debt products TOTAL|14_63|AFRICA_InvestorType_Debt_Total|AFR_IT_Debt_Total|Investor type - Non-listed debt products total||Africa Capital raised|Investor Type and Vehicle Type|q14||626
q13GRANDTotal_hidden|CURRENCY|(AFRICA) Total capital  raised in 2015 from African strategy|14_64|AFRICA_InvestorType_VehicleType_Total|AFR_IT_VT_Total|Investor type - Vehicle type total||Africa Capital raised|Investor Type and Vehicle Type|q14||627
q14|SINGLE|How do you expect capital raising activities to develop over the next two years?|15|CapitalRaisingActivity_Development|CRact_Dev|||Capital raised |Method|q15||628
q15|SINGLE|What impact do you expect regulation to have on capital raising activities over the next two years?|16|CapitalRaisingActivity_Impactregulation|CRact_ImpReg|||Capital raised |Method|q16||629
q16|SINGLE|Would you like the name of your company to be included in the list of participants?|17|Companynameincluded|CompNameIncl|||Name|Name|q17||630
