Column|Format|QuestionText|dtcode|answer_Label|answer_label_condensed|qn_breakdown_label|section|Topic|sub_topic|Question|comment|column_order
Surveycode|TEXT|Surveycode|0_1|||||||||1
Association (Sample)|TEXT|Association (from Sample)|0_2|||||||||2
Company (Sample)|TEXT|Company (from Sample)|0_3|||||||||3
REGION|TEXT|Eligible Region|0_4|||||||||4
DateCompleted (Asia)|TEXT|DateCompleted (Asia)|0_5|||||||||5
REGION|TEXT|Eligible Region|0_6|||||||||6
DateCompleted (Europe)|TEXT|DateCompleted (Europe)|0_7|||||||||7
REGION|TEXT|Eligible Region|0_8|||||||||8
DateCompleted (NorthAmerica)|TEXT|DateCompleted (NorthAmerica)|0_9|||||||||9
REGION|TEXT|Eligible Region|0_10|||||||||10
DateCompleted (Global)|TEXT|DateCompleted (Global)|0_11|||||||||11
REGION|TEXT|Eligible Region|0_12|||||||||12
DateCompleted (SouthAmerica)|TEXT|DateCompleted (SouthAmerica)|0_13|||||||||13
REGION|TEXT|Eligible Region|0_14|||||||||14
DateCompleted (Africa)|TEXT|DateCompleted (Africa)|0_15|||||||||15
ShowEurope|TEXT|ShowEurope|0_16|||||||||16
ShowAsia|TEXT|ShowAsia|0_17|||||||||17
ShowNA|TEXT|ShowNA|0_18|||||||||18
ShowGlobal|TEXT|ShowGlobal|0_19|||||||||19
ShowSA|TEXT|ShowSA|0_20|||||||||20
ShowAfrica|TEXT|ShowAfrica|0_21|||||||||21
RecordNo|TEXT|RecordNo|0_22|||||||||22
Surveycode|TEXT|Surveycode|0_23|||||||||23
URIstring|TEXT|URIstring|0_24|||||||||24
DateUpdated|TEXT|DateUpdated|0_25|||||||||25
DateCompleted|TEXT|DateCompleted|0_26|||||||||26
PageNo|TEXT|PageNo|0_27|||||||||27
PathInfo|TEXT|PathInfo|0_28|||||||||28
Referrer|TEXT|Referrer|0_29|||||||||29
IPaddress|TEXT|IPaddress|0_30|||||||||30
Version|TEXT|SurveyYear|0_31|||||||||31
qName|TEXT|Respondent Name|0_32|||||||||32
qCompany|TEXT|Company|0_33|||||||||33
mnumber|TEXT|Mnumber|0_34|||||||||34
qJobtitle|TEXT|Job title|0_35|||||||||35
qEmail|TEXT|Email address|0_36|||||||||36
qTelephone|TEXT|Contact Number|0_37|||||||||37
qCountry|TEXT|Country of Origin Global Head Office|0_38|||||||||38
qCurrency|TEXT|Currency|0_39|||||||||39
qCurrencyOther|TEXT|Currency (OTHER)|0_40|||||||||40
q1|SINGLE|Did your company raise institutional capital for non-listed real estate vehicles in 2017?|1|CapitalRaisingActivity_NonListedRealEstateVehicles|CRact_NLV|Capital Raising Activity||Capital raising activity||q1||41
q2|SINGLE|If no, please state select one of the following reasons:|2|NoCapitalRaisingActivity_Reason|NoCR_Reason|Reason||Capital raising activity||q2||42
q2other|TEXT|If no, please state select one of the following reasons: (Other)|3|NoCapitalRaisingActivity_Reason_Othertext|NoCR_Reason_OtherText|Reason - Other Text||Capital raising activity||q3||43
||How much institutional capital did your company raise in 2017 (millions)?|4|||||||q4||44
q3A_TotalRealEstate|CURRENCY|Total real estate (million)|4_1|TotalRealEstate|Total|Total real estate||Capital raised ||q4||45
q3A_NonListedRealEstate|CURRENCY|Non-listed real estate (million|4_2|NonListedRealEstate|NL|Total raised||Capital raised ||q4||46
||How much of the institutional capital raised in 2017 (millions) is already invested?|5|||||||q5||47
q3B_TotalRealEstate|CURRENCY|Total real estate (million)|5_1|CapitalInvested_TotalRealEstate|CI_Total|Total real estate||Capital invested||q5||48
q3B_NonListedRealEstate|CURRENCY|Non-listed real estate (million)|5_2|CapitalInvested_NonListedRealEstate|CI_NL|Invested||Capital invested||q5||49
||How much institutional capital did your company raise for non-listed vehicles in 2017 by regional strategy (million)?|6|||||||q6||50
q31_1|CURRENCY|Asia Pacific strategy - Non-listed/ commingled real estate funds/private REITs|6_1|RegionalStrategyAsiaPacific_NonListedFunds|RSAPAC_NLF|Asia Pacific - Non-listed funds||Capital raised |Regional Strategy and Vehicle Type|q6||51
q31_2|CURRENCY|Asia Pacific strategy - Separate accounts investing directly into real estate|6_2|RegionalStrategyAsiaPacific_SeparateAccountsDirect|RSAPAC_SepAccDirect|Asia Pacific - Separate accounts investing directly||Capital raised |Regional Strategy and Vehicle Type|q6||52
q31_3|CURRENCY|Asia Pacific strategy - Separate accounts investing into indirect vehicles|6_3|RegionalStrategyAsiaPacific_SeparateAccountsIndirect|RSAPAC_SepAccIndirect|Asia Pacific - Separate accounts investing indirectly||Capital raised |Regional Strategy and Vehicle Type|q6||53
q31_4|CURRENCY|Asia Pacific strategy - Joint ventures and club deals|6_4|RegionalStrategyAsiaPacific_JVs|RSAPAC_JVs|Asia Pacific - Joint ventures and club deals||Capital raised |Regional Strategy and Vehicle Type|q6||54
q31_5|CURRENCY|Asia Pacific strategy - Funds of funds|6_5|RegionalStrategyAsiaPacific_FundsOfFunds|RSAPAC_FOF|Asia Pacific - Funds of funds||Capital raised |Regional Strategy and Vehicle Type|q6||55
q31_6|CURRENCY|Asia Pacific strategy - Non-listed debt products|6_6|RegionalStrategyAsiaPacific_Debt|RSAPAC_Debt|Asia Pacific - Non-listed debt||Capital raised |Regional Strategy and Vehicle Type|q6||56
q3ROW1_hidden|CURRENCY|Asia Pacific strategy TOTAL|6_7|RegionalStrategyAsiaPacific_VehicleType_Total|RSAPAC_VT_Total|Asia Pacific - Vehicle type total||Capital raised |Regional Strategy and Vehicle Type|q6||57
q32_1|CURRENCY|European strategy - Non-listed/ commingled real estate funds/private REITs|6_8|RegionalStrategyEurope_NonListedFunds|RSEUR_NLF|Europe - Non-listed funds||Capital raised |Regional Strategy and Vehicle Type|q6||58
q32_2|CURRENCY|European strategy - Separate accounts investing directly into real estate|6_9|RegionalStrategyEurope_SeparateAccountsDirect|RSEUR_SepAccDirect|Europe - Separate accounts investing directly||Capital raised |Regional Strategy and Vehicle Type|q6||59
q32_3|CURRENCY|European strategy - Separate accounts investing into indirect vehicles|6_10|RegionalStrategyEurope_SeparateAccountsIndirect|RSEUR_SepAccIndirect|Europe - Separate accounts investing indirectly||Capital raised |Regional Strategy and Vehicle Type|q6||60
q32_4|CURRENCY|European strategy - Joint ventures and club deals|6_11|RegionalStrategyEurope_JVs|RSEUR_JVs|Europe -  Joint ventures and club deals||Capital raised |Regional Strategy and Vehicle Type|q6||61
q32_5|CURRENCY|European strategy - Funds of funds|6_12|RegionalStrategyEurope_FundsOfFunds|RSEUR_FOF|Europe - Funds of funds||Capital raised |Regional Strategy and Vehicle Type|q6||62
q32_6|CURRENCY|European strategy - Non-listed debt products|6_13|RegionalStrategyEurope_Debt|RSEUR_Debt|Europe - Non-listed debt||Capital raised |Regional Strategy and Vehicle Type|q6||63
q3ROW2_hidden|CURRENCY|European strategy TOTAL|6_14|RegionalStrategyEurope_VehicleType_Total|RSEUR_VT_Total|Europe - Vehicle type total||Capital raised |Regional Strategy and Vehicle Type|q6||64
q33_1|CURRENCY|North American strategy - Non-listed/ commingled real estate funds/private REITs|6_15|RegionalStrategyNorthAmerica_NonListedFunds|RSNA_NLF|North America - Non-listed funds||Capital raised |Regional Strategy and Vehicle Type|q6||65
q33_2|CURRENCY|North American strategy - Separate accounts investing directly into real estate|6_16|RegionalStrategyNorthAmerica_SeparateAccountsDirect|RSNA_SepAccDirect|North America - Separate accounts investing directly||Capital raised |Regional Strategy and Vehicle Type|q6||66
q33_3|CURRENCY|North American strategy - Separate accounts investing into indirect vehicles|6_17|RegionalStrategyNorthAmerica_SeparateAccountsIndirect|RSNA_SepAccIndirect|North America - Separate accounts investing indirectly||Capital raised |Regional Strategy and Vehicle Type|q6||67
q33_4|CURRENCY|North American strategy - Joint ventures and club deals|6_18|RegionalStrategyNorthAmerica_JVs|RSNA_JVs|North America -  Joint ventures and club deals||Capital raised |Regional Strategy and Vehicle Type|q6||68
q33_5|CURRENCY|North American strategy - Funds of funds|6_19|RegionalStrategyNorthAmerica_FundsOfFunds|RSNA_FOF|North America - Funds of funds||Capital raised |Regional Strategy and Vehicle Type|q6||69
q33_6|CURRENCY|North American strategy - Non-listed debt products|6_20|RegionalStrategyNorthAmerica_Debt|RSNA_Debt|North America - Non-listed debt||Capital raised |Regional Strategy and Vehicle Type|q6||70
q3ROW3_hidden|CURRENCY|North American strategy TOTAL|6_21|RegionalStrategyNorthAmerica_VehicleType_Total|RSNA_VT_Total|North America - Vehicle type total||Capital raised |Regional Strategy and Vehicle Type|q6||71
q34_1|CURRENCY|Global strategy - Non-listed/ commingled real estate funds/private REITs|6_22|RegionalStrategyGlobal_NonListedFunds|RSGLB_NLF|Global - Non-listed funds||Capital raised |Regional Strategy and Vehicle Type|q6||72
q34_2|CURRENCY|Global strategy - Separate accounts investing directly into real estate|6_23|RegionalStrategyGlobal_SeparateAccountsDirect|RSGLB_SepAccDirect|Global - Separate accounts investing directly||Capital raised |Regional Strategy and Vehicle Type|q6||73
q34_3|CURRENCY|Global strategy - Separate accounts investing into indirect vehicles|6_24|RegionalStrategyGlobal_SeparateAccountsIndirect|RSGLB_SepAccIndirect|Global - Separate accounts investing indirectly||Capital raised |Regional Strategy and Vehicle Type|q6||74
q34_4|CURRENCY|Global strategy - Joint ventures and club deals|6_25|RegionalStrategyGlobal_JVs|RSGLB_JVs|Global -  Joint ventures and club deals||Capital raised |Regional Strategy and Vehicle Type|q6||75
q34_5|CURRENCY|Global strategy - Funds of funds|6_26|RegionalStrategyGlobal_FundsOfFunds|RSGLB_FOF|Global - Funds of funds||Capital raised |Regional Strategy and Vehicle Type|q6||76
q34_6|CURRENCY|Global strategy - Non-listed debt products|6_27|RegionalStrategyGlobal_Debt|RSGLB_Debt|Global - Non-listed debt||Capital raised |Regional Strategy and Vehicle Type|q6||77
q3ROW4_hidden|CURRENCY|Global strategy TOTAL|6_28|RegionalStrategyGlobal_VehicleType_Total|RSGLB_VT_Total|Global - Vehicle type total||Capital raised |Regional Strategy and Vehicle Type|q6||78
q35_1|CURRENCY|South American strategy - Non-listed/ commingled real estate funds/private REITs|6_29|RegionalStrategySouthAmerica_NonListedFunds|RSSA_NLF|South America - Non-listed funds||Capital raised |Regional Strategy and Vehicle Type|q6||79
q35_2|CURRENCY|South American strategy - Separate accounts investing directly into real estate|6_30|RegionalStrategySouthAmerica_SeparateAccountsDirect|RSSA_SepAccDirect|South America - Separate accounts investing directly||Capital raised |Regional Strategy and Vehicle Type|q6||80
q35_3|CURRENCY|South American strategy - Separate accounts investing into indirect vehicles|6_31|RegionalStrategySouthAmerica_SeparateAccountsIndirect|RSSA_SepAccIndirect|South America - Separate accounts investing indirectly||Capital raised |Regional Strategy and Vehicle Type|q6||81
q35_4|CURRENCY|South American strategy - Joint ventures and club deals|6_32|RegionalStrategySouthAmerica_JVs|RSSA_JVs|South America -  Joint ventures and club deals||Capital raised |Regional Strategy and Vehicle Type|q6||82
q35_5|CURRENCY|South American strategy - Funds of funds|6_33|RegionalStrategySouthAmerica_FundsOfFunds|RSSA_FOF|South America - Funds of funds||Capital raised |Regional Strategy and Vehicle Type|q6||83
q35_6|CURRENCY|South American strategy - Non-listed debt products|6_34|RegionalStrategySouthAmerica_Debt|RSSA_Debt|South America - Non-listed debt||Capital raised |Regional Strategy and Vehicle Type|q6||84
q3ROW5_hidden|CURRENCY|South American strategy TOTAL|6_35|RegionalStrategySouthAmerica_VehicleType_Total|RSSA_VT_Total|South America - Vehicle type total||Capital raised |Regional Strategy and Vehicle Type|q6||85
q36_1|CURRENCY|African strategy - Non-listed/ commingled real estate funds/private REITs|6_36|RegionalStrategyAfrica_NonListedFunds|RSAFR_NLF|Africa - Non-listed funds||Capital raised |Regional Strategy and Vehicle Type|q6||86
q36_2|CURRENCY|African strategy - Separate accounts investing directly into real estate|6_37|RegionalStrategyAfrica_SeparateAccountsDirect|RSAFR_SepAccDirect|Africa - Separate accounts investing directly||Capital raised |Regional Strategy and Vehicle Type|q6||87
q36_3|CURRENCY|African strategy - Separate accounts investing into indirect vehicles|6_38|RegionalStrategyAfrica_SeparateAccountsIndirect|RSAFR_SepAccIndirect|Africa - Separate accounts investing indirectly||Capital raised |Regional Strategy and Vehicle Type|q6||88
q36_4|CURRENCY|African strategy - Joint ventures and club deals|6_39|RegionalStrategyAfrica_JVs|RSAFR_JVs|Africa -  Joint ventures and club deals||Capital raised |Regional Strategy and Vehicle Type|q6||89
q36_5|CURRENCY|African strategy - Funds of funds|6_40|RegionalStrategyAfrica_FundsOfFunds|RSAFR_FOF|Africa - Funds of funds||Capital raised |Regional Strategy and Vehicle Type|q6||90
q36_6|CURRENCY|African strategy - Non-listed debt products|6_41|RegionalStrategyAfrica_Debt|RSAFR_Debt|Africa - Non-listed debt||Capital raised |Regional Strategy and Vehicle Type|q6||91
q3ROW6_hidden|CURRENCY|African strategy TOTAL|6_42|RegionalStrategyAfrica_VehicleType_Total|RSAFR_VT_Total|Africa - Vehicle type total||Capital raised |Regional Strategy and Vehicle Type|q6||92
q3COL1_hidden|CURRENCY|Non-listed/ commingled real estate funds/private REITs TOTAL|6_43|RegionalStrategy_NonListedFunds|RS_NLF|Regional strategy - Non-listed funds total||Capital raised |Regional Strategy and Vehicle Type|q6||93
q3COL2_hidden|CURRENCY|Separate accounts investing directly into real estate TOTAL|6_44|RegionalStrategy_SeparateAccountsDirect|RS_SepAccDirect|Regional strategy - Separate accounts investing directly total||Capital raised |Regional Strategy and Vehicle Type|q6||94
q3COL3_hidden|CURRENCY|Separate accounts investing into indirect vehicles TOTAL|6_45|RegionalStrategy_SeparateAccountsIndirect|RS_SepAccIndirect|Regional strategy - Separate accounts investing indirectly total||Capital raised |Regional Strategy and Vehicle Type|q6||95
q3COL4_hidden|CURRENCY|Joint ventures and club deals TOTAL|6_46|RegionalStrategy_JVs|RS_JVs|Regional strategy - Joint ventures and club deals total||Capital raised |Regional Strategy and Vehicle Type|q6||96
q3COL5_hidden|CURRENCY|Funds of funds TOTAL|6_47|RegionalStrategy_FundsOfFunds|RS_FOF|Regional strategy - Funds of funds total||Capital raised |Regional Strategy and Vehicle Type|q6||97
q3COL6_hidden|CURRENCY|Non-listed debt products TOTAL|6_48|RegionalStrategy_Debt|RS_Debt|Regional strategy - Non-listed debt total||Capital raised |Regional Strategy and Vehicle Type|q6||98
q3GRANDTotal_hidden|CURRENCY|TOTAL capital raised in 2017 by regional strategy (million)|6_49|RegionalStrategy_VehicleType_Total|RS_VT_Total|Regional strategy - Vehicle type total||Capital raised |Regional Strategy and Vehicle Type|q6||99
||For how many vehicles did your company raise institutional capital for in 2017?|7|||||||q7||100
q41_1|NUMBER|Asia Pacific strategy - Non-listed/ commingled real estate funds/private REITs|7_1|NOV_RegionalStrategyAsiaPacific_NonListedFunds|NOV_RSAPAC_NLF|Asia Pacific - Non-listed funds||NOV Capital raised|Regional Strategy and Vehicle Type|q7||101
q41_2|NUMBER|Asia Pacific strategy - Separate accounts investing directly into real estate|7_2|NOV_RegionalStrategyAsiaPacific_SeparateAccountsDirect|NOV_RSAPAC_SepAccDirect|Asia Pacific - Separate accounts investing directly||NOV Capital raised|Regional Strategy and Vehicle Type|q7||102
q41_3|NUMBER|Asia Pacific strategy - Separate accounts investing into indirect vehicles|7_3|NOV_RegionalStrategyAsiaPacific_SeparateAccountsIndirect|NOV_RSAPAC_SepAccIndirect|Asia Pacific - Separate accounts investing indirectly||NOV Capital raised|Regional Strategy and Vehicle Type|q7||103
q41_4|NUMBER|Asia Pacific strategy - Joint ventures and club deals|7_4|NOV_RegionalStrategyAsiaPacific_JVs|NOV_RSAPAC_JVs|Asia Pacific - Joint ventures and club deals||NOV Capital raised|Regional Strategy and Vehicle Type|q7||104
q41_5|NUMBER|Asia Pacific strategy - Funds of funds|7_5|NOV_RegionalStrategyAsiaPacific_FundsOfFunds|NOV_RSAPAC_FOF|Asia Pacific - Funds of funds||NOV Capital raised|Regional Strategy and Vehicle Type|q7||105
q41_6|NUMBER|Asia Pacific strategy - Non-listed debt products|7_6|NOV_RegionalStrategyAsiaPacific_Debt|NOV_RSAPAC_Debt|Asia Pacific - Non-listed debt||NOV Capital raised|Regional Strategy and Vehicle Type|q7||106
q4ROW1_hidden|NUMBER|Asia Pacific strategy TOTAL|7_7|NOV_RegionalStrategyAsiaPacific_VehicleType_Total|NOV_RSAPAC_VT_Total|Asia Pacific - Vehicle type total||NOV Capital raised|Regional Strategy and Vehicle Type|q7||107
q42_1|NUMBER|European strategy - Non-listed/ commingled real estate funds/private REITs|7_8|NOV_RegionalStrategyEurope_NonListedFunds|NOV_RSEUR_NLF|Europe - Non-listed funds||NOV Capital raised|Regional Strategy and Vehicle Type|q7||108
q42_2|NUMBER|European strategy - Separate accounts investing directly into real estate|7_9|NOV_RegionalStrategyEurope_SeparateAccountsDirect|NOV_RSEUR_SepAccDirect|Europe - Separate accounts investing directly||NOV Capital raised|Regional Strategy and Vehicle Type|q7||109
q42_3|NUMBER|European strategy - Separate accounts investing into indirect vehicles|7_10|NOV_RegionalStrategyEurope_SeparateAccountsIndirect|NOV_RSEUR_SepAccIndirect|Europe - Separate accounts investing indirectly||NOV Capital raised|Regional Strategy and Vehicle Type|q7||110
q42_4|NUMBER|European strategy - Joint ventures and club deals|7_11|NOV_RegionalStrategyEurope_JVs|NOV_RSEUR_JVs|Europe -  Joint ventures and club deals||NOV Capital raised|Regional Strategy and Vehicle Type|q7||111
q42_5|NUMBER|European strategy - Funds of funds|7_12|NOV_RegionalStrategyEurope_FundsOfFunds|NOV_RSEUR_FOF|Europe - Funds of funds||NOV Capital raised|Regional Strategy and Vehicle Type|q7||112
q42_6|NUMBER|European strategy - Non-listed debt products|7_13|NOV_RegionalStrategyEurope_Debt|NOV_RSEUR_Debt|Europe - Non-listed debt||NOV Capital raised|Regional Strategy and Vehicle Type|q7||113
q4ROW2_hidden|NUMBER|European strategy TOTAL|7_14|NOV_RegionalStrategyEurope_VehicleType_Total|NOV_RSEUR_VT_Total|Europe - Vehicle type total||NOV Capital raised|Regional Strategy and Vehicle Type|q7||114
q43_1|NUMBER|North American strategy - Non-listed/ commingled real estate funds/private REITs|7_15|NOV_RegionalStrategyNorthAmerica_NonListedFunds|NOV_RSNA_NLF|North America - Non-listed funds||NOV Capital raised|Regional Strategy and Vehicle Type|q7||115
q43_2|NUMBER|North American strategy - Separate accounts investing directly into real estate|7_16|NOV_RegionalStrategyNorthAmerica_SeparateAccountsDirect|NOV_RSNA_SepAccDirect|North America - Separate accounts investing directly||NOV Capital raised|Regional Strategy and Vehicle Type|q7||116
q43_3|NUMBER|North American strategy - Separate accounts investing into indirect vehicles|7_17|NOV_RegionalStrategyNorthAmerica_SeparateAccountsIndirect|NOV_RSNA_SepAccIndirect|North America - Separate accounts investing indirectly||NOV Capital raised|Regional Strategy and Vehicle Type|q7||117
q43_4|NUMBER|North American strategy - Joint ventures and club deals|7_18|NOV_RegionalStrategyNorthAmerica_JVs|NOV_RSNA_JVs|North America -  Joint ventures and club deals||NOV Capital raised|Regional Strategy and Vehicle Type|q7||118
q43_5|NUMBER|North American strategy - Funds of funds|7_19|NOV_RegionalStrategyNorthAmerica_FundsOfFunds|NOV_RSNA_FOF|North America - Funds of funds||NOV Capital raised|Regional Strategy and Vehicle Type|q7||119
q43_6|NUMBER|North American strategy - Non-listed debt products|7_20|NOV_RegionalStrategyNorthAmerica_Debt|NOV_RSNA_Debt|North America - Non-listed debt||NOV Capital raised|Regional Strategy and Vehicle Type|q7||120
q4ROW3_hidden|NUMBER|North American strategy TOTAL|7_21|NOV_RegionalStrategyNorthAmerica_VehicleType_Total|NOV_RSNA_VT_Total|North America - Vehicle type total||NOV Capital raised|Regional Strategy and Vehicle Type|q7||121
q44_1|NUMBER|Global strategy - Non-listed/ commingled real estate funds/private REITs|7_22|NOV_RegionalStrategyGlobal_NonListedFunds|NOV_RSGLB_NLF|Global - Non-listed funds||NOV Capital raised|Regional Strategy and Vehicle Type|q7||122
q44_2|NUMBER|Global strategy - Separate accounts investing directly into real estate|7_23|NOV_RegionalStrategyGlobal_SeparateAccountsDirect|NOV_RSGLB_SepAccDirect|Global - Separate accounts investing directly||NOV Capital raised|Regional Strategy and Vehicle Type|q7||123
q44_3|NUMBER|Global strategy - Separate accounts investing into indirect vehicles|7_24|NOV_RegionalStrategyGlobal_SeparateAccountsIndirect|NOV_RSGLB_SepAccIndirect|Global - Separate accounts investing indirectly||NOV Capital raised|Regional Strategy and Vehicle Type|q7||124
q44_4|NUMBER|Global strategy - Joint ventures and club deals|7_25|NOV_RegionalStrategyGlobal_JVs|NOV_RSGLB_JVs|Global -  Joint ventures and club deals||NOV Capital raised|Regional Strategy and Vehicle Type|q7||125
q44_5|NUMBER|Global strategy - Funds of funds|7_26|NOV_RegionalStrategyGlobal_FundsOfFunds|NOV_RSGLB_FOF|Global - Funds of funds||NOV Capital raised|Regional Strategy and Vehicle Type|q7||126
q44_6|NUMBER|Global strategy - Non-listed debt products|7_27|NOV_RegionalStrategyGlobal_Debt|NOV_RSGLB_Debt|Global - Non-listed debt||NOV Capital raised|Regional Strategy and Vehicle Type|q7||127
q4ROW4_hidden|NUMBER|Global strategy TOTAL|7_28|NOV_RegionalStrategyGlobal_VehicleType_Total|NOV_RSGLB_VT_Total|Global - Vehicle type total||NOV Capital raised|Regional Strategy and Vehicle Type|q7||128
q45_1|NUMBER|South American strategy - Non-listed/ commingled real estate funds/private REITs|7_29|NOV_RegionalStrategySouthAmerica_NonListedFunds|NOV_RSSA_NLF|South America - Non-listed funds||NOV Capital raised|Regional Strategy and Vehicle Type|q7||129
q45_2|NUMBER|South American strategy - Separate accounts investing directly into real estate|7_30|NOV_RegionalStrategySouthAmerica_SeparateAccountsDirect|NOV_RSSA_SepAccDirect|South America - Separate accounts investing directly||NOV Capital raised|Regional Strategy and Vehicle Type|q7||130
q45_3|NUMBER|South American strategy - Separate accounts investing into indirect vehicles|7_31|NOV_RegionalStrategySouthAmerica_SeparateAccountsIndirect|NOV_RSSA_SepAccIndirect|South America - Separate accounts investing indirectly||NOV Capital raised|Regional Strategy and Vehicle Type|q7||131
q45_4|NUMBER|South American strategy - Joint ventures and club deals|7_32|NOV_RegionalStrategySouthAmerica_JVs|NOV_RSSA_JVs|South America -  Joint ventures and club deals||NOV Capital raised|Regional Strategy and Vehicle Type|q7||132
q45_5|NUMBER|South American strategy - Funds of funds|7_33|NOV_RegionalStrategySouthAmerica_FundsOfFunds|NOV_RSSA_FOF|South America - Funds of funds||NOV Capital raised|Regional Strategy and Vehicle Type|q7||133
q45_6|NUMBER|South American strategy - Non-listed debt products|7_34|NOV_RegionalStrategySouthAmerica_Debt|NOV_RSSA_Debt|South America - Non-listed debt||NOV Capital raised|Regional Strategy and Vehicle Type|q7||134
q4ROW5_hidden|NUMBER|South American strategy TOTAL|7_35|NOV_RegionalStrategySouthAmerica_VehicleType_Total|NOV_RSSA_VT_Total|South America - Vehicle type total||NOV Capital raised|Regional Strategy and Vehicle Type|q7||135
q46_1|NUMBER|African strategy - Non-listed/ commingled real estate funds/private REITs|7_36|NOV_RegionalStrategyAfrica_NonListedFunds|NOV_RSAFR_NLF|Africa - Non-listed funds||NOV Capital raised|Regional Strategy and Vehicle Type|q7||136
q46_2|NUMBER|African strategy - Separate accounts investing directly into real estate|7_37|NOV_RegionalStrategyAfrica_SeparateAccountsDirect|NOV_RSAFR_SepAccDirect|Africa - Separate accounts investing directly||NOV Capital raised|Regional Strategy and Vehicle Type|q7||137
q46_3|NUMBER|African strategy - Separate accounts investing into indirect vehicles|7_38|NOV_RegionalStrategyAfrica_SeparateAccountsIndirect|NOV_RSAFR_SepAccIndirect|Africa - Separate accounts investing indirectly||NOV Capital raised|Regional Strategy and Vehicle Type|q7||138
q46_4|NUMBER|African strategy - Joint ventures and club deals|7_39|NOV_RegionalStrategyAfrica_JVs|NOV_RSAFR_JVs|Africa -  Joint ventures and club deals||NOV Capital raised|Regional Strategy and Vehicle Type|q7||139
q46_5|NUMBER|African strategy - Funds of funds|7_40|NOV_RegionalStrategyAfrica_FundsOfFunds|NOV_RSAFR_FOF|Africa - Funds of funds||NOV Capital raised|Regional Strategy and Vehicle Type|q7||140
q46_6|NUMBER|African strategy - Non-listed debt products|7_41|NOV_RegionalStrategyAfrica_Debt|NOV_RSAFR_Debt|Africa - Non-listed debt||NOV Capital raised|Regional Strategy and Vehicle Type|q7||141
q4ROW6_hidden|NUMBER|African strategy TOTAL|7_42|NOV_RegionalStrategyAfrica_VehicleType_Total|NOV_RSAFR_VT_Total|Africa - Vehicle type total||NOV Capital raised|Regional Strategy and Vehicle Type|q7||142
q4COL1_hidden|NUMBER|Non-listed/ commingled real estate funds/private REITs TOTAL|7_43|NOV_RegionalStrategy_NonListedFunds|NOV_RS_NLF|Regional strategy - Non-listed funds total||NOV Capital raised|Regional Strategy and Vehicle Type|q7||143
q4COL2_hidden|NUMBER|Separate accounts investing directly into real estate TOTAL|7_44|NOV_RegionalStrategy_SeparateAccountsDirect|NOV_RS_SepAccDirect|Regional strategy - Separate accounts investing directly total||NOV Capital raised|Regional Strategy and Vehicle Type|q7||144
q4COL3_hidden|NUMBER|Separate accounts investing into indirect vehicles TOTAL|7_45|NOV_RegionalStrategy_SeparateAccountsIndirect|NOV_RS_SepAccIndirect|Regional strategy - Separate accounts investing indirectly total||NOV Capital raised|Regional Strategy and Vehicle Type|q7||145
q4COL4_hidden|NUMBER|Joint ventures and club deals TOTAL|7_46|NOV_RegionalStrategy_JVs|NOV_RS_JVs|Regional strategy - Joint ventures and club deals total||NOV Capital raised|Regional Strategy and Vehicle Type|q7||146
q4COL5_hidden|NUMBER|Funds of funds TOTAL|7_47|NOV_RegionalStrategy_FundsOfFunds|NOV_RS_FOF|Regional strategy - Funds of funds total||NOV Capital raised|Regional Strategy and Vehicle Type|q7||147
q4COL6_hidden|NUMBER|Non-listed debt products TOTAL|7_48|NOV_RegionalStrategy_Debt|NOV_RS_Debt|Regional strategy - Non-listed debt total||NOV Capital raised|Regional Strategy and Vehicle Type|q7||148
q4GRANDTotal_hidden|NUMBER|Total number of vehicles company raised capital for in 2017 by regional strategy|7_49|NOV_RegionalStrategy_VehicleType_Total|NOV_RS_VT_Total|Regional strategy - Vehicle type total||NOV Capital raised|Regional Strategy and Vehicle Type|q7||149
||How much institutional capital did your company raise for non-listed vehicles in 2017 by investor type (million)?|8|||||||q8||150
q51_1|CURRENCY|Pension funds - Non-listed/ commingled real estate funds/private REITs|8_1|PensionFunds_NonListedFunds|PF_NLF|Pension funds - Non-listed fund||Capital raised |Investor Type and Vehicle Type|q8||151
q51_2|CURRENCY|Pension funds - Separate accounts investing directly into real estate|8_2|PensionFunds_SeparateAccountsDirect|PF_SepAccDirect|Pension funds - Separate accounts investing directly||Capital raised |Investor Type and Vehicle Type|q8||152
q51_3|CURRENCY|Pension funds - Separate accounts investing into indirect vehicles|8_3|PensionFunds_SeparateAccountsIndirect|PF_SepAccIndirect|Pension funds - Separate accounts investing indirectly||Capital raised |Investor Type and Vehicle Type|q8||153
q51_4|CURRENCY|Pension funds - Joint ventures and club deals|8_4|PensionFunds_JVs|PF_JVs|Pension funds - Joint ventures and club deals||Capital raised |Investor Type and Vehicle Type|q8||154
q51_5|CURRENCY|Pension funds - Funds of funds|8_5|PensionFunds_FundsOfFunds|PF_FOF|Pension funds - Funds of funds||Capital raised |Investor Type and Vehicle Type|q8||155
q51_6|CURRENCY|Pension funds - Non-listed debt products|8_6|PensionFunds_Debt|PF_Debt|Pension funds - Non-listed debt products||Capital raised |Investor Type and Vehicle Type|q8||156
q5ROW1_hidden|CURRENCY|Pension funds TOTAL|8_7|PensionFunds_VehicleType_Total|PF_VT_Total|Pension funds - Vehicle type total||Capital raised |Investor Type and Vehicle Type|q8||157
q52_1|CURRENCY|Insurance companies - Non-listed/ commingled real estate funds/private REITs|8_8|InsuranceCompanies_NonListedFunds|IC_NLF|Insurance companies - Non-listed fund||Capital raised |Investor Type and Vehicle Type|q8||158
q52_2|CURRENCY|Insurance companies - Separate accounts investing directly into real estate|8_9|InsuranceCompanies_SeparateAccountsDirect|IC_SepAccDirect|Insurance companies - Separate accounts investing directly||Capital raised |Investor Type and Vehicle Type|q8||159
q52_3|CURRENCY|Insurance companies - Separate accounts investing into indirect vehicles|8_10|InsuranceCompanies_SeparateAccountsIndirect|IC_SepAccIndirect|Insurance companies - Separate accounts investing indirectly||Capital raised |Investor Type and Vehicle Type|q8||160
q52_4|CURRENCY|Insurance companies - Joint ventures and club deals|8_11|InsuranceCompanies_JVs|IC_JVs|Insurance companies - Joint ventures and club deals||Capital raised |Investor Type and Vehicle Type|q8||161
q52_5|CURRENCY|Insurance companies - Funds of funds|8_12|InsuranceCompanies_FundsOfFunds|IC_FOF|Insurance companies - Funds of funds||Capital raised |Investor Type and Vehicle Type|q8||162
q52_6|CURRENCY|Insurance companies - Non-listed debt products|8_13|InsuranceCompanies_Debt|IC_Debt|Insurance companies - Non-listed debt products||Capital raised |Investor Type and Vehicle Type|q8||163
q5ROW2_hidden|CURRENCY|Insurance companies TOTAL|8_14|InsuranceCompanies_VehicleType_Total|IC_VT_Total|Insurance companies - Vehicle type total||Capital raised |Investor Type and Vehicle Type|q8||164
q53_1|CURRENCY|Sovereign wealth funds - Non-listed/ commingled real estate funds/private REITs|8_15|SovereignWealthFunds_NonListedFunds|SWF_NLF|Sovereign wealth funds - Non-listed fund||Capital raised |Investor Type and Vehicle Type|q8||165
q53_2|CURRENCY|Sovereign wealth funds - Separate accounts investing directly into real estate|8_16|SovereignWealthFunds_SeparateAccountsDirect|SWF_SepAccDirect|Sovereign wealth funds - Separate accounts investing directly||Capital raised |Investor Type and Vehicle Type|q8||166
q53_3|CURRENCY|Sovereign wealth funds - Separate accounts investing into indirect vehicles|8_17|SovereignWealthFunds_SeparateAccountsIndirect|SWF_SepAccIndirect|Sovereign wealth funds - Separate accounts investing indirectly||Capital raised |Investor Type and Vehicle Type|q8||167
q53_4|CURRENCY|Sovereign wealth funds - Joint ventures and club deals|8_18|SovereignWealthFunds_JVs|SWF_JVs|Sovereign wealth funds - Joint ventures and club deals||Capital raised |Investor Type and Vehicle Type|q8||168
q53_5|CURRENCY|Sovereign wealth funds - Funds of funds|8_19|SovereignWealthFunds_FundsOfFunds|SWF_FOF|Sovereign wealth funds - Funds of funds||Capital raised |Investor Type and Vehicle Type|q8||169
q53_6|CURRENCY|Sovereign wealth funds - Non-listed debt products|8_20|SovereignWealthFunds_Debt|SWF_Debt|Sovereign wealth funds - Non-listed debt products||Capital raised |Investor Type and Vehicle Type|q8||170
q5ROW3_hidden|CURRENCY|Sovereign wealth funds TOTAL|8_21|SovereignWealthFunds_VehicleType_Total|SWF_VT_Total|Sovereign wealth funds - Vehicle type total||Capital raised |Investor Type and Vehicle Type|q8||171
q54_1|CURRENCY|Government institutions - Non-listed/ commingled real estate funds/private REITs|8_22|GovernmentInstitutions_NonListedFunds|GI_NLF|Government institutions - Non-listed fund||Capital raised |Investor Type and Vehicle Type|q8||172
q54_2|CURRENCY|Government institutions - Separate accounts investing directly into real estate|8_23|GovernmentInstitutions_SeparateAccountsDirect|GI_SepAccDirect|Government institutions - Separate accounts investing directly||Capital raised |Investor Type and Vehicle Type|q8||173
q54_3|CURRENCY|Government institutions - Separate accounts investing into indirect vehicles|8_24|GovernmentInstitutions_SeparateAccountsIndirect|GI_SepAccIndirect|Government institutions - Separate accounts investing indirectly||Capital raised |Investor Type and Vehicle Type|q8||174
q54_4|CURRENCY|Government institutions - Joint ventures and club deals|8_25|GovernmentInstitutions_JVs|GI_JVs|Government institutions - Joint ventures and club deals||Capital raised |Investor Type and Vehicle Type|q8||175
q54_5|CURRENCY|Government institutions - Funds of funds|8_26|GovernmentInstitutions_FundsOfFunds|GI_FOF|Government institutions - Funds of funds||Capital raised |Investor Type and Vehicle Type|q8||176
q54_6|CURRENCY|Government institutions - Non-listed debt products|8_27|GovernmentInstitutions_Debt|GI_Debt|Government institutions - Non-listed debt products||Capital raised |Investor Type and Vehicle Type|q8||177
q5ROW4_hidden|CURRENCY|Government institutions TOTAL|8_28|GovernmentInstitutions_VehicleType_Total|GI_VT_Total|Government institutions - Vehicle type total||Capital raised |Investor Type and Vehicle Type|q8||178
q55_1|CURRENCY|Charities, foundations, non-profit organisations - Non-listed/ commingled real estate funds/private REITs|8_29|CharitiesFoundationsNonProfitOrganizations_NonListedFunds|CF&NPO_NLF|Charities, foundations & non-profit organisations - Non-listed fund||Capital raised |Investor Type and Vehicle Type|q8||179
q55_2|CURRENCY|Charities, foundations, non-profit organisations - Separate accounts investing directly into real estate|8_30|CharitiesFoundationsNonProfitOrganizations_SeparateAccountsDirect|CF&NPO_SepAccDirect|Charities, foundations & non-profit organisations - Separate accounts investing directly||Capital raised |Investor Type and Vehicle Type|q8||180
q55_3|CURRENCY|Charities, foundations, non-profit organisations - Separate accounts investing into indirect vehicles|8_31|CharitiesFoundationsNonProfitOrganizations_SeparateAccountsIndirect|CF&NPO_SepAccIndirect|Charities, foundations & non-profit organisations - Separate accounts investing indirectly||Capital raised |Investor Type and Vehicle Type|q8||181
q55_4|CURRENCY|Charities, foundations, non-profit organisations - Joint ventures and club deals|8_32|CharitiesFoundationsNonProfitOrganizations_JVs|CF&NPO_JVs|Charities, foundations & non-profit organisations - Joint ventures and club deals||Capital raised |Investor Type and Vehicle Type|q8||182
q55_5|CURRENCY|Charities, foundations, non-profit organisations - Funds of funds|8_33|CharitiesFoundationsNonProfitOrganizations_FundsOfFunds|CF&NPO_FOF|Charities, foundations & non-profit organisations - Funds of funds||Capital raised |Investor Type and Vehicle Type|q8||183
q55_6|CURRENCY|Charities, foundations, non-profit organisations - Non-listed debt products|8_34|CharitiesFoundationsNonProfitOrganizations_Debt|CF&NPO_Debt|Charities, foundations & non-profit organisations - Non-listed debt products||Capital raised |Investor Type and Vehicle Type|q8||184
q5ROW5_hidden|CURRENCY|Charities, foundations, non-profit organisations  TOTAL|8_35|CharitiesFoundationsNonProfitOrganizations_VehicleType_Total|CF&NPO_VT_Total|Charities, foundations & non-profit organisations - Vehicle type total||Capital raised |Investor Type and Vehicle Type|q8||185
q56_1|CURRENCY|Funds of funds - Non-listed/ commingled real estate funds/private REITs|8_36|FundsOfFunds_NonListedFunds|FOF_NLF|Funds of funds - Non-listed fund||Capital raised |Investor Type and Vehicle Type|q8||186
q56_2|CURRENCY|Funds of funds - Separate accounts investing directly into real estate|8_37|FundsOfFunds_SeparateAccountsDirect|FOF_SepAccDirect|Funds of funds - Separate accounts investing directly||Capital raised |Investor Type and Vehicle Type|q8||187
q56_3|CURRENCY|Funds of funds - Separate accounts investing into indirect vehicles|8_38|FundsOfFunds_SeparateAccountsIndirect|FOF_SepAccIndirect|Funds of funds - Separate accounts investing indirectly||Capital raised |Investor Type and Vehicle Type|q8||188
q56_4|CURRENCY|Funds of funds - Joint ventures and club deals|8_39|FundsOfFunds_JVs|FOF_JVs|Funds of funds - Joint ventures and club deals||Capital raised |Investor Type and Vehicle Type|q8||189
q56_5|CURRENCY|Funds of funds - Funds of funds|8_40|FundsOfFunds_FundsOfFunds|FOF_FOF|Funds of funds - Funds of funds||Capital raised |Investor Type and Vehicle Type|q8||190
q56_6|CURRENCY|Funds of funds - Non-listed debt products|8_41|FundsOfFunds_Debt|FOF_Debt|Funds of funds - Non-listed debt products||Capital raised |Investor Type and Vehicle Type|q8||191
q5ROW6_hidden|CURRENCY|Funds of funds TOTAL|8_42|FundsOfFunds_VehicleType_Total|FOF_VT_Total|Funds of funds - Vehicle type total||Capital raised |Investor Type and Vehicle Type|q8||192
q57_1|CURRENCY|High net worth individuals /Family offices - Non-listed/ commingled real estate funds/private REITs|8_43|HighnetWorthIndividualsFamilyOffices_NonListedFunds|HNWI/FO_NLF|Hign net worth individuals/Family offices - Non-listed fund||Capital raised |Investor Type and Vehicle Type|q8||193
q57_2|CURRENCY|High net worth individuals /Family offices - Separate accounts investing directly into real estate|8_44|HighnetWorthIndividualsFamilyOffices_SeparateAccountsDirect|HNWI/FO_SepAccDirect|Hign net worth individuals/Family offices - Separate accounts investing directly||Capital raised |Investor Type and Vehicle Type|q8||194
q57_3|CURRENCY|High net worth individuals /Family offices - Separate accounts investing into indirect vehicles|8_45|HighnetWorthIndividualsFamilyOffices_SeparateAccountsIndirect|HNWI/FO_SepAccIndirect|Hign net worth individuals/Family offices - Separate accounts investing indirectly||Capital raised |Investor Type and Vehicle Type|q8||195
q57_4|CURRENCY|High net worth individuals /Family offices - Joint ventures and club deals|8_46|HighnetWorthIndividualsFamilyOffices_JVs|HNWI/FO_JVs|Hign net worth individuals/Family offices - Joint ventures and club deals||Capital raised |Investor Type and Vehicle Type|q8||196
q57_5|CURRENCY|High net worth individuals /Family offices - Funds of funds|8_47|HighnetWorthIndividualsFamilyOffices_FundsOfFunds|HNWI/FO_FOF|Hign net worth individuals/Family offices - Funds of funds||Capital raised |Investor Type and Vehicle Type|q8||197
q57_6|CURRENCY|High net worth individuals /Family offices - Non-listed debt products|8_48|HighnetWorthIndividualsFamilyOffices_Debt|HNWI/FO_Debt|Hign net worth individuals/Family offices - Non-listed debt products||Capital raised |Investor Type and Vehicle Type|q8||198
q5ROW7_hidden|CURRENCY|High net worth individuals /Family offices TOTAL|8_49|HighnetWorthIndividualsFamilyOffices_VehicleType_Total|HNWI/FO_VT_Total|Hign net worth individuals/Family offices - Vehicle type total||Capital raised |Investor Type and Vehicle Type|q8||199
q5other|TEXT|Other (please specify)|8_50|OtherInvestorTypetext|OtherITText|Other investor type||Capital raised |Investor Type and Vehicle Type|q8||200
q58_1|CURRENCY|Other - Non-listed/ commingled real estate funds/private REITs|8_51|OtherInvestorType_NonListedFunds|OtherIT_NLF|Other investor type - Non-listed fund||Capital raised |Investor Type and Vehicle Type|q8||201
q58_2|CURRENCY|Other - Separate accounts investing directly into real estate|8_52|OtherInvestorType_SeparateAccountsDirect|OtherIT_SepAccDirect|Other investor type - Separate accounts investing directly||Capital raised |Investor Type and Vehicle Type|q8||202
q58_3|CURRENCY|Other - Separate accounts investing into indirect vehicles|8_53|OtherInvestorType_SeparateAccountsIndirect|OtherIT_SepAccIndirect|Other investor type - Separate accounts investing indirectly||Capital raised |Investor Type and Vehicle Type|q8||203
q58_4|CURRENCY|Other - Joint ventures and club deals|8_54|OtherInvestorType_JVs|OtherIT_JVs|Other investor type - Joint ventures and club deals||Capital raised |Investor Type and Vehicle Type|q8||204
q58_5|CURRENCY|Other - Funds of funds|8_55|OtherInvestorType_FundsOfFunds|OtherIT_FOF|Other investor type - Funds of funds||Capital raised |Investor Type and Vehicle Type|q8||205
q58_6|CURRENCY|Other - Non-listed debt products|8_56|OtherInvestorType_Debt|OtherIT_Debt|Other investor type - Non-listed debt products||Capital raised |Investor Type and Vehicle Type|q8||206
q5ROW8_hidden|CURRENCY|Other TOTAL|8_57|OtherInvestorType_VehicleType_Total|OtherIT_VT_Total|Other investor type - Vehicle type total||Capital raised |Investor Type and Vehicle Type|q8||207
q5COL1_hidden|CURRENCY|Non-listed/ commingled real estate funds/private REITs TOTAL|8_58|InvestorType_NonListedFunds_Total|IT_NLF_Total|Investor type - Non-listed fund total||Capital raised |Investor Type and Vehicle Type|q8||208
q5COL2_hidden|CURRENCY|Separate accounts investing directly into real estate TOTAL|8_59|InvestorType_SeparateAccountsDirect_Total|IT_SepAccDirect_Total|Investor type - Separate accounts investing directly total||Capital raised |Investor Type and Vehicle Type|q8||209
q5COL3_hidden|CURRENCY|Separate accounts investing into indirect vehicles TOTAL|8_60|InvestorType_SeparateAccountsIndirect_Total|IT_SepAccIndirect_Total|Investor type - Separate accounts investing indirectly total||Capital raised |Investor Type and Vehicle Type|q8||210
q5COL4_hidden|CURRENCY|Joint ventures and club deals TOTAL|8_61|InvestorType_JVs_Total|IT_JVs_Total|Investor type - Joint ventures and club deals total||Capital raised |Investor Type and Vehicle Type|q8||211
q5COL5_hidden|CURRENCY|Funds of funds TOTAL|8_62|InvestorType_FundsOfFunds_Total|IT_FOF_Total|Investor type - Funds of funds total||Capital raised |Investor Type and Vehicle Type|q8||212
q5COL6_hidden|CURRENCY|Non-listed debt products TOTAL|8_63|InvestorType_Debt_Total|IT_Debt_Total|Investor type - Non-listed debt products total||Capital raised |Investor Type and Vehicle Type|q8||213
q5GRANDTotal_hidden|CURRENCY|Total capital company raised in 2017 from institutional investors by investor type (million)|8_64|InvestorType_VehicleType_Total|IT_VT_Total|Investor type - Vehicle type total||Capital raised |Investor Type and Vehicle Type|q8||214
||How much institutional capital did your company raise for non-listed vehicles in 2017 by investor domicile (million)?|9|||||||q9||215
q61_1|CURRENCY|Asia Pacific - Non-listed/ commingled real estate funds/private REITs|9_1|InvestorDomicileAsiaPacific_NonListedFunds|IDAPAC_NLF|Asia Pacific - Non-listed funds||Capital raised |Investor Domicile and Vehicle Type|q9||216
q61_2|CURRENCY|Asia Pacific - Separate accounts investing directly into real estate|9_2|InvestorDomicileAsiaPacific_SeparateAccountsDirect|IDAPAC_SepAccDirect|Asia Pacific - Separate accounts direct||Capital raised |Investor Domicile and Vehicle Type|q9||217
q61_3|CURRENCY|Asia Pacific - Separate accounts investing into indirect vehicles|9_3|InvestorDomicileAsiaPacific_SeparateAccountsIndirect|IDAPAC_SepAccIndirect|Asia Pacific - Separate accounts indirect||Capital raised |Investor Domicile and Vehicle Type|q9||218
q61_4|CURRENCY|Asia Pacific - Joint ventures and club deals|9_4|InvestorDomicileAsiaPacific_JVs|IDAPAC_JVs|Asia Pacific - Joint ventures and club deals||Capital raised |Investor Domicile and Vehicle Type|q9||219
q61_5|CURRENCY|Asia Pacific - Funds of funds|9_5|InvestorDomicileAsiaPacific_FundsOfFunds|IDAPAC_FOF|Asia Pacific - Funds of funds||Capital raised |Investor Domicile and Vehicle Type|q9||220
q61_6|CURRENCY|Asia Pacific - Non-listed debt products|9_6|InvestorDomicileAsiaPacific_Debt|IDAPAC_Debt|Asia Pacific - Non-listed debt||Capital raised |Investor Domicile and Vehicle Type|q9||221
q6ROW1_hidden|CURRENCY|Asia Pacific  TOTAL|9_7|InvestorDomicileAsiaPacific_VehicleType_Total|IDAPAC_VT_Total|Asia Pacific - Vehicle type total||Capital raised |Investor Domicile and Vehicle Type|q9||222
q62_1|CURRENCY|Europe - Non-listed/ commingled real estate funds/private REITs|9_8|InvestorDomicileEurope_NonListedFunds|IDEUR_NLF|Europe - Non-listed funds||Capital raised |Investor Domicile and Vehicle Type|q9||223
q62_2|CURRENCY|Europe - Separate accounts investing directly into real estate|9_9|InvestorDomicileEurope_SeparateAccountsDirect|IDEUR_SepAccDirect|Europe - Separate accounts direct||Capital raised |Investor Domicile and Vehicle Type|q9||224
q62_3|CURRENCY|Europe - Separate accounts investing into indirect vehicles|9_10|InvestorDomicileEurope_SeparateAccountsIndirect|IDEUR_SepAccIndirect|Europe - Separate accounts indirect||Capital raised |Investor Domicile and Vehicle Type|q9||225
q62_4|CURRENCY|Europe - Joint ventures and club deals|9_11|InvestorDomicileEurope_JVs|IDEUR_JVs|Europe -  Joint ventures and club deals||Capital raised |Investor Domicile and Vehicle Type|q9||226
q62_5|CURRENCY|Europe - Funds of funds|9_12|InvestorDomicileEurope_FundsOfFunds|IDEUR_FOF|Europe - Funds of funds||Capital raised |Investor Domicile and Vehicle Type|q9||227
q62_6|CURRENCY|Europe - Non-listed debt products|9_13|InvestorDomicileEurope_Debt|IDEUR_Debt|Europe - Non-listed debt||Capital raised |Investor Domicile and Vehicle Type|q9||228
q6ROW2_hidden|CURRENCY|Europe  TOTAL|9_14|InvestorDomicileEurope_VehicleType_Total|IDEUR_VT_Total|Europe - Vehicle type total||Capital raised |Investor Domicile and Vehicle Type|q9||229
q63_1|CURRENCY|North America - Non-listed/ commingled real estate funds/private REITs|9_15|InvestorDomicileNorthAmerica_NonListedFunds|IDNA_NLF|North America - Non-listed funds||Capital raised |Investor Domicile and Vehicle Type|q9||230
q63_2|CURRENCY|North America - Separate accounts investing directly into real estate|9_16|InvestorDomicileNorthAmerica_SeparateAccountsDirect|IDNA_SepAccDirect|North America - Separate accounts direct||Capital raised |Investor Domicile and Vehicle Type|q9||231
q63_3|CURRENCY|North America - Separate accounts investing into indirect vehicles|9_17|InvestorDomicileNorthAmerica_SeparateAccountsIndirect|IDNA_SepAccIndirect|North America - Separate accounts indirect||Capital raised |Investor Domicile and Vehicle Type|q9||232
q63_4|CURRENCY|North America - Joint ventures and club deals|9_18|InvestorDomicileNorthAmerica_JVs|IDNA_JVs|North America -  Joint ventures and club deals||Capital raised |Investor Domicile and Vehicle Type|q9||233
q63_5|CURRENCY|North America - Funds of funds|9_19|InvestorDomicileNorthAmerica_FundsOfFunds|IDNA_FOF|North America - Funds of funds||Capital raised |Investor Domicile and Vehicle Type|q9||234
q63_6|CURRENCY|North America - Non-listed debt products|9_20|InvestorDomicileNorthAmerica_Debt|IDNA_Debt|North America - Non-listed debt||Capital raised |Investor Domicile and Vehicle Type|q9||235
q6ROW3_hidden|CURRENCY|North America  TOTAL|9_21|InvestorDomicileNorthAmerica_VehicleType_Total|IDNA_VT_Total|North America - Vehicle type total||Capital raised |Investor Domicile and Vehicle Type|q9||236
q64_1|CURRENCY|South America - Non-listed/ commingled real estate funds/private REITs|9_22|InvestorDomicileSouthAmerica_NonListedFunds|IDSA_NLF|South America - Non-listed funds||Capital raised |Investor Domicile and Vehicle Type|q9||237
q64_2|CURRENCY|South America - Separate accounts investing directly into real estate|9_23|InvestorDomicileSouthAmerica_SeparateAccountsDirect|IDSA_SepAccDirect|South America - Separate accounts direct||Capital raised |Investor Domicile and Vehicle Type|q9||238
q64_3|CURRENCY|South America - Separate accounts investing into indirect vehicles|9_24|InvestorDomicileSouthAmerica_SeparateAccountsIndirect|IDSA_SepAccIndirect|South America - Separate accounts indirect||Capital raised |Investor Domicile and Vehicle Type|q9||239
q64_4|CURRENCY|South America - Joint ventures and club deals|9_25|InvestorDomicileSouthAmerica_JVs|IDSA_JVs|South America -  Joint ventures and club deals||Capital raised |Investor Domicile and Vehicle Type|q9||240
q64_5|CURRENCY|South America - Funds of funds|9_26|InvestorDomicileSouthAmerica_FundsOfFunds|IDSA_FOF|South America - Funds of funds||Capital raised |Investor Domicile and Vehicle Type|q9||241
q64_6|CURRENCY|South America - Non-listed debt products|9_27|InvestorDomicileSouthAmerica_Debt|IDSA_Debt|South America - Non-listed debt||Capital raised |Investor Domicile and Vehicle Type|q9||242
q6ROW4_hidden|CURRENCY|South America  TOTAL|9_28|InvestorDomicileSouthAmerica_VehicleType_Total|IDSA_VT_Total|South America - Vehicle type total||Capital raised |Investor Domicile and Vehicle Type|q9||243
q65_1|CURRENCY|Africa - Non-listed/ commingled real estate funds/private REITs|9_29|InvestorDomicileAfrica_NonListedFunds|IDAFR_NLF|Africa - Non-listed funds||Capital raised |Investor Domicile and Vehicle Type|q9||244
q65_2|CURRENCY|Africa - Separate accounts investing directly into real estate|9_30|InvestorDomicileAfrica_SeparateAccountsDirect|IDAFR_SepAccDirect|Africa - Separate accounts direct||Capital raised |Investor Domicile and Vehicle Type|q9||245
q65_3|CURRENCY|Africa - Separate accounts investing into indirect vehicles|9_31|InvestorDomicileAfrica_SeparateAccountsIndirect|IDAFR_SepAccIndirect|Africa - Separate accounts indirect||Capital raised |Investor Domicile and Vehicle Type|q9||246
q65_4|CURRENCY|Africa - Joint ventures and club deals|9_32|InvestorDomicileAfrica_JVs|IDAFR_JVs|Africa -  Joint ventures and club deals||Capital raised |Investor Domicile and Vehicle Type|q9||247
q65_5|CURRENCY|Africa - Funds of funds|9_33|InvestorDomicileAfrica_FundsOfFunds|IDAFR_FOF|Africa - Funds of funds||Capital raised |Investor Domicile and Vehicle Type|q9||248
q65_6|CURRENCY|Africa - Non-listed debt products|9_34|InvestorDomicileAfrica_Debt|IDAFR_Debt|Africa - Non-listed debt||Capital raised |Investor Domicile and Vehicle Type|q9||249
q6ROW5_hidden|CURRENCY|Africa  TOTAL|9_35|InvestorDomicileAfrica_VehicleType_Total|IDAFR_VT_Total|Africa - Vehicle type total||Capital raised |Investor Domicile and Vehicle Type|q9||250
q6COL1_hidden|CURRENCY|Non-listed/ commingled real estate funds/private REITs TOTAL|9_36|InvestorDomicile_NonListedFunds_Total|ID_NLF_Total|Regional strategy - Non-listed funds total||Capital raised |Investor Domicile and Vehicle Type|q9||251
q6COL2_hidden|CURRENCY|Separate accounts investing directly into real estate TOTAL|9_37|InvestorDomicile_SeparateAccountsDirect_Total|ID_SepAccDirect_Total|Regional strategy - Separate accounts investing directly total||Capital raised |Investor Domicile and Vehicle Type|q9||252
q6COL3_hidden|CURRENCY|Separate accounts investing into indirect vehicles TOTAL|9_38|InvestorDomicile_SeparateAccountsIndirect_Total|ID_SepAccIndirect_Total|Regional strategy - Separate accounts indirect total||Capital raised |Investor Domicile and Vehicle Type|q9||253
q6COL4_hidden|CURRENCY|Joint ventures and club deals TOTAL|9_39|InvestorDomicile_JVs_Total|ID_JVs_Total|Regional strategy - Joint ventures and club deals total||Capital raised |Investor Domicile and Vehicle Type|q9||254
q6COL5_hidden|CURRENCY|Funds of funds TOTAL|9_40|InvestorDomicile_FundsOfFunds_Total|ID_FOF_Total|Regional strategy - Funds of funds total||Capital raised |Investor Domicile and Vehicle Type|q9||255
q6COL6_hidden|CURRENCY|Non-listed debt products TOTAL|9_41|InvestorDomicile_Debt_Total|ID_Debt_Total|Regional strategy - Non-listed debt total||Capital raised |Investor Domicile and Vehicle Type|q9||256
q6GRANDTotal_hidden|CURRENCY|Total capital company raised in 2017 from Institutional Investors by investor domicile (million)|9_42|InvestorDomicile_VehicleType_Total|ID_VT_Total|Regional strategy - Vehicle type total||Capital raised |Investor Domicile and Vehicle Type|q9||257
||What percentage of the total capital was raised via...?|10|||||||q10||258
q7_1|PERCENT|Placement agent|10_1|PercentMethod_PlacementAgent|PercMeth_PlacAg|Placement agent||Capital raised |Method|q10||259
q7_2|PERCENT|Investors contacting you directly|10_2|PercentMethod_InvestorsContactingDirectly|PercMeth_InvConDirect|Investor contracting directly||Capital raised |Method|q10||260
q7_3|PERCENT|Your own direct relationship with investors|10_3|PercentMethod_RelationshipWithInvestors|PercMeth_RelWithInv|Relationship with investors||Capital raised |Method|q10||261
q7other|TEXT|Other (please specify)|10_4|PercentMethod_Othertext|PercMeth_OtherText|Other Text||Capital raised |Method|q10||262
q7_4|PERCENT|Other|10_5|PercentMethod_Other|PercMeth_Other|Other Method||Capital raised |Method|q10||263
q8|SINGLE|How do you expect capital raising activities to develop over the next two years?|11|CapitalRaisingActivity_Development|CRact_Dev|||Capital raised |Method|q11||264
q9|SINGLE|What impact do you expect regulation to have on capital raising activities over the next two years?|12|CapitalRaisingActivity_Impactregulation|CRact_ImpReg|||Capital raised |Method|q12||265
q91|SINGLE|Would you like the name of your company to be included in the list of participants?|13|Companynameincluded|CompNameIncl|||Name|Name|q13||266
ASIA PACIFIC_apac||For your Asia Pacific strategy, how much institutional capital did your company raise for non-listed vehicles in 2017 by investor type (million)?|14|||||APAC Capital raised|Investor Type and Vehicle Type|q14||267
q101_1_apac|CURRENCY|Pension funds - Non-listed/ commingled real estate funds/private REITs|14_1|APAC_PensionFunds_NonListedFunds|APAC_PF_NLF|Pension funds - Non-listed fund||APAC Capital raised|Investor Type and Vehicle Type|q14||268
q101_2_apac|CURRENCY|Pension funds - Separate accounts investing directly into real estate|14_2|APAC_PensionFunds_SeparateAccountsDirect|APAC_PF_SepAccDirect|Pension funds - Separate accounts investing directly||APAC Capital raised|Investor Type and Vehicle Type|q14||269
q101_3_apac|CURRENCY|Pension funds - Separate accounts investing into indirect vehicles|14_3|APAC_PensionFunds_SeparateAccountsIndirect|APAC_PF_SepAccIndirect|Pension funds - Separate accounts investing indirectly||APAC Capital raised|Investor Type and Vehicle Type|q14||270
q101_4_apac|CURRENCY|Pension funds - Joint ventures and club deals|14_4|APAC_PensionFunds_JVs|APAC_PF_JVs|Pension funds - Joint ventures and club deals||APAC Capital raised|Investor Type and Vehicle Type|q14||271
q101_5_apac|CURRENCY|Pension funds - Funds of funds|14_5|APAC_PensionFunds_FundsOfFunds|APAC_PF_FOF|Pension funds - Funds of funds||APAC Capital raised|Investor Type and Vehicle Type|q14||272
q101_6_apac|CURRENCY|Pension funds - Non-listed debt products|14_6|APAC_PensionFunds_Debt|APAC_PF_Debt|Pension funds - Non-listed debt products||APAC Capital raised|Investor Type and Vehicle Type|q14||273
q10ROW1_hidden_apac|CURRENCY|Pension funds TOTAL|14_7|APAC_PensionFunds_VehicleType_Total|APAC_PF_VT_Total|Pension funds - Vehicle type total||APAC Capital raised|Investor Type and Vehicle Type|q14||274
q102_1_apac|CURRENCY|Insurance companies - Non-listed/ commingled real estate funds/private REITs|14_8|APAC_InsuranceCompanies_NonListedFunds|APAC_IC_NLF|Insurance companies - Non-listed fund||APAC Capital raised|Investor Type and Vehicle Type|q14||275
q102_2_apac|CURRENCY|Insurance companies - Separate accounts investing directly into real estate|14_9|APAC_InsuranceCompanies_SeparateAccountsDirect|APAC_IC_SepAccDirect|Insurance companies - Separate accounts investing directly||APAC Capital raised|Investor Type and Vehicle Type|q14||276
q102_3_apac|CURRENCY|Insurance companies - Separate accounts investing into indirect vehicles|14_10|APAC_InsuranceCompanies_SeparateAccountsIndirect|APAC_IC_SepAccIndirect|Insurance companies - Separate accounts investing indirectly||APAC Capital raised|Investor Type and Vehicle Type|q14||277
q102_4_apac|CURRENCY|Insurance companies - Joint ventures and club deals|14_11|APAC_InsuranceCompanies_JVs|APAC_IC_JVs|Insurance companies - Joint ventures and club deals||APAC Capital raised|Investor Type and Vehicle Type|q14||278
q102_5_apac|CURRENCY|Insurance companies - Funds of funds|14_12|APAC_InsuranceCompanies_FundsOfFunds|APAC_IC_FOF|Insurance companies - Funds of funds||APAC Capital raised|Investor Type and Vehicle Type|q14||279
q102_6_apac|CURRENCY|Insurance companies - Non-listed debt products|14_13|APAC_InsuranceCompanies_Debt|APAC_IC_Debt|Insurance companies - Non-listed debt products||APAC Capital raised|Investor Type and Vehicle Type|q14||280
q10ROW2_hidden_apac|CURRENCY|Insurance companies TOTAL|14_14|APAC_InsuranceCompanies_VehicleType_Total|APAC_IC_VT_Total|Insurance companies - Vehicle type total||APAC Capital raised|Investor Type and Vehicle Type|q14||281
q103_1_apac|CURRENCY|Sovereign wealth funds - Non-listed/ commingled real estate funds/private REITs|14_15|APAC_SovereignWealthFunds_NonListedFunds|APAC_SWF_NLF|Sovereign wealth funds - Non-listed fund||APAC Capital raised|Investor Type and Vehicle Type|q14||282
q103_2_apac|CURRENCY|Sovereign wealth funds - Separate accounts investing directly into real estate|14_16|APAC_SovereignWealthFunds_SeparateAccountsDirect|APAC_SWF_SepAccDirect|Sovereign wealth funds - Separate accounts investing directly||APAC Capital raised|Investor Type and Vehicle Type|q14||283
q103_3_apac|CURRENCY|Sovereign wealth funds - Separate accounts investing into indirect vehicles|14_17|APAC_SovereignWealthFunds_SeparateAccountsIndirect|APAC_SWF_SepAccIndirect|Sovereign wealth funds - Separate accounts investing indirectly||APAC Capital raised|Investor Type and Vehicle Type|q14||284
q103_4_apac|CURRENCY|Sovereign wealth funds - Joint ventures and club deals|14_18|APAC_SovereignWealthFunds_JVs|APAC_SWF_JVs|Sovereign wealth funds - Joint ventures and club deals||APAC Capital raised|Investor Type and Vehicle Type|q14||285
q103_5_apac|CURRENCY|Sovereign wealth funds - Funds of funds|14_19|APAC_SovereignWealthFunds_FundsOfFunds|APAC_SWF_FOF|Sovereign wealth funds - Funds of funds||APAC Capital raised|Investor Type and Vehicle Type|q14||286
q103_6_apac|CURRENCY|Sovereign wealth funds - Non-listed debt products|14_20|APAC_SovereignWealthFunds_Debt|APAC_SWF_Debt|Sovereign wealth funds - Non-listed debt products||APAC Capital raised|Investor Type and Vehicle Type|q14||287
q10ROW3_hidden_apac|CURRENCY|Sovereign wealth funds TOTAL|14_21|APAC_SovereignWealthFunds_VehicleType_Total|APAC_SWF_VT_Total|Sovereign wealth funds - Vehicle type total||APAC Capital raised|Investor Type and Vehicle Type|q14||288
q104_1_apac|CURRENCY|Government institutions - Non-listed/ commingled real estate funds/private REITs|14_22|APAC_GovernmentInstitutions_NonListedFunds|APAC_GI_NLF|Government institutions - Non-listed fund||APAC Capital raised|Investor Type and Vehicle Type|q14||289
q104_2_apac|CURRENCY|Government institutions - Separate accounts investing directly into real estate|14_23|APAC_GovernmentInstitutions_SeparateAccountsDirect|APAC_GI_SepAccDirect|Government institutions - Separate accounts investing directly||APAC Capital raised|Investor Type and Vehicle Type|q14||290
q104_3_apac|CURRENCY|Government institutions - Separate accounts investing into indirect vehicles|14_24|APAC_GovernmentInstitutions_SeparateAccountsIndirect|APAC_GI_SepAccIndirect|Government institutions - Separate accounts investing indirectly||APAC Capital raised|Investor Type and Vehicle Type|q14||291
q104_4_apac|CURRENCY|Government institutions - Joint ventures and club deals|14_25|APAC_GovernmentInstitutions_JVs|APAC_GI_JVs|Government institutions - Joint ventures and club deals||APAC Capital raised|Investor Type and Vehicle Type|q14||292
q104_5_apac|CURRENCY|Government institutions - Funds of funds|14_26|APAC_GovernmentInstitutions_FundsOfFunds|APAC_GI_FOF|Government institutions - Funds of funds||APAC Capital raised|Investor Type and Vehicle Type|q14||293
q104_6_apac|CURRENCY|Government institutions - Non-listed debt products|14_27|APAC_GovernmentInstitutions_Debt|APAC_GI_Debt|Government institutions - Non-listed debt products||APAC Capital raised|Investor Type and Vehicle Type|q14||294
q10ROW4_hidden_apac|CURRENCY|Government institutions TOTAL|14_28|APAC_GovernmentInstitutions_VehicleType_Total|APAC_GI_VT_Total|Government institutions - Vehicle type total||APAC Capital raised|Investor Type and Vehicle Type|q14||295
q105_1_apac|CURRENCY|Charities, foundations, non-profit organisations - Non-listed/ commingled real estate funds/private REITs|14_29|APAC_CharitiesFoundationsNonProfitOrganizations_NonListedFunds|APAC_CF&NPO_NLF|Charities, foundations & non-profit organisations - Non-listed fund||APAC Capital raised|Investor Type and Vehicle Type|q14||296
q105_2_apac|CURRENCY|Charities, foundations, non-profit organisations - Separate accounts investing directly into real estate|14_30|APAC_CharitiesFoundationsNonProfitOrganizations_SeparateAccountsDirect|APAC_CF&NPO_SepAccDirect|Charities, foundations & non-profit organisations - Separate accounts investing directly||APAC Capital raised|Investor Type and Vehicle Type|q14||297
q105_3_apac|CURRENCY|Charities, foundations, non-profit organisations - Separate accounts investing into indirect vehicles|14_31|APAC_CharitiesFoundationsNonProfitOrganizations_SeparateAccountsIndirect|APAC_CF&NPO_SepAccIndirect|Charities, foundations & non-profit organisations - Separate accounts investing indirectly||APAC Capital raised|Investor Type and Vehicle Type|q14||298
q105_4_apac|CURRENCY|Charities, foundations, non-profit organisations - Joint ventures and club deals|14_32|APAC_CharitiesFoundationsNonProfitOrganizations_JVs|APAC_CF&NPO_JVs|Charities, foundations & non-profit organisations - Joint ventures and club deals||APAC Capital raised|Investor Type and Vehicle Type|q14||299
q105_5_apac|CURRENCY|Charities, foundations, non-profit organisations - Funds of funds|14_33|APAC_CharitiesFoundationsNonProfitOrganizations_FundsOfFunds|APAC_CF&NPO_FOF|Charities, foundations & non-profit organisations - Funds of funds||APAC Capital raised|Investor Type and Vehicle Type|q14||300
q105_6_apac|CURRENCY|Charities, foundations, non-profit organisations - Non-listed debt products|14_34|APAC_CharitiesFoundationsNonProfitOrganizations_Debt|APAC_CF&NPO_Debt|Charities, foundations & non-profit organisations - Non-listed debt products||APAC Capital raised|Investor Type and Vehicle Type|q14||301
q10ROW5_hidden_apac|CURRENCY|Charities, foundations, non-profit organisations  TOTAL|14_35|APAC_CharitiesFoundationsNonProfitOrganizations_VehicleType_Total|APAC_CF&NPO_VT_Total|Charities, foundations & non-profit organisations - Vehicle type total||APAC Capital raised|Investor Type and Vehicle Type|q14||302
q106_1_apac|CURRENCY|Funds of funds - Non-listed/ commingled real estate funds/private REITs|14_36|APAC_FundsOfFunds_NonListedFunds|APAC_FOF_NLF|Funds of funds - Non-listed fund||APAC Capital raised|Investor Type and Vehicle Type|q14||303
q106_2_apac|CURRENCY|Funds of funds - Separate accounts investing directly into real estate|14_37|APAC_FundsOfFunds_SeparateAccountsDirect|APAC_FOF_SepAccDirect|Funds of funds - Separate accounts investing directly||APAC Capital raised|Investor Type and Vehicle Type|q14||304
q106_3_apac|CURRENCY|Funds of funds - Separate accounts investing into indirect vehicles|14_38|APAC_FundsOfFunds_SeparateAccountsIndirect|APAC_FOF_SepAccIndirect|Funds of funds - Separate accounts investing indirectly||APAC Capital raised|Investor Type and Vehicle Type|q14||305
q106_4_apac|CURRENCY|Funds of funds - Joint ventures and club deals|14_39|APAC_FundsOfFunds_JVs|APAC_FOF_JVs|Funds of funds - Joint ventures and club deals||APAC Capital raised|Investor Type and Vehicle Type|q14||306
q106_5_apac|CURRENCY|Funds of funds - Funds of funds|14_40|APAC_FundsOfFunds_FundsOfFunds|APAC_FOF_FOF|Funds of funds - Funds of funds||APAC Capital raised|Investor Type and Vehicle Type|q14||307
q106_6_apac|CURRENCY|Funds of funds - Non-listed debt products|14_41|APAC_FundsOfFunds_Debt|APAC_FOF_Debt|Funds of funds - Non-listed debt products||APAC Capital raised|Investor Type and Vehicle Type|q14||308
q10ROW6_hidden_apac|CURRENCY|Funds of funds TOTAL|14_42|APAC_FundsOfFunds_VehicleType_Total|APAC_FOF_VT_Total|Funds of funds - Vehicle type total||APAC Capital raised|Investor Type and Vehicle Type|q14||309
q107_1_apac|CURRENCY|High net worth individuals /Family offices - Non-listed/ commingled real estate funds/private REITs|14_43|APAC_HighnetWorthIndividualsFamilyOffices_NonListedFunds|APAC_HNWI/FO_NLF|Hign net worth individuals/Family offices - Non-listed fund||APAC Capital raised|Investor Type and Vehicle Type|q14||310
q107_2_apac|CURRENCY|High net worth individuals /Family offices - Separate accounts investing directly into real estate|14_44|APAC_HighnetWorthIndividualsFamilyOffices_SeparateAccountsDirect|APAC_HNWI/FO_SepAccDirect|Hign net worth individuals/Family offices - Separate accounts investing directly||APAC Capital raised|Investor Type and Vehicle Type|q14||311
q107_3_apac|CURRENCY|High net worth individuals /Family offices - Separate accounts investing into indirect vehicles|14_45|APAC_HighnetWorthIndividualsFamilyOffices_SeparateAccountsIndirect|APAC_HNWI/FO_SepAccIndirect|Hign net worth individuals/Family offices - Separate accounts investing indirectly||APAC Capital raised|Investor Type and Vehicle Type|q14||312
q107_4_apac|CURRENCY|High net worth individuals /Family offices - Joint ventures and club deals|14_46|APAC_HighnetWorthIndividualsFamilyOffices_JVs|APAC_HNWI/FO_JVs|Hign net worth individuals/Family offices - Joint ventures and club deals||APAC Capital raised|Investor Type and Vehicle Type|q14||313
q107_5_apac|CURRENCY|High net worth individuals /Family offices - Funds of funds|14_47|APAC_HighnetWorthIndividualsFamilyOffices_FundsOfFunds|APAC_HNWI/FO_FOF|Hign net worth individuals/Family offices - Funds of funds||APAC Capital raised|Investor Type and Vehicle Type|q14||314
q107_6_apac|CURRENCY|High net worth individuals /Family offices - Non-listed debt products|14_48|APAC_HighnetWorthIndividualsFamilyOffices_Debt|APAC_HNWI/FO_Debt|Hign net worth individuals/Family offices - Non-listed debt products||APAC Capital raised|Investor Type and Vehicle Type|q14||315
q10ROW7_hidden_apac|CURRENCY|High net worth individuals /Family offices TOTAL|14_49|APAC_HighnetWorthIndividualsFamilyOffices_VehicleType_Total|APAC_HNWI/FO_VT_Total|Hign net worth individuals/Family offices - Vehicle type total||APAC Capital raised|Investor Type and Vehicle Type|q14||316
q10other_apac|TEXT|Other (please specify)|14_50|APAC_OtherInvestorTypetext|APAC_OtherITText|Other investor type||APAC Capital raised|Investor Type and Vehicle Type|q14||317
q108_1_apac|CURRENCY|Other - Non-listed/ commingled real estate funds/private REITs|14_51|APAC_OtherInvestorType_NonListedFunds|APAC_OtherIT_NLF|Other investor type - Non-listed fund||APAC Capital raised|Investor Type and Vehicle Type|q14||318
q108_2_apac|CURRENCY|Other - Separate accounts investing directly into real estate|14_52|APAC_OtherInvestorType_SeparateAccountsDirect|APAC_OtherIT_SepAccDirect|Other investor type - Separate accounts investing directly||APAC Capital raised|Investor Type and Vehicle Type|q14||319
q108_3_apac|CURRENCY|Other - Separate accounts investing into indirect vehicles|14_53|APAC_OtherInvestorType_SeparateAccountsIndirect|APAC_OtherIT_SepAccIndirect|Other investor type - Separate accounts investing indirectly||APAC Capital raised|Investor Type and Vehicle Type|q14||320
q108_4_apac|CURRENCY|Other - Joint ventures and club deals|14_54|APAC_OtherInvestorType_JVs|APAC_OtherIT_JVs|Other investor type - Joint ventures and club deals||APAC Capital raised|Investor Type and Vehicle Type|q14||321
q108_5_apac|CURRENCY|Other - Funds of funds|14_55|APAC_OtherInvestorType_FundsOfFunds|APAC_OtherIT_FOF|Other investor type - Funds of funds||APAC Capital raised|Investor Type and Vehicle Type|q14||322
q108_6_apac|CURRENCY|Other - Non-listed debt products|14_56|APAC_OtherInvestorType_Debt|APAC_OtherIT_Debt|Other investor type - Non-listed debt products||APAC Capital raised|Investor Type and Vehicle Type|q14||323
q10ROW8_hidden_apac|CURRENCY|Other TOTAL|14_57|APAC_OtherInvestorType_VehicleType_Total|APAC_OtherIT_VT_Total|Other investor type - Vehicle type total||APAC Capital raised|Investor Type and Vehicle Type|q14||324
q10COL1_hidden_apac|CURRENCY|Non-listed/ commingled real estate funds/private REITs TOTAL|14_58|APAC_InvestorType_NonListedFunds_Total|APAC_IT_NLF_Total|Investor type - Non-listed fund total||APAC Capital raised|Investor Type and Vehicle Type|q14||325
q10COL2_hidden_apac|CURRENCY|Separate accounts investing directly into real estate TOTAL|14_59|APAC_InvestorType_SeparateAccountsDirect_Total|APAC_IT_SepAccDirect_Total|Investor type - Separate accounts investing directly total||APAC Capital raised|Investor Type and Vehicle Type|q14||326
q10COL3_hidden_apac|CURRENCY|Separate accounts investing into indirect vehicles TOTAL|14_60|APAC_InvestorType_SeparateAccountsIndirect_Total|APAC_IT_SepAccIndirect_Total|Investor type - Separate accounts investing indirectly total||APAC Capital raised|Investor Type and Vehicle Type|q14||327
q10COL4_hidden_apac|CURRENCY|Joint ventures and club deals TOTAL|14_61|APAC_InvestorType_JVs_Total|APAC_IT_JVs_Total|Investor type - Joint ventures and club deals total||APAC Capital raised|Investor Type and Vehicle Type|q14||328
q10COL5_hidden_apac|CURRENCY|Funds of funds TOTAL|14_62|APAC_InvestorType_FundsOfFunds_Total|APAC_IT_FOF_Total|Investor type - Funds of funds total||APAC Capital raised|Investor Type and Vehicle Type|q14||329
q10COL6_hidden_apac|CURRENCY|Non-listed debt products TOTAL|14_63|APAC_InvestorType_Debt_Total|APAC_IT_Debt_Total|Investor type - Non-listed debt products total||APAC Capital raised|Investor Type and Vehicle Type|q14||330
q10GRANDTotal_hidden_apac|CURRENCY|TOTAL institutional capital by investor type|14_64|APAC_InvestorType_VehicleType_Total|APAC_IT_VT_Total|Investor type - Vehicle type total||APAC Capital raised|Investor Type and Vehicle Type|q14||331
_apac||[Asia Pacific strategy] How much institutional capital did your company raise in 2017 by investor domicile (million)?|15|||||APAC Capital raised|Investor Domicile and Vehicle Type|q15||332
q111_1_apac|CURRENCY|Europe - Non-listed/ commingled real estate funds/private REITs|15_1|APAC_InvestorDomicileEurope_NonListedFunds|APAC_IDEUR_NLF|Europe - Non-listed funds||APAC Capital raised|Investor Domicile and Vehicle Type|q15||333
q111_2_apac|CURRENCY|Europe - Separate accounts investing directly into real estate|15_2|APAC_InvestorDomicileEurope_SeparateAccountsDirect|APAC_IDEUR_SepAccDirect|Europe - Separate accounts investing directly||APAC Capital raised|Investor Domicile and Vehicle Type|q15||334
q111_3_apac|CURRENCY|Europe - Separate accounts investing into indirect vehicles|15_3|APAC_InvestorDomicileEurope_SeparateAccountsIndirect|APAC_IDEUR_SepAccIndirect|Europe - Separate accounts investing indirectly||APAC Capital raised|Investor Domicile and Vehicle Type|q15||335
q111_4_apac|CURRENCY|Europe - Joint ventures and club deals|15_4|APAC_InvestorDomicileEurope_JVs|APAC_IDEUR_JVs|Europe - Joint ventures and club deals||APAC Capital raised|Investor Domicile and Vehicle Type|q15||336
q111_5_apac|CURRENCY|Europe - Funds of funds|15_5|APAC_InvestorDomicileEurope_FundsOfFunds|APAC_IDEUR_FOF|Europe - Funds of funds||APAC Capital raised|Investor Domicile and Vehicle Type|q15||337
q111_6_apac|CURRENCY|Europe - Non-listed debt products|15_6|APAC_InvestorDomicileEurope_Debt|APAC_IDEUR_Debt|Europe - Non-listed debt products||APAC Capital raised|Investor Domicile and Vehicle Type|q15||338
q11ROW1_hidden_apac|CURRENCY|Europe TOTAL|15_7|APAC_InvestorDomicileEurope_VehicleType_Total|APAC_IDEUR_VT_Total|Europe - Vehicle type total||APAC Capital raised|Investor Domicile and Vehicle Type|q15||339
q112_1_apac|CURRENCY|Asia Pacific - Non-listed/ commingled real estate funds/private REITs|15_8|APAC_InvestorDomicileAsiaPacific_NonListedFunds|APAC_IDAPAC_NLF|Asia Pacific - Non-listed funds||APAC Capital raised|Investor Domicile and Vehicle Type|q15||340
q112_2_apac|CURRENCY|Asia Pacific - Separate accounts investing directly into real estate|15_9|APAC_InvestorDomicileAsiaPacific_SeparateAccountsDirect|APAC_IDAPAC_SepAccDirect|Asia Pacific - Separate accounts investing directly||APAC Capital raised|Investor Domicile and Vehicle Type|q15||341
q112_3_apac|CURRENCY|Asia Pacific - Separate accounts investing into indirect vehicles|15_10|APAC_InvestorDomicileAsiaPacific_SeparateAccountsIndirect|APAC_IDAPAC_SepAccIndirect|Asia Pacific - Separate accounts investing indirectly||APAC Capital raised|Investor Domicile and Vehicle Type|q15||342
q112_4_apac|CURRENCY|Asia Pacific - Joint ventures and club deals|15_11|APAC_InvestorDomicileAsiaPacific_JVs|APAC_IDAPAC_JVs|Asia Pacific - Joint ventures and club deals||APAC Capital raised|Investor Domicile and Vehicle Type|q15||343
q112_5_apac|CURRENCY|Asia Pacific - Funds of funds|15_12|APAC_InvestorDomicileAsiaPacific_FundsOfFunds|APAC_IDAPAC_FOF|Asia Pacific - Funds of funds||APAC Capital raised|Investor Domicile and Vehicle Type|q15||344
q112_6_apac|CURRENCY|Asia Pacific - Non-listed debt products|15_13|APAC_InvestorDomicileAsiaPacific_Debt|APAC_IDAPAC_Debt|Asia Pacific - Non-listed debt products||APAC Capital raised|Investor Domicile and Vehicle Type|q15||345
q11ROW2_hidden_apac|CURRENCY|Asia Pacific TOTAL|15_14|APAC_InvestorDomicileAsiaPacific_VehicleType_Total|APAC_IDAPAC_VT_Total|Asia Pacific - Vehicle type total||APAC Capital raised|Investor Domicile and Vehicle Type|q15||346
q113_1_apac|CURRENCY|North America - Non-listed/ commingled real estate funds/private REITs|15_15|APAC_InvestorDomicileNorthAmerica_NonListedFunds|APAC_IDNA_NLF|North America - Non-listed funds||APAC Capital raised|Investor Domicile and Vehicle Type|q15||347
q113_2_apac|CURRENCY|North America - Separate accounts investing directly into real estate|15_16|APAC_InvestorDomicileNorthAmerica_SeparateAccountsDirect|APAC_IDNA_SepAccDirect|North America - Separate accounts investing directly||APAC Capital raised|Investor Domicile and Vehicle Type|q15||348
q113_3_apac|CURRENCY|North America - Separate accounts investing into indirect vehicles|15_17|APAC_InvestorDomicileNorthAmerica_SeparateAccountsIndirect|APAC_IDNA_SepAccIndirect|North America - Separate accounts investing indirectly||APAC Capital raised|Investor Domicile and Vehicle Type|q15||349
q113_4_apac|CURRENCY|North America - Joint ventures and club deals|15_18|APAC_InvestorDomicileNorthAmerica_JVs|APAC_IDNA_JVs|North America - Joint ventures and club deals||APAC Capital raised|Investor Domicile and Vehicle Type|q15||350
q113_5_apac|CURRENCY|North America - Funds of funds|15_19|APAC_InvestorDomicileNorthAmerica_FundsOfFunds|APAC_IDNA_FOF|North America - Funds of funds||APAC Capital raised|Investor Domicile and Vehicle Type|q15||351
q113_6_apac|CURRENCY|North America - Non-listed debt products|15_20|APAC_InvestorDomicileNorthAmerica_Debt|APAC_IDNA_Debt|North America - Non-listed debt products||APAC Capital raised|Investor Domicile and Vehicle Type|q15||352
q11ROW3_hidden_apac|CURRENCY|North America TOTAL|15_21|APAC_InvestorDomicileNorthAmerica_VehicleType_Total|APAC_IDNA_VT_Total|North America - Vehicle type total||APAC Capital raised|Investor Domicile and Vehicle Type|q15||353
q114_1_apac|CURRENCY|South America - Non-listed/ commingled real estate funds/private REITs|15_22|APAC_InvestorDomicileSouthAmerica_NonListedFunds|APAC_IDSA_NLF|South America - Non-listed funds||APAC Capital raised|Investor Domicile and Vehicle Type|q15||354
q114_2_apac|CURRENCY|South America - Separate accounts investing directly into real estate|15_23|APAC_InvestorDomicileSouthAmerica_SeparateAccountsDirect|APAC_IDSA_SepAccDirect|South America - Separate accounts investing directly||APAC Capital raised|Investor Domicile and Vehicle Type|q15||355
q114_3_apac|CURRENCY|South America - Separate accounts investing into indirect vehicles|15_24|APAC_InvestorDomicileSouthAmerica_SeparateAccountsIndirect|APAC_IDSA_SepAccIndirect|South America - Separate accounts investing indirectly||APAC Capital raised|Investor Domicile and Vehicle Type|q15||356
q114_4_apac|CURRENCY|South America - Joint ventures and club deals|15_25|APAC_InvestorDomicileSouthAmerica_JVs|APAC_IDSA_JVs|South America - Joint ventures and club deals||APAC Capital raised|Investor Domicile and Vehicle Type|q15||357
q114_5_apac|CURRENCY|South America - Funds of funds|15_26|APAC_InvestorDomicileSouthAmerica_FundsOfFunds|APAC_IDSA_FOF|South America - Funds of funds||APAC Capital raised|Investor Domicile and Vehicle Type|q15||358
q114_6_apac|CURRENCY|South America - Non-listed debt products|15_27|APAC_InvestorDomicileSouthAmerica_Debt|APAC_IDSA_Debt|South America - Non-listed debt products||APAC Capital raised|Investor Domicile and Vehicle Type|q15||359
q11ROW4_hidden_apac|CURRENCY|South America TOTAL|15_28|APAC_InvestorDomicileSouthAmerica_VehicleType_Total|APAC_IDSA_VT_Total|South America - Vehicle type total||APAC Capital raised|Investor Domicile and Vehicle Type|q15||360
q115_1_apac|CURRENCY|Africa - Non-listed/ commingled real estate funds/private REITs|15_29|APAC_InvestorDomicileAfrica_NonListedFunds|APAC_IDAFR_NLF|Africa - Non-listed funds||APAC Capital raised|Investor Domicile and Vehicle Type|q15||361
q115_2_apac|CURRENCY|Africa - Separate accounts investing directly into real estate|15_30|APAC_InvestorDomicileAfrica_SeparateAccountsDirect|APAC_IDAFR_SepAccDirect|Africa - Separate accounts investing directly||APAC Capital raised|Investor Domicile and Vehicle Type|q15||362
q115_3_apac|CURRENCY|Africa - Separate accounts investing into indirect vehicles|15_31|APAC_InvestorDomicileAfrica_SeparateAccountsIndirect|APAC_IDAFR_SepAccIndirect|Africa - Separate accounts investing indirectly||APAC Capital raised|Investor Domicile and Vehicle Type|q15||363
q115_4_apac|CURRENCY|Africa - Joint ventures and club deals|15_32|APAC_InvestorDomicileAfrica_JVs|APAC_IDAFR_JVs|Africa - Joint ventures and club deals||APAC Capital raised|Investor Domicile and Vehicle Type|q15||364
q115_5_apac|CURRENCY|Africa - Funds of funds|15_33|APAC_InvestorDomicileAfrica_FundsOfFunds|APAC_IDAFR_FOF|Africa - Funds of funds||APAC Capital raised|Investor Domicile and Vehicle Type|q15||365
q115_6_apac|CURRENCY|Africa - Non-listed debt products|15_34|APAC_InvestorDomicileAfrica_Debt|APAC_IDAFR_Debt|Africa - Non-listed debt products||APAC Capital raised|Investor Domicile and Vehicle Type|q15||366
q11ROW5_hidden_apac|CURRENCY|Africa  TOTAL|15_35|APAC_InvestorDomicileAfrica_VehicleType_Total|APAC_IDAFR_VT_Total|Africa - Vehicle type total||APAC Capital raised|Investor Domicile and Vehicle Type|q15||367
q11COL1_hidden_apac|CURRENCY|Non-listed/ commingled real estate funds/private REITs TOTAL|15_36|APAC_InvestorDomicile_NonListedFunds_Total|APAC_ID_NLF_Total|Investor domicile total - Non-listed funds||APAC Capital raised|Investor Domicile and Vehicle Type|q15||368
q11COL2_hidden_apac|CURRENCY|Separate accounts investing directly into real estate TOTAL|15_37|APAC_InvestorDomicile_SeparateAccountsDirect_Total|APAC_ID_SepAccDirect_Total|Investor domicile total - Separate accounts investing directly||APAC Capital raised|Investor Domicile and Vehicle Type|q15||369
q11COL3_hidden_apac|CURRENCY|Separate accounts investing into indirect vehicles TOTAL|15_38|APAC_InvestorDomicile_SeparateAccountsIndirect_Total|APAC_ID_SepAccIndirect_Total|Investor domicile total - Separate accounts investing indirectly||APAC Capital raised|Investor Domicile and Vehicle Type|q15||370
q11COL4_hidden_apac|CURRENCY|Joint ventures and club deals TOTAL|15_39|APAC_InvestorDomicile_JVs_Total|APAC_ID_JVs_Total|Investor domicile total - Joint ventures and club deals||APAC Capital raised|Investor Domicile and Vehicle Type|q15||371
q11COL5_hidden_apac|CURRENCY|Funds of funds TOTAL|15_40|APAC_InvestorDomicile_FundsOfFunds_Total|APAC_ID_FOF_Total|Investor domicile total - Funds of funds||APAC Capital raised|Investor Domicile and Vehicle Type|q15||372
q11COL6_hidden_apac|CURRENCY|Non-listed debt products TOTAL|15_41|APAC_InvestorDomicile_Debt_Total|APAC_ID_Debt_Total|Investor domicile total - Non-listed debt products||APAC Capital raised|Investor Domicile and Vehicle Type|q15||373
q11GRANDTotal_hidden_apac|CURRENCY|TOTAL institutional capital by investor domicle|15_42|APAC_InvestorDomicile_VehicleType_Total|APAC_ID_VT_Total|Investor domicile total - Vehicle type total||APAC Capital raised|Investor Domicile and Vehicle Type|q15||374
EUROPE_europe||For your European strategy, how much institutional capital did your company raise for non-listed vehicles in 2017 by investor type (million)?|16|||||Europe Capital raised|Investor Type and Vehicle Type|q16||375
q101_1_europe|CURRENCY|Pension funds - Non-listed/ commingled real estate funds/private REITs|16_1|EUROPE_PensionFunds_NonListedFunds|EUR_PF_NLF|Pension funds - Non-listed fund||Europe Capital raised|Investor Type and Vehicle Type|q16||376
q101_2_europe|CURRENCY|Pension funds - Separate accounts investing directly into real estate|16_2|EUROPE_PensionFunds_SeparateAccountsDirect|EUR_PF_SepAccDirect|Pension funds - Separate accounts investing directly||Europe Capital raised|Investor Type and Vehicle Type|q16||377
q101_3_europe|CURRENCY|Pension funds - Separate accounts investing into indirect vehicles|16_3|EUROPE_PensionFunds_SeparateAccountsIndirect|EUR_PF_SepAccIndirect|Pension funds - Separate accounts investing indirectly||Europe Capital raised|Investor Type and Vehicle Type|q16||378
q101_4_europe|CURRENCY|Pension funds - Joint ventures and club deals|16_4|EUROPE_PensionFunds_JVs|EUR_PF_JVs|Pension funds - Joint ventures and club deals||Europe Capital raised|Investor Type and Vehicle Type|q16||379
q101_5_europe|CURRENCY|Pension funds - Funds of funds|16_5|EUROPE_PensionFunds_FundsOfFunds|EUR_PF_FOF|Pension funds - Funds of funds||Europe Capital raised|Investor Type and Vehicle Type|q16||380
q101_6_europe|CURRENCY|Pension funds - Non-listed debt products|16_6|EUROPE_PensionFunds_Debt|EUR_PF_Debt|Pension funds - Non-listed debt products||Europe Capital raised|Investor Type and Vehicle Type|q16||381
q10ROW1_hidden_europe|CURRENCY|Pension funds TOTAL|16_7|EUROPE_PensionFunds_VehicleType_Total|EUR_PF_VT_Total|Pension funds - Vehicle type total||Europe Capital raised|Investor Type and Vehicle Type|q16||382
q102_1_europe|CURRENCY|Insurance companies - Non-listed/ commingled real estate funds/private REITs|16_8|EUROPE_InsuranceCompanies_NonListedFunds|EUR_IC_NLF|Insurance companies - Non-listed fund||Europe Capital raised|Investor Type and Vehicle Type|q16||383
q102_2_europe|CURRENCY|Insurance companies - Separate accounts investing directly into real estate|16_9|EUROPE_InsuranceCompanies_SeparateAccountsDirect|EUR_IC_SepAccDirect|Insurance companies - Separate accounts investing directly||Europe Capital raised|Investor Type and Vehicle Type|q16||384
q102_3_europe|CURRENCY|Insurance companies - Separate accounts investing into indirect vehicles|16_10|EUROPE_InsuranceCompanies_SeparateAccountsIndirect|EUR_IC_SepAccIndirect|Insurance companies - Separate accounts investing indirectly||Europe Capital raised|Investor Type and Vehicle Type|q16||385
q102_4_europe|CURRENCY|Insurance companies - Joint ventures and club deals|16_11|EUROPE_InsuranceCompanies_JVs|EUR_IC_JVs|Insurance companies - Joint ventures and club deals||Europe Capital raised|Investor Type and Vehicle Type|q16||386
q102_5_europe|CURRENCY|Insurance companies - Funds of funds|16_12|EUROPE_InsuranceCompanies_FundsOfFunds|EUR_IC_FOF|Insurance companies - Funds of funds||Europe Capital raised|Investor Type and Vehicle Type|q16||387
q102_6_europe|CURRENCY|Insurance companies - Non-listed debt products|16_13|EUROPE_InsuranceCompanies_Debt|EUR_IC_Debt|Insurance companies - Non-listed debt products||Europe Capital raised|Investor Type and Vehicle Type|q16||388
q10ROW2_hidden_europe|CURRENCY|Insurance companies TOTAL|16_14|EUROPE_InsuranceCompanies_VehicleType_Total|EUR_IC_VT_Total|Insurance companies - Vehicle type total||Europe Capital raised|Investor Type and Vehicle Type|q16||389
q103_1_europe|CURRENCY|Sovereign wealth funds - Non-listed/ commingled real estate funds/private REITs|16_15|EUROPE_SovereignWealthFunds_NonListedFunds|EUR_SWF_NLF|Sovereign wealth funds - Non-listed fund||Europe Capital raised|Investor Type and Vehicle Type|q16||390
q103_2_europe|CURRENCY|Sovereign wealth funds - Separate accounts investing directly into real estate|16_16|EUROPE_SovereignWealthFunds_SeparateAccountsDirect|EUR_SWF_SepAccDirect|Sovereign wealth funds - Separate accounts investing directly||Europe Capital raised|Investor Type and Vehicle Type|q16||391
q103_3_europe|CURRENCY|Sovereign wealth funds - Separate accounts investing into indirect vehicles|16_17|EUROPE_SovereignWealthFunds_SeparateAccountsIndirect|EUR_SWF_SepAccIndirect|Sovereign wealth funds - Separate accounts investing indirectly||Europe Capital raised|Investor Type and Vehicle Type|q16||392
q103_4_europe|CURRENCY|Sovereign wealth funds - Joint ventures and club deals|16_18|EUROPE_SovereignWealthFunds_JVs|EUR_SWF_JVs|Sovereign wealth funds - Joint ventures and club deals||Europe Capital raised|Investor Type and Vehicle Type|q16||393
q103_5_europe|CURRENCY|Sovereign wealth funds - Funds of funds|16_19|EUROPE_SovereignWealthFunds_FundsOfFunds|EUR_SWF_FOF|Sovereign wealth funds - Funds of funds||Europe Capital raised|Investor Type and Vehicle Type|q16||394
q103_6_europe|CURRENCY|Sovereign wealth funds - Non-listed debt products|16_20|EUROPE_SovereignWealthFunds_Debt|EUR_SWF_Debt|Sovereign wealth funds - Non-listed debt products||Europe Capital raised|Investor Type and Vehicle Type|q16||395
q10ROW3_hidden_europe|CURRENCY|Sovereign wealth funds TOTAL|16_21|EUROPE_SovereignWealthFunds_VehicleType_Total|EUR_SWF_VT_Total|Sovereign wealth funds - Vehicle type total||Europe Capital raised|Investor Type and Vehicle Type|q16||396
q104_1_europe|CURRENCY|Government institutions - Non-listed/ commingled real estate funds/private REITs|16_22|EUROPE_GovernmentInstitutions_NonListedFunds|EUR_GI_NLF|Government institutions - Non-listed fund||Europe Capital raised|Investor Type and Vehicle Type|q16||397
q104_2_europe|CURRENCY|Government institutions - Separate accounts investing directly into real estate|16_23|EUROPE_GovernmentInstitutions_SeparateAccountsDirect|EUR_GI_SepAccDirect|Government institutions - Separate accounts investing directly||Europe Capital raised|Investor Type and Vehicle Type|q16||398
q104_3_europe|CURRENCY|Government institutions - Separate accounts investing into indirect vehicles|16_24|EUROPE_GovernmentInstitutions_SeparateAccountsIndirect|EUR_GI_SepAccIndirect|Government institutions - Separate accounts investing indirectly||Europe Capital raised|Investor Type and Vehicle Type|q16||399
q104_4_europe|CURRENCY|Government institutions - Joint ventures and club deals|16_25|EUROPE_GovernmentInstitutions_JVs|EUR_GI_JVs|Government institutions - Joint ventures and club deals||Europe Capital raised|Investor Type and Vehicle Type|q16||400
q104_5_europe|CURRENCY|Government institutions - Funds of funds|16_26|EUROPE_GovernmentInstitutions_FundsOfFunds|EUR_GI_FOF|Government institutions - Funds of funds||Europe Capital raised|Investor Type and Vehicle Type|q16||401
q104_6_europe|CURRENCY|Government institutions - Non-listed debt products|16_27|EUROPE_GovernmentInstitutions_Debt|EUR_GI_Debt|Government institutions - Non-listed debt products||Europe Capital raised|Investor Type and Vehicle Type|q16||402
q10ROW4_hidden_europe|CURRENCY|Government institutions TOTAL|16_28|EUROPE_GovernmentInstitutions_VehicleType_Total|EUR_GI_VT_Total|Government institutions - Vehicle type total||Europe Capital raised|Investor Type and Vehicle Type|q16||403
q105_1_europe|CURRENCY|Charities, foundations, non-profit organisations - Non-listed/ commingled real estate funds/private REITs|16_29|EUROPE_CharitiesFoundationsNonProfitOrganizations_NonListedFunds|EUR_CF&NPO_NLF|Charities, foundations & non-profit organisations - Non-listed fund||Europe Capital raised|Investor Type and Vehicle Type|q16||404
q105_2_europe|CURRENCY|Charities, foundations, non-profit organisations - Separate accounts investing directly into real estate|16_30|EUROPE_CharitiesFoundationsNonProfitOrganizations_SeparateAccountsDirect|EUR_CF&NPO_SepAccDirect|Charities, foundations & non-profit organisations - Separate accounts investing directly||Europe Capital raised|Investor Type and Vehicle Type|q16||405
q105_3_europe|CURRENCY|Charities, foundations, non-profit organisations - Separate accounts investing into indirect vehicles|16_31|EUROPE_CharitiesFoundationsNonProfitOrganizations_SeparateAccountsIndirect|EUR_CF&NPO_SepAccIndirect|Charities, foundations & non-profit organisations - Separate accounts investing indirectly||Europe Capital raised|Investor Type and Vehicle Type|q16||406
q105_4_europe|CURRENCY|Charities, foundations, non-profit organisations - Joint ventures and club deals|16_32|EUROPE_CharitiesFoundationsNonProfitOrganizations_JVs|EUR_CF&NPO_JVs|Charities, foundations & non-profit organisations - Joint ventures and club deals||Europe Capital raised|Investor Type and Vehicle Type|q16||407
q105_5_europe|CURRENCY|Charities, foundations, non-profit organisations - Funds of funds|16_33|EUROPE_CharitiesFoundationsNonProfitOrganizations_FundsOfFunds|EUR_CF&NPO_FOF|Charities, foundations & non-profit organisations - Funds of funds||Europe Capital raised|Investor Type and Vehicle Type|q16||408
q105_6_europe|CURRENCY|Charities, foundations, non-profit organisations - Non-listed debt products|16_34|EUROPE_CharitiesFoundationsNonProfitOrganizations_Debt|EUR_CF&NPO_Debt|Charities, foundations & non-profit organisations - Non-listed debt products||Europe Capital raised|Investor Type and Vehicle Type|q16||409
q10ROW5_hidden_europe|CURRENCY|Charities, foundations, non-profit organisations  TOTAL|16_35|EUROPE_CharitiesFoundationsNonProfitOrganizations_VehicleType_Total|EUR_CF&NPO_VT_Total|Charities, foundations & non-profit organisations - Vehicle type total||Europe Capital raised|Investor Type and Vehicle Type|q16||410
q106_1_europe|CURRENCY|Funds of funds - Non-listed/ commingled real estate funds/private REITs|16_36|EUROPE_FundsOfFunds_NonListedFunds|EUR_FOF_NLF|Funds of funds - Non-listed fund||Europe Capital raised|Investor Type and Vehicle Type|q16||411
q106_2_europe|CURRENCY|Funds of funds - Separate accounts investing directly into real estate|16_37|EUROPE_FundsOfFunds_SeparateAccountsDirect|EUR_FOF_SepAccDirect|Funds of funds - Separate accounts investing directly||Europe Capital raised|Investor Type and Vehicle Type|q16||412
q106_3_europe|CURRENCY|Funds of funds - Separate accounts investing into indirect vehicles|16_38|EUROPE_FundsOfFunds_SeparateAccountsIndirect|EUR_FOF_SepAccIndirect|Funds of funds - Separate accounts investing indirectly||Europe Capital raised|Investor Type and Vehicle Type|q16||413
q106_4_europe|CURRENCY|Funds of funds - Joint ventures and club deals|16_39|EUROPE_FundsOfFunds_JVs|EUR_FOF_JVs|Funds of funds - Joint ventures and club deals||Europe Capital raised|Investor Type and Vehicle Type|q16||414
q106_5_europe|CURRENCY|Funds of funds - Funds of funds|16_40|EUROPE_FundsOfFunds_FundsOfFunds|EUR_FOF_FOF|Funds of funds - Funds of funds||Europe Capital raised|Investor Type and Vehicle Type|q16||415
q106_6_europe|CURRENCY|Funds of funds - Non-listed debt products|16_41|EUROPE_FundsOfFunds_Debt|EUR_FOF_Debt|Funds of funds - Non-listed debt products||Europe Capital raised|Investor Type and Vehicle Type|q16||416
q10ROW6_hidden_europe|CURRENCY|Funds of funds TOTAL|16_42|EUROPE_FundsOfFunds_VehicleType_Total|EUR_FOF_VT_Total|Funds of funds - Vehicle type total||Europe Capital raised|Investor Type and Vehicle Type|q16||417
q107_1_europe|CURRENCY|High net worth individuals /Family offices - Non-listed/ commingled real estate funds/private REITs|16_43|EUROPE_HighnetWorthIndividualsFamilyOffices_NonListedFunds|EUR_HNWI/FO_NLF|Hign net worth individuals/Family offices - Non-listed fund||Europe Capital raised|Investor Type and Vehicle Type|q16||418
q107_2_europe|CURRENCY|High net worth individuals /Family offices - Separate accounts investing directly into real estate|16_44|EUROPE_HighnetWorthIndividualsFamilyOffices_SeparateAccountsDirect|EUR_HNWI/FO_SepAccDirect|Hign net worth individuals/Family offices - Separate accounts investing directly||Europe Capital raised|Investor Type and Vehicle Type|q16||419
q107_3_europe|CURRENCY|High net worth individuals /Family offices - Separate accounts investing into indirect vehicles|16_45|EUROPE_HighnetWorthIndividualsFamilyOffices_SeparateAccountsIndirect|EUR_HNWI/FO_SepAccIndirect|Hign net worth individuals/Family offices - Separate accounts investing indirectly||Europe Capital raised|Investor Type and Vehicle Type|q16||420
q107_4_europe|CURRENCY|High net worth individuals /Family offices - Joint ventures and club deals|16_46|EUROPE_HighnetWorthIndividualsFamilyOffices_JVs|EUR_HNWI/FO_JVs|Hign net worth individuals/Family offices - Joint ventures and club deals||Europe Capital raised|Investor Type and Vehicle Type|q16||421
q107_5_europe|CURRENCY|High net worth individuals /Family offices - Funds of funds|16_47|EUROPE_HighnetWorthIndividualsFamilyOffices_FundsOfFunds|EUR_HNWI/FO_FOF|Hign net worth individuals/Family offices - Funds of funds||Europe Capital raised|Investor Type and Vehicle Type|q16||422
q107_6_europe|CURRENCY|High net worth individuals /Family offices - Non-listed debt products|16_48|EUROPE_HighnetWorthIndividualsFamilyOffices_Debt|EUR_HNWI/FO_Debt|Hign net worth individuals/Family offices - Non-listed debt products||Europe Capital raised|Investor Type and Vehicle Type|q16||423
q10ROW7_hidden_europe|CURRENCY|High net worth individuals /Family offices TOTAL|16_49|EUROPE_HighnetWorthIndividualsFamilyOffices_VehicleType_Total|EUR_HNWI/FO_VT_Total|Hign net worth individuals/Family offices - Vehicle type total||Europe Capital raised|Investor Type and Vehicle Type|q16||424
q10other_europe|TEXT|Other (please specify)|16_50|EUROPE_OtherInvestorTypetext|EUR_OtherITText|Other investor type||Europe Capital raised|Investor Type and Vehicle Type|q16||425
q108_1_europe|CURRENCY|Other - Non-listed/ commingled real estate funds/private REITs|16_51|EUROPE_OtherInvestorType_NonListedFunds|EUR_OtherIT_NLF|Other investor type - Non-listed fund||Europe Capital raised|Investor Type and Vehicle Type|q16||426
q108_2_europe|CURRENCY|Other - Separate accounts investing directly into real estate|16_52|EUROPE_OtherInvestorType_SeparateAccountsDirect|EUR_OtherIT_SepAccDirect|Other investor type - Separate accounts investing directly||Europe Capital raised|Investor Type and Vehicle Type|q16||427
q108_3_europe|CURRENCY|Other - Separate accounts investing into indirect vehicles|16_53|EUROPE_OtherInvestorType_SeparateAccountsIndirect|EUR_OtherIT_SepAccIndirect|Other investor type - Separate accounts investing indirectly||Europe Capital raised|Investor Type and Vehicle Type|q16||428
q108_4_europe|CURRENCY|Other - Joint ventures and club deals|16_54|EUROPE_OtherInvestorType_JVs|EUR_OtherIT_JVs|Other investor type - Joint ventures and club deals||Europe Capital raised|Investor Type and Vehicle Type|q16||429
q108_5_europe|CURRENCY|Other - Funds of funds|16_55|EUROPE_OtherInvestorType_FundsOfFunds|EUR_OtherIT_FOF|Other investor type - Funds of funds||Europe Capital raised|Investor Type and Vehicle Type|q16||430
q108_6_europe|CURRENCY|Other - Non-listed debt products|16_56|EUROPE_OtherInvestorType_Debt|EUR_OtherIT_Debt|Other investor type - Non-listed debt products||Europe Capital raised|Investor Type and Vehicle Type|q16||431
q10ROW8_hidden_europe|CURRENCY|Other TOTAL|16_57|EUROPE_OtherInvestorType_VehicleType_Total|EUR_OtherIT_VT_Total|Other investor type - Vehicle type total||Europe Capital raised|Investor Type and Vehicle Type|q16||432
q10COL1_hidden_europe|CURRENCY|Non-listed/ commingled real estate funds/private REITs TOTAL|16_58|EUROPE_InvestorType_NonListedFunds_Total|EUR_IT_NLF_Total|Investor type - Non-listed fund total||Europe Capital raised|Investor Type and Vehicle Type|q16||433
q10COL2_hidden_europe|CURRENCY|Separate accounts investing directly into real estate TOTAL|16_59|EUROPE_InvestorType_SeparateAccountsDirect_Total|EUR_IT_SepAccDirect_Total|Investor type - Separate accounts investing directly total||Europe Capital raised|Investor Type and Vehicle Type|q16||434
q10COL3_hidden_europe|CURRENCY|Separate accounts investing into indirect vehicles TOTAL|16_60|EUROPE_InvestorType_SeparateAccountsIndirect_Total|EUR_IT_SepAccIndirect_Total|Investor type - Separate accounts investing indirectly total||Europe Capital raised|Investor Type and Vehicle Type|q16||435
q10COL4_hidden_europe|CURRENCY|Joint ventures and club deals TOTAL|16_61|EUROPE_InvestorType_JVs_Total|EUR_IT_JVs_Total|Investor type - Joint ventures and club deals total||Europe Capital raised|Investor Type and Vehicle Type|q16||436
q10COL5_hidden_europe|CURRENCY|Funds of funds TOTAL|16_62|EUROPE_InvestorType_FundsOfFunds_Total|EUR_IT_FOF_Total|Investor type - Funds of funds total||Europe Capital raised|Investor Type and Vehicle Type|q16||437
q10COL6_hidden_europe|CURRENCY|Non-listed debt products TOTAL|16_63|EUROPE_InvestorType_Debt_Total|EUR_IT_Debt_Total|Investor type - Non-listed debt products total||Europe Capital raised|Investor Type and Vehicle Type|q16||438
q10GRANDTotal_hidden_europe|CURRENCY|TOTAL institutional capital by investor type|16_64|EUROPE_InvestorType_VehicleType_Total|EUR_IT_VT_Total|Investor type - Vehicle type total||Europe Capital raised|Investor Type and Vehicle Type|q16||439
_europe||[European strategy] How much institutional capital did your company raise in 2017 by investor domicile (million)?|17|||||Europe Capital raised|Investor Domicile and Vehicle Type|q17||440
q111_1_europe|CURRENCY|Europe - Non-listed/ commingled real estate funds/private REITs|17_1|EUROPE_InvestorDomicileEurope_NonListedFunds|EUR_IDEUR_NLF|Europe - Non-listed funds||Europe Capital raised|Investor Domicile and Vehicle Type|q17||441
q111_2_europe|CURRENCY|Europe - Separate accounts investing directly into real estate|17_2|EUROPE_InvestorDomicileEurope_SeparateAccountsDirect|EUR_IDEUR_SepAccDirect|Europe - Separate accounts investing directly||Europe Capital raised|Investor Domicile and Vehicle Type|q17||442
q111_3_europe|CURRENCY|Europe - Separate accounts investing into indirect vehicles|17_3|EUROPE_InvestorDomicileEurope_SeparateAccountsIndirect|EUR_IDEUR_SepAccIndirect|Europe - Separate accounts investing indirectly||Europe Capital raised|Investor Domicile and Vehicle Type|q17||443
q111_4_europe|CURRENCY|Europe - Joint ventures and club deals|17_4|EUROPE_InvestorDomicileEurope_JVs|EUR_IDEUR_JVs|Europe - Joint ventures and club deals||Europe Capital raised|Investor Domicile and Vehicle Type|q17||444
q111_5_europe|CURRENCY|Europe - Funds of funds|17_5|EUROPE_InvestorDomicileEurope_FundsOfFunds|EUR_IDEUR_FOF|Europe - Funds of funds||Europe Capital raised|Investor Domicile and Vehicle Type|q17||445
q111_6_europe|CURRENCY|Europe - Non-listed debt products|17_6|EUROPE_InvestorDomicileEurope_Debt|EUR_IDEUR_Debt|Europe - Non-listed debt products||Europe Capital raised|Investor Domicile and Vehicle Type|q17||446
q11ROW1_hidden_europe|CURRENCY|Europe TOTAL|17_7|EUROPE_InvestorDomicileEurope_VehicleType_Total|EUR_IDEUR_VT_Total|Europe - Vehicle type total||Europe Capital raised|Investor Domicile and Vehicle Type|q17||447
q112_1_europe|CURRENCY|Asia Pacific - Non-listed/ commingled real estate funds/private REITs|17_8|EUROPE_InvestorDomicileAsiaPacific_NonListedFunds|EUR_IDAPAC_NLF|Asia Pacific - Non-listed funds||Europe Capital raised|Investor Domicile and Vehicle Type|q17||448
q112_2_europe|CURRENCY|Asia Pacific - Separate accounts investing directly into real estate|17_9|EUROPE_InvestorDomicileAsiaPacific_SeparateAccountsDirect|EUR_IDAPAC_SepAccDirect|Asia Pacific - Separate accounts investing directly||Europe Capital raised|Investor Domicile and Vehicle Type|q17||449
q112_3_europe|CURRENCY|Asia Pacific - Separate accounts investing into indirect vehicles|17_10|EUROPE_InvestorDomicileAsiaPacific_SeparateAccountsIndirect|EUR_IDAPAC_SepAccIndirect|Asia Pacific - Separate accounts investing indirectly||Europe Capital raised|Investor Domicile and Vehicle Type|q17||450
q112_4_europe|CURRENCY|Asia Pacific - Joint ventures and club deals|17_11|EUROPE_InvestorDomicileAsiaPacific_JVs|EUR_IDAPAC_JVs|Asia Pacific - Joint ventures and club deals||Europe Capital raised|Investor Domicile and Vehicle Type|q17||451
q112_5_europe|CURRENCY|Asia Pacific - Funds of funds|17_12|EUROPE_InvestorDomicileAsiaPacific_FundsOfFunds|EUR_IDAPAC_FOF|Asia Pacific - Funds of funds||Europe Capital raised|Investor Domicile and Vehicle Type|q17||452
q112_6_europe|CURRENCY|Asia Pacific - Non-listed debt products|17_13|EUROPE_InvestorDomicileAsiaPacific_Debt|EUR_IDAPAC_Debt|Asia Pacific - Non-listed debt products||Europe Capital raised|Investor Domicile and Vehicle Type|q17||453
q11ROW2_hidden_europe|CURRENCY|Asia Pacific TOTAL|17_14|EUROPE_InvestorDomicileAsiaPacific_VehicleType_Total|EUR_IDAPAC_VT_Total|Asia Pacific - Vehicle type total||Europe Capital raised|Investor Domicile and Vehicle Type|q17||454
q113_1_europe|CURRENCY|North America - Non-listed/ commingled real estate funds/private REITs|17_15|EUROPE_InvestorDomicileNorthAmerica_NonListedFunds|EUR_IDNA_NLF|North America - Non-listed funds||Europe Capital raised|Investor Domicile and Vehicle Type|q17||455
q113_2_europe|CURRENCY|North America - Separate accounts investing directly into real estate|17_16|EUROPE_InvestorDomicileNorthAmerica_SeparateAccountsDirect|EUR_IDNA_SepAccDirect|North America - Separate accounts investing directly||Europe Capital raised|Investor Domicile and Vehicle Type|q17||456
q113_3_europe|CURRENCY|North America - Separate accounts investing into indirect vehicles|17_17|EUROPE_InvestorDomicileNorthAmerica_SeparateAccountsIndirect|EUR_IDNA_SepAccIndirect|North America - Separate accounts investing indirectly||Europe Capital raised|Investor Domicile and Vehicle Type|q17||457
q113_4_europe|CURRENCY|North America - Joint ventures and club deals|17_18|EUROPE_InvestorDomicileNorthAmerica_JVs|EUR_IDNA_JVs|North America - Joint ventures and club deals||Europe Capital raised|Investor Domicile and Vehicle Type|q17||458
q113_5_europe|CURRENCY|North America - Funds of funds|17_19|EUROPE_InvestorDomicileNorthAmerica_FundsOfFunds|EUR_IDNA_FOF|North America - Funds of funds||Europe Capital raised|Investor Domicile and Vehicle Type|q17||459
q113_6_europe|CURRENCY|North America - Non-listed debt products|17_20|EUROPE_InvestorDomicileNorthAmerica_Debt|EUR_IDNA_Debt|North America - Non-listed debt products||Europe Capital raised|Investor Domicile and Vehicle Type|q17||460
q11ROW3_hidden_europe|CURRENCY|North America TOTAL|17_21|EUROPE_InvestorDomicileNorthAmerica_VehicleType_Total|EUR_IDNA_VT_Total|North America - Vehicle type total||Europe Capital raised|Investor Domicile and Vehicle Type|q17||461
q114_1_europe|CURRENCY|South America - Non-listed/ commingled real estate funds/private REITs|17_22|EUROPE_InvestorDomicileSouthAmerica_NonListedFunds|EUR_IDSA_NLF|South America - Non-listed funds||Europe Capital raised|Investor Domicile and Vehicle Type|q17||462
q114_2_europe|CURRENCY|South America - Separate accounts investing directly into real estate|17_23|EUROPE_InvestorDomicileSouthAmerica_SeparateAccountsDirect|EUR_IDSA_SepAccDirect|South America - Separate accounts investing directly||Europe Capital raised|Investor Domicile and Vehicle Type|q17||463
q114_3_europe|CURRENCY|South America - Separate accounts investing into indirect vehicles|17_24|EUROPE_InvestorDomicileSouthAmerica_SeparateAccountsIndirect|EUR_IDSA_SepAccIndirect|South America - Separate accounts investing indirectly||Europe Capital raised|Investor Domicile and Vehicle Type|q17||464
q114_4_europe|CURRENCY|South America - Joint ventures and club deals|17_25|EUROPE_InvestorDomicileSouthAmerica_JVs|EUR_IDSA_JVs|South America - Joint ventures and club deals||Europe Capital raised|Investor Domicile and Vehicle Type|q17||465
q114_5_europe|CURRENCY|South America - Funds of funds|17_26|EUROPE_InvestorDomicileSouthAmerica_FundsOfFunds|EUR_IDSA_FOF|South America - Funds of funds||Europe Capital raised|Investor Domicile and Vehicle Type|q17||466
q114_6_europe|CURRENCY|South America - Non-listed debt products|17_27|EUROPE_InvestorDomicileSouthAmerica_Debt|EUR_IDSA_Debt|South America - Non-listed debt products||Europe Capital raised|Investor Domicile and Vehicle Type|q17||467
q11ROW4_hidden_europe|CURRENCY|South America TOTAL|17_28|EUROPE_InvestorDomicileSouthAmerica_VehicleType_Total|EUR_IDSA_VT_Total|South America - Vehicle type total||Europe Capital raised|Investor Domicile and Vehicle Type|q17||468
q115_1_europe|CURRENCY|Africa - Non-listed/ commingled real estate funds/private REITs|17_29|EUROPE_InvestorDomicileAfrica_NonListedFunds|EUR_IDAFR_NLF|Africa - Non-listed funds||Europe Capital raised|Investor Domicile and Vehicle Type|q17||469
q115_2_europe|CURRENCY|Africa - Separate accounts investing directly into real estate|17_30|EUROPE_InvestorDomicileAfrica_SeparateAccountsDirect|EUR_IDAFR_SepAccDirect|Africa - Separate accounts investing directly||Europe Capital raised|Investor Domicile and Vehicle Type|q17||470
q115_3_europe|CURRENCY|Africa - Separate accounts investing into indirect vehicles|17_31|EUROPE_InvestorDomicileAfrica_SeparateAccountsIndirect|EUR_IDAFR_SepAccIndirect|Africa - Separate accounts investing indirectly||Europe Capital raised|Investor Domicile and Vehicle Type|q17||471
q115_4_europe|CURRENCY|Africa - Joint ventures and club deals|17_32|EUROPE_InvestorDomicileAfrica_JVs|EUR_IDAFR_JVs|Africa - Joint ventures and club deals||Europe Capital raised|Investor Domicile and Vehicle Type|q17||472
q115_5_europe|CURRENCY|Africa - Funds of funds|17_33|EUROPE_InvestorDomicileAfrica_FundsOfFunds|EUR_IDAFR_FOF|Africa - Funds of funds||Europe Capital raised|Investor Domicile and Vehicle Type|q17||473
q115_6_europe|CURRENCY|Africa - Non-listed debt products|17_34|EUROPE_InvestorDomicileAfrica_Debt|EUR_IDAFR_Debt|Africa - Non-listed debt products||Europe Capital raised|Investor Domicile and Vehicle Type|q17||474
q11ROW5_hidden_europe|CURRENCY|Africa  TOTAL|17_35|EUROPE_InvestorDomicileAfrica_VehicleType_Total|EUR_IDAFR_VT_Total|Africa - Vehicle type total||Europe Capital raised|Investor Domicile and Vehicle Type|q17||475
q11COL1_hidden_europe|CURRENCY|Non-listed/ commingled real estate funds/private REITs TOTAL|17_36|EUROPE_InvestorDomicile_NonListedFunds_Total|EUR_ID_NLF_Total|Investor domicile total - Non-listed funds||Europe Capital raised|Investor Domicile and Vehicle Type|q17||476
q11COL2_hidden_europe|CURRENCY|Separate accounts investing directly into real estate TOTAL|17_37|EUROPE_InvestorDomicile_SeparateAccountsDirect_Total|EUR_ID_SepAccDirect_Total|Investor domicile total - Separate accounts investing directly||Europe Capital raised|Investor Domicile and Vehicle Type|q17||477
q11COL3_hidden_europe|CURRENCY|Separate accounts investing into indirect vehicles TOTAL|17_38|EUROPE_InvestorDomicile_SeparateAccountsIndirect_Total|EUR_ID_SepAccIndirect_Total|Investor domicile total - Separate accounts investing indirectly||Europe Capital raised|Investor Domicile and Vehicle Type|q17||478
q11COL4_hidden_europe|CURRENCY|Joint ventures and club deals TOTAL|17_39|EUROPE_InvestorDomicile_JVs_Total|EUR_ID_JVs_Total|Investor domicile total - Joint ventures and club deals||Europe Capital raised|Investor Domicile and Vehicle Type|q17||479
q11COL5_hidden_europe|CURRENCY|Funds of funds TOTAL|17_40|EUROPE_InvestorDomicile_FundsOfFunds_Total|EUR_ID_FOF_Total|Investor domicile total - Funds of funds||Europe Capital raised|Investor Domicile and Vehicle Type|q17||480
q11COL6_hidden_europe|CURRENCY|Non-listed debt products TOTAL|17_41|EUROPE_InvestorDomicile_Debt_Total|EUR_ID_Debt_Total|Investor domicile total - Non-listed debt products||Europe Capital raised|Investor Domicile and Vehicle Type|q17||481
q11GRANDTotal_hidden_europe|CURRENCY|TOTAL institutional capital by investor domicle|17_42|EUROPE_InvestorDomicile_VehicleType_Total|EUR_ID_VT_Total|Investor domicile total - Vehicle type total||Europe Capital raised|Investor Domicile and Vehicle Type|q17||482
NORTH AMERICA_northamerica||For your North American strategy, how much institutional capital did your company raise for non-listed vehicles in 2017 by investor type (million)?|18|||||NA Capital raised|Investor Type and Vehicle Type|q18||483
q101_1_northamerica|CURRENCY|Pension funds - Non-listed/ commingled real estate funds/private REITs|18_1|NA_PensionFunds_NonListedFunds|NA_PF_NLF|Pension funds - Non-listed fund||NA Capital raised|Investor Type and Vehicle Type|q18||484
q101_2_northamerica|CURRENCY|Pension funds - Separate accounts investing directly into real estate|18_2|NA_PensionFunds_SeparateAccountsDirect|NA_PF_SepAccDirect|Pension funds - Separate accounts investing directly||NA Capital raised|Investor Type and Vehicle Type|q18||485
q101_3_northamerica|CURRENCY|Pension funds - Separate accounts investing into indirect vehicles|18_3|NA_PensionFunds_SeparateAccountsIndirect|NA_PF_SepAccIndirect|Pension funds - Separate accounts investing indirectly||NA Capital raised|Investor Type and Vehicle Type|q18||486
q101_4_northamerica|CURRENCY|Pension funds - Joint ventures and club deals|18_4|NA_PensionFunds_JVs|NA_PF_JVs|Pension funds - Joint ventures and club deals||NA Capital raised|Investor Type and Vehicle Type|q18||487
q101_5_northamerica|CURRENCY|Pension funds - Funds of funds|18_5|NA_PensionFunds_FundsOfFunds|NA_PF_FOF|Pension funds - Funds of funds||NA Capital raised|Investor Type and Vehicle Type|q18||488
q101_6_northamerica|CURRENCY|Pension funds - Non-listed debt products|18_6|NA_PensionFunds_Debt|NA_PF_Debt|Pension funds - Non-listed debt products||NA Capital raised|Investor Type and Vehicle Type|q18||489
q10ROW1_hidden_northamerica|CURRENCY|Pension funds TOTAL|18_7|NA_PensionFunds_VehicleType_Total|NA_PF_VT_Total|Pension funds - Vehicle type total||NA Capital raised|Investor Type and Vehicle Type|q18||490
q102_1_northamerica|CURRENCY|Insurance companies - Non-listed/ commingled real estate funds/private REITs|18_8|NA_InsuranceCompanies_NonListedFunds|NA_IC_NLF|Insurance companies - Non-listed fund||NA Capital raised|Investor Type and Vehicle Type|q18||491
q102_2_northamerica|CURRENCY|Insurance companies - Separate accounts investing directly into real estate|18_9|NA_InsuranceCompanies_SeparateAccountsDirect|NA_IC_SepAccDirect|Insurance companies - Separate accounts investing directly||NA Capital raised|Investor Type and Vehicle Type|q18||492
q102_3_northamerica|CURRENCY|Insurance companies - Separate accounts investing into indirect vehicles|18_10|NA_InsuranceCompanies_SeparateAccountsIndirect|NA_IC_SepAccIndirect|Insurance companies - Separate accounts investing indirectly||NA Capital raised|Investor Type and Vehicle Type|q18||493
q102_4_northamerica|CURRENCY|Insurance companies - Joint ventures and club deals|18_11|NA_InsuranceCompanies_JVs|NA_IC_JVs|Insurance companies - Joint ventures and club deals||NA Capital raised|Investor Type and Vehicle Type|q18||494
q102_5_northamerica|CURRENCY|Insurance companies - Funds of funds|18_12|NA_InsuranceCompanies_FundsOfFunds|NA_IC_FOF|Insurance companies - Funds of funds||NA Capital raised|Investor Type and Vehicle Type|q18||495
q102_6_northamerica|CURRENCY|Insurance companies - Non-listed debt products|18_13|NA_InsuranceCompanies_Debt|NA_IC_Debt|Insurance companies - Non-listed debt products||NA Capital raised|Investor Type and Vehicle Type|q18||496
q10ROW2_hidden_northamerica|CURRENCY|Insurance companies TOTAL|18_14|NA_InsuranceCompanies_VehicleType_Total|NA_IC_VT_Total|Insurance companies - Vehicle type total||NA Capital raised|Investor Type and Vehicle Type|q18||497
q103_1_northamerica|CURRENCY|Sovereign wealth funds - Non-listed/ commingled real estate funds/private REITs|18_15|NA_SovereignWealthFunds_NonListedFunds|NA_SWF_NLF|Sovereign wealth funds - Non-listed fund||NA Capital raised|Investor Type and Vehicle Type|q18||498
q103_2_northamerica|CURRENCY|Sovereign wealth funds - Separate accounts investing directly into real estate|18_16|NA_SovereignWealthFunds_SeparateAccountsDirect|NA_SWF_SepAccDirect|Sovereign wealth funds - Separate accounts investing directly||NA Capital raised|Investor Type and Vehicle Type|q18||499
q103_3_northamerica|CURRENCY|Sovereign wealth funds - Separate accounts investing into indirect vehicles|18_17|NA_SovereignWealthFunds_SeparateAccountsIndirect|NA_SWF_SepAccIndirect|Sovereign wealth funds - Separate accounts investing indirectly||NA Capital raised|Investor Type and Vehicle Type|q18||500
q103_4_northamerica|CURRENCY|Sovereign wealth funds - Joint ventures and club deals|18_18|NA_SovereignWealthFunds_JVs|NA_SWF_JVs|Sovereign wealth funds - Joint ventures and club deals||NA Capital raised|Investor Type and Vehicle Type|q18||501
q103_5_northamerica|CURRENCY|Sovereign wealth funds - Funds of funds|18_19|NA_SovereignWealthFunds_FundsOfFunds|NA_SWF_FOF|Sovereign wealth funds - Funds of funds||NA Capital raised|Investor Type and Vehicle Type|q18||502
q103_6_northamerica|CURRENCY|Sovereign wealth funds - Non-listed debt products|18_20|NA_SovereignWealthFunds_Debt|NA_SWF_Debt|Sovereign wealth funds - Non-listed debt products||NA Capital raised|Investor Type and Vehicle Type|q18||503
q10ROW3_hidden_northamerica|CURRENCY|Sovereign wealth funds TOTAL|18_21|NA_SovereignWealthFunds_VehicleType_Total|NA_SWF_VT_Total|Sovereign wealth funds - Vehicle type total||NA Capital raised|Investor Type and Vehicle Type|q18||504
q104_1_northamerica|CURRENCY|Government institutions - Non-listed/ commingled real estate funds/private REITs|18_22|NA_GovernmentInstitutions_NonListedFunds|NA_GI_NLF|Government institutions - Non-listed fund||NA Capital raised|Investor Type and Vehicle Type|q18||505
q104_2_northamerica|CURRENCY|Government institutions - Separate accounts investing directly into real estate|18_23|NA_GovernmentInstitutions_SeparateAccountsDirect|NA_GI_SepAccDirect|Government institutions - Separate accounts investing directly||NA Capital raised|Investor Type and Vehicle Type|q18||506
q104_3_northamerica|CURRENCY|Government institutions - Separate accounts investing into indirect vehicles|18_24|NA_GovernmentInstitutions_SeparateAccountsIndirect|NA_GI_SepAccIndirect|Government institutions - Separate accounts investing indirectly||NA Capital raised|Investor Type and Vehicle Type|q18||507
q104_4_northamerica|CURRENCY|Government institutions - Joint ventures and club deals|18_25|NA_GovernmentInstitutions_JVs|NA_GI_JVs|Government institutions - Joint ventures and club deals||NA Capital raised|Investor Type and Vehicle Type|q18||508
q104_5_northamerica|CURRENCY|Government institutions - Funds of funds|18_26|NA_GovernmentInstitutions_FundsOfFunds|NA_GI_FOF|Government institutions - Funds of funds||NA Capital raised|Investor Type and Vehicle Type|q18||509
q104_6_northamerica|CURRENCY|Government institutions - Non-listed debt products|18_27|NA_GovernmentInstitutions_Debt|NA_GI_Debt|Government institutions - Non-listed debt products||NA Capital raised|Investor Type and Vehicle Type|q18||510
q10ROW4_hidden_northamerica|CURRENCY|Government institutions TOTAL|18_28|NA_GovernmentInstitutions_VehicleType_Total|NA_GI_VT_Total|Government institutions - Vehicle type total||NA Capital raised|Investor Type and Vehicle Type|q18||511
q105_1_northamerica|CURRENCY|Charities, foundations, non-profit organisations - Non-listed/ commingled real estate funds/private REITs|18_29|NA_CharitiesFoundationsNonProfitOrganizations_NonListedFunds|NA_CF&NPO_NLF|Charities, foundations & non-profit organisations - Non-listed fund||NA Capital raised|Investor Type and Vehicle Type|q18||512
q105_2_northamerica|CURRENCY|Charities, foundations, non-profit organisations - Separate accounts investing directly into real estate|18_30|NA_CharitiesFoundationsNonProfitOrganizations_SeparateAccountsDirect|NA_CF&NPO_SepAccDirect|Charities, foundations & non-profit organisations - Separate accounts investing directly||NA Capital raised|Investor Type and Vehicle Type|q18||513
q105_3_northamerica|CURRENCY|Charities, foundations, non-profit organisations - Separate accounts investing into indirect vehicles|18_31|NA_CharitiesFoundationsNonProfitOrganizations_SeparateAccountsIndirect|NA_CF&NPO_SepAccIndirect|Charities, foundations & non-profit organisations - Separate accounts investing indirectly||NA Capital raised|Investor Type and Vehicle Type|q18||514
q105_4_northamerica|CURRENCY|Charities, foundations, non-profit organisations - Joint ventures and club deals|18_32|NA_CharitiesFoundationsNonProfitOrganizations_JVs|NA_CF&NPO_JVs|Charities, foundations & non-profit organisations - Joint ventures and club deals||NA Capital raised|Investor Type and Vehicle Type|q18||515
q105_5_northamerica|CURRENCY|Charities, foundations, non-profit organisations - Funds of funds|18_33|NA_CharitiesFoundationsNonProfitOrganizations_FundsOfFunds|NA_CF&NPO_FOF|Charities, foundations & non-profit organisations - Funds of funds||NA Capital raised|Investor Type and Vehicle Type|q18||516
q105_6_northamerica|CURRENCY|Charities, foundations, non-profit organisations - Non-listed debt products|18_34|NA_CharitiesFoundationsNonProfitOrganizations_Debt|NA_CF&NPO_Debt|Charities, foundations & non-profit organisations - Non-listed debt products||NA Capital raised|Investor Type and Vehicle Type|q18||517
q10ROW5_hidden_northamerica|CURRENCY|Charities, foundations, non-profit organisations  TOTAL|18_35|NA_CharitiesFoundationsNonProfitOrganizations_VehicleType_Total|NA_CF&NPO_VT_Total|Charities, foundations & non-profit organisations - Vehicle type total||NA Capital raised|Investor Type and Vehicle Type|q18||518
q106_1_northamerica|CURRENCY|Funds of funds - Non-listed/ commingled real estate funds/private REITs|18_36|NA_FundsOfFunds_NonListedFunds|NA_FOF_NLF|Funds of funds - Non-listed fund||NA Capital raised|Investor Type and Vehicle Type|q18||519
q106_2_northamerica|CURRENCY|Funds of funds - Separate accounts investing directly into real estate|18_37|NA_FundsOfFunds_SeparateAccountsDirect|NA_FOF_SepAccDirect|Funds of funds - Separate accounts investing directly||NA Capital raised|Investor Type and Vehicle Type|q18||520
q106_3_northamerica|CURRENCY|Funds of funds - Separate accounts investing into indirect vehicles|18_38|NA_FundsOfFunds_SeparateAccountsIndirect|NA_FOF_SepAccIndirect|Funds of funds - Separate accounts investing indirectly||NA Capital raised|Investor Type and Vehicle Type|q18||521
q106_4_northamerica|CURRENCY|Funds of funds - Joint ventures and club deals|18_39|NA_FundsOfFunds_JVs|NA_FOF_JVs|Funds of funds - Joint ventures and club deals||NA Capital raised|Investor Type and Vehicle Type|q18||522
q106_5_northamerica|CURRENCY|Funds of funds - Funds of funds|18_40|NA_FundsOfFunds_FundsOfFunds|NA_FOF_FOF|Funds of funds - Funds of funds||NA Capital raised|Investor Type and Vehicle Type|q18||523
q106_6_northamerica|CURRENCY|Funds of funds - Non-listed debt products|18_41|NA_FundsOfFunds_Debt|NA_FOF_Debt|Funds of funds - Non-listed debt products||NA Capital raised|Investor Type and Vehicle Type|q18||524
q10ROW6_hidden_northamerica|CURRENCY|Funds of funds TOTAL|18_42|NA_FundsOfFunds_VehicleType_Total|NA_FOF_VT_Total|Funds of funds - Vehicle type total||NA Capital raised|Investor Type and Vehicle Type|q18||525
q107_1_northamerica|CURRENCY|High net worth individuals /Family offices - Non-listed/ commingled real estate funds/private REITs|18_43|NA_HighnetWorthIndividualsFamilyOffices_NonListedFunds|NA_HNWI/FO_NLF|Hign net worth individuals/Family offices - Non-listed fund||NA Capital raised|Investor Type and Vehicle Type|q18||526
q107_2_northamerica|CURRENCY|High net worth individuals /Family offices - Separate accounts investing directly into real estate|18_44|NA_HighnetWorthIndividualsFamilyOffices_SeparateAccountsDirect|NA_HNWI/FO_SepAccDirect|Hign net worth individuals/Family offices - Separate accounts investing directly||NA Capital raised|Investor Type and Vehicle Type|q18||527
q107_3_northamerica|CURRENCY|High net worth individuals /Family offices - Separate accounts investing into indirect vehicles|18_45|NA_HighnetWorthIndividualsFamilyOffices_SeparateAccountsIndirect|NA_HNWI/FO_SepAccIndirect|Hign net worth individuals/Family offices - Separate accounts investing indirectly||NA Capital raised|Investor Type and Vehicle Type|q18||528
q107_4_northamerica|CURRENCY|High net worth individuals /Family offices - Joint ventures and club deals|18_46|NA_HighnetWorthIndividualsFamilyOffices_JVs|NA_HNWI/FO_JVs|Hign net worth individuals/Family offices - Joint ventures and club deals||NA Capital raised|Investor Type and Vehicle Type|q18||529
q107_5_northamerica|CURRENCY|High net worth individuals /Family offices - Funds of funds|18_47|NA_HighnetWorthIndividualsFamilyOffices_FundsOfFunds|NA_HNWI/FO_FOF|Hign net worth individuals/Family offices - Funds of funds||NA Capital raised|Investor Type and Vehicle Type|q18||530
q107_6_northamerica|CURRENCY|High net worth individuals /Family offices - Non-listed debt products|18_48|NA_HighnetWorthIndividualsFamilyOffices_Debt|NA_HNWI/FO_Debt|Hign net worth individuals/Family offices - Non-listed debt products||NA Capital raised|Investor Type and Vehicle Type|q18||531
q10ROW7_hidden_northamerica|CURRENCY|High net worth individuals /Family offices TOTAL|18_49|NA_HighnetWorthIndividualsFamilyOffices_VehicleType_Total|NA_HNWI/FO_VT_Total|Hign net worth individuals/Family offices - Vehicle type total||NA Capital raised|Investor Type and Vehicle Type|q18||532
q10other_northamerica|TEXT|Other (please specify)|18_50|NA_OtherInvestorTypetext|NA_OtherITText|Other investor type||NA Capital raised|Investor Type and Vehicle Type|q18||533
q108_1_northamerica|CURRENCY|Other - Non-listed/ commingled real estate funds/private REITs|18_51|NA_OtherInvestorType_NonListedFunds|NA_OtherIT_NLF|Other investor type - Non-listed fund||NA Capital raised|Investor Type and Vehicle Type|q18||534
q108_2_northamerica|CURRENCY|Other - Separate accounts investing directly into real estate|18_52|NA_OtherInvestorType_SeparateAccountsDirect|NA_OtherIT_SepAccDirect|Other investor type - Separate accounts investing directly||NA Capital raised|Investor Type and Vehicle Type|q18||535
q108_3_northamerica|CURRENCY|Other - Separate accounts investing into indirect vehicles|18_53|NA_OtherInvestorType_SeparateAccountsIndirect|NA_OtherIT_SepAccIndirect|Other investor type - Separate accounts investing indirectly||NA Capital raised|Investor Type and Vehicle Type|q18||536
q108_4_northamerica|CURRENCY|Other - Joint ventures and club deals|18_54|NA_OtherInvestorType_JVs|NA_OtherIT_JVs|Other investor type - Joint ventures and club deals||NA Capital raised|Investor Type and Vehicle Type|q18||537
q108_5_northamerica|CURRENCY|Other - Funds of funds|18_55|NA_OtherInvestorType_FundsOfFunds|NA_OtherIT_FOF|Other investor type - Funds of funds||NA Capital raised|Investor Type and Vehicle Type|q18||538
q108_6_northamerica|CURRENCY|Other - Non-listed debt products|18_56|NA_OtherInvestorType_Debt|NA_OtherIT_Debt|Other investor type - Non-listed debt products||NA Capital raised|Investor Type and Vehicle Type|q18||539
q10ROW8_hidden_northamerica|CURRENCY|Other TOTAL|18_57|NA_OtherInvestorType_VehicleType_Total|NA_OtherIT_VT_Total|Other investor type - Vehicle type total||NA Capital raised|Investor Type and Vehicle Type|q18||540
q10COL1_hidden_northamerica|CURRENCY|Non-listed/ commingled real estate funds/private REITs TOTAL|18_58|NA_InvestorType_NonListedFunds_Total|NA_IT_NLF_Total|Investor type - Non-listed fund total||NA Capital raised|Investor Type and Vehicle Type|q18||541
q10COL2_hidden_northamerica|CURRENCY|Separate accounts investing directly into real estate TOTAL|18_59|NA_InvestorType_SeparateAccountsDirect_Total|NA_IT_SepAccDirect_Total|Investor type - Separate accounts investing directly total||NA Capital raised|Investor Type and Vehicle Type|q18||542
q10COL3_hidden_northamerica|CURRENCY|Separate accounts investing into indirect vehicles TOTAL|18_60|NA_InvestorType_SeparateAccountsIndirect_Total|NA_IT_SepAccIndirect_Total|Investor type - Separate accounts investing indirectly total||NA Capital raised|Investor Type and Vehicle Type|q18||543
q10COL4_hidden_northamerica|CURRENCY|Joint ventures and club deals TOTAL|18_61|NA_InvestorType_JVs_Total|NA_IT_JVs_Total|Investor type - Joint ventures and club deals total||NA Capital raised|Investor Type and Vehicle Type|q18||544
q10COL5_hidden_northamerica|CURRENCY|Funds of funds TOTAL|18_62|NA_InvestorType_FundsOfFunds_Total|NA_IT_FOF_Total|Investor type - Funds of funds total||NA Capital raised|Investor Type and Vehicle Type|q18||545
q10COL6_hidden_northamerica|CURRENCY|Non-listed debt products TOTAL|18_63|NA_InvestorType_Debt_Total|NA_IT_Debt_Total|Investor type - Non-listed debt products total||NA Capital raised|Investor Type and Vehicle Type|q18||546
q10GRANDTotal_hidden_northamerica|CURRENCY|TOTAL institutional capital by investor type|18_64|NA_InvestorType_VehicleType_Total|NA_IT_VT_Total|Investor type - Vehicle type total||NA Capital raised|Investor Type and Vehicle Type|q18||547
_northamerica||[North American strategy] How much institutional capital did your company raise in 2017 by investor domicile (million)?|19|||||||q19||548
q111_1_northamerica|CURRENCY|Europe - Non-listed/ commingled real estate funds/private REITs|19_1|NA_InvestorDomicileEurope_NonListedFunds|NA_IDEUR_NLF|Europe - Non-listed funds||NA Capital raised|Investor Domicile and Vehicle Type|q19||549
q111_2_northamerica|CURRENCY|Europe - Separate accounts investing directly into real estate|19_2|NA_InvestorDomicileEurope_SeparateAccountsDirect|NA_IDEUR_SepAccDirect|Europe - Separate accounts investing directly||NA Capital raised|Investor Domicile and Vehicle Type|q19||550
q111_3_northamerica|CURRENCY|Europe - Separate accounts investing into indirect vehicles|19_3|NA_InvestorDomicileEurope_SeparateAccountsIndirect|NA_IDEUR_SepAccIndirect|Europe - Separate accounts investing indirectly||NA Capital raised|Investor Domicile and Vehicle Type|q19||551
q111_4_northamerica|CURRENCY|Europe - Joint ventures and club deals|19_4|NA_InvestorDomicileEurope_JVs|NA_IDEUR_JVs|Europe - Joint ventures and club deals||NA Capital raised|Investor Domicile and Vehicle Type|q19||552
q111_5_northamerica|CURRENCY|Europe - Funds of funds|19_5|NA_InvestorDomicileEurope_FundsOfFunds|NA_IDEUR_FOF|Europe - Funds of funds||NA Capital raised|Investor Domicile and Vehicle Type|q19||553
q111_6_northamerica|CURRENCY|Europe - Non-listed debt products|19_6|NA_InvestorDomicileEurope_Debt|NA_IDEUR_Debt|Europe - Non-listed debt products||NA Capital raised|Investor Domicile and Vehicle Type|q19||554
q11ROW1_hidden_northamerica|CURRENCY|Europe TOTAL|19_7|NA_InvestorDomicileEurope_VehicleType_Total|NA_IDEUR_VT_Total|Europe - Vehicle type total||NA Capital raised|Investor Domicile and Vehicle Type|q19||555
q112_1_northamerica|CURRENCY|Asia Pacific - Non-listed/ commingled real estate funds/private REITs|19_8|NA_InvestorDomicileAsiaPacific_NonListedFunds|NA_IDAPAC_NLF|Asia Pacific - Non-listed funds||NA Capital raised|Investor Domicile and Vehicle Type|q19||556
q112_2_northamerica|CURRENCY|Asia Pacific - Separate accounts investing directly into real estate|19_9|NA_InvestorDomicileAsiaPacific_SeparateAccountsDirect|NA_IDAPAC_SepAccDirect|Asia Pacific - Separate accounts investing directly||NA Capital raised|Investor Domicile and Vehicle Type|q19||557
q112_3_northamerica|CURRENCY|Asia Pacific - Separate accounts investing into indirect vehicles|19_10|NA_InvestorDomicileAsiaPacific_SeparateAccountsIndirect|NA_IDAPAC_SepAccIndirect|Asia Pacific - Separate accounts investing indirectly||NA Capital raised|Investor Domicile and Vehicle Type|q19||558
q112_4_northamerica|CURRENCY|Asia Pacific - Joint ventures and club deals|19_11|NA_InvestorDomicileAsiaPacific_JVs|NA_IDAPAC_JVs|Asia Pacific - Joint ventures and club deals||NA Capital raised|Investor Domicile and Vehicle Type|q19||559
q112_5_northamerica|CURRENCY|Asia Pacific - Funds of funds|19_12|NA_InvestorDomicileAsiaPacific_FundsOfFunds|NA_IDAPAC_FOF|Asia Pacific - Funds of funds||NA Capital raised|Investor Domicile and Vehicle Type|q19||560
q112_6_northamerica|CURRENCY|Asia Pacific - Non-listed debt products|19_13|NA_InvestorDomicileAsiaPacific_Debt|NA_IDAPAC_Debt|Asia Pacific - Non-listed debt products||NA Capital raised|Investor Domicile and Vehicle Type|q19||561
q11ROW2_hidden_northamerica|CURRENCY|Asia Pacific TOTAL|19_14|NA_InvestorDomicileAsiaPacific_VehicleType_Total|NA_IDAPAC_VT_Total|Asia Pacific - Vehicle type total||NA Capital raised|Investor Domicile and Vehicle Type|q19||562
q113_1_northamerica|CURRENCY|North America - Non-listed/ commingled real estate funds/private REITs|19_15|NA_InvestorDomicileNorthAmerica_NonListedFunds|NA_IDNA_NLF|North America - Non-listed funds||NA Capital raised|Investor Domicile and Vehicle Type|q19||563
q113_2_northamerica|CURRENCY|North America - Separate accounts investing directly into real estate|19_16|NA_InvestorDomicileNorthAmerica_SeparateAccountsDirect|NA_IDNA_SepAccDirect|North America - Separate accounts investing directly||NA Capital raised|Investor Domicile and Vehicle Type|q19||564
q113_3_northamerica|CURRENCY|North America - Separate accounts investing into indirect vehicles|19_17|NA_InvestorDomicileNorthAmerica_SeparateAccountsIndirect|NA_IDNA_SepAccIndirect|North America - Separate accounts investing indirectly||NA Capital raised|Investor Domicile and Vehicle Type|q19||565
q113_4_northamerica|CURRENCY|North America - Joint ventures and club deals|19_18|NA_InvestorDomicileNorthAmerica_JVs|NA_IDNA_JVs|North America - Joint ventures and club deals||NA Capital raised|Investor Domicile and Vehicle Type|q19||566
q113_5_northamerica|CURRENCY|North America - Funds of funds|19_19|NA_InvestorDomicileNorthAmerica_FundsOfFunds|NA_IDNA_FOF|North America - Funds of funds||NA Capital raised|Investor Domicile and Vehicle Type|q19||567
q113_6_northamerica|CURRENCY|North America - Non-listed debt products|19_20|NA_InvestorDomicileNorthAmerica_Debt|NA_IDNA_Debt|North America - Non-listed debt products||NA Capital raised|Investor Domicile and Vehicle Type|q19||568
q11ROW3_hidden_northamerica|CURRENCY|North America TOTAL|19_21|NA_InvestorDomicileNorthAmerica_VehicleType_Total|NA_IDNA_VT_Total|North America - Vehicle type total||NA Capital raised|Investor Domicile and Vehicle Type|q19||569
q114_1_northamerica|CURRENCY|South America - Non-listed/ commingled real estate funds/private REITs|19_22|NA_InvestorDomicileSouthAmerica_NonListedFunds|NA_IDSA_NLF|South America - Non-listed funds||NA Capital raised|Investor Domicile and Vehicle Type|q19||570
q114_2_northamerica|CURRENCY|South America - Separate accounts investing directly into real estate|19_23|NA_InvestorDomicileSouthAmerica_SeparateAccountsDirect|NA_IDSA_SepAccDirect|South America - Separate accounts investing directly||NA Capital raised|Investor Domicile and Vehicle Type|q19||571
q114_3_northamerica|CURRENCY|South America - Separate accounts investing into indirect vehicles|19_24|NA_InvestorDomicileSouthAmerica_SeparateAccountsIndirect|NA_IDSA_SepAccIndirect|South America - Separate accounts investing indirectly||NA Capital raised|Investor Domicile and Vehicle Type|q19||572
q114_4_northamerica|CURRENCY|South America - Joint ventures and club deals|19_25|NA_InvestorDomicileSouthAmerica_JVs|NA_IDSA_JVs|South America - Joint ventures and club deals||NA Capital raised|Investor Domicile and Vehicle Type|q19||573
q114_5_northamerica|CURRENCY|South America - Funds of funds|19_26|NA_InvestorDomicileSouthAmerica_FundsOfFunds|NA_IDSA_FOF|South America - Funds of funds||NA Capital raised|Investor Domicile and Vehicle Type|q19||574
q114_6_northamerica|CURRENCY|South America - Non-listed debt products|19_27|NA_InvestorDomicileSouthAmerica_Debt|NA_IDSA_Debt|South America - Non-listed debt products||NA Capital raised|Investor Domicile and Vehicle Type|q19||575
q11ROW4_hidden_northamerica|CURRENCY|South America TOTAL|19_28|NA_InvestorDomicileSouthAmerica_VehicleType_Total|NA_IDSA_VT_Total|South America - Vehicle type total||NA Capital raised|Investor Domicile and Vehicle Type|q19||576
q115_1_northamerica|CURRENCY|Africa - Non-listed/ commingled real estate funds/private REITs|19_29|NA_InvestorDomicileAfrica_NonListedFunds|NA_IDAFR_NLF|Africa - Non-listed funds||NA Capital raised|Investor Domicile and Vehicle Type|q19||577
q115_2_northamerica|CURRENCY|Africa - Separate accounts investing directly into real estate|19_30|NA_InvestorDomicileAfrica_SeparateAccountsDirect|NA_IDAFR_SepAccDirect|Africa - Separate accounts investing directly||NA Capital raised|Investor Domicile and Vehicle Type|q19||578
q115_3_northamerica|CURRENCY|Africa - Separate accounts investing into indirect vehicles|19_31|NA_InvestorDomicileAfrica_SeparateAccountsIndirect|NA_IDAFR_SepAccIndirect|Africa - Separate accounts investing indirectly||NA Capital raised|Investor Domicile and Vehicle Type|q19||579
q115_4_northamerica|CURRENCY|Africa - Joint ventures and club deals|19_32|NA_InvestorDomicileAfrica_JVs|NA_IDAFR_JVs|Africa - Joint ventures and club deals||NA Capital raised|Investor Domicile and Vehicle Type|q19||580
q115_5_northamerica|CURRENCY|Africa - Funds of funds|19_33|NA_InvestorDomicileAfrica_FundsOfFunds|NA_IDAFR_FOF|Africa - Funds of funds||NA Capital raised|Investor Domicile and Vehicle Type|q19||581
q115_6_northamerica|CURRENCY|Africa - Non-listed debt products|19_34|NA_InvestorDomicileAfrica_Debt|NA_IDAFR_Debt|Africa - Non-listed debt products||NA Capital raised|Investor Domicile and Vehicle Type|q19||582
q11ROW5_hidden_northamerica|CURRENCY|Africa  TOTAL|19_35|NA_InvestorDomicileAfrica_VehicleType_Total|NA_IDAFR_VT_Total|Africa - Vehicle type total||NA Capital raised|Investor Domicile and Vehicle Type|q19||583
q11COL1_hidden_northamerica|CURRENCY|Non-listed/ commingled real estate funds/private REITs TOTAL|19_36|NA_InvestorDomicile_NonListedFunds_Total|NA_ID_NLF_Total|Investor domicile total - Non-listed funds||NA Capital raised|Investor Domicile and Vehicle Type|q19||584
q11COL2_hidden_northamerica|CURRENCY|Separate accounts investing directly into real estate TOTAL|19_37|NA_InvestorDomicile_SeparateAccountsDirect_Total|NA_ID_SepAccDirect_Total|Investor domicile total - Separate accounts investing directly||NA Capital raised|Investor Domicile and Vehicle Type|q19||585
q11COL3_hidden_northamerica|CURRENCY|Separate accounts investing into indirect vehicles TOTAL|19_38|NA_InvestorDomicile_SeparateAccountsIndirect_Total|NA_ID_SepAccIndirect_Total|Investor domicile total - Separate accounts investing indirectly||NA Capital raised|Investor Domicile and Vehicle Type|q19||586
q11COL4_hidden_northamerica|CURRENCY|Joint ventures and club deals TOTAL|19_39|NA_InvestorDomicile_JVs_Total|NA_ID_JVs_Total|Investor domicile total - Joint ventures and club deals||NA Capital raised|Investor Domicile and Vehicle Type|q19||587
q11COL5_hidden_northamerica|CURRENCY|Funds of funds TOTAL|19_40|NA_InvestorDomicile_FundsOfFunds_Total|NA_ID_FOF_Total|Investor domicile total - Funds of funds||NA Capital raised|Investor Domicile and Vehicle Type|q19||588
q11COL6_hidden_northamerica|CURRENCY|Non-listed debt products TOTAL|19_41|NA_InvestorDomicile_Debt_Total|NA_ID_Debt_Total|Investor domicile total - Non-listed debt products||NA Capital raised|Investor Domicile and Vehicle Type|q19||589
q11GRANDTotal_hidden_northamerica|CURRENCY|TOTAL institutional capital by investor domicle|19_42|NA_InvestorDomicile_VehicleType_Total|NA_ID_VT_Total|Investor domicile total - Vehicle type total||NA Capital raised|Investor Domicile and Vehicle Type|q19||590
Global_global||For your Global strategy, how much institutional capital did your company raise for non-listed vehicles in 2017 by investor type (million)?|20|||||Global Capital raised|Investor Type and Vehicle Type|q20||591
q101_1_global|CURRENCY|Pension funds - Non-listed/ commingled real estate funds/private REITs|20_1|GLOBAL_PensionFunds_NonListedFunds|GLB_PF_NLF|Pension funds - Non-listed fund||Global Capital raised|Investor Type and Vehicle Type|q20||592
q101_2_global|CURRENCY|Pension funds - Separate accounts investing directly into real estate|20_2|GLOBAL_PensionFunds_SeparateAccountsDirect|GLB_PF_SepAccDirect|Pension funds - Separate accounts investing directly||Global Capital raised|Investor Type and Vehicle Type|q20||593
q101_3_global|CURRENCY|Pension funds - Separate accounts investing into indirect vehicles|20_3|GLOBAL_PensionFunds_SeparateAccountsIndirect|GLB_PF_SepAccIndirect|Pension funds - Separate accounts investing indirectly||Global Capital raised|Investor Type and Vehicle Type|q20||594
q101_4_global|CURRENCY|Pension funds - Joint ventures and club deals|20_4|GLOBAL_PensionFunds_JVs|GLB_PF_JVs|Pension funds - Joint ventures and club deals||Global Capital raised|Investor Type and Vehicle Type|q20||595
q101_5_global|CURRENCY|Pension funds - Funds of funds|20_5|GLOBAL_PensionFunds_FundsOfFunds|GLB_PF_FOF|Pension funds - Funds of funds||Global Capital raised|Investor Type and Vehicle Type|q20||596
q101_6_global|CURRENCY|Pension funds - Non-listed debt products|20_6|GLOBAL_PensionFunds_Debt|GLB_PF_Debt|Pension funds - Non-listed debt products||Global Capital raised|Investor Type and Vehicle Type|q20||597
q10ROW1_hidden_global|CURRENCY|Pension funds TOTAL|20_7|GLOBAL_PensionFunds_VehicleType_Total|GLB_PF_VT_Total|Pension funds - Vehicle type total||Global Capital raised|Investor Type and Vehicle Type|q20||598
q102_1_global|CURRENCY|Insurance companies - Non-listed/ commingled real estate funds/private REITs|20_8|GLOBAL_InsuranceCompanies_NonListedFunds|GLB_IC_NLF|Insurance companies - Non-listed fund||Global Capital raised|Investor Type and Vehicle Type|q20||599
q102_2_global|CURRENCY|Insurance companies - Separate accounts investing directly into real estate|20_9|GLOBAL_InsuranceCompanies_SeparateAccountsDirect|GLB_IC_SepAccDirect|Insurance companies - Separate accounts investing directly||Global Capital raised|Investor Type and Vehicle Type|q20||600
q102_3_global|CURRENCY|Insurance companies - Separate accounts investing into indirect vehicles|20_10|GLOBAL_InsuranceCompanies_SeparateAccountsIndirect|GLB_IC_SepAccIndirect|Insurance companies - Separate accounts investing indirectly||Global Capital raised|Investor Type and Vehicle Type|q20||601
q102_4_global|CURRENCY|Insurance companies - Joint ventures and club deals|20_11|GLOBAL_InsuranceCompanies_JVs|GLB_IC_JVs|Insurance companies - Joint ventures and club deals||Global Capital raised|Investor Type and Vehicle Type|q20||602
q102_5_global|CURRENCY|Insurance companies - Funds of funds|20_12|GLOBAL_InsuranceCompanies_FundsOfFunds|GLB_IC_FOF|Insurance companies - Funds of funds||Global Capital raised|Investor Type and Vehicle Type|q20||603
q102_6_global|CURRENCY|Insurance companies - Non-listed debt products|20_13|GLOBAL_InsuranceCompanies_Debt|GLB_IC_Debt|Insurance companies - Non-listed debt products||Global Capital raised|Investor Type and Vehicle Type|q20||604
q10ROW2_hidden_global|CURRENCY|Insurance companies TOTAL|20_14|GLOBAL_InsuranceCompanies_VehicleType_Total|GLB_IC_VT_Total|Insurance companies - Vehicle type total||Global Capital raised|Investor Type and Vehicle Type|q20||605
q103_1_global|CURRENCY|Sovereign wealth funds - Non-listed/ commingled real estate funds/private REITs|20_15|GLOBAL_SovereignWealthFunds_NonListedFunds|GLB_SWF_NLF|Sovereign wealth funds - Non-listed fund||Global Capital raised|Investor Type and Vehicle Type|q20||606
q103_2_global|CURRENCY|Sovereign wealth funds - Separate accounts investing directly into real estate|20_16|GLOBAL_SovereignWealthFunds_SeparateAccountsDirect|GLB_SWF_SepAccDirect|Sovereign wealth funds - Separate accounts investing directly||Global Capital raised|Investor Type and Vehicle Type|q20||607
q103_3_global|CURRENCY|Sovereign wealth funds - Separate accounts investing into indirect vehicles|20_17|GLOBAL_SovereignWealthFunds_SeparateAccountsIndirect|GLB_SWF_SepAccIndirect|Sovereign wealth funds - Separate accounts investing indirectly||Global Capital raised|Investor Type and Vehicle Type|q20||608
q103_4_global|CURRENCY|Sovereign wealth funds - Joint ventures and club deals|20_18|GLOBAL_SovereignWealthFunds_JVs|GLB_SWF_JVs|Sovereign wealth funds - Joint ventures and club deals||Global Capital raised|Investor Type and Vehicle Type|q20||609
q103_5_global|CURRENCY|Sovereign wealth funds - Funds of funds|20_19|GLOBAL_SovereignWealthFunds_FundsOfFunds|GLB_SWF_FOF|Sovereign wealth funds - Funds of funds||Global Capital raised|Investor Type and Vehicle Type|q20||610
q103_6_global|CURRENCY|Sovereign wealth funds - Non-listed debt products|20_20|GLOBAL_SovereignWealthFunds_Debt|GLB_SWF_Debt|Sovereign wealth funds - Non-listed debt products||Global Capital raised|Investor Type and Vehicle Type|q20||611
q10ROW3_hidden_global|CURRENCY|Sovereign wealth funds TOTAL|20_21|GLOBAL_SovereignWealthFunds_VehicleType_Total|GLB_SWF_VT_Total|Sovereign wealth funds - Vehicle type total||Global Capital raised|Investor Type and Vehicle Type|q20||612
q104_1_global|CURRENCY|Government institutions - Non-listed/ commingled real estate funds/private REITs|20_22|GLOBAL_GovernmentInstitutions_NonListedFunds|GLB_GI_NLF|Government institutions - Non-listed fund||Global Capital raised|Investor Type and Vehicle Type|q20||613
q104_2_global|CURRENCY|Government institutions - Separate accounts investing directly into real estate|20_23|GLOBAL_GovernmentInstitutions_SeparateAccountsDirect|GLB_GI_SepAccDirect|Government institutions - Separate accounts investing directly||Global Capital raised|Investor Type and Vehicle Type|q20||614
q104_3_global|CURRENCY|Government institutions - Separate accounts investing into indirect vehicles|20_24|GLOBAL_GovernmentInstitutions_SeparateAccountsIndirect|GLB_GI_SepAccIndirect|Government institutions - Separate accounts investing indirectly||Global Capital raised|Investor Type and Vehicle Type|q20||615
q104_4_global|CURRENCY|Government institutions - Joint ventures and club deals|20_25|GLOBAL_GovernmentInstitutions_JVs|GLB_GI_JVs|Government institutions - Joint ventures and club deals||Global Capital raised|Investor Type and Vehicle Type|q20||616
q104_5_global|CURRENCY|Government institutions - Funds of funds|20_26|GLOBAL_GovernmentInstitutions_FundsOfFunds|GLB_GI_FOF|Government institutions - Funds of funds||Global Capital raised|Investor Type and Vehicle Type|q20||617
q104_6_global|CURRENCY|Government institutions - Non-listed debt products|20_27|GLOBAL_GovernmentInstitutions_Debt|GLB_GI_Debt|Government institutions - Non-listed debt products||Global Capital raised|Investor Type and Vehicle Type|q20||618
q10ROW4_hidden_global|CURRENCY|Government institutions TOTAL|20_28|GLOBAL_GovernmentInstitutions_VehicleType_Total|GLB_GI_VT_Total|Government institutions - Vehicle type total||Global Capital raised|Investor Type and Vehicle Type|q20||619
q105_1_global|CURRENCY|Charities, foundations, non-profit organisations - Non-listed/ commingled real estate funds/private REITs|20_29|GLOBAL_CharitiesFoundationsNonProfitOrganizations_NonListedFunds|GLB_CF&NPO_NLF|Charities, foundations & non-profit organisations - Non-listed fund||Global Capital raised|Investor Type and Vehicle Type|q20||620
q105_2_global|CURRENCY|Charities, foundations, non-profit organisations - Separate accounts investing directly into real estate|20_30|GLOBAL_CharitiesFoundationsNonProfitOrganizations_SeparateAccountsDirect|GLB_CF&NPO_SepAccDirect|Charities, foundations & non-profit organisations - Separate accounts investing directly||Global Capital raised|Investor Type and Vehicle Type|q20||621
q105_3_global|CURRENCY|Charities, foundations, non-profit organisations - Separate accounts investing into indirect vehicles|20_31|GLOBAL_CharitiesFoundationsNonProfitOrganizations_SeparateAccountsIndirect|GLB_CF&NPO_SepAccIndirect|Charities, foundations & non-profit organisations - Separate accounts investing indirectly||Global Capital raised|Investor Type and Vehicle Type|q20||622
q105_4_global|CURRENCY|Charities, foundations, non-profit organisations - Joint ventures and club deals|20_32|GLOBAL_CharitiesFoundationsNonProfitOrganizations_JVs|GLB_CF&NPO_JVs|Charities, foundations & non-profit organisations - Joint ventures and club deals||Global Capital raised|Investor Type and Vehicle Type|q20||623
q105_5_global|CURRENCY|Charities, foundations, non-profit organisations - Funds of funds|20_33|GLOBAL_CharitiesFoundationsNonProfitOrganizations_FundsOfFunds|GLB_CF&NPO_FOF|Charities, foundations & non-profit organisations - Funds of funds||Global Capital raised|Investor Type and Vehicle Type|q20||624
q105_6_global|CURRENCY|Charities, foundations, non-profit organisations - Non-listed debt products|20_34|GLOBAL_CharitiesFoundationsNonProfitOrganizations_Debt|GLB_CF&NPO_Debt|Charities, foundations & non-profit organisations - Non-listed debt products||Global Capital raised|Investor Type and Vehicle Type|q20||625
q10ROW5_hidden_global|CURRENCY|Charities, foundations, non-profit organisations  TOTAL|20_35|GLOBAL_CharitiesFoundationsNonProfitOrganizations_VehicleType_Total|GLB_CF&NPO_VT_Total|Charities, foundations & non-profit organisations - Vehicle type total||Global Capital raised|Investor Type and Vehicle Type|q20||626
q106_1_global|CURRENCY|Funds of funds - Non-listed/ commingled real estate funds/private REITs|20_36|GLOBAL_FundsOfFunds_NonListedFunds|GLB_FOF_NLF|Funds of funds - Non-listed fund||Global Capital raised|Investor Type and Vehicle Type|q20||627
q106_2_global|CURRENCY|Funds of funds - Separate accounts investing directly into real estate|20_37|GLOBAL_FundsOfFunds_SeparateAccountsDirect|GLB_FOF_SepAccDirect|Funds of funds - Separate accounts investing directly||Global Capital raised|Investor Type and Vehicle Type|q20||628
q106_3_global|CURRENCY|Funds of funds - Separate accounts investing into indirect vehicles|20_38|GLOBAL_FundsOfFunds_SeparateAccountsIndirect|GLB_FOF_SepAccIndirect|Funds of funds - Separate accounts investing indirectly||Global Capital raised|Investor Type and Vehicle Type|q20||629
q106_4_global|CURRENCY|Funds of funds - Joint ventures and club deals|20_39|GLOBAL_FundsOfFunds_JVs|GLB_FOF_JVs|Funds of funds - Joint ventures and club deals||Global Capital raised|Investor Type and Vehicle Type|q20||630
q106_5_global|CURRENCY|Funds of funds - Funds of funds|20_40|GLOBAL_FundsOfFunds_FundsOfFunds|GLB_FOF_FOF|Funds of funds - Funds of funds||Global Capital raised|Investor Type and Vehicle Type|q20||631
q106_6_global|CURRENCY|Funds of funds - Non-listed debt products|20_41|GLOBAL_FundsOfFunds_Debt|GLB_FOF_Debt|Funds of funds - Non-listed debt products||Global Capital raised|Investor Type and Vehicle Type|q20||632
q10ROW6_hidden_global|CURRENCY|Funds of funds TOTAL|20_42|GLOBAL_FundsOfFunds_VehicleType_Total|GLB_FOF_VT_Total|Funds of funds - Vehicle type total||Global Capital raised|Investor Type and Vehicle Type|q20||633
q107_1_global|CURRENCY|High net worth individuals /Family offices - Non-listed/ commingled real estate funds/private REITs|20_43|GLOBAL_HighnetWorthIndividualsFamilyOffices_NonListedFunds|GLB_HNWI/FO_NLF|Hign net worth individuals/Family offices - Non-listed fund||Global Capital raised|Investor Type and Vehicle Type|q20||634
q107_2_global|CURRENCY|High net worth individuals /Family offices - Separate accounts investing directly into real estate|20_44|GLOBAL_HighnetWorthIndividualsFamilyOffices_SeparateAccountsDirect|GLB_HNWI/FO_SepAccDirect|Hign net worth individuals/Family offices - Separate accounts investing directly||Global Capital raised|Investor Type and Vehicle Type|q20||635
q107_3_global|CURRENCY|High net worth individuals /Family offices - Separate accounts investing into indirect vehicles|20_45|GLOBAL_HighnetWorthIndividualsFamilyOffices_SeparateAccountsIndirect|GLB_HNWI/FO_SepAccIndirect|Hign net worth individuals/Family offices - Separate accounts investing indirectly||Global Capital raised|Investor Type and Vehicle Type|q20||636
q107_4_global|CURRENCY|High net worth individuals /Family offices - Joint ventures and club deals|20_46|GLOBAL_HighnetWorthIndividualsFamilyOffices_JVs|GLB_HNWI/FO_JVs|Hign net worth individuals/Family offices - Joint ventures and club deals||Global Capital raised|Investor Type and Vehicle Type|q20||637
q107_5_global|CURRENCY|High net worth individuals /Family offices - Funds of funds|20_47|GLOBAL_HighnetWorthIndividualsFamilyOffices_FundsOfFunds|GLB_HNWI/FO_FOF|Hign net worth individuals/Family offices - Funds of funds||Global Capital raised|Investor Type and Vehicle Type|q20||638
q107_6_global|CURRENCY|High net worth individuals /Family offices - Non-listed debt products|20_48|GLOBAL_HighnetWorthIndividualsFamilyOffices_Debt|GLB_HNWI/FO_Debt|Hign net worth individuals/Family offices - Non-listed debt products||Global Capital raised|Investor Type and Vehicle Type|q20||639
q10ROW7_hidden_global|CURRENCY|High net worth individuals /Family offices TOTAL|20_49|GLOBAL_HighnetWorthIndividualsFamilyOffices_VehicleType_Total|GLB_HNWI/FO_VT_Total|Hign net worth individuals/Family offices - Vehicle type total||Global Capital raised|Investor Type and Vehicle Type|q20||640
q10other_global|TEXT|Other (please specify)|20_50|GLOBAL_OtherInvestorTypetext|GLB_OtherITText|Other investor type||Global Capital raised|Investor Type and Vehicle Type|q20||641
q108_1_global|CURRENCY|Other - Non-listed/ commingled real estate funds/private REITs|20_51|GLOBAL_OtherInvestorType_NonListedFunds|GLB_OtherIT_NLF|Other investor type - Non-listed fund||Global Capital raised|Investor Type and Vehicle Type|q20||642
q108_2_global|CURRENCY|Other - Separate accounts investing directly into real estate|20_52|GLOBAL_OtherInvestorType_SeparateAccountsDirect|GLB_OtherIT_SepAccDirect|Other investor type - Separate accounts investing directly||Global Capital raised|Investor Type and Vehicle Type|q20||643
q108_3_global|CURRENCY|Other - Separate accounts investing into indirect vehicles|20_53|GLOBAL_OtherInvestorType_SeparateAccountsIndirect|GLB_OtherIT_SepAccIndirect|Other investor type - Separate accounts investing indirectly||Global Capital raised|Investor Type and Vehicle Type|q20||644
q108_4_global|CURRENCY|Other - Joint ventures and club deals|20_54|GLOBAL_OtherInvestorType_JVs|GLB_OtherIT_JVs|Other investor type - Joint ventures and club deals||Global Capital raised|Investor Type and Vehicle Type|q20||645
q108_5_global|CURRENCY|Other - Funds of funds|20_55|GLOBAL_OtherInvestorType_FundsOfFunds|GLB_OtherIT_FOF|Other investor type - Funds of funds||Global Capital raised|Investor Type and Vehicle Type|q20||646
q108_6_global|CURRENCY|Other - Non-listed debt products|20_56|GLOBAL_OtherInvestorType_Debt|GLB_OtherIT_Debt|Other investor type - Non-listed debt products||Global Capital raised|Investor Type and Vehicle Type|q20||647
q10ROW8_hidden_global|CURRENCY|Other TOTAL|20_57|GLOBAL_OtherInvestorType_VehicleType_Total|GLB_OtherIT_VT_Total|Other investor type - Vehicle type total||Global Capital raised|Investor Type and Vehicle Type|q20||648
q10COL1_hidden_global|CURRENCY|Non-listed/ commingled real estate funds/private REITs TOTAL|20_58|GLOBAL_InvestorType_NonListedFunds_Total|GLB_IT_NLF_Total|Investor type - Non-listed fund total||Global Capital raised|Investor Type and Vehicle Type|q20||649
q10COL2_hidden_global|CURRENCY|Separate accounts investing directly into real estate TOTAL|20_59|GLOBAL_InvestorType_SeparateAccountsDirect_Total|GLB_IT_SepAccDirect_Total|Investor type - Separate accounts investing directly total||Global Capital raised|Investor Type and Vehicle Type|q20||650
q10COL3_hidden_global|CURRENCY|Separate accounts investing into indirect vehicles TOTAL|20_60|GLOBAL_InvestorType_SeparateAccountsIndirect_Total|GLB_IT_SepAccIndirect_Total|Investor type - Separate accounts investing indirectly total||Global Capital raised|Investor Type and Vehicle Type|q20||651
q10COL4_hidden_global|CURRENCY|Joint ventures and club deals TOTAL|20_61|GLOBAL_InvestorType_JVs_Total|GLB_IT_JVs_Total|Investor type - Joint ventures and club deals total||Global Capital raised|Investor Type and Vehicle Type|q20||652
q10COL5_hidden_global|CURRENCY|Funds of funds TOTAL|20_62|GLOBAL_InvestorType_FundsOfFunds_Total|GLB_IT_FOF_Total|Investor type - Funds of funds total||Global Capital raised|Investor Type and Vehicle Type|q20||653
q10COL6_hidden_global|CURRENCY|Non-listed debt products TOTAL|20_63|GLOBAL_InvestorType_Debt_Total|GLB_IT_Debt_Total|Investor type - Non-listed debt products total||Global Capital raised|Investor Type and Vehicle Type|q20||654
q10GRANDTotal_hidden_global|CURRENCY|TOTAL institutional capital by investor type|20_64|GLOBAL_InvestorType_VehicleType_Total|GLB_IT_VT_Total|Investor type - Vehicle type total||Global Capital raised|Investor Type and Vehicle Type|q20||655
_global||[Global strategy] How much institutional capital did your company raise in 2017 by investor domicile (million)?|21|||||Global Capital raised|Investor Domicile and Vehicle Type|q21||656
q111_1_global|CURRENCY|Europe - Non-listed/ commingled real estate funds/private REITs|21_1|GLOBAL_InvestorDomicileEurope_NonListedFunds|GLB_IDEUR_NLF|Europe - Non-listed funds||Global Capital raised|Investor Domicile and Vehicle Type|q21||657
q111_2_global|CURRENCY|Europe - Separate accounts investing directly into real estate|21_2|GLOBAL_InvestorDomicileEurope_SeparateAccountsDirect|GLB_IDEUR_SepAccDirect|Europe - Separate accounts investing directly||Global Capital raised|Investor Domicile and Vehicle Type|q21||658
q111_3_global|CURRENCY|Europe - Separate accounts investing into indirect vehicles|21_3|GLOBAL_InvestorDomicileEurope_SeparateAccountsIndirect|GLB_IDEUR_SepAccIndirect|Europe - Separate accounts investing indirectly||Global Capital raised|Investor Domicile and Vehicle Type|q21||659
q111_4_global|CURRENCY|Europe - Joint ventures and club deals|21_4|GLOBAL_InvestorDomicileEurope_JVs|GLB_IDEUR_JVs|Europe - Joint ventures and club deals||Global Capital raised|Investor Domicile and Vehicle Type|q21||660
q111_5_global|CURRENCY|Europe - Funds of funds|21_5|GLOBAL_InvestorDomicileEurope_FundsOfFunds|GLB_IDEUR_FOF|Europe - Funds of funds||Global Capital raised|Investor Domicile and Vehicle Type|q21||661
q111_6_global|CURRENCY|Europe - Non-listed debt products|21_6|GLOBAL_InvestorDomicileEurope_Debt|GLB_IDEUR_Debt|Europe - Non-listed debt products||Global Capital raised|Investor Domicile and Vehicle Type|q21||662
q11ROW1_hidden_global|CURRENCY|Europe TOTAL|21_7|GLOBAL_InvestorDomicileEurope_VehicleType_Total|GLB_IDEUR_VT_Total|Europe - Vehicle type total||Global Capital raised|Investor Domicile and Vehicle Type|q21||663
q112_1_global|CURRENCY|Asia Pacific - Non-listed/ commingled real estate funds/private REITs|21_8|GLOBAL_InvestorDomicileAsiaPacific_NonListedFunds|GLB_IDAPAC_NLF|Asia Pacific - Non-listed funds||Global Capital raised|Investor Domicile and Vehicle Type|q21||664
q112_2_global|CURRENCY|Asia Pacific - Separate accounts investing directly into real estate|21_9|GLOBAL_InvestorDomicileAsiaPacific_SeparateAccountsDirect|GLB_IDAPAC_SepAccDirect|Asia Pacific - Separate accounts investing directly||Global Capital raised|Investor Domicile and Vehicle Type|q21||665
q112_3_global|CURRENCY|Asia Pacific - Separate accounts investing into indirect vehicles|21_10|GLOBAL_InvestorDomicileAsiaPacific_SeparateAccountsIndirect|GLB_IDAPAC_SepAccIndirect|Asia Pacific - Separate accounts investing indirectly||Global Capital raised|Investor Domicile and Vehicle Type|q21||666
q112_4_global|CURRENCY|Asia Pacific - Joint ventures and club deals|21_11|GLOBAL_InvestorDomicileAsiaPacific_JVs|GLB_IDAPAC_JVs|Asia Pacific - Joint ventures and club deals||Global Capital raised|Investor Domicile and Vehicle Type|q21||667
q112_5_global|CURRENCY|Asia Pacific - Funds of funds|21_12|GLOBAL_InvestorDomicileAsiaPacific_FundsOfFunds|GLB_IDAPAC_FOF|Asia Pacific - Funds of funds||Global Capital raised|Investor Domicile and Vehicle Type|q21||668
q112_6_global|CURRENCY|Asia Pacific - Non-listed debt products|21_13|GLOBAL_InvestorDomicileAsiaPacific_Debt|GLB_IDAPAC_Debt|Asia Pacific - Non-listed debt products||Global Capital raised|Investor Domicile and Vehicle Type|q21||669
q11ROW2_hidden_global|CURRENCY|Asia Pacific TOTAL|21_14|GLOBAL_InvestorDomicileAsiaPacific_VehicleType_Total|GLB_IDAPAC_VT_Total|Asia Pacific - Vehicle type total||Global Capital raised|Investor Domicile and Vehicle Type|q21||670
q113_1_global|CURRENCY|North America - Non-listed/ commingled real estate funds/private REITs|21_15|GLOBAL_InvestorDomicileNorthAmerica_NonListedFunds|GLB_IDNA_NLF|North America - Non-listed funds||Global Capital raised|Investor Domicile and Vehicle Type|q21||671
q113_2_global|CURRENCY|North America - Separate accounts investing directly into real estate|21_16|GLOBAL_InvestorDomicileNorthAmerica_SeparateAccountsDirect|GLB_IDNA_SepAccDirect|North America - Separate accounts investing directly||Global Capital raised|Investor Domicile and Vehicle Type|q21||672
q113_3_global|CURRENCY|North America - Separate accounts investing into indirect vehicles|21_17|GLOBAL_InvestorDomicileNorthAmerica_SeparateAccountsIndirect|GLB_IDNA_SepAccIndirect|North America - Separate accounts investing indirectly||Global Capital raised|Investor Domicile and Vehicle Type|q21||673
q113_4_global|CURRENCY|North America - Joint ventures and club deals|21_18|GLOBAL_InvestorDomicileNorthAmerica_JVs|GLB_IDNA_JVs|North America - Joint ventures and club deals||Global Capital raised|Investor Domicile and Vehicle Type|q21||674
q113_5_global|CURRENCY|North America - Funds of funds|21_19|GLOBAL_InvestorDomicileNorthAmerica_FundsOfFunds|GLB_IDNA_FOF|North America - Funds of funds||Global Capital raised|Investor Domicile and Vehicle Type|q21||675
q113_6_global|CURRENCY|North America - Non-listed debt products|21_20|GLOBAL_InvestorDomicileNorthAmerica_Debt|GLB_IDNA_Debt|North America - Non-listed debt products||Global Capital raised|Investor Domicile and Vehicle Type|q21||676
q11ROW3_hidden_global|CURRENCY|North America TOTAL|21_21|GLOBAL_InvestorDomicileNorthAmerica_VehicleType_Total|GLB_IDNA_VT_Total|North America - Vehicle type total||Global Capital raised|Investor Domicile and Vehicle Type|q21||677
q114_1_global|CURRENCY|South America - Non-listed/ commingled real estate funds/private REITs|21_22|GLOBAL_InvestorDomicileSouthAmerica_NonListedFunds|GLB_IDSA_NLF|South America - Non-listed funds||Global Capital raised|Investor Domicile and Vehicle Type|q21||678
q114_2_global|CURRENCY|South America - Separate accounts investing directly into real estate|21_23|GLOBAL_InvestorDomicileSouthAmerica_SeparateAccountsDirect|GLB_IDSA_SepAccDirect|South America - Separate accounts investing directly||Global Capital raised|Investor Domicile and Vehicle Type|q21||679
q114_3_global|CURRENCY|South America - Separate accounts investing into indirect vehicles|21_24|GLOBAL_InvestorDomicileSouthAmerica_SeparateAccountsIndirect|GLB_IDSA_SepAccIndirect|South America - Separate accounts investing indirectly||Global Capital raised|Investor Domicile and Vehicle Type|q21||680
q114_4_global|CURRENCY|South America - Joint ventures and club deals|21_25|GLOBAL_InvestorDomicileSouthAmerica_JVs|GLB_IDSA_JVs|South America - Joint ventures and club deals||Global Capital raised|Investor Domicile and Vehicle Type|q21||681
q114_5_global|CURRENCY|South America - Funds of funds|21_26|GLOBAL_InvestorDomicileSouthAmerica_FundsOfFunds|GLB_IDSA_FOF|South America - Funds of funds||Global Capital raised|Investor Domicile and Vehicle Type|q21||682
q114_6_global|CURRENCY|South America - Non-listed debt products|21_27|GLOBAL_InvestorDomicileSouthAmerica_Debt|GLB_IDSA_Debt|South America - Non-listed debt products||Global Capital raised|Investor Domicile and Vehicle Type|q21||683
q11ROW4_hidden_global|CURRENCY|South America TOTAL|21_28|GLOBAL_InvestorDomicileSouthAmerica_VehicleType_Total|GLB_IDSA_VT_Total|South America - Vehicle type total||Global Capital raised|Investor Domicile and Vehicle Type|q21||684
q115_1_global|CURRENCY|Africa - Non-listed/ commingled real estate funds/private REITs|21_29|GLOBAL_InvestorDomicileAfrica_NonListedFunds|GLB_IDAFR_NLF|Africa - Non-listed funds||Global Capital raised|Investor Domicile and Vehicle Type|q21||685
q115_2_global|CURRENCY|Africa - Separate accounts investing directly into real estate|21_30|GLOBAL_InvestorDomicileAfrica_SeparateAccountsDirect|GLB_IDAFR_SepAccDirect|Africa - Separate accounts investing directly||Global Capital raised|Investor Domicile and Vehicle Type|q21||686
q115_3_global|CURRENCY|Africa - Separate accounts investing into indirect vehicles|21_31|GLOBAL_InvestorDomicileAfrica_SeparateAccountsIndirect|GLB_IDAFR_SepAccIndirect|Africa - Separate accounts investing indirectly||Global Capital raised|Investor Domicile and Vehicle Type|q21||687
q115_4_global|CURRENCY|Africa - Joint ventures and club deals|21_32|GLOBAL_InvestorDomicileAfrica_JVs|GLB_IDAFR_JVs|Africa - Joint ventures and club deals||Global Capital raised|Investor Domicile and Vehicle Type|q21||688
q115_5_global|CURRENCY|Africa - Funds of funds|21_33|GLOBAL_InvestorDomicileAfrica_FundsOfFunds|GLB_IDAFR_FOF|Africa - Funds of funds||Global Capital raised|Investor Domicile and Vehicle Type|q21||689
q115_6_global|CURRENCY|Africa - Non-listed debt products|21_34|GLOBAL_InvestorDomicileAfrica_Debt|GLB_IDAFR_Debt|Africa - Non-listed debt products||Global Capital raised|Investor Domicile and Vehicle Type|q21||690
q11ROW5_hidden_global|CURRENCY|Africa  TOTAL|21_35|GLOBAL_InvestorDomicileAfrica_VehicleType_Total|GLB_IDAFR_VT_Total|Africa - Vehicle type total||Global Capital raised|Investor Domicile and Vehicle Type|q21||691
q11COL1_hidden_global|CURRENCY|Non-listed/ commingled real estate funds/private REITs TOTAL|21_36|GLOBAL_InvestorDomicile_NonListedFunds_Total|GLB_ID_NLF_Total|Investor domicile total - Non-listed funds||Global Capital raised|Investor Domicile and Vehicle Type|q21||692
q11COL2_hidden_global|CURRENCY|Separate accounts investing directly into real estate TOTAL|21_37|GLOBAL_InvestorDomicile_SeparateAccountsDirect_Total|GLB_ID_SepAccDirect_Total|Investor domicile total - Separate accounts investing directly||Global Capital raised|Investor Domicile and Vehicle Type|q21||693
q11COL3_hidden_global|CURRENCY|Separate accounts investing into indirect vehicles TOTAL|21_38|GLOBAL_InvestorDomicile_SeparateAccountsIndirect_Total|GLB_ID_SepAccIndirect_Total|Investor domicile total - Separate accounts investing indirectly||Global Capital raised|Investor Domicile and Vehicle Type|q21||694
q11COL4_hidden_global|CURRENCY|Joint ventures and club deals TOTAL|21_39|GLOBAL_InvestorDomicile_JVs_Total|GLB_ID_JVs_Total|Investor domicile total - Joint ventures and club deals||Global Capital raised|Investor Domicile and Vehicle Type|q21||695
q11COL5_hidden_global|CURRENCY|Funds of funds TOTAL|21_40|GLOBAL_InvestorDomicile_FundsOfFunds_Total|GLB_ID_FOF_Total|Investor domicile total - Funds of funds||Global Capital raised|Investor Domicile and Vehicle Type|q21||696
q11COL6_hidden_global|CURRENCY|Non-listed debt products TOTAL|21_41|GLOBAL_InvestorDomicile_Debt_Total|GLB_ID_Debt_Total|Investor domicile total - Non-listed debt products||Global Capital raised|Investor Domicile and Vehicle Type|q21||697
q11GRANDTotal_hidden_global|CURRENCY|TOTAL institutional capital by investor domicle|21_42|GLOBAL_InvestorDomicile_VehicleType_Total|GLB_ID_VT_Total|Investor domicile total - Vehicle type total||Global Capital raised|Investor Domicile and Vehicle Type|q21||698
SOUTH AMERICA_southamerica||For your South American strategy, how much institutional capital did your company raise for non-listed vehicles in 2017 by investor type (million)?|22|||||SA Capital raised|Investor Type and Vehicle Type|q22||699
q101_1_southamerica|CURRENCY|Pension funds - Non-listed/ commingled real estate funds/private REITs|22_1|SA_PensionFunds_NonListedFunds|SA_PF_NLF|Pension funds - Non-listed fund||SA Capital raised|Investor Type and Vehicle Type|q22||700
q101_2_southamerica|CURRENCY|Pension funds - Separate accounts investing directly into real estate|22_2|SA_PensionFunds_SeparateAccountsDirect|SA_PF_SepAccDirect|Pension funds - Separate accounts investing directly||SA Capital raised|Investor Type and Vehicle Type|q22||701
q101_3_southamerica|CURRENCY|Pension funds - Separate accounts investing into indirect vehicles|22_3|SA_PensionFunds_SeparateAccountsIndirect|SA_PF_SepAccIndirect|Pension funds - Separate accounts investing indirectly||SA Capital raised|Investor Type and Vehicle Type|q22||702
q101_4_southamerica|CURRENCY|Pension funds - Joint ventures and club deals|22_4|SA_PensionFunds_JVs|SA_PF_JVs|Pension funds - Joint ventures and club deals||SA Capital raised|Investor Type and Vehicle Type|q22||703
q101_5_southamerica|CURRENCY|Pension funds - Funds of funds|22_5|SA_PensionFunds_FundsOfFunds|SA_PF_FOF|Pension funds - Funds of funds||SA Capital raised|Investor Type and Vehicle Type|q22||704
q101_6_southamerica|CURRENCY|Pension funds - Non-listed debt products|22_6|SA_PensionFunds_Debt|SA_PF_Debt|Pension funds - Non-listed debt products||SA Capital raised|Investor Type and Vehicle Type|q22||705
q10ROW1_hidden_southamerica|CURRENCY|Pension funds TOTAL|22_7|SA_PensionFunds_VehicleType_Total|SA_PF_VT_Total|Pension funds - Vehicle type total||SA Capital raised|Investor Type and Vehicle Type|q22||706
q102_1_southamerica|CURRENCY|Insurance companies - Non-listed/ commingled real estate funds/private REITs|22_8|SA_InsuranceCompanies_NonListedFunds|SA_IC_NLF|Insurance companies - Non-listed fund||SA Capital raised|Investor Type and Vehicle Type|q22||707
q102_2_southamerica|CURRENCY|Insurance companies - Separate accounts investing directly into real estate|22_9|SA_InsuranceCompanies_SeparateAccountsDirect|SA_IC_SepAccDirect|Insurance companies - Separate accounts investing directly||SA Capital raised|Investor Type and Vehicle Type|q22||708
q102_3_southamerica|CURRENCY|Insurance companies - Separate accounts investing into indirect vehicles|22_10|SA_InsuranceCompanies_SeparateAccountsIndirect|SA_IC_SepAccIndirect|Insurance companies - Separate accounts investing indirectly||SA Capital raised|Investor Type and Vehicle Type|q22||709
q102_4_southamerica|CURRENCY|Insurance companies - Joint ventures and club deals|22_11|SA_InsuranceCompanies_JVs|SA_IC_JVs|Insurance companies - Joint ventures and club deals||SA Capital raised|Investor Type and Vehicle Type|q22||710
q102_5_southamerica|CURRENCY|Insurance companies - Funds of funds|22_12|SA_InsuranceCompanies_FundsOfFunds|SA_IC_FOF|Insurance companies - Funds of funds||SA Capital raised|Investor Type and Vehicle Type|q22||711
q102_6_southamerica|CURRENCY|Insurance companies - Non-listed debt products|22_13|SA_InsuranceCompanies_Debt|SA_IC_Debt|Insurance companies - Non-listed debt products||SA Capital raised|Investor Type and Vehicle Type|q22||712
q10ROW2_hidden_southamerica|CURRENCY|Insurance companies TOTAL|22_14|SA_InsuranceCompanies_VehicleType_Total|SA_IC_VT_Total|Insurance companies - Vehicle type total||SA Capital raised|Investor Type and Vehicle Type|q22||713
q103_1_southamerica|CURRENCY|Sovereign wealth funds - Non-listed/ commingled real estate funds/private REITs|22_15|SA_SovereignWealthFunds_NonListedFunds|SA_SWF_NLF|Sovereign wealth funds - Non-listed fund||SA Capital raised|Investor Type and Vehicle Type|q22||714
q103_2_southamerica|CURRENCY|Sovereign wealth funds - Separate accounts investing directly into real estate|22_16|SA_SovereignWealthFunds_SeparateAccountsDirect|SA_SWF_SepAccDirect|Sovereign wealth funds - Separate accounts investing directly||SA Capital raised|Investor Type and Vehicle Type|q22||715
q103_3_southamerica|CURRENCY|Sovereign wealth funds - Separate accounts investing into indirect vehicles|22_17|SA_SovereignWealthFunds_SeparateAccountsIndirect|SA_SWF_SepAccIndirect|Sovereign wealth funds - Separate accounts investing indirectly||SA Capital raised|Investor Type and Vehicle Type|q22||716
q103_4_southamerica|CURRENCY|Sovereign wealth funds - Joint ventures and club deals|22_18|SA_SovereignWealthFunds_JVs|SA_SWF_JVs|Sovereign wealth funds - Joint ventures and club deals||SA Capital raised|Investor Type and Vehicle Type|q22||717
q103_5_southamerica|CURRENCY|Sovereign wealth funds - Funds of funds|22_19|SA_SovereignWealthFunds_FundsOfFunds|SA_SWF_FOF|Sovereign wealth funds - Funds of funds||SA Capital raised|Investor Type and Vehicle Type|q22||718
q103_6_southamerica|CURRENCY|Sovereign wealth funds - Non-listed debt products|22_20|SA_SovereignWealthFunds_Debt|SA_SWF_Debt|Sovereign wealth funds - Non-listed debt products||SA Capital raised|Investor Type and Vehicle Type|q22||719
q10ROW3_hidden_southamerica|CURRENCY|Sovereign wealth funds TOTAL|22_21|SA_SovereignWealthFunds_VehicleType_Total|SA_SWF_VT_Total|Sovereign wealth funds - Vehicle type total||SA Capital raised|Investor Type and Vehicle Type|q22||720
q104_1_southamerica|CURRENCY|Government institutions - Non-listed/ commingled real estate funds/private REITs|22_22|SA_GovernmentInstitutions_NonListedFunds|SA_GI_NLF|Government institutions - Non-listed fund||SA Capital raised|Investor Type and Vehicle Type|q22||721
q104_2_southamerica|CURRENCY|Government institutions - Separate accounts investing directly into real estate|22_23|SA_GovernmentInstitutions_SeparateAccountsDirect|SA_GI_SepAccDirect|Government institutions - Separate accounts investing directly||SA Capital raised|Investor Type and Vehicle Type|q22||722
q104_3_southamerica|CURRENCY|Government institutions - Separate accounts investing into indirect vehicles|22_24|SA_GovernmentInstitutions_SeparateAccountsIndirect|SA_GI_SepAccIndirect|Government institutions - Separate accounts investing indirectly||SA Capital raised|Investor Type and Vehicle Type|q22||723
q104_4_southamerica|CURRENCY|Government institutions - Joint ventures and club deals|22_25|SA_GovernmentInstitutions_JVs|SA_GI_JVs|Government institutions - Joint ventures and club deals||SA Capital raised|Investor Type and Vehicle Type|q22||724
q104_5_southamerica|CURRENCY|Government institutions - Funds of funds|22_26|SA_GovernmentInstitutions_FundsOfFunds|SA_GI_FOF|Government institutions - Funds of funds||SA Capital raised|Investor Type and Vehicle Type|q22||725
q104_6_southamerica|CURRENCY|Government institutions - Non-listed debt products|22_27|SA_GovernmentInstitutions_Debt|SA_GI_Debt|Government institutions - Non-listed debt products||SA Capital raised|Investor Type and Vehicle Type|q22||726
q10ROW4_hidden_southamerica|CURRENCY|Government institutions TOTAL|22_28|SA_GovernmentInstitutions_VehicleType_Total|SA_GI_VT_Total|Government institutions - Vehicle type total||SA Capital raised|Investor Type and Vehicle Type|q22||727
q105_1_southamerica|CURRENCY|Charities, foundations, non-profit organisations - Non-listed/ commingled real estate funds/private REITs|22_29|SA_CharitiesFoundationsNonProfitOrganizations_NonListedFunds|SA_CF&NPO_NLF|Charities, foundations & non-profit organisations - Non-listed fund||SA Capital raised|Investor Type and Vehicle Type|q22||728
q105_2_southamerica|CURRENCY|Charities, foundations, non-profit organisations - Separate accounts investing directly into real estate|22_30|SA_CharitiesFoundationsNonProfitOrganizations_SeparateAccountsDirect|SA_CF&NPO_SepAccDirect|Charities, foundations & non-profit organisations - Separate accounts investing directly||SA Capital raised|Investor Type and Vehicle Type|q22||729
q105_3_southamerica|CURRENCY|Charities, foundations, non-profit organisations - Separate accounts investing into indirect vehicles|22_31|SA_CharitiesFoundationsNonProfitOrganizations_SeparateAccountsIndirect|SA_CF&NPO_SepAccIndirect|Charities, foundations & non-profit organisations - Separate accounts investing indirectly||SA Capital raised|Investor Type and Vehicle Type|q22||730
q105_4_southamerica|CURRENCY|Charities, foundations, non-profit organisations - Joint ventures and club deals|22_32|SA_CharitiesFoundationsNonProfitOrganizations_JVs|SA_CF&NPO_JVs|Charities, foundations & non-profit organisations - Joint ventures and club deals||SA Capital raised|Investor Type and Vehicle Type|q22||731
q105_5_southamerica|CURRENCY|Charities, foundations, non-profit organisations - Funds of funds|22_33|SA_CharitiesFoundationsNonProfitOrganizations_FundsOfFunds|SA_CF&NPO_FOF|Charities, foundations & non-profit organisations - Funds of funds||SA Capital raised|Investor Type and Vehicle Type|q22||732
q105_6_southamerica|CURRENCY|Charities, foundations, non-profit organisations - Non-listed debt products|22_34|SA_CharitiesFoundationsNonProfitOrganizations_Debt|SA_CF&NPO_Debt|Charities, foundations & non-profit organisations - Non-listed debt products||SA Capital raised|Investor Type and Vehicle Type|q22||733
q10ROW5_hidden_southamerica|CURRENCY|Charities, foundations, non-profit organisations  TOTAL|22_35|SA_CharitiesFoundationsNonProfitOrganizations_VehicleType_Total|SA_CF&NPO_VT_Total|Charities, foundations & non-profit organisations - Vehicle type total||SA Capital raised|Investor Type and Vehicle Type|q22||734
q106_1_southamerica|CURRENCY|Funds of funds - Non-listed/ commingled real estate funds/private REITs|22_36|SA_FundsOfFunds_NonListedFunds|SA_FOF_NLF|Funds of funds - Non-listed fund||SA Capital raised|Investor Type and Vehicle Type|q22||735
q106_2_southamerica|CURRENCY|Funds of funds - Separate accounts investing directly into real estate|22_37|SA_FundsOfFunds_SeparateAccountsDirect|SA_FOF_SepAccDirect|Funds of funds - Separate accounts investing directly||SA Capital raised|Investor Type and Vehicle Type|q22||736
q106_3_southamerica|CURRENCY|Funds of funds - Separate accounts investing into indirect vehicles|22_38|SA_FundsOfFunds_SeparateAccountsIndirect|SA_FOF_SepAccIndirect|Funds of funds - Separate accounts investing indirectly||SA Capital raised|Investor Type and Vehicle Type|q22||737
q106_4_southamerica|CURRENCY|Funds of funds - Joint ventures and club deals|22_39|SA_FundsOfFunds_JVs|SA_FOF_JVs|Funds of funds - Joint ventures and club deals||SA Capital raised|Investor Type and Vehicle Type|q22||738
q106_5_southamerica|CURRENCY|Funds of funds - Funds of funds|22_40|SA_FundsOfFunds_FundsOfFunds|SA_FOF_FOF|Funds of funds - Funds of funds||SA Capital raised|Investor Type and Vehicle Type|q22||739
q106_6_southamerica|CURRENCY|Funds of funds - Non-listed debt products|22_41|SA_FundsOfFunds_Debt|SA_FOF_Debt|Funds of funds - Non-listed debt products||SA Capital raised|Investor Type and Vehicle Type|q22||740
q10ROW6_hidden_southamerica|CURRENCY|Funds of funds TOTAL|22_42|SA_FundsOfFunds_VehicleType_Total|SA_FOF_VT_Total|Funds of funds - Vehicle type total||SA Capital raised|Investor Type and Vehicle Type|q22||741
q107_1_southamerica|CURRENCY|High net worth individuals /Family offices - Non-listed/ commingled real estate funds/private REITs|22_43|SA_HighnetWorthIndividualsFamilyOffices_NonListedFunds|SA_HNWI/FO_NLF|Hign net worth individuals/Family offices - Non-listed fund||SA Capital raised|Investor Type and Vehicle Type|q22||742
q107_2_southamerica|CURRENCY|High net worth individuals /Family offices - Separate accounts investing directly into real estate|22_44|SA_HighnetWorthIndividualsFamilyOffices_SeparateAccountsDirect|SA_HNWI/FO_SepAccDirect|Hign net worth individuals/Family offices - Separate accounts investing directly||SA Capital raised|Investor Type and Vehicle Type|q22||743
q107_3_southamerica|CURRENCY|High net worth individuals /Family offices - Separate accounts investing into indirect vehicles|22_45|SA_HighnetWorthIndividualsFamilyOffices_SeparateAccountsIndirect|SA_HNWI/FO_SepAccIndirect|Hign net worth individuals/Family offices - Separate accounts investing indirectly||SA Capital raised|Investor Type and Vehicle Type|q22||744
q107_4_southamerica|CURRENCY|High net worth individuals /Family offices - Joint ventures and club deals|22_46|SA_HighnetWorthIndividualsFamilyOffices_JVs|SA_HNWI/FO_JVs|Hign net worth individuals/Family offices - Joint ventures and club deals||SA Capital raised|Investor Type and Vehicle Type|q22||745
q107_5_southamerica|CURRENCY|High net worth individuals /Family offices - Funds of funds|22_47|SA_HighnetWorthIndividualsFamilyOffices_FundsOfFunds|SA_HNWI/FO_FOF|Hign net worth individuals/Family offices - Funds of funds||SA Capital raised|Investor Type and Vehicle Type|q22||746
q107_6_southamerica|CURRENCY|High net worth individuals /Family offices - Non-listed debt products|22_48|SA_HighnetWorthIndividualsFamilyOffices_Debt|SA_HNWI/FO_Debt|Hign net worth individuals/Family offices - Non-listed debt products||SA Capital raised|Investor Type and Vehicle Type|q22||747
q10ROW7_hidden_southamerica|CURRENCY|High net worth individuals /Family offices TOTAL|22_49|SA_HighnetWorthIndividualsFamilyOffices_VehicleType_Total|SA_HNWI/FO_VT_Total|Hign net worth individuals/Family offices - Vehicle type total||SA Capital raised|Investor Type and Vehicle Type|q22||748
q10other_southamerica|TEXT|Other (please specify)|22_50|SA_OtherInvestorTypetext|SA_OtherITText|Other investor type||SA Capital raised|Investor Type and Vehicle Type|q22||749
q108_1_southamerica|CURRENCY|Other - Non-listed/ commingled real estate funds/private REITs|22_51|SA_OtherInvestorType_NonListedFunds|SA_OtherIT_NLF|Other investor type - Non-listed fund||SA Capital raised|Investor Type and Vehicle Type|q22||750
q108_2_southamerica|CURRENCY|Other - Separate accounts investing directly into real estate|22_52|SA_OtherInvestorType_SeparateAccountsDirect|SA_OtherIT_SepAccDirect|Other investor type - Separate accounts investing directly||SA Capital raised|Investor Type and Vehicle Type|q22||751
q108_3_southamerica|CURRENCY|Other - Separate accounts investing into indirect vehicles|22_53|SA_OtherInvestorType_SeparateAccountsIndirect|SA_OtherIT_SepAccIndirect|Other investor type - Separate accounts investing indirectly||SA Capital raised|Investor Type and Vehicle Type|q22||752
q108_4_southamerica|CURRENCY|Other - Joint ventures and club deals|22_54|SA_OtherInvestorType_JVs|SA_OtherIT_JVs|Other investor type - Joint ventures and club deals||SA Capital raised|Investor Type and Vehicle Type|q22||753
q108_5_southamerica|CURRENCY|Other - Funds of funds|22_55|SA_OtherInvestorType_FundsOfFunds|SA_OtherIT_FOF|Other investor type - Funds of funds||SA Capital raised|Investor Type and Vehicle Type|q22||754
q108_6_southamerica|CURRENCY|Other - Non-listed debt products|22_56|SA_OtherInvestorType_Debt|SA_OtherIT_Debt|Other investor type - Non-listed debt products||SA Capital raised|Investor Type and Vehicle Type|q22||755
q10ROW8_hidden_southamerica|CURRENCY|Other TOTAL|22_57|SA_OtherInvestorType_VehicleType_Total|SA_OtherIT_VT_Total|Other investor type - Vehicle type total||SA Capital raised|Investor Type and Vehicle Type|q22||756
q10COL1_hidden_southamerica|CURRENCY|Non-listed/ commingled real estate funds/private REITs TOTAL|22_58|SA_InvestorType_NonListedFunds_Total|SA_IT_NLF_Total|Investor type - Non-listed fund total||SA Capital raised|Investor Type and Vehicle Type|q22||757
q10COL2_hidden_southamerica|CURRENCY|Separate accounts investing directly into real estate TOTAL|22_59|SA_InvestorType_SeparateAccountsDirect_Total|SA_IT_SepAccDirect_Total|Investor type - Separate accounts investing directly total||SA Capital raised|Investor Type and Vehicle Type|q22||758
q10COL3_hidden_southamerica|CURRENCY|Separate accounts investing into indirect vehicles TOTAL|22_60|SA_InvestorType_SeparateAccountsIndirect_Total|SA_IT_SepAccIndirect_Total|Investor type - Separate accounts investing indirectly total||SA Capital raised|Investor Type and Vehicle Type|q22||759
q10COL4_hidden_southamerica|CURRENCY|Joint ventures and club deals TOTAL|22_61|SA_InvestorType_JVs_Total|SA_IT_JVs_Total|Investor type - Joint ventures and club deals total||SA Capital raised|Investor Type and Vehicle Type|q22||760
q10COL5_hidden_southamerica|CURRENCY|Funds of funds TOTAL|22_62|SA_InvestorType_FundsOfFunds_Total|SA_IT_FOF_Total|Investor type - Funds of funds total||SA Capital raised|Investor Type and Vehicle Type|q22||761
q10COL6_hidden_southamerica|CURRENCY|Non-listed debt products TOTAL|22_63|SA_InvestorType_Debt_Total|SA_IT_Debt_Total|Investor type - Non-listed debt products total||SA Capital raised|Investor Type and Vehicle Type|q22||762
q10GRANDTotal_hidden_southamerica|CURRENCY|TOTAL institutional capital by investor type|22_64|SA_InvestorType_VehicleType_Total|SA_IT_VT_Total|Investor type - Vehicle type total||SA Capital raised|Investor Type and Vehicle Type|q22||763
_southamerica||[South American strategy] How much institutional capital did your company raise in 2017 by investor domicile (million)?|23|||||SA Capital raised|Investor Domicile and Vehicle Type|q23||764
q111_1_southamerica|CURRENCY|Europe - Non-listed/ commingled real estate funds/private REITs|23_1|SA_InvestorDomicileEurope_NonListedFunds|SA_IDEUR_NLF|Europe - Non-listed funds||SA Capital raised|Investor Domicile and Vehicle Type|q23||765
q111_2_southamerica|CURRENCY|Europe - Separate accounts investing directly into real estate|23_2|SA_InvestorDomicileEurope_SeparateAccountsDirect|SA_IDEUR_SepAccDirect|Europe - Separate accounts investing directly||SA Capital raised|Investor Domicile and Vehicle Type|q23||766
q111_3_southamerica|CURRENCY|Europe - Separate accounts investing into indirect vehicles|23_3|SA_InvestorDomicileEurope_SeparateAccountsIndirect|SA_IDEUR_SepAccIndirect|Europe - Separate accounts investing indirectly||SA Capital raised|Investor Domicile and Vehicle Type|q23||767
q111_4_southamerica|CURRENCY|Europe - Joint ventures and club deals|23_4|SA_InvestorDomicileEurope_JVs|SA_IDEUR_JVs|Europe - Joint ventures and club deals||SA Capital raised|Investor Domicile and Vehicle Type|q23||768
q111_5_southamerica|CURRENCY|Europe - Funds of funds|23_5|SA_InvestorDomicileEurope_FundsOfFunds|SA_IDEUR_FOF|Europe - Funds of funds||SA Capital raised|Investor Domicile and Vehicle Type|q23||769
q111_6_southamerica|CURRENCY|Europe - Non-listed debt products|23_6|SA_InvestorDomicileEurope_Debt|SA_IDEUR_Debt|Europe - Non-listed debt products||SA Capital raised|Investor Domicile and Vehicle Type|q23||770
q11ROW1_hidden_southamerica|CURRENCY|Europe TOTAL|23_7|SA_InvestorDomicileEurope_VehicleType_Total|SA_IDEUR_VT_Total|Europe - Vehicle type total||SA Capital raised|Investor Domicile and Vehicle Type|q23||771
q112_1_southamerica|CURRENCY|Asia Pacific - Non-listed/ commingled real estate funds/private REITs|23_8|SA_InvestorDomicileAsiaPacific_NonListedFunds|SA_IDAPAC_NLF|Asia Pacific - Non-listed funds||SA Capital raised|Investor Domicile and Vehicle Type|q23||772
q112_2_southamerica|CURRENCY|Asia Pacific - Separate accounts investing directly into real estate|23_9|SA_InvestorDomicileAsiaPacific_SeparateAccountsDirect|SA_IDAPAC_SepAccDirect|Asia Pacific - Separate accounts investing directly||SA Capital raised|Investor Domicile and Vehicle Type|q23||773
q112_3_southamerica|CURRENCY|Asia Pacific - Separate accounts investing into indirect vehicles|23_10|SA_InvestorDomicileAsiaPacific_SeparateAccountsIndirect|SA_IDAPAC_SepAccIndirect|Asia Pacific - Separate accounts investing indirectly||SA Capital raised|Investor Domicile and Vehicle Type|q23||774
q112_4_southamerica|CURRENCY|Asia Pacific - Joint ventures and club deals|23_11|SA_InvestorDomicileAsiaPacific_JVs|SA_IDAPAC_JVs|Asia Pacific - Joint ventures and club deals||SA Capital raised|Investor Domicile and Vehicle Type|q23||775
q112_5_southamerica|CURRENCY|Asia Pacific - Funds of funds|23_12|SA_InvestorDomicileAsiaPacific_FundsOfFunds|SA_IDAPAC_FOF|Asia Pacific - Funds of funds||SA Capital raised|Investor Domicile and Vehicle Type|q23||776
q112_6_southamerica|CURRENCY|Asia Pacific - Non-listed debt products|23_13|SA_InvestorDomicileAsiaPacific_Debt|SA_IDAPAC_Debt|Asia Pacific - Non-listed debt products||SA Capital raised|Investor Domicile and Vehicle Type|q23||777
q11ROW2_hidden_southamerica|CURRENCY|Asia Pacific TOTAL|23_14|SA_InvestorDomicileAsiaPacific_VehicleType_Total|SA_IDAPAC_VT_Total|Asia Pacific - Vehicle type total||SA Capital raised|Investor Domicile and Vehicle Type|q23||778
q113_1_southamerica|CURRENCY|North America - Non-listed/ commingled real estate funds/private REITs|23_15|SA_InvestorDomicileNorthAmerica_NonListedFunds|SA_IDNA_NLF|North America - Non-listed funds||SA Capital raised|Investor Domicile and Vehicle Type|q23||779
q113_2_southamerica|CURRENCY|North America - Separate accounts investing directly into real estate|23_16|SA_InvestorDomicileNorthAmerica_SeparateAccountsDirect|SA_IDNA_SepAccDirect|North America - Separate accounts investing directly||SA Capital raised|Investor Domicile and Vehicle Type|q23||780
q113_3_southamerica|CURRENCY|North America - Separate accounts investing into indirect vehicles|23_17|SA_InvestorDomicileNorthAmerica_SeparateAccountsIndirect|SA_IDNA_SepAccIndirect|North America - Separate accounts investing indirectly||SA Capital raised|Investor Domicile and Vehicle Type|q23||781
q113_4_southamerica|CURRENCY|North America - Joint ventures and club deals|23_18|SA_InvestorDomicileNorthAmerica_JVs|SA_IDNA_JVs|North America - Joint ventures and club deals||SA Capital raised|Investor Domicile and Vehicle Type|q23||782
q113_5_southamerica|CURRENCY|North America - Funds of funds|23_19|SA_InvestorDomicileNorthAmerica_FundsOfFunds|SA_IDNA_FOF|North America - Funds of funds||SA Capital raised|Investor Domicile and Vehicle Type|q23||783
q113_6_southamerica|CURRENCY|North America - Non-listed debt products|23_20|SA_InvestorDomicileNorthAmerica_Debt|SA_IDNA_Debt|North America - Non-listed debt products||SA Capital raised|Investor Domicile and Vehicle Type|q23||784
q11ROW3_hidden_southamerica|CURRENCY|North America TOTAL|23_21|SA_InvestorDomicileNorthAmerica_VehicleType_Total|SA_IDNA_VT_Total|North America - Vehicle type total||SA Capital raised|Investor Domicile and Vehicle Type|q23||785
q114_1_southamerica|CURRENCY|South America - Non-listed/ commingled real estate funds/private REITs|23_22|SA_InvestorDomicileSouthAmerica_NonListedFunds|SA_IDSA_NLF|South America - Non-listed funds||SA Capital raised|Investor Domicile and Vehicle Type|q23||786
q114_2_southamerica|CURRENCY|South America - Separate accounts investing directly into real estate|23_23|SA_InvestorDomicileSouthAmerica_SeparateAccountsDirect|SA_IDSA_SepAccDirect|South America - Separate accounts investing directly||SA Capital raised|Investor Domicile and Vehicle Type|q23||787
q114_3_southamerica|CURRENCY|South America - Separate accounts investing into indirect vehicles|23_24|SA_InvestorDomicileSouthAmerica_SeparateAccountsIndirect|SA_IDSA_SepAccIndirect|South America - Separate accounts investing indirectly||SA Capital raised|Investor Domicile and Vehicle Type|q23||788
q114_4_southamerica|CURRENCY|South America - Joint ventures and club deals|23_25|SA_InvestorDomicileSouthAmerica_JVs|SA_IDSA_JVs|South America - Joint ventures and club deals||SA Capital raised|Investor Domicile and Vehicle Type|q23||789
q114_5_southamerica|CURRENCY|South America - Funds of funds|23_26|SA_InvestorDomicileSouthAmerica_FundsOfFunds|SA_IDSA_FOF|South America - Funds of funds||SA Capital raised|Investor Domicile and Vehicle Type|q23||790
q114_6_southamerica|CURRENCY|South America - Non-listed debt products|23_27|SA_InvestorDomicileSouthAmerica_Debt|SA_IDSA_Debt|South America - Non-listed debt products||SA Capital raised|Investor Domicile and Vehicle Type|q23||791
q11ROW4_hidden_southamerica|CURRENCY|South America TOTAL|23_28|SA_InvestorDomicileSouthAmerica_VehicleType_Total|SA_IDSA_VT_Total|South America - Vehicle type total||SA Capital raised|Investor Domicile and Vehicle Type|q23||792
q115_1_southamerica|CURRENCY|Africa - Non-listed/ commingled real estate funds/private REITs|23_29|SA_InvestorDomicileAfrica_NonListedFunds|SA_IDAFR_NLF|Africa - Non-listed funds||SA Capital raised|Investor Domicile and Vehicle Type|q23||793
q115_2_southamerica|CURRENCY|Africa - Separate accounts investing directly into real estate|23_30|SA_InvestorDomicileAfrica_SeparateAccountsDirect|SA_IDAFR_SepAccDirect|Africa - Separate accounts investing directly||SA Capital raised|Investor Domicile and Vehicle Type|q23||794
q115_3_southamerica|CURRENCY|Africa - Separate accounts investing into indirect vehicles|23_31|SA_InvestorDomicileAfrica_SeparateAccountsIndirect|SA_IDAFR_SepAccIndirect|Africa - Separate accounts investing indirectly||SA Capital raised|Investor Domicile and Vehicle Type|q23||795
q115_4_southamerica|CURRENCY|Africa - Joint ventures and club deals|23_32|SA_InvestorDomicileAfrica_JVs|SA_IDAFR_JVs|Africa - Joint ventures and club deals||SA Capital raised|Investor Domicile and Vehicle Type|q23||796
q115_5_southamerica|CURRENCY|Africa - Funds of funds|23_33|SA_InvestorDomicileAfrica_FundsOfFunds|SA_IDAFR_FOF|Africa - Funds of funds||SA Capital raised|Investor Domicile and Vehicle Type|q23||797
q115_6_southamerica|CURRENCY|Africa - Non-listed debt products|23_34|SA_InvestorDomicileAfrica_Debt|SA_IDAFR_Debt|Africa - Non-listed debt products||SA Capital raised|Investor Domicile and Vehicle Type|q23||798
q11ROW5_hidden_southamerica|CURRENCY|Africa  TOTAL|23_35|SA_InvestorDomicileAfrica_VehicleType_Total|SA_IDAFR_VT_Total|Africa - Vehicle type total||SA Capital raised|Investor Domicile and Vehicle Type|q23||799
q11COL1_hidden_southamerica|CURRENCY|Non-listed/ commingled real estate funds/private REITs TOTAL|23_36|SA_InvestorDomicile_NonListedFunds_Total|SA_ID_NLF_Total|Investor domicile total - Non-listed funds||SA Capital raised|Investor Domicile and Vehicle Type|q23||800
q11COL2_hidden_southamerica|CURRENCY|Separate accounts investing directly into real estate TOTAL|23_37|SA_InvestorDomicile_SeparateAccountsDirect_Total|SA_ID_SepAccDirect_Total|Investor domicile total - Separate accounts investing directly||SA Capital raised|Investor Domicile and Vehicle Type|q23||801
q11COL3_hidden_southamerica|CURRENCY|Separate accounts investing into indirect vehicles TOTAL|23_38|SA_InvestorDomicile_SeparateAccountsIndirect_Total|SA_ID_SepAccIndirect_Total|Investor domicile total - Separate accounts investing indirectly||SA Capital raised|Investor Domicile and Vehicle Type|q23||802
q11COL4_hidden_southamerica|CURRENCY|Joint ventures and club deals TOTAL|23_39|SA_InvestorDomicile_JVs_Total|SA_ID_JVs_Total|Investor domicile total - Joint ventures and club deals||SA Capital raised|Investor Domicile and Vehicle Type|q23||803
q11COL5_hidden_southamerica|CURRENCY|Funds of funds TOTAL|23_40|SA_InvestorDomicile_FundsOfFunds_Total|SA_ID_FOF_Total|Investor domicile total - Funds of funds||SA Capital raised|Investor Domicile and Vehicle Type|q23||804
q11COL6_hidden_southamerica|CURRENCY|Non-listed debt products TOTAL|23_41|SA_InvestorDomicile_Debt_Total|SA_ID_Debt_Total|Investor domicile total - Non-listed debt products||SA Capital raised|Investor Domicile and Vehicle Type|q23||805
q11GRANDTotal_hidden_southamerica|CURRENCY|TOTAL institutional capital by investor domicle|23_42|SA_InvestorDomicile_VehicleType_Total|SA_ID_VT_Total|Investor domicile total - Vehicle type total||SA Capital raised|Investor Domicile and Vehicle Type|q23||806
AFRICA_africa||For your African strategy, how much institutional capital did your company raise for non-listed vehicles in 2017 by investor type (million)?|24|||||Africa Capital raised|Investor Type and Vehicle Type|q24||807
q101_1_africa|CURRENCY|Pension funds - Non-listed/ commingled real estate funds/private REITs|24_1|AFRICA_PensionFunds_NonListedFunds|AFR_PF_NLF|Pension funds - Non-listed fund||Africa Capital raised|Investor Type and Vehicle Type|q24||808
q101_2_africa|CURRENCY|Pension funds - Separate accounts investing directly into real estate|24_2|AFRICA_PensionFunds_SeparateAccountsDirect|AFR_PF_SepAccDirect|Pension funds - Separate accounts investing directly||Africa Capital raised|Investor Type and Vehicle Type|q24||809
q101_3_africa|CURRENCY|Pension funds - Separate accounts investing into indirect vehicles|24_3|AFRICA_PensionFunds_SeparateAccountsIndirect|AFR_PF_SepAccIndirect|Pension funds - Separate accounts investing indirectly||Africa Capital raised|Investor Type and Vehicle Type|q24||810
q101_4_africa|CURRENCY|Pension funds - Joint ventures and club deals|24_4|AFRICA_PensionFunds_JVs|AFR_PF_JVs|Pension funds - Joint ventures and club deals||Africa Capital raised|Investor Type and Vehicle Type|q24||811
q101_5_africa|CURRENCY|Pension funds - Funds of funds|24_5|AFRICA_PensionFunds_FundsOfFunds|AFR_PF_FOF|Pension funds - Funds of funds||Africa Capital raised|Investor Type and Vehicle Type|q24||812
q101_6_africa|CURRENCY|Pension funds - Non-listed debt products|24_6|AFRICA_PensionFunds_Debt|AFR_PF_Debt|Pension funds - Non-listed debt products||Africa Capital raised|Investor Type and Vehicle Type|q24||813
q10ROW1_hidden_africa|CURRENCY|Pension funds TOTAL|24_7|AFRICA_PensionFunds_VehicleType_Total|AFR_PF_VT_Total|Pension funds - Vehicle type total||Africa Capital raised|Investor Type and Vehicle Type|q24||814
q102_1_africa|CURRENCY|Insurance companies - Non-listed/ commingled real estate funds/private REITs|24_8|AFRICA_InsuranceCompanies_NonListedFunds|AFR_IC_NLF|Insurance companies - Non-listed fund||Africa Capital raised|Investor Type and Vehicle Type|q24||815
q102_2_africa|CURRENCY|Insurance companies - Separate accounts investing directly into real estate|24_9|AFRICA_InsuranceCompanies_SeparateAccountsDirect|AFR_IC_SepAccDirect|Insurance companies - Separate accounts investing directly||Africa Capital raised|Investor Type and Vehicle Type|q24||816
q102_3_africa|CURRENCY|Insurance companies - Separate accounts investing into indirect vehicles|24_10|AFRICA_InsuranceCompanies_SeparateAccountsIndirect|AFR_IC_SepAccIndirect|Insurance companies - Separate accounts investing indirectly||Africa Capital raised|Investor Type and Vehicle Type|q24||817
q102_4_africa|CURRENCY|Insurance companies - Joint ventures and club deals|24_11|AFRICA_InsuranceCompanies_JVs|AFR_IC_JVs|Insurance companies - Joint ventures and club deals||Africa Capital raised|Investor Type and Vehicle Type|q24||818
q102_5_africa|CURRENCY|Insurance companies - Funds of funds|24_12|AFRICA_InsuranceCompanies_FundsOfFunds|AFR_IC_FOF|Insurance companies - Funds of funds||Africa Capital raised|Investor Type and Vehicle Type|q24||819
q102_6_africa|CURRENCY|Insurance companies - Non-listed debt products|24_13|AFRICA_InsuranceCompanies_Debt|AFR_IC_Debt|Insurance companies - Non-listed debt products||Africa Capital raised|Investor Type and Vehicle Type|q24||820
q10ROW2_hidden_africa|CURRENCY|Insurance companies TOTAL|24_14|AFRICA_InsuranceCompanies_VehicleType_Total|AFR_IC_VT_Total|Insurance companies - Vehicle type total||Africa Capital raised|Investor Type and Vehicle Type|q24||821
q103_1_africa|CURRENCY|Sovereign wealth funds - Non-listed/ commingled real estate funds/private REITs|24_15|AFRICA_SovereignWealthFunds_NonListedFunds|AFR_SWF_NLF|Sovereign wealth funds - Non-listed fund||Africa Capital raised|Investor Type and Vehicle Type|q24||822
q103_2_africa|CURRENCY|Sovereign wealth funds - Separate accounts investing directly into real estate|24_16|AFRICA_SovereignWealthFunds_SeparateAccountsDirect|AFR_SWF_SepAccDirect|Sovereign wealth funds - Separate accounts investing directly||Africa Capital raised|Investor Type and Vehicle Type|q24||823
q103_3_africa|CURRENCY|Sovereign wealth funds - Separate accounts investing into indirect vehicles|24_17|AFRICA_SovereignWealthFunds_SeparateAccountsIndirect|AFR_SWF_SepAccIndirect|Sovereign wealth funds - Separate accounts investing indirectly||Africa Capital raised|Investor Type and Vehicle Type|q24||824
q103_4_africa|CURRENCY|Sovereign wealth funds - Joint ventures and club deals|24_18|AFRICA_SovereignWealthFunds_JVs|AFR_SWF_JVs|Sovereign wealth funds - Joint ventures and club deals||Africa Capital raised|Investor Type and Vehicle Type|q24||825
q103_5_africa|CURRENCY|Sovereign wealth funds - Funds of funds|24_19|AFRICA_SovereignWealthFunds_FundsOfFunds|AFR_SWF_FOF|Sovereign wealth funds - Funds of funds||Africa Capital raised|Investor Type and Vehicle Type|q24||826
q103_6_africa|CURRENCY|Sovereign wealth funds - Non-listed debt products|24_20|AFRICA_SovereignWealthFunds_Debt|AFR_SWF_Debt|Sovereign wealth funds - Non-listed debt products||Africa Capital raised|Investor Type and Vehicle Type|q24||827
q10ROW3_hidden_africa|CURRENCY|Sovereign wealth funds TOTAL|24_21|AFRICA_SovereignWealthFunds_VehicleType_Total|AFR_SWF_VT_Total|Sovereign wealth funds - Vehicle type total||Africa Capital raised|Investor Type and Vehicle Type|q24||828
q104_1_africa|CURRENCY|Government institutions - Non-listed/ commingled real estate funds/private REITs|24_22|AFRICA_GovernmentInstitutions_NonListedFunds|AFR_GI_NLF|Government institutions - Non-listed fund||Africa Capital raised|Investor Type and Vehicle Type|q24||829
q104_2_africa|CURRENCY|Government institutions - Separate accounts investing directly into real estate|24_23|AFRICA_GovernmentInstitutions_SeparateAccountsDirect|AFR_GI_SepAccDirect|Government institutions - Separate accounts investing directly||Africa Capital raised|Investor Type and Vehicle Type|q24||830
q104_3_africa|CURRENCY|Government institutions - Separate accounts investing into indirect vehicles|24_24|AFRICA_GovernmentInstitutions_SeparateAccountsIndirect|AFR_GI_SepAccIndirect|Government institutions - Separate accounts investing indirectly||Africa Capital raised|Investor Type and Vehicle Type|q24||831
q104_4_africa|CURRENCY|Government institutions - Joint ventures and club deals|24_25|AFRICA_GovernmentInstitutions_JVs|AFR_GI_JVs|Government institutions - Joint ventures and club deals||Africa Capital raised|Investor Type and Vehicle Type|q24||832
q104_5_africa|CURRENCY|Government institutions - Funds of funds|24_26|AFRICA_GovernmentInstitutions_FundsOfFunds|AFR_GI_FOF|Government institutions - Funds of funds||Africa Capital raised|Investor Type and Vehicle Type|q24||833
q104_6_africa|CURRENCY|Government institutions - Non-listed debt products|24_27|AFRICA_GovernmentInstitutions_Debt|AFR_GI_Debt|Government institutions - Non-listed debt products||Africa Capital raised|Investor Type and Vehicle Type|q24||834
q10ROW4_hidden_africa|CURRENCY|Government institutions TOTAL|24_28|AFRICA_GovernmentInstitutions_VehicleType_Total|AFR_GI_VT_Total|Government institutions - Vehicle type total||Africa Capital raised|Investor Type and Vehicle Type|q24||835
q105_1_africa|CURRENCY|Charities, foundations, non-profit organisations - Non-listed/ commingled real estate funds/private REITs|24_29|AFRICA_CharitiesFoundationsNonProfitOrganizations_NonListedFunds|AFR_CF&NPO_NLF|Charities, foundations & non-profit organisations - Non-listed fund||Africa Capital raised|Investor Type and Vehicle Type|q24||836
q105_2_africa|CURRENCY|Charities, foundations, non-profit organisations - Separate accounts investing directly into real estate|24_30|AFRICA_CharitiesFoundationsNonProfitOrganizations_SeparateAccountsDirect|AFR_CF&NPO_SepAccDirect|Charities, foundations & non-profit organisations - Separate accounts investing directly||Africa Capital raised|Investor Type and Vehicle Type|q24||837
q105_3_africa|CURRENCY|Charities, foundations, non-profit organisations - Separate accounts investing into indirect vehicles|24_31|AFRICA_CharitiesFoundationsNonProfitOrganizations_SeparateAccountsIndirect|AFR_CF&NPO_SepAccIndirect|Charities, foundations & non-profit organisations - Separate accounts investing indirectly||Africa Capital raised|Investor Type and Vehicle Type|q24||838
q105_4_africa|CURRENCY|Charities, foundations, non-profit organisations - Joint ventures and club deals|24_32|AFRICA_CharitiesFoundationsNonProfitOrganizations_JVs|AFR_CF&NPO_JVs|Charities, foundations & non-profit organisations - Joint ventures and club deals||Africa Capital raised|Investor Type and Vehicle Type|q24||839
q105_5_africa|CURRENCY|Charities, foundations, non-profit organisations - Funds of funds|24_33|AFRICA_CharitiesFoundationsNonProfitOrganizations_FundsOfFunds|AFR_CF&NPO_FOF|Charities, foundations & non-profit organisations - Funds of funds||Africa Capital raised|Investor Type and Vehicle Type|q24||840
q105_6_africa|CURRENCY|Charities, foundations, non-profit organisations - Non-listed debt products|24_34|AFRICA_CharitiesFoundationsNonProfitOrganizations_Debt|AFR_CF&NPO_Debt|Charities, foundations & non-profit organisations - Non-listed debt products||Africa Capital raised|Investor Type and Vehicle Type|q24||841
q10ROW5_hidden_africa|CURRENCY|Charities, foundations, non-profit organisations  TOTAL|24_35|AFRICA_CharitiesFoundationsNonProfitOrganizations_VehicleType_Total|AFR_CF&NPO_VT_Total|Charities, foundations & non-profit organisations - Vehicle type total||Africa Capital raised|Investor Type and Vehicle Type|q24||842
q106_1_africa|CURRENCY|Funds of funds - Non-listed/ commingled real estate funds/private REITs|24_36|AFRICA_FundsOfFunds_NonListedFunds|AFR_FOF_NLF|Funds of funds - Non-listed fund||Africa Capital raised|Investor Type and Vehicle Type|q24||843
q106_2_africa|CURRENCY|Funds of funds - Separate accounts investing directly into real estate|24_37|AFRICA_FundsOfFunds_SeparateAccountsDirect|AFR_FOF_SepAccDirect|Funds of funds - Separate accounts investing directly||Africa Capital raised|Investor Type and Vehicle Type|q24||844
q106_3_africa|CURRENCY|Funds of funds - Separate accounts investing into indirect vehicles|24_38|AFRICA_FundsOfFunds_SeparateAccountsIndirect|AFR_FOF_SepAccIndirect|Funds of funds - Separate accounts investing indirectly||Africa Capital raised|Investor Type and Vehicle Type|q24||845
q106_4_africa|CURRENCY|Funds of funds - Joint ventures and club deals|24_39|AFRICA_FundsOfFunds_JVs|AFR_FOF_JVs|Funds of funds - Joint ventures and club deals||Africa Capital raised|Investor Type and Vehicle Type|q24||846
q106_5_africa|CURRENCY|Funds of funds - Funds of funds|24_40|AFRICA_FundsOfFunds_FundsOfFunds|AFR_FOF_FOF|Funds of funds - Funds of funds||Africa Capital raised|Investor Type and Vehicle Type|q24||847
q106_6_africa|CURRENCY|Funds of funds - Non-listed debt products|24_41|AFRICA_FundsOfFunds_Debt|AFR_FOF_Debt|Funds of funds - Non-listed debt products||Africa Capital raised|Investor Type and Vehicle Type|q24||848
q10ROW6_hidden_africa|CURRENCY|Funds of funds TOTAL|24_42|AFRICA_FundsOfFunds_VehicleType_Total|AFR_FOF_VT_Total|Funds of funds - Vehicle type total||Africa Capital raised|Investor Type and Vehicle Type|q24||849
q107_1_africa|CURRENCY|High net worth individuals /Family offices - Non-listed/ commingled real estate funds/private REITs|24_43|AFRICA_HighnetWorthIndividualsFamilyOffices_NonListedFunds|AFR_HNWI/FO_NLF|Hign net worth individuals/Family offices - Non-listed fund||Africa Capital raised|Investor Type and Vehicle Type|q24||850
q107_2_africa|CURRENCY|High net worth individuals /Family offices - Separate accounts investing directly into real estate|24_44|AFRICA_HighnetWorthIndividualsFamilyOffices_SeparateAccountsDirect|AFR_HNWI/FO_SepAccDirect|Hign net worth individuals/Family offices - Separate accounts investing directly||Africa Capital raised|Investor Type and Vehicle Type|q24||851
q107_3_africa|CURRENCY|High net worth individuals /Family offices - Separate accounts investing into indirect vehicles|24_45|AFRICA_HighnetWorthIndividualsFamilyOffices_SeparateAccountsIndirect|AFR_HNWI/FO_SepAccIndirect|Hign net worth individuals/Family offices - Separate accounts investing indirectly||Africa Capital raised|Investor Type and Vehicle Type|q24||852
q107_4_africa|CURRENCY|High net worth individuals /Family offices - Joint ventures and club deals|24_46|AFRICA_HighnetWorthIndividualsFamilyOffices_JVs|AFR_HNWI/FO_JVs|Hign net worth individuals/Family offices - Joint ventures and club deals||Africa Capital raised|Investor Type and Vehicle Type|q24||853
q107_5_africa|CURRENCY|High net worth individuals /Family offices - Funds of funds|24_47|AFRICA_HighnetWorthIndividualsFamilyOffices_FundsOfFunds|AFR_HNWI/FO_FOF|Hign net worth individuals/Family offices - Funds of funds||Africa Capital raised|Investor Type and Vehicle Type|q24||854
q107_6_africa|CURRENCY|High net worth individuals /Family offices - Non-listed debt products|24_48|AFRICA_HighnetWorthIndividualsFamilyOffices_Debt|AFR_HNWI/FO_Debt|Hign net worth individuals/Family offices - Non-listed debt products||Africa Capital raised|Investor Type and Vehicle Type|q24||855
q10ROW7_hidden_africa|CURRENCY|High net worth individuals /Family offices TOTAL|24_49|AFRICA_HighnetWorthIndividualsFamilyOffices_VehicleType_Total|AFR_HNWI/FO_VT_Total|Hign net worth individuals/Family offices - Vehicle type total||Africa Capital raised|Investor Type and Vehicle Type|q24||856
q10other_africa|TEXT|Other (please specify)|24_50|AFRICA_OtherInvestorTypetext|AFR_OtherITText|Other investor type||Africa Capital raised|Investor Type and Vehicle Type|q24||857
q108_1_africa|CURRENCY|Other - Non-listed/ commingled real estate funds/private REITs|24_51|AFRICA_OtherInvestorType_NonListedFunds|AFR_OtherIT_NLF|Other investor type - Non-listed fund||Africa Capital raised|Investor Type and Vehicle Type|q24||858
q108_2_africa|CURRENCY|Other - Separate accounts investing directly into real estate|24_52|AFRICA_OtherInvestorType_SeparateAccountsDirect|AFR_OtherIT_SepAccDirect|Other investor type - Separate accounts investing directly||Africa Capital raised|Investor Type and Vehicle Type|q24||859
q108_3_africa|CURRENCY|Other - Separate accounts investing into indirect vehicles|24_53|AFRICA_OtherInvestorType_SeparateAccountsIndirect|AFR_OtherIT_SepAccIndirect|Other investor type - Separate accounts investing indirectly||Africa Capital raised|Investor Type and Vehicle Type|q24||860
q108_4_africa|CURRENCY|Other - Joint ventures and club deals|24_54|AFRICA_OtherInvestorType_JVs|AFR_OtherIT_JVs|Other investor type - Joint ventures and club deals||Africa Capital raised|Investor Type and Vehicle Type|q24||861
q108_5_africa|CURRENCY|Other - Funds of funds|24_55|AFRICA_OtherInvestorType_FundsOfFunds|AFR_OtherIT_FOF|Other investor type - Funds of funds||Africa Capital raised|Investor Type and Vehicle Type|q24||862
q108_6_africa|CURRENCY|Other - Non-listed debt products|24_56|AFRICA_OtherInvestorType_Debt|AFR_OtherIT_Debt|Other investor type - Non-listed debt products||Africa Capital raised|Investor Type and Vehicle Type|q24||863
q10ROW8_hidden_africa|CURRENCY|Other TOTAL|24_57|AFRICA_OtherInvestorType_VehicleType_Total|AFR_OtherIT_VT_Total|Other investor type - Vehicle type total||Africa Capital raised|Investor Type and Vehicle Type|q24||864
q10COL1_hidden_africa|CURRENCY|Non-listed/ commingled real estate funds/private REITs TOTAL|24_58|AFRICA_InvestorType_NonListedFunds_Total|AFR_IT_NLF_Total|Investor type - Non-listed fund total||Africa Capital raised|Investor Type and Vehicle Type|q24||865
q10COL2_hidden_africa|CURRENCY|Separate accounts investing directly into real estate TOTAL|24_59|AFRICA_InvestorType_SeparateAccountsDirect_Total|AFR_IT_SepAccDirect_Total|Investor type - Separate accounts investing directly total||Africa Capital raised|Investor Type and Vehicle Type|q24||866
q10COL3_hidden_africa|CURRENCY|Separate accounts investing into indirect vehicles TOTAL|24_60|AFRICA_InvestorType_SeparateAccountsIndirect_Total|AFR_IT_SepAccIndirect_Total|Investor type - Separate accounts investing indirectly total||Africa Capital raised|Investor Type and Vehicle Type|q24||867
q10COL4_hidden_africa|CURRENCY|Joint ventures and club deals TOTAL|24_61|AFRICA_InvestorType_JVs_Total|AFR_IT_JVs_Total|Investor type - Joint ventures and club deals total||Africa Capital raised|Investor Type and Vehicle Type|q24||868
q10COL5_hidden_africa|CURRENCY|Funds of funds TOTAL|24_62|AFRICA_InvestorType_FundsOfFunds_Total|AFR_IT_FOF_Total|Investor type - Funds of funds total||Africa Capital raised|Investor Type and Vehicle Type|q24||869
q10COL6_hidden_africa|CURRENCY|Non-listed debt products TOTAL|24_63|AFRICA_InvestorType_Debt_Total|AFR_IT_Debt_Total|Investor type - Non-listed debt products total||Africa Capital raised|Investor Type and Vehicle Type|q24||870
q10GRANDTotal_hidden_africa|CURRENCY|TOTAL institutional capital by investor type|24_64|AFRICA_InvestorType_VehicleType_Total|AFR_IT_VT_Total|Investor type - Vehicle type total||Africa Capital raised|Investor Type and Vehicle Type|q24||871
_africa||[African strategy] How much institutional capital did your company raise in 2017 by investor domicile (million)?|25|||||Africa Capital raised|Investor Domicile and Vehicle Type|q25||872
q111_1_africa|CURRENCY|Europe - Non-listed/ commingled real estate funds/private REITs|25_1|AFRICA_InvestorDomicileEurope_NonListedFunds|AFR_IDEUR_NLF|Europe - Non-listed funds||Africa Capital raised|Investor Domicile and Vehicle Type|q25||873
q111_2_africa|CURRENCY|Europe - Separate accounts investing directly into real estate|25_2|AFRICA_InvestorDomicileEurope_SeparateAccountsDirect|AFR_IDEUR_SepAccDirect|Europe - Separate accounts investing directly||Africa Capital raised|Investor Domicile and Vehicle Type|q25||874
q111_3_africa|CURRENCY|Europe - Separate accounts investing into indirect vehicles|25_3|AFRICA_InvestorDomicileEurope_SeparateAccountsIndirect|AFR_IDEUR_SepAccIndirect|Europe - Separate accounts investing indirectly||Africa Capital raised|Investor Domicile and Vehicle Type|q25||875
q111_4_africa|CURRENCY|Europe - Joint ventures and club deals|25_4|AFRICA_InvestorDomicileEurope_JVs|AFR_IDEUR_JVs|Europe - Joint ventures and club deals||Africa Capital raised|Investor Domicile and Vehicle Type|q25||876
q111_5_africa|CURRENCY|Europe - Funds of funds|25_5|AFRICA_InvestorDomicileEurope_FundsOfFunds|AFR_IDEUR_FOF|Europe - Funds of funds||Africa Capital raised|Investor Domicile and Vehicle Type|q25||877
q111_6_africa|CURRENCY|Europe - Non-listed debt products|25_6|AFRICA_InvestorDomicileEurope_Debt|AFR_IDEUR_Debt|Europe - Non-listed debt products||Africa Capital raised|Investor Domicile and Vehicle Type|q25||878
q11ROW1_hidden_africa|CURRENCY|Europe TOTAL|25_7|AFRICA_InvestorDomicileEurope_VehicleType_Total|AFR_IDEUR_VT_Total|Europe - Vehicle type total||Africa Capital raised|Investor Domicile and Vehicle Type|q25||879
q112_1_africa|CURRENCY|Asia Pacific - Non-listed/ commingled real estate funds/private REITs|25_8|AFRICA_InvestorDomicileAsiaPacific_NonListedFunds|AFR_IDAPAC_NLF|Asia Pacific - Non-listed funds||Africa Capital raised|Investor Domicile and Vehicle Type|q25||880
q112_2_africa|CURRENCY|Asia Pacific - Separate accounts investing directly into real estate|25_9|AFRICA_InvestorDomicileAsiaPacific_SeparateAccountsDirect|AFR_IDAPAC_SepAccDirect|Asia Pacific - Separate accounts investing directly||Africa Capital raised|Investor Domicile and Vehicle Type|q25||881
q112_3_africa|CURRENCY|Asia Pacific - Separate accounts investing into indirect vehicles|25_10|AFRICA_InvestorDomicileAsiaPacific_SeparateAccountsIndirect|AFR_IDAPAC_SepAccIndirect|Asia Pacific - Separate accounts investing indirectly||Africa Capital raised|Investor Domicile and Vehicle Type|q25||882
q112_4_africa|CURRENCY|Asia Pacific - Joint ventures and club deals|25_11|AFRICA_InvestorDomicileAsiaPacific_JVs|AFR_IDAPAC_JVs|Asia Pacific - Joint ventures and club deals||Africa Capital raised|Investor Domicile and Vehicle Type|q25||883
q112_5_africa|CURRENCY|Asia Pacific - Funds of funds|25_12|AFRICA_InvestorDomicileAsiaPacific_FundsOfFunds|AFR_IDAPAC_FOF|Asia Pacific - Funds of funds||Africa Capital raised|Investor Domicile and Vehicle Type|q25||884
q112_6_africa|CURRENCY|Asia Pacific - Non-listed debt products|25_13|AFRICA_InvestorDomicileAsiaPacific_Debt|AFR_IDAPAC_Debt|Asia Pacific - Non-listed debt products||Africa Capital raised|Investor Domicile and Vehicle Type|q25||885
q11ROW2_hidden_africa|CURRENCY|Asia Pacific TOTAL|25_14|AFRICA_InvestorDomicileAsiaPacific_VehicleType_Total|AFR_IDAPAC_VT_Total|Asia Pacific - Vehicle type total||Africa Capital raised|Investor Domicile and Vehicle Type|q25||886
q113_1_africa|CURRENCY|North America - Non-listed/ commingled real estate funds/private REITs|25_15|AFRICA_InvestorDomicileNorthAmerica_NonListedFunds|AFR_IDNA_NLF|North America - Non-listed funds||Africa Capital raised|Investor Domicile and Vehicle Type|q25||887
q113_2_africa|CURRENCY|North America - Separate accounts investing directly into real estate|25_16|AFRICA_InvestorDomicileNorthAmerica_SeparateAccountsDirect|AFR_IDNA_SepAccDirect|North America - Separate accounts investing directly||Africa Capital raised|Investor Domicile and Vehicle Type|q25||888
q113_3_africa|CURRENCY|North America - Separate accounts investing into indirect vehicles|25_17|AFRICA_InvestorDomicileNorthAmerica_SeparateAccountsIndirect|AFR_IDNA_SepAccIndirect|North America - Separate accounts investing indirectly||Africa Capital raised|Investor Domicile and Vehicle Type|q25||889
q113_4_africa|CURRENCY|North America - Joint ventures and club deals|25_18|AFRICA_InvestorDomicileNorthAmerica_JVs|AFR_IDNA_JVs|North America - Joint ventures and club deals||Africa Capital raised|Investor Domicile and Vehicle Type|q25||890
q113_5_africa|CURRENCY|North America - Funds of funds|25_19|AFRICA_InvestorDomicileNorthAmerica_FundsOfFunds|AFR_IDNA_FOF|North America - Funds of funds||Africa Capital raised|Investor Domicile and Vehicle Type|q25||891
q113_6_africa|CURRENCY|North America - Non-listed debt products|25_20|AFRICA_InvestorDomicileNorthAmerica_Debt|AFR_IDNA_Debt|North America - Non-listed debt products||Africa Capital raised|Investor Domicile and Vehicle Type|q25||892
q11ROW3_hidden_africa|CURRENCY|North America TOTAL|25_21|AFRICA_InvestorDomicileNorthAmerica_VehicleType_Total|AFR_IDNA_VT_Total|North America - Vehicle type total||Africa Capital raised|Investor Domicile and Vehicle Type|q25||893
q114_1_africa|CURRENCY|South America - Non-listed/ commingled real estate funds/private REITs|25_22|AFRICA_InvestorDomicileSouthAmerica_NonListedFunds|AFR_IDSA_NLF|South America - Non-listed funds||Africa Capital raised|Investor Domicile and Vehicle Type|q25||894
q114_2_africa|CURRENCY|South America - Separate accounts investing directly into real estate|25_23|AFRICA_InvestorDomicileSouthAmerica_SeparateAccountsDirect|AFR_IDSA_SepAccDirect|South America - Separate accounts investing directly||Africa Capital raised|Investor Domicile and Vehicle Type|q25||895
q114_3_africa|CURRENCY|South America - Separate accounts investing into indirect vehicles|25_24|AFRICA_InvestorDomicileSouthAmerica_SeparateAccountsIndirect|AFR_IDSA_SepAccIndirect|South America - Separate accounts investing indirectly||Africa Capital raised|Investor Domicile and Vehicle Type|q25||896
q114_4_africa|CURRENCY|South America - Joint ventures and club deals|25_25|AFRICA_InvestorDomicileSouthAmerica_JVs|AFR_IDSA_JVs|South America - Joint ventures and club deals||Africa Capital raised|Investor Domicile and Vehicle Type|q25||897
q114_5_africa|CURRENCY|South America - Funds of funds|25_26|AFRICA_InvestorDomicileSouthAmerica_FundsOfFunds|AFR_IDSA_FOF|South America - Funds of funds||Africa Capital raised|Investor Domicile and Vehicle Type|q25||898
q114_6_africa|CURRENCY|South America - Non-listed debt products|25_27|AFRICA_InvestorDomicileSouthAmerica_Debt|AFR_IDSA_Debt|South America - Non-listed debt products||Africa Capital raised|Investor Domicile and Vehicle Type|q25||899
q11ROW4_hidden_africa|CURRENCY|South America TOTAL|25_28|AFRICA_InvestorDomicileSouthAmerica_VehicleType_Total|AFR_IDSA_VT_Total|South America - Vehicle type total||Africa Capital raised|Investor Domicile and Vehicle Type|q25||900
q115_1_africa|CURRENCY|Africa - Non-listed/ commingled real estate funds/private REITs|25_29|AFRICA_InvestorDomicileAfrica_NonListedFunds|AFR_IDAFR_NLF|Africa - Non-listed funds||Africa Capital raised|Investor Domicile and Vehicle Type|q25||901
q115_2_africa|CURRENCY|Africa - Separate accounts investing directly into real estate|25_30|AFRICA_InvestorDomicileAfrica_SeparateAccountsDirect|AFR_IDAFR_SepAccDirect|Africa - Separate accounts investing directly||Africa Capital raised|Investor Domicile and Vehicle Type|q25||902
q115_3_africa|CURRENCY|Africa - Separate accounts investing into indirect vehicles|25_31|AFRICA_InvestorDomicileAfrica_SeparateAccountsIndirect|AFR_IDAFR_SepAccIndirect|Africa - Separate accounts investing indirectly||Africa Capital raised|Investor Domicile and Vehicle Type|q25||903
q115_4_africa|CURRENCY|Africa - Joint ventures and club deals|25_32|AFRICA_InvestorDomicileAfrica_JVs|AFR_IDAFR_JVs|Africa - Joint ventures and club deals||Africa Capital raised|Investor Domicile and Vehicle Type|q25||904
q115_5_africa|CURRENCY|Africa - Funds of funds|25_33|AFRICA_InvestorDomicileAfrica_FundsOfFunds|AFR_IDAFR_FOF|Africa - Funds of funds||Africa Capital raised|Investor Domicile and Vehicle Type|q25||905
q115_6_africa|CURRENCY|Africa - Non-listed debt products|25_34|AFRICA_InvestorDomicileAfrica_Debt|AFR_IDAFR_Debt|Africa - Non-listed debt products||Africa Capital raised|Investor Domicile and Vehicle Type|q25||906
q11ROW5_hidden_africa|CURRENCY|Africa  TOTAL|25_35|AFRICA_InvestorDomicileAfrica_VehicleType_Total|AFR_IDAFR_VT_Total|Africa - Vehicle type total||Africa Capital raised|Investor Domicile and Vehicle Type|q25||907
q11COL1_hidden_africa|CURRENCY|Non-listed/ commingled real estate funds/private REITs TOTAL|25_36|AFRICA_InvestorDomicile_NonListedFunds_Total|AFR_ID_NLF_Total|Investor domicile total - Non-listed funds||Africa Capital raised|Investor Domicile and Vehicle Type|q25||908
q11COL2_hidden_africa|CURRENCY|Separate accounts investing directly into real estate TOTAL|25_37|AFRICA_InvestorDomicile_SeparateAccountsDirect_Total|AFR_ID_SepAccDirect_Total|Investor domicile total - Separate accounts investing directly||Africa Capital raised|Investor Domicile and Vehicle Type|q25||909
q11COL3_hidden_africa|CURRENCY|Separate accounts investing into indirect vehicles TOTAL|25_38|AFRICA_InvestorDomicile_SeparateAccountsIndirect_Total|AFR_ID_SepAccIndirect_Total|Investor domicile total - Separate accounts investing indirectly||Africa Capital raised|Investor Domicile and Vehicle Type|q25||910
q11COL4_hidden_africa|CURRENCY|Joint ventures and club deals TOTAL|25_39|AFRICA_InvestorDomicile_JVs_Total|AFR_ID_JVs_Total|Investor domicile total - Joint ventures and club deals||Africa Capital raised|Investor Domicile and Vehicle Type|q25||911
q11COL5_hidden_africa|CURRENCY|Funds of funds TOTAL|25_40|AFRICA_InvestorDomicile_FundsOfFunds_Total|AFR_ID_FOF_Total|Investor domicile total - Funds of funds||Africa Capital raised|Investor Domicile and Vehicle Type|q25||912
q11COL6_hidden_africa|CURRENCY|Non-listed debt products TOTAL|25_41|AFRICA_InvestorDomicile_Debt_Total|AFR_ID_Debt_Total|Investor domicile total - Non-listed debt products||Africa Capital raised|Investor Domicile and Vehicle Type|q25||913
q11GRANDTotal_hidden_africa|CURRENCY|TOTAL institutional capital by investor domicle|25_42|AFRICA_InvestorDomicile_VehicleType_Total|AFR_ID_VT_Total|Investor domicile total - Vehicle type total||Africa Capital raised|Investor Domicile and Vehicle Type|q25||914
